ISO-10303-21;
HEADER;
/* Generated by software containing ST-Developer
 * from STEP Tools, Inc. (www.steptools.com) 
 */

FILE_DESCRIPTION(
/* description */ (''),
/* implementation_level */ '2;1');

FILE_NAME(
/* name */ 'Basic Teeth.step',
/* time_stamp */ '2026-06-02T11:56:55-07:00',
/* author */ (''),
/* organization */ (''),
/* preprocessor_version */ 'ST-DEVELOPER v20.1',
/* originating_system */ 'Autodesk Translation Framework v15.8.0.0',
/* authorisation */ '');

FILE_SCHEMA (('AUTOMOTIVE_DESIGN { 1 0 10303 214 3 1 1 }'));
ENDSEC;

DATA;
#10=MECHANICAL_DESIGN_GEOMETRIC_PRESENTATION_REPRESENTATION('',(#17,#18,
#19),#6172);
#11=ITEM_DEFINED_TRANSFORMATION($,$,#3664,#4020);
#12=(
REPRESENTATION_RELATIONSHIP($,$,#6183,#6182)
REPRESENTATION_RELATIONSHIP_WITH_TRANSFORMATION(#11)
SHAPE_REPRESENTATION_RELATIONSHIP()
);
#13=CONTEXT_DEPENDENT_SHAPE_REPRESENTATION(#12,#6181);
#14=NEXT_ASSEMBLY_USAGE_OCCURRENCE('Basic Teeth:1','Basic Teeth:1',
'Basic Teeth:1',#6185,#6186,'Basic Teeth:1');
#15=SHAPE_REPRESENTATION_RELATIONSHIP('SRR','None',#6183,#16);
#16=ADVANCED_BREP_SHAPE_REPRESENTATION('',(#20,#21,#22),#6171);
#17=STYLED_ITEM('',(#6196),#20);
#18=STYLED_ITEM('',(#6196),#21);
#19=STYLED_ITEM('',(#6196),#22);
#20=MANIFOLD_SOLID_BREP('Body1',#3648);
#21=MANIFOLD_SOLID_BREP('Body2',#3649);
#22=MANIFOLD_SOLID_BREP('Body3',#3650);
#23=FACE_BOUND('',#348,.T.);
#24=FACE_BOUND('',#349,.T.);
#25=FACE_BOUND('',#350,.T.);
#26=FACE_BOUND('',#351,.T.);
#27=FACE_BOUND('',#352,.T.);
#28=FACE_BOUND('',#353,.T.);
#29=FACE_BOUND('',#354,.T.);
#30=FACE_BOUND('',#355,.T.);
#31=FACE_BOUND('',#356,.T.);
#32=FACE_BOUND('',#357,.T.);
#33=FACE_BOUND('',#384,.T.);
#34=FACE_BOUND('',#385,.T.);
#35=FACE_BOUND('',#386,.T.);
#36=FACE_BOUND('',#387,.T.);
#37=FACE_BOUND('',#388,.T.);
#38=FACE_BOUND('',#389,.T.);
#39=FACE_BOUND('',#390,.T.);
#40=FACE_BOUND('',#391,.T.);
#41=FACE_BOUND('',#392,.T.);
#42=FACE_BOUND('',#393,.T.);
#43=FACE_BOUND('',#466,.T.);
#44=FACE_BOUND('',#467,.T.);
#45=FACE_BOUND('',#501,.T.);
#46=FACE_BOUND('',#502,.T.);
#47=FACE_BOUND('',#505,.T.);
#48=FACE_BOUND('',#506,.T.);
#49=FACE_BOUND('',#540,.T.);
#50=FACE_BOUND('',#541,.T.);
#51=PLANE('',#3668);
#52=PLANE('',#3672);
#53=PLANE('',#3676);
#54=PLANE('',#3680);
#55=PLANE('',#3681);
#56=PLANE('',#3682);
#57=PLANE('',#3686);
#58=PLANE('',#3693);
#59=PLANE('',#3697);
#60=PLANE('',#3748);
#61=PLANE('',#3753);
#62=PLANE('',#3756);
#63=PLANE('',#3759);
#64=PLANE('',#3762);
#65=PLANE('',#3765);
#66=PLANE('',#3768);
#67=PLANE('',#3771);
#68=PLANE('',#3774);
#69=PLANE('',#3775);
#70=PLANE('',#3778);
#71=PLANE('',#3785);
#72=PLANE('',#3786);
#73=PLANE('',#3826);
#74=PLANE('',#3828);
#75=PLANE('',#3835);
#76=PLANE('',#3836);
#77=PLANE('',#3837);
#78=PLANE('',#3838);
#79=PLANE('',#3839);
#80=PLANE('',#3840);
#81=PLANE('',#3843);
#82=PLANE('',#3845);
#83=PLANE('',#3847);
#84=PLANE('',#3849);
#85=PLANE('',#3851);
#86=PLANE('',#3854);
#87=PLANE('',#3855);
#88=PLANE('',#3856);
#89=PLANE('',#3859);
#90=PLANE('',#3861);
#91=PLANE('',#3864);
#92=PLANE('',#3865);
#93=PLANE('',#3868);
#94=PLANE('',#3870);
#95=PLANE('',#3872);
#96=PLANE('',#3874);
#97=PLANE('',#3876);
#98=PLANE('',#3878);
#99=PLANE('',#3880);
#100=PLANE('',#3882);
#101=PLANE('',#3884);
#102=PLANE('',#3886);
#103=PLANE('',#3888);
#104=PLANE('',#3890);
#105=PLANE('',#3893);
#106=PLANE('',#3897);
#107=PLANE('',#3911);
#108=PLANE('',#3914);
#109=PLANE('',#3917);
#110=PLANE('',#3920);
#111=PLANE('',#3923);
#112=PLANE('',#3926);
#113=PLANE('',#3929);
#114=PLANE('',#3932);
#115=PLANE('',#3933);
#116=PLANE('',#3934);
#117=PLANE('',#3937);
#118=PLANE('',#3940);
#119=PLANE('',#3943);
#120=PLANE('',#3946);
#121=PLANE('',#3949);
#122=PLANE('',#3952);
#123=PLANE('',#3953);
#124=PLANE('',#3954);
#125=PLANE('',#3955);
#126=PLANE('',#3956);
#127=PLANE('',#3960);
#128=PLANE('',#3974);
#129=PLANE('',#3977);
#130=PLANE('',#3980);
#131=PLANE('',#3983);
#132=PLANE('',#3986);
#133=PLANE('',#3989);
#134=PLANE('',#3992);
#135=PLANE('',#3995);
#136=PLANE('',#3996);
#137=PLANE('',#3997);
#138=PLANE('',#4000);
#139=PLANE('',#4003);
#140=PLANE('',#4006);
#141=PLANE('',#4009);
#142=PLANE('',#4012);
#143=PLANE('',#4015);
#144=PLANE('',#4016);
#145=PLANE('',#4017);
#146=PLANE('',#4018);
#147=PLANE('',#4019);
#148=FACE_OUTER_BOUND('',#331,.T.);
#149=FACE_OUTER_BOUND('',#332,.T.);
#150=FACE_OUTER_BOUND('',#333,.T.);
#151=FACE_OUTER_BOUND('',#334,.T.);
#152=FACE_OUTER_BOUND('',#335,.T.);
#153=FACE_OUTER_BOUND('',#336,.T.);
#154=FACE_OUTER_BOUND('',#337,.T.);
#155=FACE_OUTER_BOUND('',#338,.T.);
#156=FACE_OUTER_BOUND('',#339,.T.);
#157=FACE_OUTER_BOUND('',#340,.T.);
#158=FACE_OUTER_BOUND('',#341,.T.);
#159=FACE_OUTER_BOUND('',#342,.T.);
#160=FACE_OUTER_BOUND('',#343,.T.);
#161=FACE_OUTER_BOUND('',#344,.T.);
#162=FACE_OUTER_BOUND('',#345,.T.);
#163=FACE_OUTER_BOUND('',#346,.T.);
#164=FACE_OUTER_BOUND('',#347,.T.);
#165=FACE_OUTER_BOUND('',#358,.T.);
#166=FACE_OUTER_BOUND('',#359,.T.);
#167=FACE_OUTER_BOUND('',#360,.T.);
#168=FACE_OUTER_BOUND('',#361,.T.);
#169=FACE_OUTER_BOUND('',#362,.T.);
#170=FACE_OUTER_BOUND('',#363,.T.);
#171=FACE_OUTER_BOUND('',#364,.T.);
#172=FACE_OUTER_BOUND('',#365,.T.);
#173=FACE_OUTER_BOUND('',#366,.T.);
#174=FACE_OUTER_BOUND('',#367,.T.);
#175=FACE_OUTER_BOUND('',#368,.T.);
#176=FACE_OUTER_BOUND('',#369,.T.);
#177=FACE_OUTER_BOUND('',#370,.T.);
#178=FACE_OUTER_BOUND('',#371,.T.);
#179=FACE_OUTER_BOUND('',#372,.T.);
#180=FACE_OUTER_BOUND('',#373,.T.);
#181=FACE_OUTER_BOUND('',#374,.T.);
#182=FACE_OUTER_BOUND('',#375,.T.);
#183=FACE_OUTER_BOUND('',#376,.T.);
#184=FACE_OUTER_BOUND('',#377,.T.);
#185=FACE_OUTER_BOUND('',#378,.T.);
#186=FACE_OUTER_BOUND('',#379,.T.);
#187=FACE_OUTER_BOUND('',#380,.T.);
#188=FACE_OUTER_BOUND('',#381,.T.);
#189=FACE_OUTER_BOUND('',#382,.T.);
#190=FACE_OUTER_BOUND('',#383,.T.);
#191=FACE_OUTER_BOUND('',#394,.T.);
#192=FACE_OUTER_BOUND('',#395,.T.);
#193=FACE_OUTER_BOUND('',#396,.T.);
#194=FACE_OUTER_BOUND('',#397,.T.);
#195=FACE_OUTER_BOUND('',#398,.T.);
#196=FACE_OUTER_BOUND('',#399,.T.);
#197=FACE_OUTER_BOUND('',#400,.T.);
#198=FACE_OUTER_BOUND('',#401,.T.);
#199=FACE_OUTER_BOUND('',#402,.T.);
#200=FACE_OUTER_BOUND('',#403,.T.);
#201=FACE_OUTER_BOUND('',#404,.T.);
#202=FACE_OUTER_BOUND('',#405,.T.);
#203=FACE_OUTER_BOUND('',#406,.T.);
#204=FACE_OUTER_BOUND('',#407,.T.);
#205=FACE_OUTER_BOUND('',#408,.T.);
#206=FACE_OUTER_BOUND('',#409,.T.);
#207=FACE_OUTER_BOUND('',#410,.T.);
#208=FACE_OUTER_BOUND('',#411,.T.);
#209=FACE_OUTER_BOUND('',#412,.T.);
#210=FACE_OUTER_BOUND('',#413,.T.);
#211=FACE_OUTER_BOUND('',#414,.T.);
#212=FACE_OUTER_BOUND('',#415,.T.);
#213=FACE_OUTER_BOUND('',#416,.T.);
#214=FACE_OUTER_BOUND('',#417,.T.);
#215=FACE_OUTER_BOUND('',#418,.T.);
#216=FACE_OUTER_BOUND('',#419,.T.);
#217=FACE_OUTER_BOUND('',#420,.T.);
#218=FACE_OUTER_BOUND('',#421,.T.);
#219=FACE_OUTER_BOUND('',#422,.T.);
#220=FACE_OUTER_BOUND('',#423,.T.);
#221=FACE_OUTER_BOUND('',#424,.T.);
#222=FACE_OUTER_BOUND('',#425,.T.);
#223=FACE_OUTER_BOUND('',#426,.T.);
#224=FACE_OUTER_BOUND('',#427,.T.);
#225=FACE_OUTER_BOUND('',#428,.T.);
#226=FACE_OUTER_BOUND('',#429,.T.);
#227=FACE_OUTER_BOUND('',#430,.T.);
#228=FACE_OUTER_BOUND('',#431,.T.);
#229=FACE_OUTER_BOUND('',#432,.T.);
#230=FACE_OUTER_BOUND('',#433,.T.);
#231=FACE_OUTER_BOUND('',#434,.T.);
#232=FACE_OUTER_BOUND('',#435,.T.);
#233=FACE_OUTER_BOUND('',#436,.T.);
#234=FACE_OUTER_BOUND('',#437,.T.);
#235=FACE_OUTER_BOUND('',#438,.T.);
#236=FACE_OUTER_BOUND('',#439,.T.);
#237=FACE_OUTER_BOUND('',#440,.T.);
#238=FACE_OUTER_BOUND('',#441,.T.);
#239=FACE_OUTER_BOUND('',#442,.T.);
#240=FACE_OUTER_BOUND('',#443,.T.);
#241=FACE_OUTER_BOUND('',#444,.T.);
#242=FACE_OUTER_BOUND('',#445,.T.);
#243=FACE_OUTER_BOUND('',#446,.T.);
#244=FACE_OUTER_BOUND('',#447,.T.);
#245=FACE_OUTER_BOUND('',#448,.T.);
#246=FACE_OUTER_BOUND('',#449,.T.);
#247=FACE_OUTER_BOUND('',#450,.T.);
#248=FACE_OUTER_BOUND('',#451,.T.);
#249=FACE_OUTER_BOUND('',#452,.T.);
#250=FACE_OUTER_BOUND('',#453,.T.);
#251=FACE_OUTER_BOUND('',#454,.T.);
#252=FACE_OUTER_BOUND('',#455,.T.);
#253=FACE_OUTER_BOUND('',#456,.T.);
#254=FACE_OUTER_BOUND('',#457,.T.);
#255=FACE_OUTER_BOUND('',#458,.T.);
#256=FACE_OUTER_BOUND('',#459,.T.);
#257=FACE_OUTER_BOUND('',#460,.T.);
#258=FACE_OUTER_BOUND('',#461,.T.);
#259=FACE_OUTER_BOUND('',#462,.T.);
#260=FACE_OUTER_BOUND('',#463,.T.);
#261=FACE_OUTER_BOUND('',#464,.T.);
#262=FACE_OUTER_BOUND('',#465,.T.);
#263=FACE_OUTER_BOUND('',#468,.T.);
#264=FACE_OUTER_BOUND('',#469,.T.);
#265=FACE_OUTER_BOUND('',#470,.T.);
#266=FACE_OUTER_BOUND('',#471,.T.);
#267=FACE_OUTER_BOUND('',#472,.T.);
#268=FACE_OUTER_BOUND('',#473,.T.);
#269=FACE_OUTER_BOUND('',#474,.T.);
#270=FACE_OUTER_BOUND('',#475,.T.);
#271=FACE_OUTER_BOUND('',#476,.T.);
#272=FACE_OUTER_BOUND('',#477,.T.);
#273=FACE_OUTER_BOUND('',#478,.T.);
#274=FACE_OUTER_BOUND('',#479,.T.);
#275=FACE_OUTER_BOUND('',#480,.T.);
#276=FACE_OUTER_BOUND('',#481,.T.);
#277=FACE_OUTER_BOUND('',#482,.T.);
#278=FACE_OUTER_BOUND('',#483,.T.);
#279=FACE_OUTER_BOUND('',#484,.T.);
#280=FACE_OUTER_BOUND('',#485,.T.);
#281=FACE_OUTER_BOUND('',#486,.T.);
#282=FACE_OUTER_BOUND('',#487,.T.);
#283=FACE_OUTER_BOUND('',#488,.T.);
#284=FACE_OUTER_BOUND('',#489,.T.);
#285=FACE_OUTER_BOUND('',#490,.T.);
#286=FACE_OUTER_BOUND('',#491,.T.);
#287=FACE_OUTER_BOUND('',#492,.T.);
#288=FACE_OUTER_BOUND('',#493,.T.);
#289=FACE_OUTER_BOUND('',#494,.T.);
#290=FACE_OUTER_BOUND('',#495,.T.);
#291=FACE_OUTER_BOUND('',#496,.T.);
#292=FACE_OUTER_BOUND('',#497,.T.);
#293=FACE_OUTER_BOUND('',#498,.T.);
#294=FACE_OUTER_BOUND('',#499,.T.);
#295=FACE_OUTER_BOUND('',#500,.T.);
#296=FACE_OUTER_BOUND('',#503,.T.);
#297=FACE_OUTER_BOUND('',#504,.T.);
#298=FACE_OUTER_BOUND('',#507,.T.);
#299=FACE_OUTER_BOUND('',#508,.T.);
#300=FACE_OUTER_BOUND('',#509,.T.);
#301=FACE_OUTER_BOUND('',#510,.T.);
#302=FACE_OUTER_BOUND('',#511,.T.);
#303=FACE_OUTER_BOUND('',#512,.T.);
#304=FACE_OUTER_BOUND('',#513,.T.);
#305=FACE_OUTER_BOUND('',#514,.T.);
#306=FACE_OUTER_BOUND('',#515,.T.);
#307=FACE_OUTER_BOUND('',#516,.T.);
#308=FACE_OUTER_BOUND('',#517,.T.);
#309=FACE_OUTER_BOUND('',#518,.T.);
#310=FACE_OUTER_BOUND('',#519,.T.);
#311=FACE_OUTER_BOUND('',#520,.T.);
#312=FACE_OUTER_BOUND('',#521,.T.);
#313=FACE_OUTER_BOUND('',#522,.T.);
#314=FACE_OUTER_BOUND('',#523,.T.);
#315=FACE_OUTER_BOUND('',#524,.T.);
#316=FACE_OUTER_BOUND('',#525,.T.);
#317=FACE_OUTER_BOUND('',#526,.T.);
#318=FACE_OUTER_BOUND('',#527,.T.);
#319=FACE_OUTER_BOUND('',#528,.T.);
#320=FACE_OUTER_BOUND('',#529,.T.);
#321=FACE_OUTER_BOUND('',#530,.T.);
#322=FACE_OUTER_BOUND('',#531,.T.);
#323=FACE_OUTER_BOUND('',#532,.T.);
#324=FACE_OUTER_BOUND('',#533,.T.);
#325=FACE_OUTER_BOUND('',#534,.T.);
#326=FACE_OUTER_BOUND('',#535,.T.);
#327=FACE_OUTER_BOUND('',#536,.T.);
#328=FACE_OUTER_BOUND('',#537,.T.);
#329=FACE_OUTER_BOUND('',#538,.T.);
#330=FACE_OUTER_BOUND('',#539,.T.);
#331=EDGE_LOOP('',(#2317,#2318,#2319,#2320));
#332=EDGE_LOOP('',(#2321,#2322,#2323,#2324));
#333=EDGE_LOOP('',(#2325,#2326,#2327,#2328));
#334=EDGE_LOOP('',(#2329,#2330,#2331,#2332));
#335=EDGE_LOOP('',(#2333,#2334,#2335,#2336));
#336=EDGE_LOOP('',(#2337,#2338,#2339,#2340));
#337=EDGE_LOOP('',(#2341,#2342,#2343,#2344));
#338=EDGE_LOOP('',(#2345,#2346,#2347,#2348));
#339=EDGE_LOOP('',(#2349,#2350,#2351,#2352));
#340=EDGE_LOOP('',(#2353,#2354,#2355,#2356));
#341=EDGE_LOOP('',(#2357,#2358,#2359,#2360));
#342=EDGE_LOOP('',(#2361,#2362,#2363,#2364));
#343=EDGE_LOOP('',(#2365,#2366,#2367,#2368));
#344=EDGE_LOOP('',(#2369,#2370,#2371,#2372));
#345=EDGE_LOOP('',(#2373,#2374,#2375,#2376));
#346=EDGE_LOOP('',(#2377,#2378,#2379,#2380));
#347=EDGE_LOOP('',(#2381,#2382,#2383,#2384,#2385,#2386,#2387,#2388,#2389,
#2390,#2391,#2392,#2393,#2394,#2395,#2396,#2397,#2398,#2399,#2400,#2401,
#2402,#2403,#2404,#2405,#2406,#2407,#2408,#2409,#2410,#2411,#2412,#2413,
#2414,#2415,#2416,#2417,#2418,#2419,#2420,#2421,#2422,#2423,#2424,#2425,
#2426,#2427,#2428,#2429,#2430));
#348=EDGE_LOOP('',(#2431,#2432,#2433,#2434,#2435,#2436,#2437,#2438,#2439,
#2440,#2441,#2442));
#349=EDGE_LOOP('',(#2443,#2444,#2445,#2446,#2447,#2448,#2449,#2450,#2451,
#2452,#2453,#2454));
#350=EDGE_LOOP('',(#2455));
#351=EDGE_LOOP('',(#2456));
#352=EDGE_LOOP('',(#2457));
#353=EDGE_LOOP('',(#2458,#2459,#2460,#2461,#2462,#2463,#2464,#2465));
#354=EDGE_LOOP('',(#2466,#2467,#2468,#2469,#2470,#2471,#2472,#2473,#2474,
#2475,#2476,#2477,#2478,#2479,#2480,#2481));
#355=EDGE_LOOP('',(#2482));
#356=EDGE_LOOP('',(#2483));
#357=EDGE_LOOP('',(#2484,#2485,#2486,#2487,#2488,#2489,#2490,#2491));
#358=EDGE_LOOP('',(#2492,#2493,#2494,#2495));
#359=EDGE_LOOP('',(#2496,#2497,#2498,#2499));
#360=EDGE_LOOP('',(#2500,#2501,#2502,#2503));
#361=EDGE_LOOP('',(#2504,#2505,#2506,#2507));
#362=EDGE_LOOP('',(#2508,#2509,#2510,#2511));
#363=EDGE_LOOP('',(#2512,#2513,#2514,#2515));
#364=EDGE_LOOP('',(#2516,#2517,#2518,#2519));
#365=EDGE_LOOP('',(#2520,#2521,#2522,#2523));
#366=EDGE_LOOP('',(#2524,#2525,#2526,#2527));
#367=EDGE_LOOP('',(#2528,#2529,#2530,#2531));
#368=EDGE_LOOP('',(#2532,#2533,#2534,#2535));
#369=EDGE_LOOP('',(#2536,#2537,#2538,#2539));
#370=EDGE_LOOP('',(#2540,#2541,#2542,#2543));
#371=EDGE_LOOP('',(#2544,#2545,#2546,#2547));
#372=EDGE_LOOP('',(#2548,#2549,#2550,#2551));
#373=EDGE_LOOP('',(#2552,#2553,#2554,#2555));
#374=EDGE_LOOP('',(#2556,#2557,#2558,#2559));
#375=EDGE_LOOP('',(#2560,#2561,#2562,#2563));
#376=EDGE_LOOP('',(#2564,#2565,#2566,#2567));
#377=EDGE_LOOP('',(#2568,#2569,#2570,#2571));
#378=EDGE_LOOP('',(#2572,#2573,#2574,#2575));
#379=EDGE_LOOP('',(#2576,#2577,#2578,#2579));
#380=EDGE_LOOP('',(#2580,#2581,#2582,#2583));
#381=EDGE_LOOP('',(#2584,#2585,#2586,#2587));
#382=EDGE_LOOP('',(#2588,#2589,#2590,#2591));
#383=EDGE_LOOP('',(#2592,#2593,#2594,#2595,#2596,#2597,#2598,#2599,#2600,
#2601,#2602,#2603,#2604,#2605,#2606,#2607,#2608,#2609,#2610,#2611,#2612,
#2613,#2614,#2615,#2616,#2617,#2618,#2619,#2620,#2621,#2622,#2623,#2624,
#2625,#2626,#2627,#2628,#2629,#2630,#2631,#2632,#2633,#2634,#2635,#2636,
#2637,#2638,#2639,#2640,#2641));
#384=EDGE_LOOP('',(#2642,#2643,#2644,#2645,#2646,#2647,#2648,#2649,#2650,
#2651,#2652,#2653));
#385=EDGE_LOOP('',(#2654,#2655,#2656,#2657,#2658,#2659,#2660,#2661,#2662,
#2663,#2664,#2665));
#386=EDGE_LOOP('',(#2666));
#387=EDGE_LOOP('',(#2667));
#388=EDGE_LOOP('',(#2668));
#389=EDGE_LOOP('',(#2669,#2670,#2671,#2672,#2673,#2674,#2675,#2676,#2677,
#2678,#2679,#2680,#2681,#2682,#2683,#2684));
#390=EDGE_LOOP('',(#2685,#2686,#2687,#2688,#2689,#2690,#2691,#2692));
#391=EDGE_LOOP('',(#2693));
#392=EDGE_LOOP('',(#2694));
#393=EDGE_LOOP('',(#2695,#2696,#2697,#2698,#2699,#2700,#2701,#2702));
#394=EDGE_LOOP('',(#2703,#2704,#2705,#2706));
#395=EDGE_LOOP('',(#2707,#2708,#2709,#2710));
#396=EDGE_LOOP('',(#2711,#2712,#2713,#2714));
#397=EDGE_LOOP('',(#2715,#2716,#2717,#2718));
#398=EDGE_LOOP('',(#2719,#2720,#2721,#2722));
#399=EDGE_LOOP('',(#2723,#2724,#2725,#2726));
#400=EDGE_LOOP('',(#2727,#2728,#2729,#2730));
#401=EDGE_LOOP('',(#2731,#2732,#2733,#2734));
#402=EDGE_LOOP('',(#2735,#2736,#2737,#2738));
#403=EDGE_LOOP('',(#2739,#2740,#2741,#2742));
#404=EDGE_LOOP('',(#2743,#2744,#2745,#2746));
#405=EDGE_LOOP('',(#2747,#2748,#2749,#2750));
#406=EDGE_LOOP('',(#2751,#2752,#2753,#2754));
#407=EDGE_LOOP('',(#2755,#2756,#2757,#2758));
#408=EDGE_LOOP('',(#2759,#2760,#2761,#2762));
#409=EDGE_LOOP('',(#2763,#2764,#2765,#2766));
#410=EDGE_LOOP('',(#2767,#2768,#2769,#2770));
#411=EDGE_LOOP('',(#2771,#2772,#2773,#2774));
#412=EDGE_LOOP('',(#2775,#2776,#2777,#2778));
#413=EDGE_LOOP('',(#2779,#2780,#2781,#2782));
#414=EDGE_LOOP('',(#2783,#2784,#2785,#2786));
#415=EDGE_LOOP('',(#2787,#2788,#2789,#2790));
#416=EDGE_LOOP('',(#2791,#2792,#2793,#2794));
#417=EDGE_LOOP('',(#2795,#2796,#2797,#2798));
#418=EDGE_LOOP('',(#2799,#2800,#2801,#2802));
#419=EDGE_LOOP('',(#2803,#2804,#2805,#2806));
#420=EDGE_LOOP('',(#2807,#2808,#2809,#2810));
#421=EDGE_LOOP('',(#2811,#2812,#2813,#2814));
#422=EDGE_LOOP('',(#2815,#2816,#2817,#2818));
#423=EDGE_LOOP('',(#2819,#2820,#2821,#2822));
#424=EDGE_LOOP('',(#2823,#2824,#2825,#2826));
#425=EDGE_LOOP('',(#2827,#2828,#2829,#2830));
#426=EDGE_LOOP('',(#2831,#2832,#2833,#2834));
#427=EDGE_LOOP('',(#2835,#2836,#2837,#2838));
#428=EDGE_LOOP('',(#2839,#2840,#2841,#2842));
#429=EDGE_LOOP('',(#2843,#2844,#2845,#2846));
#430=EDGE_LOOP('',(#2847,#2848,#2849,#2850));
#431=EDGE_LOOP('',(#2851,#2852,#2853,#2854));
#432=EDGE_LOOP('',(#2855,#2856,#2857,#2858));
#433=EDGE_LOOP('',(#2859,#2860,#2861,#2862));
#434=EDGE_LOOP('',(#2863,#2864,#2865,#2866));
#435=EDGE_LOOP('',(#2867,#2868,#2869,#2870));
#436=EDGE_LOOP('',(#2871,#2872,#2873,#2874));
#437=EDGE_LOOP('',(#2875,#2876,#2877,#2878));
#438=EDGE_LOOP('',(#2879,#2880,#2881,#2882));
#439=EDGE_LOOP('',(#2883,#2884,#2885,#2886));
#440=EDGE_LOOP('',(#2887,#2888,#2889,#2890));
#441=EDGE_LOOP('',(#2891,#2892,#2893,#2894));
#442=EDGE_LOOP('',(#2895,#2896,#2897,#2898));
#443=EDGE_LOOP('',(#2899,#2900,#2901,#2902));
#444=EDGE_LOOP('',(#2903,#2904,#2905,#2906));
#445=EDGE_LOOP('',(#2907,#2908,#2909,#2910));
#446=EDGE_LOOP('',(#2911,#2912,#2913,#2914));
#447=EDGE_LOOP('',(#2915,#2916,#2917,#2918));
#448=EDGE_LOOP('',(#2919,#2920,#2921,#2922));
#449=EDGE_LOOP('',(#2923,#2924,#2925,#2926));
#450=EDGE_LOOP('',(#2927,#2928,#2929,#2930));
#451=EDGE_LOOP('',(#2931,#2932,#2933,#2934));
#452=EDGE_LOOP('',(#2935,#2936,#2937,#2938));
#453=EDGE_LOOP('',(#2939,#2940,#2941,#2942));
#454=EDGE_LOOP('',(#2943,#2944,#2945,#2946));
#455=EDGE_LOOP('',(#2947,#2948,#2949,#2950));
#456=EDGE_LOOP('',(#2951,#2952,#2953,#2954));
#457=EDGE_LOOP('',(#2955,#2956,#2957,#2958));
#458=EDGE_LOOP('',(#2959,#2960,#2961,#2962));
#459=EDGE_LOOP('',(#2963,#2964,#2965,#2966));
#460=EDGE_LOOP('',(#2967,#2968,#2969,#2970));
#461=EDGE_LOOP('',(#2971,#2972,#2973,#2974));
#462=EDGE_LOOP('',(#2975,#2976,#2977,#2978));
#463=EDGE_LOOP('',(#2979,#2980,#2981,#2982));
#464=EDGE_LOOP('',(#2983,#2984,#2985,#2986));
#465=EDGE_LOOP('',(#2987,#2988,#2989,#2990,#2991,#2992,#2993,#2994,#2995,
#2996,#2997,#2998,#2999,#3000,#3001,#3002,#3003,#3004,#3005,#3006));
#466=EDGE_LOOP('',(#3007));
#467=EDGE_LOOP('',(#3008,#3009,#3010,#3011,#3012,#3013,#3014,#3015,#3016,
#3017,#3018,#3019));
#468=EDGE_LOOP('',(#3020,#3021,#3022,#3023));
#469=EDGE_LOOP('',(#3024,#3025,#3026,#3027));
#470=EDGE_LOOP('',(#3028,#3029,#3030,#3031));
#471=EDGE_LOOP('',(#3032,#3033,#3034,#3035));
#472=EDGE_LOOP('',(#3036,#3037,#3038,#3039));
#473=EDGE_LOOP('',(#3040,#3041,#3042,#3043));
#474=EDGE_LOOP('',(#3044,#3045,#3046,#3047));
#475=EDGE_LOOP('',(#3048,#3049,#3050,#3051));
#476=EDGE_LOOP('',(#3052,#3053,#3054,#3055));
#477=EDGE_LOOP('',(#3056,#3057,#3058,#3059));
#478=EDGE_LOOP('',(#3060,#3061,#3062,#3063));
#479=EDGE_LOOP('',(#3064,#3065,#3066,#3067));
#480=EDGE_LOOP('',(#3068,#3069,#3070,#3071));
#481=EDGE_LOOP('',(#3072,#3073,#3074,#3075));
#482=EDGE_LOOP('',(#3076,#3077,#3078,#3079));
#483=EDGE_LOOP('',(#3080,#3081,#3082,#3083));
#484=EDGE_LOOP('',(#3084,#3085,#3086,#3087));
#485=EDGE_LOOP('',(#3088,#3089,#3090,#3091));
#486=EDGE_LOOP('',(#3092,#3093,#3094,#3095));
#487=EDGE_LOOP('',(#3096,#3097,#3098,#3099));
#488=EDGE_LOOP('',(#3100,#3101,#3102,#3103));
#489=EDGE_LOOP('',(#3104,#3105,#3106,#3107));
#490=EDGE_LOOP('',(#3108,#3109,#3110,#3111));
#491=EDGE_LOOP('',(#3112,#3113,#3114,#3115));
#492=EDGE_LOOP('',(#3116,#3117,#3118,#3119));
#493=EDGE_LOOP('',(#3120,#3121,#3122,#3123));
#494=EDGE_LOOP('',(#3124,#3125,#3126,#3127));
#495=EDGE_LOOP('',(#3128,#3129,#3130,#3131));
#496=EDGE_LOOP('',(#3132,#3133,#3134,#3135));
#497=EDGE_LOOP('',(#3136,#3137,#3138,#3139));
#498=EDGE_LOOP('',(#3140,#3141,#3142,#3143));
#499=EDGE_LOOP('',(#3144,#3145,#3146,#3147));
#500=EDGE_LOOP('',(#3148,#3149,#3150,#3151,#3152,#3153,#3154,#3155,#3156,
#3157,#3158,#3159,#3160,#3161,#3162,#3163,#3164,#3165,#3166,#3167));
#501=EDGE_LOOP('',(#3168,#3169,#3170,#3171,#3172,#3173,#3174,#3175,#3176,
#3177,#3178,#3179));
#502=EDGE_LOOP('',(#3180));
#503=EDGE_LOOP('',(#3181,#3182,#3183,#3184));
#504=EDGE_LOOP('',(#3185,#3186,#3187,#3188,#3189,#3190,#3191,#3192,#3193,
#3194,#3195,#3196,#3197,#3198,#3199,#3200,#3201,#3202,#3203,#3204));
#505=EDGE_LOOP('',(#3205));
#506=EDGE_LOOP('',(#3206,#3207,#3208,#3209,#3210,#3211,#3212,#3213,#3214,
#3215,#3216,#3217));
#507=EDGE_LOOP('',(#3218,#3219,#3220,#3221));
#508=EDGE_LOOP('',(#3222,#3223,#3224,#3225));
#509=EDGE_LOOP('',(#3226,#3227,#3228,#3229));
#510=EDGE_LOOP('',(#3230,#3231,#3232,#3233));
#511=EDGE_LOOP('',(#3234,#3235,#3236,#3237));
#512=EDGE_LOOP('',(#3238,#3239,#3240,#3241));
#513=EDGE_LOOP('',(#3242,#3243,#3244,#3245));
#514=EDGE_LOOP('',(#3246,#3247,#3248,#3249));
#515=EDGE_LOOP('',(#3250,#3251,#3252,#3253));
#516=EDGE_LOOP('',(#3254,#3255,#3256,#3257));
#517=EDGE_LOOP('',(#3258,#3259,#3260,#3261));
#518=EDGE_LOOP('',(#3262,#3263,#3264,#3265));
#519=EDGE_LOOP('',(#3266,#3267,#3268,#3269));
#520=EDGE_LOOP('',(#3270,#3271,#3272,#3273));
#521=EDGE_LOOP('',(#3274,#3275,#3276,#3277));
#522=EDGE_LOOP('',(#3278,#3279,#3280,#3281));
#523=EDGE_LOOP('',(#3282,#3283,#3284,#3285));
#524=EDGE_LOOP('',(#3286,#3287,#3288,#3289));
#525=EDGE_LOOP('',(#3290,#3291,#3292,#3293));
#526=EDGE_LOOP('',(#3294,#3295,#3296,#3297));
#527=EDGE_LOOP('',(#3298,#3299,#3300,#3301));
#528=EDGE_LOOP('',(#3302,#3303,#3304,#3305));
#529=EDGE_LOOP('',(#3306,#3307,#3308,#3309));
#530=EDGE_LOOP('',(#3310,#3311,#3312,#3313));
#531=EDGE_LOOP('',(#3314,#3315,#3316,#3317));
#532=EDGE_LOOP('',(#3318,#3319,#3320,#3321));
#533=EDGE_LOOP('',(#3322,#3323,#3324,#3325));
#534=EDGE_LOOP('',(#3326,#3327,#3328,#3329));
#535=EDGE_LOOP('',(#3330,#3331,#3332,#3333));
#536=EDGE_LOOP('',(#3334,#3335,#3336,#3337));
#537=EDGE_LOOP('',(#3338,#3339,#3340,#3341));
#538=EDGE_LOOP('',(#3342,#3343,#3344,#3345));
#539=EDGE_LOOP('',(#3346,#3347,#3348,#3349,#3350,#3351,#3352,#3353,#3354,
#3355,#3356,#3357,#3358,#3359,#3360,#3361,#3362,#3363,#3364,#3365));
#540=EDGE_LOOP('',(#3366,#3367,#3368,#3369,#3370,#3371,#3372,#3373,#3374,
#3375,#3376,#3377));
#541=EDGE_LOOP('',(#3378));
#542=LINE('',#5103,#901);
#543=LINE('',#5106,#902);
#544=LINE('',#5109,#903);
#545=LINE('',#5111,#904);
#546=LINE('',#5112,#905);
#547=LINE('',#5117,#906);
#548=LINE('',#5121,#907);
#549=LINE('',#5123,#908);
#550=LINE('',#5124,#909);
#551=LINE('',#5130,#910);
#552=LINE('',#5133,#911);
#553=LINE('',#5136,#912);
#554=LINE('',#5138,#913);
#555=LINE('',#5139,#914);
#556=LINE('',#5144,#915);
#557=LINE('',#5148,#916);
#558=LINE('',#5150,#917);
#559=LINE('',#5151,#918);
#560=LINE('',#5154,#919);
#561=LINE('',#5156,#920);
#562=LINE('',#5157,#921);
#563=LINE('',#5160,#922);
#564=LINE('',#5162,#923);
#565=LINE('',#5163,#924);
#566=LINE('',#5169,#925);
#567=LINE('',#5172,#926);
#568=LINE('',#5175,#927);
#569=LINE('',#5177,#928);
#570=LINE('',#5178,#929);
#571=LINE('',#5184,#930);
#572=LINE('',#5189,#931);
#573=LINE('',#5193,#932);
#574=LINE('',#5195,#933);
#575=LINE('',#5196,#934);
#576=LINE('',#5202,#935);
#577=LINE('',#5205,#936);
#578=LINE('',#5208,#937);
#579=LINE('',#5212,#938);
#580=LINE('',#5216,#939);
#581=LINE('',#5220,#940);
#582=LINE('',#5224,#941);
#583=LINE('',#5228,#942);
#584=LINE('',#5232,#943);
#585=LINE('',#5236,#944);
#586=LINE('',#5240,#945);
#587=LINE('',#5244,#946);
#588=LINE('',#5248,#947);
#589=LINE('',#5252,#948);
#590=LINE('',#5256,#949);
#591=LINE('',#5260,#950);
#592=LINE('',#5264,#951);
#593=LINE('',#5268,#952);
#594=LINE('',#5272,#953);
#595=LINE('',#5276,#954);
#596=LINE('',#5278,#955);
#597=LINE('',#5284,#956);
#598=LINE('',#5288,#957);
#599=LINE('',#5292,#958);
#600=LINE('',#5298,#959);
#601=LINE('',#5300,#960);
#602=LINE('',#5303,#961);
#603=LINE('',#5307,#962);
#604=LINE('',#5311,#963);
#605=LINE('',#5315,#964);
#606=LINE('',#5320,#965);
#607=LINE('',#5324,#966);
#608=LINE('',#5328,#967);
#609=LINE('',#5338,#968);
#610=LINE('',#5342,#969);
#611=LINE('',#5346,#970);
#612=LINE('',#5349,#971);
#613=LINE('',#5352,#972);
#614=LINE('',#5356,#973);
#615=LINE('',#5360,#974);
#616=LINE('',#5364,#975);
#617=LINE('',#5367,#976);
#618=LINE('',#5371,#977);
#619=LINE('',#5381,#978);
#620=LINE('',#5385,#979);
#621=LINE('',#5389,#980);
#622=LINE('',#5392,#981);
#623=LINE('',#5395,#982);
#624=LINE('',#5396,#983);
#625=LINE('',#5400,#984);
#626=LINE('',#5403,#985);
#627=LINE('',#5406,#986);
#628=LINE('',#5409,#987);
#629=LINE('',#5410,#988);
#630=LINE('',#5415,#989);
#631=LINE('',#5416,#990);
#632=LINE('',#5418,#991);
#633=LINE('',#5423,#992);
#634=LINE('',#5424,#993);
#635=LINE('',#5427,#994);
#636=LINE('',#5428,#995);
#637=LINE('',#5433,#996);
#638=LINE('',#5434,#997);
#639=LINE('',#5436,#998);
#640=LINE('',#5441,#999);
#641=LINE('',#5442,#1000);
#642=LINE('',#5445,#1001);
#643=LINE('',#5446,#1002);
#644=LINE('',#5450,#1003);
#645=LINE('',#5452,#1004);
#646=LINE('',#5456,#1005);
#647=LINE('',#5458,#1006);
#648=LINE('',#5462,#1007);
#649=LINE('',#5465,#1008);
#650=LINE('',#5466,#1009);
#651=LINE('',#5469,#1010);
#652=LINE('',#5470,#1011);
#653=LINE('',#5475,#1012);
#654=LINE('',#5476,#1013);
#655=LINE('',#5479,#1014);
#656=LINE('',#5480,#1015);
#657=LINE('',#5484,#1016);
#658=LINE('',#5487,#1017);
#659=LINE('',#5490,#1018);
#660=LINE('',#5493,#1019);
#661=LINE('',#5496,#1020);
#662=LINE('',#5498,#1021);
#663=LINE('',#5501,#1022);
#664=LINE('',#5506,#1023);
#665=LINE('',#5508,#1024);
#666=LINE('',#5512,#1025);
#667=LINE('',#5517,#1026);
#668=LINE('',#5521,#1027);
#669=LINE('',#5525,#1028);
#670=LINE('',#5529,#1029);
#671=LINE('',#5533,#1030);
#672=LINE('',#5537,#1031);
#673=LINE('',#5541,#1032);
#674=LINE('',#5545,#1033);
#675=LINE('',#5549,#1034);
#676=LINE('',#5553,#1035);
#677=LINE('',#5557,#1036);
#678=LINE('',#5562,#1037);
#679=LINE('',#5566,#1038);
#680=LINE('',#5570,#1039);
#681=LINE('',#5575,#1040);
#682=LINE('',#5579,#1041);
#683=LINE('',#5583,#1042);
#684=LINE('',#5588,#1043);
#685=LINE('',#5592,#1044);
#686=LINE('',#5596,#1045);
#687=LINE('',#5599,#1046);
#688=LINE('',#5604,#1047);
#689=LINE('',#5608,#1048);
#690=LINE('',#5612,#1049);
#691=LINE('',#5615,#1050);
#692=LINE('',#5623,#1051);
#693=LINE('',#5625,#1052);
#694=LINE('',#5629,#1053);
#695=LINE('',#5632,#1054);
#696=LINE('',#5634,#1055);
#697=LINE('',#5635,#1056);
#698=LINE('',#5637,#1057);
#699=LINE('',#5639,#1058);
#700=LINE('',#5641,#1059);
#701=LINE('',#5643,#1060);
#702=LINE('',#5645,#1061);
#703=LINE('',#5646,#1062);
#704=LINE('',#5648,#1063);
#705=LINE('',#5649,#1064);
#706=LINE('',#5651,#1065);
#707=LINE('',#5652,#1066);
#708=LINE('',#5654,#1067);
#709=LINE('',#5655,#1068);
#710=LINE('',#5657,#1069);
#711=LINE('',#5658,#1070);
#712=LINE('',#5660,#1071);
#713=LINE('',#5661,#1072);
#714=LINE('',#5669,#1073);
#715=LINE('',#5671,#1074);
#716=LINE('',#5673,#1075);
#717=LINE('',#5675,#1076);
#718=LINE('',#5677,#1077);
#719=LINE('',#5679,#1078);
#720=LINE('',#5681,#1079);
#721=LINE('',#5684,#1080);
#722=LINE('',#5686,#1081);
#723=LINE('',#5688,#1082);
#724=LINE('',#5691,#1083);
#725=LINE('',#5695,#1084);
#726=LINE('',#5696,#1085);
#727=LINE('',#5699,#1086);
#728=LINE('',#5701,#1087);
#729=LINE('',#5703,#1088);
#730=LINE('',#5705,#1089);
#731=LINE('',#5708,#1090);
#732=LINE('',#5709,#1091);
#733=LINE('',#5712,#1092);
#734=LINE('',#5714,#1093);
#735=LINE('',#5716,#1094);
#736=LINE('',#5719,#1095);
#737=LINE('',#5721,#1096);
#738=LINE('',#5723,#1097);
#739=LINE('',#5725,#1098);
#740=LINE('',#5727,#1099);
#741=LINE('',#5729,#1100);
#742=LINE('',#5731,#1101);
#743=LINE('',#5733,#1102);
#744=LINE('',#5735,#1103);
#745=LINE('',#5737,#1104);
#746=LINE('',#5739,#1105);
#747=LINE('',#5741,#1106);
#748=LINE('',#5743,#1107);
#749=LINE('',#5745,#1108);
#750=LINE('',#5747,#1109);
#751=LINE('',#5749,#1110);
#752=LINE('',#5751,#1111);
#753=LINE('',#5753,#1112);
#754=LINE('',#5755,#1113);
#755=LINE('',#5757,#1114);
#756=LINE('',#5760,#1115);
#757=LINE('',#5762,#1116);
#758=LINE('',#5764,#1117);
#759=LINE('',#5771,#1118);
#760=LINE('',#5774,#1119);
#761=LINE('',#5777,#1120);
#762=LINE('',#5781,#1121);
#763=LINE('',#5785,#1122);
#764=LINE('',#5789,#1123);
#765=LINE('',#5793,#1124);
#766=LINE('',#5797,#1125);
#767=LINE('',#5801,#1126);
#768=LINE('',#5803,#1127);
#769=LINE('',#5805,#1128);
#770=LINE('',#5807,#1129);
#771=LINE('',#5809,#1130);
#772=LINE('',#5811,#1131);
#773=LINE('',#5812,#1132);
#774=LINE('',#5819,#1133);
#775=LINE('',#5823,#1134);
#776=LINE('',#5827,#1135);
#777=LINE('',#5831,#1136);
#778=LINE('',#5835,#1137);
#779=LINE('',#5838,#1138);
#780=LINE('',#5841,#1139);
#781=LINE('',#5842,#1140);
#782=LINE('',#5846,#1141);
#783=LINE('',#5849,#1142);
#784=LINE('',#5851,#1143);
#785=LINE('',#5852,#1144);
#786=LINE('',#5856,#1145);
#787=LINE('',#5859,#1146);
#788=LINE('',#5860,#1147);
#789=LINE('',#5864,#1148);
#790=LINE('',#5867,#1149);
#791=LINE('',#5868,#1150);
#792=LINE('',#5872,#1151);
#793=LINE('',#5875,#1152);
#794=LINE('',#5876,#1153);
#795=LINE('',#5880,#1154);
#796=LINE('',#5883,#1155);
#797=LINE('',#5884,#1156);
#798=LINE('',#5888,#1157);
#799=LINE('',#5891,#1158);
#800=LINE('',#5892,#1159);
#801=LINE('',#5897,#1160);
#802=LINE('',#5899,#1161);
#803=LINE('',#5900,#1162);
#804=LINE('',#5903,#1163);
#805=LINE('',#5904,#1164);
#806=LINE('',#5906,#1165);
#807=LINE('',#5910,#1166);
#808=LINE('',#5913,#1167);
#809=LINE('',#5914,#1168);
#810=LINE('',#5918,#1169);
#811=LINE('',#5921,#1170);
#812=LINE('',#5922,#1171);
#813=LINE('',#5926,#1172);
#814=LINE('',#5929,#1173);
#815=LINE('',#5930,#1174);
#816=LINE('',#5934,#1175);
#817=LINE('',#5937,#1176);
#818=LINE('',#5938,#1177);
#819=LINE('',#5942,#1178);
#820=LINE('',#5945,#1179);
#821=LINE('',#5946,#1180);
#822=LINE('',#5950,#1181);
#823=LINE('',#5953,#1182);
#824=LINE('',#5954,#1183);
#825=LINE('',#5957,#1184);
#826=LINE('',#5958,#1185);
#827=LINE('',#5961,#1186);
#828=LINE('',#5962,#1187);
#829=LINE('',#5964,#1188);
#830=LINE('',#5971,#1189);
#831=LINE('',#5974,#1190);
#832=LINE('',#5977,#1191);
#833=LINE('',#5981,#1192);
#834=LINE('',#5985,#1193);
#835=LINE('',#5989,#1194);
#836=LINE('',#5993,#1195);
#837=LINE('',#5997,#1196);
#838=LINE('',#6001,#1197);
#839=LINE('',#6003,#1198);
#840=LINE('',#6005,#1199);
#841=LINE('',#6007,#1200);
#842=LINE('',#6009,#1201);
#843=LINE('',#6011,#1202);
#844=LINE('',#6012,#1203);
#845=LINE('',#6019,#1204);
#846=LINE('',#6023,#1205);
#847=LINE('',#6027,#1206);
#848=LINE('',#6031,#1207);
#849=LINE('',#6035,#1208);
#850=LINE('',#6038,#1209);
#851=LINE('',#6041,#1210);
#852=LINE('',#6042,#1211);
#853=LINE('',#6045,#1212);
#854=LINE('',#6050,#1213);
#855=LINE('',#6051,#1214);
#856=LINE('',#6052,#1215);
#857=LINE('',#6056,#1216);
#858=LINE('',#6059,#1217);
#859=LINE('',#6060,#1218);
#860=LINE('',#6064,#1219);
#861=LINE('',#6067,#1220);
#862=LINE('',#6068,#1221);
#863=LINE('',#6072,#1222);
#864=LINE('',#6075,#1223);
#865=LINE('',#6076,#1224);
#866=LINE('',#6080,#1225);
#867=LINE('',#6083,#1226);
#868=LINE('',#6084,#1227);
#869=LINE('',#6088,#1228);
#870=LINE('',#6091,#1229);
#871=LINE('',#6092,#1230);
#872=LINE('',#6098,#1231);
#873=LINE('',#6099,#1232);
#874=LINE('',#6100,#1233);
#875=LINE('',#6103,#1234);
#876=LINE('',#6104,#1235);
#877=LINE('',#6106,#1236);
#878=LINE('',#6110,#1237);
#879=LINE('',#6113,#1238);
#880=LINE('',#6114,#1239);
#881=LINE('',#6118,#1240);
#882=LINE('',#6121,#1241);
#883=LINE('',#6122,#1242);
#884=LINE('',#6126,#1243);
#885=LINE('',#6129,#1244);
#886=LINE('',#6130,#1245);
#887=LINE('',#6134,#1246);
#888=LINE('',#6137,#1247);
#889=LINE('',#6138,#1248);
#890=LINE('',#6142,#1249);
#891=LINE('',#6145,#1250);
#892=LINE('',#6146,#1251);
#893=LINE('',#6150,#1252);
#894=LINE('',#6153,#1253);
#895=LINE('',#6154,#1254);
#896=LINE('',#6157,#1255);
#897=LINE('',#6158,#1256);
#898=LINE('',#6161,#1257);
#899=LINE('',#6162,#1258);
#900=LINE('',#6164,#1259);
#901=VECTOR('',#4029,1.);
#902=VECTOR('',#4032,1.);
#903=VECTOR('',#4035,1.);
#904=VECTOR('',#4036,1.);
#905=VECTOR('',#4037,1.);
#906=VECTOR('',#4042,1.);
#907=VECTOR('',#4047,1.);
#908=VECTOR('',#4048,1.);
#909=VECTOR('',#4049,1.);
#910=VECTOR('',#4054,1.);
#911=VECTOR('',#4057,1.);
#912=VECTOR('',#4060,1.);
#913=VECTOR('',#4061,1.);
#914=VECTOR('',#4062,1.);
#915=VECTOR('',#4067,1.);
#916=VECTOR('',#4072,1.);
#917=VECTOR('',#4073,1.);
#918=VECTOR('',#4074,1.);
#919=VECTOR('',#4077,1.);
#920=VECTOR('',#4078,1.);
#921=VECTOR('',#4079,1.);
#922=VECTOR('',#4082,1.);
#923=VECTOR('',#4083,1.);
#924=VECTOR('',#4084,1.);
#925=VECTOR('',#4089,1.);
#926=VECTOR('',#4092,1.);
#927=VECTOR('',#4095,1.);
#928=VECTOR('',#4096,1.);
#929=VECTOR('',#4097,1.);
#930=VECTOR('',#4104,1.);
#931=VECTOR('',#4109,0.265);
#932=VECTOR('',#4114,1.);
#933=VECTOR('',#4115,1.);
#934=VECTOR('',#4116,1.);
#935=VECTOR('',#4121,1.);
#936=VECTOR('',#4124,1.);
#937=VECTOR('',#4127,1.);
#938=VECTOR('',#4130,1.);
#939=VECTOR('',#4133,1.);
#940=VECTOR('',#4136,1.);
#941=VECTOR('',#4139,1.);
#942=VECTOR('',#4142,1.);
#943=VECTOR('',#4145,1.);
#944=VECTOR('',#4148,1.);
#945=VECTOR('',#4151,1.);
#946=VECTOR('',#4154,1.);
#947=VECTOR('',#4157,1.);
#948=VECTOR('',#4160,1.);
#949=VECTOR('',#4163,1.);
#950=VECTOR('',#4166,1.);
#951=VECTOR('',#4169,1.);
#952=VECTOR('',#4172,1.);
#953=VECTOR('',#4175,1.);
#954=VECTOR('',#4178,1.);
#955=VECTOR('',#4179,1.);
#956=VECTOR('',#4184,1.);
#957=VECTOR('',#4187,1.);
#958=VECTOR('',#4190,1.);
#959=VECTOR('',#4195,1.);
#960=VECTOR('',#4196,1.);
#961=VECTOR('',#4199,1.);
#962=VECTOR('',#4202,1.);
#963=VECTOR('',#4205,1.);
#964=VECTOR('',#4208,1.);
#965=VECTOR('',#4213,1.);
#966=VECTOR('',#4216,1.);
#967=VECTOR('',#4219,1.);
#968=VECTOR('',#4228,1.);
#969=VECTOR('',#4231,1.);
#970=VECTOR('',#4234,1.);
#971=VECTOR('',#4237,1.);
#972=VECTOR('',#4238,1.);
#973=VECTOR('',#4241,1.);
#974=VECTOR('',#4244,1.);
#975=VECTOR('',#4247,1.);
#976=VECTOR('',#4250,1.);
#977=VECTOR('',#4253,1.);
#978=VECTOR('',#4262,1.);
#979=VECTOR('',#4265,1.);
#980=VECTOR('',#4268,1.);
#981=VECTOR('',#4271,1.);
#982=VECTOR('',#4274,1.);
#983=VECTOR('',#4275,1.);
#984=VECTOR('',#4280,1.);
#985=VECTOR('',#4283,0.3);
#986=VECTOR('',#4286,0.3);
#987=VECTOR('',#4289,1.);
#988=VECTOR('',#4290,1.);
#989=VECTOR('',#4295,1.);
#990=VECTOR('',#4296,1.);
#991=VECTOR('',#4299,1.);
#992=VECTOR('',#4304,0.3);
#993=VECTOR('',#4305,0.3);
#994=VECTOR('',#4308,1.);
#995=VECTOR('',#4309,1.);
#996=VECTOR('',#4314,1.);
#997=VECTOR('',#4315,1.);
#998=VECTOR('',#4318,1.);
#999=VECTOR('',#4323,1.);
#1000=VECTOR('',#4324,1.);
#1001=VECTOR('',#4327,1.);
#1002=VECTOR('',#4328,1.);
#1003=VECTOR('',#4333,1.);
#1004=VECTOR('',#4336,1.);
#1005=VECTOR('',#4341,0.264999999999999);
#1006=VECTOR('',#4344,1.);
#1007=VECTOR('',#4349,0.264999999999999);
#1008=VECTOR('',#4352,1.);
#1009=VECTOR('',#4353,1.);
#1010=VECTOR('',#4356,1.);
#1011=VECTOR('',#4357,1.);
#1012=VECTOR('',#4362,1.);
#1013=VECTOR('',#4363,1.);
#1014=VECTOR('',#4366,1.);
#1015=VECTOR('',#4367,1.);
#1016=VECTOR('',#4372,1.);
#1017=VECTOR('',#4375,1.);
#1018=VECTOR('',#4378,1.);
#1019=VECTOR('',#4381,1.);
#1020=VECTOR('',#4384,1.);
#1021=VECTOR('',#4387,1.);
#1022=VECTOR('',#4390,1.);
#1023=VECTOR('',#4395,1.);
#1024=VECTOR('',#4396,1.);
#1025=VECTOR('',#4399,1.);
#1026=VECTOR('',#4404,1.);
#1027=VECTOR('',#4407,1.);
#1028=VECTOR('',#4410,1.);
#1029=VECTOR('',#4413,1.);
#1030=VECTOR('',#4416,1.);
#1031=VECTOR('',#4419,1.);
#1032=VECTOR('',#4422,1.);
#1033=VECTOR('',#4425,1.);
#1034=VECTOR('',#4428,1.);
#1035=VECTOR('',#4431,1.);
#1036=VECTOR('',#4434,1.);
#1037=VECTOR('',#4439,1.);
#1038=VECTOR('',#4442,1.);
#1039=VECTOR('',#4445,1.);
#1040=VECTOR('',#4450,1.);
#1041=VECTOR('',#4453,1.);
#1042=VECTOR('',#4456,1.);
#1043=VECTOR('',#4461,1.);
#1044=VECTOR('',#4464,1.);
#1045=VECTOR('',#4467,1.);
#1046=VECTOR('',#4470,1.);
#1047=VECTOR('',#4473,1.);
#1048=VECTOR('',#4476,1.);
#1049=VECTOR('',#4479,1.);
#1050=VECTOR('',#4482,1.);
#1051=VECTOR('',#4489,1.);
#1052=VECTOR('',#4490,1.);
#1053=VECTOR('',#4493,1.);
#1054=VECTOR('',#4496,1.);
#1055=VECTOR('',#4499,1.);
#1056=VECTOR('',#4500,1.);
#1057=VECTOR('',#4503,1.);
#1058=VECTOR('',#4506,1.);
#1059=VECTOR('',#4509,1.);
#1060=VECTOR('',#4512,1.);
#1061=VECTOR('',#4515,1.);
#1062=VECTOR('',#4516,1.);
#1063=VECTOR('',#4519,1.);
#1064=VECTOR('',#4520,1.);
#1065=VECTOR('',#4523,1.);
#1066=VECTOR('',#4524,1.);
#1067=VECTOR('',#4527,1.);
#1068=VECTOR('',#4528,1.);
#1069=VECTOR('',#4531,1.);
#1070=VECTOR('',#4532,1.);
#1071=VECTOR('',#4535,1.);
#1072=VECTOR('',#4536,1.);
#1073=VECTOR('',#4551,0.265);
#1074=VECTOR('',#4554,1.);
#1075=VECTOR('',#4557,1.);
#1076=VECTOR('',#4560,1.);
#1077=VECTOR('',#4563,1.);
#1078=VECTOR('',#4566,1.);
#1079=VECTOR('',#4569,1.);
#1080=VECTOR('',#4574,1.);
#1081=VECTOR('',#4577,1.);
#1082=VECTOR('',#4580,1.);
#1083=VECTOR('',#4585,0.265);
#1084=VECTOR('',#4592,1.);
#1085=VECTOR('',#4593,1.);
#1086=VECTOR('',#4598,1.);
#1087=VECTOR('',#4601,1.);
#1088=VECTOR('',#4604,1.);
#1089=VECTOR('',#4607,1.);
#1090=VECTOR('',#4612,1.);
#1091=VECTOR('',#4613,1.);
#1092=VECTOR('',#4618,1.);
#1093=VECTOR('',#4621,1.);
#1094=VECTOR('',#4624,1.);
#1095=VECTOR('',#4629,1.);
#1096=VECTOR('',#4632,1.);
#1097=VECTOR('',#4635,1.);
#1098=VECTOR('',#4638,1.);
#1099=VECTOR('',#4641,1.);
#1100=VECTOR('',#4644,1.);
#1101=VECTOR('',#4647,1.);
#1102=VECTOR('',#4650,1.);
#1103=VECTOR('',#4653,1.);
#1104=VECTOR('',#4656,1.);
#1105=VECTOR('',#4659,1.);
#1106=VECTOR('',#4662,1.);
#1107=VECTOR('',#4665,1.);
#1108=VECTOR('',#4668,1.);
#1109=VECTOR('',#4671,1.);
#1110=VECTOR('',#4674,1.);
#1111=VECTOR('',#4677,1.);
#1112=VECTOR('',#4680,1.);
#1113=VECTOR('',#4683,1.);
#1114=VECTOR('',#4686,1.);
#1115=VECTOR('',#4691,1.);
#1116=VECTOR('',#4694,1.);
#1117=VECTOR('',#4697,1.);
#1118=VECTOR('',#4704,1.);
#1119=VECTOR('',#4707,1.);
#1120=VECTOR('',#4710,1.);
#1121=VECTOR('',#4713,1.);
#1122=VECTOR('',#4716,1.);
#1123=VECTOR('',#4719,1.);
#1124=VECTOR('',#4722,1.);
#1125=VECTOR('',#4725,1.);
#1126=VECTOR('',#4728,1.);
#1127=VECTOR('',#4729,1.);
#1128=VECTOR('',#4730,1.);
#1129=VECTOR('',#4731,1.);
#1130=VECTOR('',#4732,1.);
#1131=VECTOR('',#4733,1.);
#1132=VECTOR('',#4734,1.);
#1133=VECTOR('',#4739,1.);
#1134=VECTOR('',#4742,1.);
#1135=VECTOR('',#4745,1.);
#1136=VECTOR('',#4748,1.);
#1137=VECTOR('',#4751,1.);
#1138=VECTOR('',#4754,1.);
#1139=VECTOR('',#4757,1.);
#1140=VECTOR('',#4758,1.);
#1141=VECTOR('',#4763,0.265000000000001);
#1142=VECTOR('',#4766,1.);
#1143=VECTOR('',#4767,1.);
#1144=VECTOR('',#4768,1.);
#1145=VECTOR('',#4773,1.);
#1146=VECTOR('',#4776,1.);
#1147=VECTOR('',#4777,1.);
#1148=VECTOR('',#4782,1.);
#1149=VECTOR('',#4785,1.);
#1150=VECTOR('',#4786,1.);
#1151=VECTOR('',#4791,1.);
#1152=VECTOR('',#4794,1.);
#1153=VECTOR('',#4795,1.);
#1154=VECTOR('',#4800,1.);
#1155=VECTOR('',#4803,1.);
#1156=VECTOR('',#4804,1.);
#1157=VECTOR('',#4809,1.);
#1158=VECTOR('',#4812,1.);
#1159=VECTOR('',#4813,1.);
#1160=VECTOR('',#4820,1.);
#1161=VECTOR('',#4821,1.);
#1162=VECTOR('',#4822,1.);
#1163=VECTOR('',#4825,1.);
#1164=VECTOR('',#4826,1.);
#1165=VECTOR('',#4829,1.);
#1166=VECTOR('',#4834,1.);
#1167=VECTOR('',#4837,1.);
#1168=VECTOR('',#4838,1.);
#1169=VECTOR('',#4843,1.);
#1170=VECTOR('',#4846,1.);
#1171=VECTOR('',#4847,1.);
#1172=VECTOR('',#4852,1.);
#1173=VECTOR('',#4855,1.);
#1174=VECTOR('',#4856,1.);
#1175=VECTOR('',#4861,1.);
#1176=VECTOR('',#4864,1.);
#1177=VECTOR('',#4865,1.);
#1178=VECTOR('',#4870,1.);
#1179=VECTOR('',#4873,1.);
#1180=VECTOR('',#4874,1.);
#1181=VECTOR('',#4879,1.);
#1182=VECTOR('',#4882,1.);
#1183=VECTOR('',#4883,1.);
#1184=VECTOR('',#4886,1.);
#1185=VECTOR('',#4887,1.);
#1186=VECTOR('',#4890,1.);
#1187=VECTOR('',#4891,1.);
#1188=VECTOR('',#4894,1.);
#1189=VECTOR('',#4901,1.);
#1190=VECTOR('',#4904,1.);
#1191=VECTOR('',#4907,1.);
#1192=VECTOR('',#4910,1.);
#1193=VECTOR('',#4913,1.);
#1194=VECTOR('',#4916,1.);
#1195=VECTOR('',#4919,1.);
#1196=VECTOR('',#4922,1.);
#1197=VECTOR('',#4925,1.);
#1198=VECTOR('',#4926,1.);
#1199=VECTOR('',#4927,1.);
#1200=VECTOR('',#4928,1.);
#1201=VECTOR('',#4929,1.);
#1202=VECTOR('',#4930,1.);
#1203=VECTOR('',#4931,1.);
#1204=VECTOR('',#4936,1.);
#1205=VECTOR('',#4939,1.);
#1206=VECTOR('',#4942,1.);
#1207=VECTOR('',#4945,1.);
#1208=VECTOR('',#4948,1.);
#1209=VECTOR('',#4951,1.);
#1210=VECTOR('',#4954,1.);
#1211=VECTOR('',#4955,1.);
#1212=VECTOR('',#4958,0.265000000000001);
#1213=VECTOR('',#4963,1.);
#1214=VECTOR('',#4964,1.);
#1215=VECTOR('',#4965,1.);
#1216=VECTOR('',#4970,1.);
#1217=VECTOR('',#4973,1.);
#1218=VECTOR('',#4974,1.);
#1219=VECTOR('',#4979,1.);
#1220=VECTOR('',#4982,1.);
#1221=VECTOR('',#4983,1.);
#1222=VECTOR('',#4988,1.);
#1223=VECTOR('',#4991,1.);
#1224=VECTOR('',#4992,1.);
#1225=VECTOR('',#4997,1.);
#1226=VECTOR('',#5000,1.);
#1227=VECTOR('',#5001,1.);
#1228=VECTOR('',#5006,1.);
#1229=VECTOR('',#5009,1.);
#1230=VECTOR('',#5010,1.);
#1231=VECTOR('',#5017,1.);
#1232=VECTOR('',#5018,1.);
#1233=VECTOR('',#5019,1.);
#1234=VECTOR('',#5022,1.);
#1235=VECTOR('',#5023,1.);
#1236=VECTOR('',#5026,1.);
#1237=VECTOR('',#5031,1.);
#1238=VECTOR('',#5034,1.);
#1239=VECTOR('',#5035,1.);
#1240=VECTOR('',#5040,1.);
#1241=VECTOR('',#5043,1.);
#1242=VECTOR('',#5044,1.);
#1243=VECTOR('',#5049,1.);
#1244=VECTOR('',#5052,1.);
#1245=VECTOR('',#5053,1.);
#1246=VECTOR('',#5058,1.);
#1247=VECTOR('',#5061,1.);
#1248=VECTOR('',#5062,1.);
#1249=VECTOR('',#5067,1.);
#1250=VECTOR('',#5070,1.);
#1251=VECTOR('',#5071,1.);
#1252=VECTOR('',#5076,1.);
#1253=VECTOR('',#5079,1.);
#1254=VECTOR('',#5080,1.);
#1255=VECTOR('',#5083,1.);
#1256=VECTOR('',#5084,1.);
#1257=VECTOR('',#5087,1.);
#1258=VECTOR('',#5088,1.);
#1259=VECTOR('',#5091,1.);
#1260=CIRCLE('',#3666,0.0999999999994655);
#1261=CIRCLE('',#3667,0.0999999999994655);
#1262=CIRCLE('',#3670,0.100000000009451);
#1263=CIRCLE('',#3671,0.100000000009451);
#1264=CIRCLE('',#3674,0.0999999999372434);
#1265=CIRCLE('',#3675,0.0999999999372434);
#1266=CIRCLE('',#3678,0.0999999999994633);
#1267=CIRCLE('',#3679,0.0999999999994633);
#1268=CIRCLE('',#3684,0.2);
#1269=CIRCLE('',#3685,0.2);
#1270=CIRCLE('',#3688,0.2);
#1271=CIRCLE('',#3689,0.2);
#1272=CIRCLE('',#3691,0.265);
#1273=CIRCLE('',#3692,0.265);
#1274=CIRCLE('',#3695,0.2);
#1275=CIRCLE('',#3696,0.2);
#1276=CIRCLE('',#3698,0.2);
#1277=CIRCLE('',#3699,0.3);
#1278=CIRCLE('',#3700,2.00000000000237);
#1279=CIRCLE('',#3701,0.199999999995457);
#1280=CIRCLE('',#3702,0.200000000002834);
#1281=CIRCLE('',#3703,0.199999999999518);
#1282=CIRCLE('',#3704,2.00000000000116);
#1283=CIRCLE('',#3705,2.00000000000038);
#1284=CIRCLE('',#3706,2.00000000000069);
#1285=CIRCLE('',#3707,0.200000000000138);
#1286=CIRCLE('',#3708,0.200000000001835);
#1287=CIRCLE('',#3709,0.1999999999972);
#1288=CIRCLE('',#3710,2.00000000000338);
#1289=CIRCLE('',#3711,0.299999999999999);
#1290=CIRCLE('',#3712,0.2);
#1291=CIRCLE('',#3713,0.2);
#1292=CIRCLE('',#3714,0.3);
#1293=CIRCLE('',#3715,0.999999999979451);
#1294=CIRCLE('',#3716,12.5000000000045);
#1295=CIRCLE('',#3717,1.00000000000214);
#1296=CIRCLE('',#3718,1.00000000000214);
#1297=CIRCLE('',#3719,12.5000000000084);
#1298=CIRCLE('',#3720,0.999999999979347);
#1299=CIRCLE('',#3721,0.3);
#1300=CIRCLE('',#3722,0.199999999999987);
#1301=CIRCLE('',#3723,0.199999999999991);
#1302=CIRCLE('',#3724,0.0999999999994931);
#1303=CIRCLE('',#3725,0.100000000001919);
#1304=CIRCLE('',#3726,0.100000000002046);
#1305=CIRCLE('',#3727,0.0999999999998002);
#1306=CIRCLE('',#3728,0.19999999999999);
#1307=CIRCLE('',#3729,0.199999999999989);
#1308=CIRCLE('',#3730,0.264999999999999);
#1309=CIRCLE('',#3731,0.264999999999999);
#1310=CIRCLE('',#3732,0.0507999999999988);
#1311=CIRCLE('',#3733,0.0508000000000006);
#1312=CIRCLE('',#3734,0.0508000000000006);
#1313=CIRCLE('',#3735,0.0508000000000006);
#1314=CIRCLE('',#3736,0.20000000000084);
#1315=CIRCLE('',#3737,0.199999999999998);
#1316=CIRCLE('',#3738,0.3);
#1317=CIRCLE('',#3739,0.3);
#1318=CIRCLE('',#3740,0.3);
#1319=CIRCLE('',#3741,0.3);
#1320=CIRCLE('',#3742,0.265);
#1321=CIRCLE('',#3743,0.265);
#1322=CIRCLE('',#3744,0.0508000000000006);
#1323=CIRCLE('',#3745,0.0507999999999988);
#1324=CIRCLE('',#3746,0.0508000000000006);
#1325=CIRCLE('',#3747,0.0508000000000006);
#1326=CIRCLE('',#3750,0.2);
#1327=CIRCLE('',#3752,0.3);
#1328=CIRCLE('',#3755,0.3);
#1329=CIRCLE('',#3758,0.299999999999999);
#1330=CIRCLE('',#3761,0.2);
#1331=CIRCLE('',#3764,0.2);
#1332=CIRCLE('',#3767,0.3);
#1333=CIRCLE('',#3770,0.264999999999999);
#1334=CIRCLE('',#3773,0.264999999999999);
#1335=CIRCLE('',#3777,0.3);
#1336=CIRCLE('',#3780,0.3);
#1337=CIRCLE('',#3782,1.00000000000214);
#1338=CIRCLE('',#3784,0.0507999999999988);
#1339=CIRCLE('',#3787,0.999999999979347);
#1340=CIRCLE('',#3788,12.5000000000084);
#1341=CIRCLE('',#3789,1.00000000000214);
#1342=CIRCLE('',#3790,12.5000000000045);
#1343=CIRCLE('',#3791,0.999999999979451);
#1344=CIRCLE('',#3792,2.00000000000338);
#1345=CIRCLE('',#3793,0.1999999999972);
#1346=CIRCLE('',#3794,0.200000000001835);
#1347=CIRCLE('',#3795,0.200000000000138);
#1348=CIRCLE('',#3796,2.00000000000069);
#1349=CIRCLE('',#3797,2.00000000000038);
#1350=CIRCLE('',#3798,2.00000000000116);
#1351=CIRCLE('',#3799,0.199999999999518);
#1352=CIRCLE('',#3800,0.200000000002834);
#1353=CIRCLE('',#3801,0.199999999995457);
#1354=CIRCLE('',#3802,2.00000000000237);
#1355=CIRCLE('',#3803,0.100000000001919);
#1356=CIRCLE('',#3804,0.0999999999994931);
#1357=CIRCLE('',#3805,0.199999999999991);
#1358=CIRCLE('',#3806,0.199999999999987);
#1359=CIRCLE('',#3807,0.199999999999989);
#1360=CIRCLE('',#3808,0.19999999999999);
#1361=CIRCLE('',#3809,0.0999999999998002);
#1362=CIRCLE('',#3810,0.100000000002046);
#1363=CIRCLE('',#3811,0.3);
#1364=CIRCLE('',#3812,0.3);
#1365=CIRCLE('',#3813,0.199999999999998);
#1366=CIRCLE('',#3814,0.20000000000084);
#1367=CIRCLE('',#3815,0.0508000000000006);
#1368=CIRCLE('',#3816,0.0508000000000006);
#1369=CIRCLE('',#3817,0.0508000000000006);
#1370=CIRCLE('',#3818,0.0507999999999988);
#1371=CIRCLE('',#3819,0.265);
#1372=CIRCLE('',#3820,0.265);
#1373=CIRCLE('',#3821,0.0508000000000006);
#1374=CIRCLE('',#3822,0.0508000000000006);
#1375=CIRCLE('',#3823,0.0508000000000006);
#1376=CIRCLE('',#3895,0.2);
#1377=CIRCLE('',#3896,0.2);
#1378=CIRCLE('',#3898,2.);
#1379=CIRCLE('',#3899,0.599999999992459);
#1380=CIRCLE('',#3900,0.200000000017288);
#1381=CIRCLE('',#3901,0.199999999991956);
#1382=CIRCLE('',#3902,0.199999999980555);
#1383=CIRCLE('',#3903,0.300000000000004);
#1384=CIRCLE('',#3904,0.265000000000001);
#1385=CIRCLE('',#3905,0.0999999999999995);
#1386=CIRCLE('',#3906,0.200000000000004);
#1387=CIRCLE('',#3907,0.200000000000002);
#1388=CIRCLE('',#3908,0.0999999999999974);
#1389=CIRCLE('',#3909,0.100000000000003);
#1390=CIRCLE('',#3910,0.100000000000002);
#1391=CIRCLE('',#3913,0.265000000000001);
#1392=CIRCLE('',#3916,0.200000000000004);
#1393=CIRCLE('',#3919,0.200000000000002);
#1394=CIRCLE('',#3922,0.0999999999999974);
#1395=CIRCLE('',#3925,0.100000000000003);
#1396=CIRCLE('',#3928,0.100000000000002);
#1397=CIRCLE('',#3931,0.0999999999999995);
#1398=CIRCLE('',#3936,2.);
#1399=CIRCLE('',#3939,0.599999999992459);
#1400=CIRCLE('',#3942,0.200000000017288);
#1401=CIRCLE('',#3945,0.199999999991956);
#1402=CIRCLE('',#3948,0.199999999980555);
#1403=CIRCLE('',#3951,0.300000000000004);
#1404=CIRCLE('',#3958,0.2);
#1405=CIRCLE('',#3959,0.2);
#1406=CIRCLE('',#3961,2.);
#1407=CIRCLE('',#3962,0.599999999992459);
#1408=CIRCLE('',#3963,0.200000000017288);
#1409=CIRCLE('',#3964,0.199999999991956);
#1410=CIRCLE('',#3965,0.199999999980555);
#1411=CIRCLE('',#3966,0.300000000000004);
#1412=CIRCLE('',#3967,0.265000000000001);
#1413=CIRCLE('',#3968,0.0999999999999995);
#1414=CIRCLE('',#3969,0.200000000000004);
#1415=CIRCLE('',#3970,0.200000000000002);
#1416=CIRCLE('',#3971,0.0999999999999974);
#1417=CIRCLE('',#3972,0.100000000000003);
#1418=CIRCLE('',#3973,0.100000000000002);
#1419=CIRCLE('',#3976,0.265000000000001);
#1420=CIRCLE('',#3979,0.200000000000004);
#1421=CIRCLE('',#3982,0.200000000000002);
#1422=CIRCLE('',#3985,0.0999999999999974);
#1423=CIRCLE('',#3988,0.100000000000003);
#1424=CIRCLE('',#3991,0.100000000000002);
#1425=CIRCLE('',#3994,0.0999999999999995);
#1426=CIRCLE('',#3999,2.);
#1427=CIRCLE('',#4002,0.599999999992459);
#1428=CIRCLE('',#4005,0.200000000017288);
#1429=CIRCLE('',#4008,0.199999999991956);
#1430=CIRCLE('',#4011,0.199999999980555);
#1431=CIRCLE('',#4014,0.300000000000004);
#1432=VERTEX_POINT('',#5099);
#1433=VERTEX_POINT('',#5100);
#1434=VERTEX_POINT('',#5102);
#1435=VERTEX_POINT('',#5104);
#1436=VERTEX_POINT('',#5108);
#1437=VERTEX_POINT('',#5110);
#1438=VERTEX_POINT('',#5114);
#1439=VERTEX_POINT('',#5116);
#1440=VERTEX_POINT('',#5120);
#1441=VERTEX_POINT('',#5122);
#1442=VERTEX_POINT('',#5126);
#1443=VERTEX_POINT('',#5127);
#1444=VERTEX_POINT('',#5129);
#1445=VERTEX_POINT('',#5131);
#1446=VERTEX_POINT('',#5135);
#1447=VERTEX_POINT('',#5137);
#1448=VERTEX_POINT('',#5141);
#1449=VERTEX_POINT('',#5143);
#1450=VERTEX_POINT('',#5147);
#1451=VERTEX_POINT('',#5149);
#1452=VERTEX_POINT('',#5153);
#1453=VERTEX_POINT('',#5155);
#1454=VERTEX_POINT('',#5159);
#1455=VERTEX_POINT('',#5161);
#1456=VERTEX_POINT('',#5165);
#1457=VERTEX_POINT('',#5166);
#1458=VERTEX_POINT('',#5168);
#1459=VERTEX_POINT('',#5170);
#1460=VERTEX_POINT('',#5174);
#1461=VERTEX_POINT('',#5176);
#1462=VERTEX_POINT('',#5180);
#1463=VERTEX_POINT('',#5182);
#1464=VERTEX_POINT('',#5186);
#1465=VERTEX_POINT('',#5188);
#1466=VERTEX_POINT('',#5192);
#1467=VERTEX_POINT('',#5194);
#1468=VERTEX_POINT('',#5198);
#1469=VERTEX_POINT('',#5199);
#1470=VERTEX_POINT('',#5201);
#1471=VERTEX_POINT('',#5203);
#1472=VERTEX_POINT('',#5207);
#1473=VERTEX_POINT('',#5209);
#1474=VERTEX_POINT('',#5211);
#1475=VERTEX_POINT('',#5213);
#1476=VERTEX_POINT('',#5215);
#1477=VERTEX_POINT('',#5217);
#1478=VERTEX_POINT('',#5219);
#1479=VERTEX_POINT('',#5221);
#1480=VERTEX_POINT('',#5223);
#1481=VERTEX_POINT('',#5225);
#1482=VERTEX_POINT('',#5227);
#1483=VERTEX_POINT('',#5229);
#1484=VERTEX_POINT('',#5231);
#1485=VERTEX_POINT('',#5233);
#1486=VERTEX_POINT('',#5235);
#1487=VERTEX_POINT('',#5237);
#1488=VERTEX_POINT('',#5239);
#1489=VERTEX_POINT('',#5241);
#1490=VERTEX_POINT('',#5243);
#1491=VERTEX_POINT('',#5245);
#1492=VERTEX_POINT('',#5247);
#1493=VERTEX_POINT('',#5249);
#1494=VERTEX_POINT('',#5251);
#1495=VERTEX_POINT('',#5253);
#1496=VERTEX_POINT('',#5255);
#1497=VERTEX_POINT('',#5257);
#1498=VERTEX_POINT('',#5259);
#1499=VERTEX_POINT('',#5261);
#1500=VERTEX_POINT('',#5263);
#1501=VERTEX_POINT('',#5265);
#1502=VERTEX_POINT('',#5267);
#1503=VERTEX_POINT('',#5269);
#1504=VERTEX_POINT('',#5271);
#1505=VERTEX_POINT('',#5273);
#1506=VERTEX_POINT('',#5275);
#1507=VERTEX_POINT('',#5277);
#1508=VERTEX_POINT('',#5279);
#1509=VERTEX_POINT('',#5281);
#1510=VERTEX_POINT('',#5283);
#1511=VERTEX_POINT('',#5285);
#1512=VERTEX_POINT('',#5287);
#1513=VERTEX_POINT('',#5289);
#1514=VERTEX_POINT('',#5291);
#1515=VERTEX_POINT('',#5293);
#1516=VERTEX_POINT('',#5295);
#1517=VERTEX_POINT('',#5297);
#1518=VERTEX_POINT('',#5299);
#1519=VERTEX_POINT('',#5301);
#1520=VERTEX_POINT('',#5304);
#1521=VERTEX_POINT('',#5306);
#1522=VERTEX_POINT('',#5308);
#1523=VERTEX_POINT('',#5310);
#1524=VERTEX_POINT('',#5312);
#1525=VERTEX_POINT('',#5314);
#1526=VERTEX_POINT('',#5317);
#1527=VERTEX_POINT('',#5319);
#1528=VERTEX_POINT('',#5321);
#1529=VERTEX_POINT('',#5323);
#1530=VERTEX_POINT('',#5325);
#1531=VERTEX_POINT('',#5327);
#1532=VERTEX_POINT('',#5330);
#1533=VERTEX_POINT('',#5332);
#1534=VERTEX_POINT('',#5334);
#1535=VERTEX_POINT('',#5335);
#1536=VERTEX_POINT('',#5337);
#1537=VERTEX_POINT('',#5339);
#1538=VERTEX_POINT('',#5341);
#1539=VERTEX_POINT('',#5343);
#1540=VERTEX_POINT('',#5345);
#1541=VERTEX_POINT('',#5347);
#1542=VERTEX_POINT('',#5350);
#1543=VERTEX_POINT('',#5351);
#1544=VERTEX_POINT('',#5353);
#1545=VERTEX_POINT('',#5355);
#1546=VERTEX_POINT('',#5357);
#1547=VERTEX_POINT('',#5359);
#1548=VERTEX_POINT('',#5361);
#1549=VERTEX_POINT('',#5363);
#1550=VERTEX_POINT('',#5366);
#1551=VERTEX_POINT('',#5368);
#1552=VERTEX_POINT('',#5370);
#1553=VERTEX_POINT('',#5373);
#1554=VERTEX_POINT('',#5375);
#1555=VERTEX_POINT('',#5377);
#1556=VERTEX_POINT('',#5378);
#1557=VERTEX_POINT('',#5380);
#1558=VERTEX_POINT('',#5382);
#1559=VERTEX_POINT('',#5384);
#1560=VERTEX_POINT('',#5386);
#1561=VERTEX_POINT('',#5388);
#1562=VERTEX_POINT('',#5390);
#1563=VERTEX_POINT('',#5394);
#1564=VERTEX_POINT('',#5398);
#1565=VERTEX_POINT('',#5402);
#1566=VERTEX_POINT('',#5404);
#1567=VERTEX_POINT('',#5408);
#1568=VERTEX_POINT('',#5412);
#1569=VERTEX_POINT('',#5413);
#1570=VERTEX_POINT('',#5420);
#1571=VERTEX_POINT('',#5421);
#1572=VERTEX_POINT('',#5426);
#1573=VERTEX_POINT('',#5430);
#1574=VERTEX_POINT('',#5431);
#1575=VERTEX_POINT('',#5438);
#1576=VERTEX_POINT('',#5439);
#1577=VERTEX_POINT('',#5444);
#1578=VERTEX_POINT('',#5448);
#1579=VERTEX_POINT('',#5454);
#1580=VERTEX_POINT('',#5460);
#1581=VERTEX_POINT('',#5464);
#1582=VERTEX_POINT('',#5468);
#1583=VERTEX_POINT('',#5472);
#1584=VERTEX_POINT('',#5473);
#1585=VERTEX_POINT('',#5478);
#1586=VERTEX_POINT('',#5482);
#1587=VERTEX_POINT('',#5486);
#1588=VERTEX_POINT('',#5488);
#1589=VERTEX_POINT('',#5492);
#1590=VERTEX_POINT('',#5494);
#1591=VERTEX_POINT('',#5500);
#1592=VERTEX_POINT('',#5502);
#1593=VERTEX_POINT('',#5504);
#1594=VERTEX_POINT('',#5507);
#1595=VERTEX_POINT('',#5509);
#1596=VERTEX_POINT('',#5511);
#1597=VERTEX_POINT('',#5513);
#1598=VERTEX_POINT('',#5515);
#1599=VERTEX_POINT('',#5518);
#1600=VERTEX_POINT('',#5520);
#1601=VERTEX_POINT('',#5522);
#1602=VERTEX_POINT('',#5524);
#1603=VERTEX_POINT('',#5526);
#1604=VERTEX_POINT('',#5528);
#1605=VERTEX_POINT('',#5530);
#1606=VERTEX_POINT('',#5532);
#1607=VERTEX_POINT('',#5534);
#1608=VERTEX_POINT('',#5536);
#1609=VERTEX_POINT('',#5538);
#1610=VERTEX_POINT('',#5540);
#1611=VERTEX_POINT('',#5542);
#1612=VERTEX_POINT('',#5544);
#1613=VERTEX_POINT('',#5546);
#1614=VERTEX_POINT('',#5548);
#1615=VERTEX_POINT('',#5550);
#1616=VERTEX_POINT('',#5552);
#1617=VERTEX_POINT('',#5554);
#1618=VERTEX_POINT('',#5556);
#1619=VERTEX_POINT('',#5559);
#1620=VERTEX_POINT('',#5561);
#1621=VERTEX_POINT('',#5563);
#1622=VERTEX_POINT('',#5565);
#1623=VERTEX_POINT('',#5567);
#1624=VERTEX_POINT('',#5569);
#1625=VERTEX_POINT('',#5572);
#1626=VERTEX_POINT('',#5574);
#1627=VERTEX_POINT('',#5576);
#1628=VERTEX_POINT('',#5578);
#1629=VERTEX_POINT('',#5580);
#1630=VERTEX_POINT('',#5582);
#1631=VERTEX_POINT('',#5585);
#1632=VERTEX_POINT('',#5587);
#1633=VERTEX_POINT('',#5589);
#1634=VERTEX_POINT('',#5591);
#1635=VERTEX_POINT('',#5593);
#1636=VERTEX_POINT('',#5595);
#1637=VERTEX_POINT('',#5597);
#1638=VERTEX_POINT('',#5600);
#1639=VERTEX_POINT('',#5601);
#1640=VERTEX_POINT('',#5603);
#1641=VERTEX_POINT('',#5605);
#1642=VERTEX_POINT('',#5607);
#1643=VERTEX_POINT('',#5609);
#1644=VERTEX_POINT('',#5611);
#1645=VERTEX_POINT('',#5613);
#1646=VERTEX_POINT('',#5616);
#1647=VERTEX_POINT('',#5618);
#1648=VERTEX_POINT('',#5620);
#1649=VERTEX_POINT('',#5621);
#1650=VERTEX_POINT('',#5624);
#1651=VERTEX_POINT('',#5626);
#1652=VERTEX_POINT('',#5628);
#1653=VERTEX_POINT('',#5630);
#1654=VERTEX_POINT('',#5767);
#1655=VERTEX_POINT('',#5768);
#1656=VERTEX_POINT('',#5770);
#1657=VERTEX_POINT('',#5772);
#1658=VERTEX_POINT('',#5776);
#1659=VERTEX_POINT('',#5778);
#1660=VERTEX_POINT('',#5780);
#1661=VERTEX_POINT('',#5782);
#1662=VERTEX_POINT('',#5784);
#1663=VERTEX_POINT('',#5786);
#1664=VERTEX_POINT('',#5788);
#1665=VERTEX_POINT('',#5790);
#1666=VERTEX_POINT('',#5792);
#1667=VERTEX_POINT('',#5794);
#1668=VERTEX_POINT('',#5796);
#1669=VERTEX_POINT('',#5798);
#1670=VERTEX_POINT('',#5800);
#1671=VERTEX_POINT('',#5802);
#1672=VERTEX_POINT('',#5804);
#1673=VERTEX_POINT('',#5806);
#1674=VERTEX_POINT('',#5808);
#1675=VERTEX_POINT('',#5810);
#1676=VERTEX_POINT('',#5813);
#1677=VERTEX_POINT('',#5815);
#1678=VERTEX_POINT('',#5816);
#1679=VERTEX_POINT('',#5818);
#1680=VERTEX_POINT('',#5820);
#1681=VERTEX_POINT('',#5822);
#1682=VERTEX_POINT('',#5824);
#1683=VERTEX_POINT('',#5826);
#1684=VERTEX_POINT('',#5828);
#1685=VERTEX_POINT('',#5830);
#1686=VERTEX_POINT('',#5832);
#1687=VERTEX_POINT('',#5834);
#1688=VERTEX_POINT('',#5836);
#1689=VERTEX_POINT('',#5840);
#1690=VERTEX_POINT('',#5844);
#1691=VERTEX_POINT('',#5848);
#1692=VERTEX_POINT('',#5850);
#1693=VERTEX_POINT('',#5854);
#1694=VERTEX_POINT('',#5858);
#1695=VERTEX_POINT('',#5862);
#1696=VERTEX_POINT('',#5866);
#1697=VERTEX_POINT('',#5870);
#1698=VERTEX_POINT('',#5874);
#1699=VERTEX_POINT('',#5878);
#1700=VERTEX_POINT('',#5882);
#1701=VERTEX_POINT('',#5886);
#1702=VERTEX_POINT('',#5890);
#1703=VERTEX_POINT('',#5896);
#1704=VERTEX_POINT('',#5898);
#1705=VERTEX_POINT('',#5902);
#1706=VERTEX_POINT('',#5908);
#1707=VERTEX_POINT('',#5912);
#1708=VERTEX_POINT('',#5916);
#1709=VERTEX_POINT('',#5920);
#1710=VERTEX_POINT('',#5924);
#1711=VERTEX_POINT('',#5928);
#1712=VERTEX_POINT('',#5932);
#1713=VERTEX_POINT('',#5936);
#1714=VERTEX_POINT('',#5940);
#1715=VERTEX_POINT('',#5944);
#1716=VERTEX_POINT('',#5948);
#1717=VERTEX_POINT('',#5952);
#1718=VERTEX_POINT('',#5956);
#1719=VERTEX_POINT('',#5960);
#1720=VERTEX_POINT('',#5967);
#1721=VERTEX_POINT('',#5968);
#1722=VERTEX_POINT('',#5970);
#1723=VERTEX_POINT('',#5972);
#1724=VERTEX_POINT('',#5976);
#1725=VERTEX_POINT('',#5978);
#1726=VERTEX_POINT('',#5980);
#1727=VERTEX_POINT('',#5982);
#1728=VERTEX_POINT('',#5984);
#1729=VERTEX_POINT('',#5986);
#1730=VERTEX_POINT('',#5988);
#1731=VERTEX_POINT('',#5990);
#1732=VERTEX_POINT('',#5992);
#1733=VERTEX_POINT('',#5994);
#1734=VERTEX_POINT('',#5996);
#1735=VERTEX_POINT('',#5998);
#1736=VERTEX_POINT('',#6000);
#1737=VERTEX_POINT('',#6002);
#1738=VERTEX_POINT('',#6004);
#1739=VERTEX_POINT('',#6006);
#1740=VERTEX_POINT('',#6008);
#1741=VERTEX_POINT('',#6010);
#1742=VERTEX_POINT('',#6013);
#1743=VERTEX_POINT('',#6015);
#1744=VERTEX_POINT('',#6016);
#1745=VERTEX_POINT('',#6018);
#1746=VERTEX_POINT('',#6020);
#1747=VERTEX_POINT('',#6022);
#1748=VERTEX_POINT('',#6024);
#1749=VERTEX_POINT('',#6026);
#1750=VERTEX_POINT('',#6028);
#1751=VERTEX_POINT('',#6030);
#1752=VERTEX_POINT('',#6032);
#1753=VERTEX_POINT('',#6034);
#1754=VERTEX_POINT('',#6036);
#1755=VERTEX_POINT('',#6040);
#1756=VERTEX_POINT('',#6044);
#1757=VERTEX_POINT('',#6048);
#1758=VERTEX_POINT('',#6049);
#1759=VERTEX_POINT('',#6054);
#1760=VERTEX_POINT('',#6058);
#1761=VERTEX_POINT('',#6062);
#1762=VERTEX_POINT('',#6066);
#1763=VERTEX_POINT('',#6070);
#1764=VERTEX_POINT('',#6074);
#1765=VERTEX_POINT('',#6078);
#1766=VERTEX_POINT('',#6082);
#1767=VERTEX_POINT('',#6086);
#1768=VERTEX_POINT('',#6090);
#1769=VERTEX_POINT('',#6096);
#1770=VERTEX_POINT('',#6097);
#1771=VERTEX_POINT('',#6102);
#1772=VERTEX_POINT('',#6108);
#1773=VERTEX_POINT('',#6112);
#1774=VERTEX_POINT('',#6116);
#1775=VERTEX_POINT('',#6120);
#1776=VERTEX_POINT('',#6124);
#1777=VERTEX_POINT('',#6128);
#1778=VERTEX_POINT('',#6132);
#1779=VERTEX_POINT('',#6136);
#1780=VERTEX_POINT('',#6140);
#1781=VERTEX_POINT('',#6144);
#1782=VERTEX_POINT('',#6148);
#1783=VERTEX_POINT('',#6152);
#1784=VERTEX_POINT('',#6156);
#1785=VERTEX_POINT('',#6160);
#1786=EDGE_CURVE('',#1432,#1433,#1260,.T.);
#1787=EDGE_CURVE('',#1433,#1434,#542,.T.);
#1788=EDGE_CURVE('',#1434,#1435,#1261,.T.);
#1789=EDGE_CURVE('',#1435,#1432,#543,.T.);
#1790=EDGE_CURVE('',#1433,#1436,#544,.T.);
#1791=EDGE_CURVE('',#1437,#1436,#545,.T.);
#1792=EDGE_CURVE('',#1434,#1437,#546,.F.);
#1793=EDGE_CURVE('',#1436,#1438,#1262,.T.);
#1794=EDGE_CURVE('',#1438,#1439,#547,.T.);
#1795=EDGE_CURVE('',#1439,#1437,#1263,.T.);
#1796=EDGE_CURVE('',#1438,#1440,#548,.T.);
#1797=EDGE_CURVE('',#1440,#1441,#549,.T.);
#1798=EDGE_CURVE('',#1439,#1441,#550,.T.);
#1799=EDGE_CURVE('',#1442,#1443,#1264,.T.);
#1800=EDGE_CURVE('',#1443,#1444,#551,.T.);
#1801=EDGE_CURVE('',#1444,#1445,#1265,.T.);
#1802=EDGE_CURVE('',#1445,#1442,#552,.T.);
#1803=EDGE_CURVE('',#1443,#1446,#553,.T.);
#1804=EDGE_CURVE('',#1447,#1446,#554,.T.);
#1805=EDGE_CURVE('',#1444,#1447,#555,.F.);
#1806=EDGE_CURVE('',#1446,#1448,#1266,.T.);
#1807=EDGE_CURVE('',#1448,#1449,#556,.T.);
#1808=EDGE_CURVE('',#1449,#1447,#1267,.T.);
#1809=EDGE_CURVE('',#1448,#1450,#557,.T.);
#1810=EDGE_CURVE('',#1450,#1451,#558,.T.);
#1811=EDGE_CURVE('',#1449,#1451,#559,.T.);
#1812=EDGE_CURVE('',#1452,#1435,#560,.T.);
#1813=EDGE_CURVE('',#1453,#1452,#561,.T.);
#1814=EDGE_CURVE('',#1453,#1432,#562,.T.);
#1815=EDGE_CURVE('',#1454,#1445,#563,.T.);
#1816=EDGE_CURVE('',#1455,#1454,#564,.T.);
#1817=EDGE_CURVE('',#1455,#1442,#565,.T.);
#1818=EDGE_CURVE('',#1456,#1457,#1268,.T.);
#1819=EDGE_CURVE('',#1457,#1458,#566,.T.);
#1820=EDGE_CURVE('',#1458,#1459,#1269,.T.);
#1821=EDGE_CURVE('',#1459,#1456,#567,.T.);
#1822=EDGE_CURVE('',#1460,#1457,#568,.T.);
#1823=EDGE_CURVE('',#1461,#1460,#569,.T.);
#1824=EDGE_CURVE('',#1458,#1461,#570,.T.);
#1825=EDGE_CURVE('',#1462,#1461,#1270,.T.);
#1826=EDGE_CURVE('',#1460,#1463,#1271,.T.);
#1827=EDGE_CURVE('',#1463,#1462,#571,.T.);
#1828=EDGE_CURVE('',#1464,#1464,#1272,.T.);
#1829=EDGE_CURVE('',#1464,#1465,#572,.T.);
#1830=EDGE_CURVE('',#1465,#1465,#1273,.T.);
#1831=EDGE_CURVE('',#1459,#1466,#573,.T.);
#1832=EDGE_CURVE('',#1467,#1466,#574,.T.);
#1833=EDGE_CURVE('',#1456,#1467,#575,.T.);
#1834=EDGE_CURVE('',#1468,#1469,#1274,.T.);
#1835=EDGE_CURVE('',#1469,#1470,#576,.T.);
#1836=EDGE_CURVE('',#1470,#1471,#1275,.T.);
#1837=EDGE_CURVE('',#1471,#1468,#577,.T.);
#1838=EDGE_CURVE('',#1470,#1472,#578,.T.);
#1839=EDGE_CURVE('',#1473,#1472,#1276,.T.);
#1840=EDGE_CURVE('',#1473,#1474,#579,.T.);
#1841=EDGE_CURVE('',#1474,#1475,#1277,.F.);
#1842=EDGE_CURVE('',#1475,#1476,#580,.T.);
#1843=EDGE_CURVE('',#1476,#1477,#1278,.T.);
#1844=EDGE_CURVE('',#1477,#1478,#581,.T.);
#1845=EDGE_CURVE('',#1479,#1478,#1279,.T.);
#1846=EDGE_CURVE('',#1479,#1480,#582,.T.);
#1847=EDGE_CURVE('',#1481,#1480,#1280,.T.);
#1848=EDGE_CURVE('',#1481,#1482,#583,.T.);
#1849=EDGE_CURVE('',#1483,#1482,#1281,.T.);
#1850=EDGE_CURVE('',#1483,#1484,#584,.T.);
#1851=EDGE_CURVE('',#1484,#1485,#1282,.T.);
#1852=EDGE_CURVE('',#1485,#1486,#585,.T.);
#1853=EDGE_CURVE('',#1486,#1487,#1283,.T.);
#1854=EDGE_CURVE('',#1488,#1487,#586,.T.);
#1855=EDGE_CURVE('',#1488,#1489,#1284,.T.);
#1856=EDGE_CURVE('',#1490,#1489,#587,.T.);
#1857=EDGE_CURVE('',#1491,#1490,#1285,.T.);
#1858=EDGE_CURVE('',#1492,#1491,#588,.T.);
#1859=EDGE_CURVE('',#1493,#1492,#1286,.T.);
#1860=EDGE_CURVE('',#1494,#1493,#589,.T.);
#1861=EDGE_CURVE('',#1495,#1494,#1287,.T.);
#1862=EDGE_CURVE('',#1496,#1495,#590,.T.);
#1863=EDGE_CURVE('',#1496,#1497,#1288,.T.);
#1864=EDGE_CURVE('',#1498,#1497,#591,.T.);
#1865=EDGE_CURVE('',#1499,#1498,#1289,.T.);
#1866=EDGE_CURVE('',#1500,#1499,#592,.T.);
#1867=EDGE_CURVE('',#1501,#1500,#1290,.T.);
#1868=EDGE_CURVE('',#1502,#1501,#593,.T.);
#1869=EDGE_CURVE('',#1503,#1502,#1291,.T.);
#1870=EDGE_CURVE('',#1504,#1503,#594,.T.);
#1871=EDGE_CURVE('',#1505,#1504,#1292,.T.);
#1872=EDGE_CURVE('',#1506,#1505,#595,.T.);
#1873=EDGE_CURVE('',#1507,#1506,#596,.T.);
#1874=EDGE_CURVE('',#1508,#1507,#1293,.T.);
#1875=EDGE_CURVE('',#1509,#1508,#1294,.T.);
#1876=EDGE_CURVE('',#1510,#1509,#597,.T.);
#1877=EDGE_CURVE('',#1510,#1511,#1295,.T.);
#1878=EDGE_CURVE('',#1511,#1512,#598,.T.);
#1879=EDGE_CURVE('',#1512,#1513,#1296,.T.);
#1880=EDGE_CURVE('',#1513,#1514,#599,.T.);
#1881=EDGE_CURVE('',#1515,#1514,#1297,.T.);
#1882=EDGE_CURVE('',#1516,#1515,#1298,.T.);
#1883=EDGE_CURVE('',#1516,#1517,#600,.T.);
#1884=EDGE_CURVE('',#1517,#1518,#601,.T.);
#1885=EDGE_CURVE('',#1519,#1518,#1299,.T.);
#1886=EDGE_CURVE('',#1519,#1471,#602,.T.);
#1887=EDGE_CURVE('',#1520,#1453,#1300,.T.);
#1888=EDGE_CURVE('',#1521,#1520,#603,.T.);
#1889=EDGE_CURVE('',#1522,#1521,#1301,.T.);
#1890=EDGE_CURVE('',#1523,#1522,#604,.T.);
#1891=EDGE_CURVE('',#1524,#1523,#1302,.T.);
#1892=EDGE_CURVE('',#1525,#1524,#605,.T.);
#1893=EDGE_CURVE('',#1440,#1525,#1303,.T.);
#1894=EDGE_CURVE('',#1526,#1455,#1304,.T.);
#1895=EDGE_CURVE('',#1527,#1526,#606,.T.);
#1896=EDGE_CURVE('',#1528,#1527,#1305,.T.);
#1897=EDGE_CURVE('',#1529,#1528,#607,.T.);
#1898=EDGE_CURVE('',#1530,#1529,#1306,.T.);
#1899=EDGE_CURVE('',#1531,#1530,#608,.T.);
#1900=EDGE_CURVE('',#1450,#1531,#1307,.T.);
#1901=EDGE_CURVE('',#1532,#1532,#1308,.T.);
#1902=EDGE_CURVE('',#1533,#1533,#1309,.T.);
#1903=EDGE_CURVE('',#1534,#1535,#1310,.T.);
#1904=EDGE_CURVE('',#1536,#1535,#609,.T.);
#1905=EDGE_CURVE('',#1536,#1537,#1311,.T.);
#1906=EDGE_CURVE('',#1538,#1537,#610,.T.);
#1907=EDGE_CURVE('',#1538,#1539,#1312,.T.);
#1908=EDGE_CURVE('',#1540,#1539,#611,.T.);
#1909=EDGE_CURVE('',#1540,#1541,#1313,.T.);
#1910=EDGE_CURVE('',#1534,#1541,#612,.T.);
#1911=EDGE_CURVE('',#1542,#1543,#613,.T.);
#1912=EDGE_CURVE('',#1544,#1542,#1314,.T.);
#1913=EDGE_CURVE('',#1545,#1544,#614,.T.);
#1914=EDGE_CURVE('',#1546,#1545,#1315,.T.);
#1915=EDGE_CURVE('',#1547,#1546,#615,.T.);
#1916=EDGE_CURVE('',#1548,#1547,#1316,.T.);
#1917=EDGE_CURVE('',#1548,#1549,#616,.T.);
#1918=EDGE_CURVE('',#1549,#1466,#1317,.F.);
#1919=EDGE_CURVE('',#1550,#1462,#617,.T.);
#1920=EDGE_CURVE('',#1551,#1550,#1318,.T.);
#1921=EDGE_CURVE('',#1552,#1551,#618,.T.);
#1922=EDGE_CURVE('',#1543,#1552,#1319,.T.);
#1923=EDGE_CURVE('',#1553,#1553,#1320,.T.);
#1924=EDGE_CURVE('',#1554,#1554,#1321,.T.);
#1925=EDGE_CURVE('',#1555,#1556,#1322,.T.);
#1926=EDGE_CURVE('',#1557,#1556,#619,.T.);
#1927=EDGE_CURVE('',#1557,#1558,#1323,.T.);
#1928=EDGE_CURVE('',#1559,#1558,#620,.T.);
#1929=EDGE_CURVE('',#1559,#1560,#1324,.T.);
#1930=EDGE_CURVE('',#1561,#1560,#621,.T.);
#1931=EDGE_CURVE('',#1561,#1562,#1325,.T.);
#1932=EDGE_CURVE('',#1555,#1562,#622,.T.);
#1933=EDGE_CURVE('',#1563,#1469,#623,.T.);
#1934=EDGE_CURVE('',#1472,#1563,#624,.T.);
#1935=EDGE_CURVE('',#1563,#1564,#1326,.T.);
#1936=EDGE_CURVE('',#1564,#1473,#625,.T.);
#1937=EDGE_CURVE('',#1474,#1565,#626,.T.);
#1938=EDGE_CURVE('',#1565,#1566,#1327,.T.);
#1939=EDGE_CURVE('',#1566,#1475,#627,.T.);
#1940=EDGE_CURVE('',#1567,#1566,#628,.T.);
#1941=EDGE_CURVE('',#1476,#1567,#629,.T.);
#1942=EDGE_CURVE('',#1568,#1569,#1328,.T.);
#1943=EDGE_CURVE('',#1569,#1519,#630,.T.);
#1944=EDGE_CURVE('',#1518,#1568,#631,.T.);
#1945=EDGE_CURVE('',#1468,#1569,#632,.T.);
#1946=EDGE_CURVE('',#1570,#1571,#1329,.F.);
#1947=EDGE_CURVE('',#1570,#1499,#633,.T.);
#1948=EDGE_CURVE('',#1498,#1571,#634,.T.);
#1949=EDGE_CURVE('',#1497,#1572,#635,.T.);
#1950=EDGE_CURVE('',#1571,#1572,#636,.T.);
#1951=EDGE_CURVE('',#1573,#1574,#1330,.T.);
#1952=EDGE_CURVE('',#1574,#1501,#637,.T.);
#1953=EDGE_CURVE('',#1500,#1573,#638,.T.);
#1954=EDGE_CURVE('',#1573,#1570,#639,.T.);
#1955=EDGE_CURVE('',#1575,#1576,#1331,.T.);
#1956=EDGE_CURVE('',#1576,#1503,#640,.T.);
#1957=EDGE_CURVE('',#1502,#1575,#641,.T.);
#1958=EDGE_CURVE('',#1577,#1576,#642,.T.);
#1959=EDGE_CURVE('',#1504,#1577,#643,.T.);
#1960=EDGE_CURVE('',#1577,#1578,#1332,.T.);
#1961=EDGE_CURVE('',#1578,#1505,#644,.T.);
#1962=EDGE_CURVE('',#1565,#1564,#645,.T.);
#1963=EDGE_CURVE('',#1579,#1579,#1333,.T.);
#1964=EDGE_CURVE('',#1579,#1532,#646,.T.);
#1965=EDGE_CURVE('',#1575,#1574,#647,.T.);
#1966=EDGE_CURVE('',#1580,#1580,#1334,.T.);
#1967=EDGE_CURVE('',#1580,#1533,#648,.T.);
#1968=EDGE_CURVE('',#1517,#1581,#649,.T.);
#1969=EDGE_CURVE('',#1568,#1581,#650,.T.);
#1970=EDGE_CURVE('',#1582,#1578,#651,.T.);
#1971=EDGE_CURVE('',#1506,#1582,#652,.T.);
#1972=EDGE_CURVE('',#1583,#1584,#1335,.T.);
#1973=EDGE_CURVE('',#1584,#1551,#653,.T.);
#1974=EDGE_CURVE('',#1550,#1583,#654,.T.);
#1975=EDGE_CURVE('',#1585,#1584,#655,.T.);
#1976=EDGE_CURVE('',#1552,#1585,#656,.T.);
#1977=EDGE_CURVE('',#1585,#1586,#1336,.T.);
#1978=EDGE_CURVE('',#1586,#1543,#657,.T.);
#1979=EDGE_CURVE('',#1512,#1587,#658,.T.);
#1980=EDGE_CURVE('',#1588,#1587,#1337,.T.);
#1981=EDGE_CURVE('',#1513,#1588,#659,.T.);
#1982=EDGE_CURVE('',#1589,#1534,#660,.T.);
#1983=EDGE_CURVE('',#1590,#1589,#1338,.T.);
#1984=EDGE_CURVE('',#1535,#1590,#661,.T.);
#1985=EDGE_CURVE('',#1583,#1463,#662,.T.);
#1986=EDGE_CURVE('',#1581,#1591,#663,.T.);
#1987=EDGE_CURVE('',#1591,#1592,#1339,.T.);
#1988=EDGE_CURVE('',#1592,#1593,#1340,.T.);
#1989=EDGE_CURVE('',#1593,#1588,#664,.T.);
#1990=EDGE_CURVE('',#1587,#1594,#665,.T.);
#1991=EDGE_CURVE('',#1594,#1595,#1341,.T.);
#1992=EDGE_CURVE('',#1595,#1596,#666,.T.);
#1993=EDGE_CURVE('',#1596,#1597,#1342,.T.);
#1994=EDGE_CURVE('',#1597,#1598,#1343,.T.);
#1995=EDGE_CURVE('',#1598,#1582,#667,.T.);
#1996=EDGE_CURVE('',#1572,#1599,#1344,.T.);
#1997=EDGE_CURVE('',#1599,#1600,#668,.T.);
#1998=EDGE_CURVE('',#1600,#1601,#1345,.T.);
#1999=EDGE_CURVE('',#1601,#1602,#669,.T.);
#2000=EDGE_CURVE('',#1602,#1603,#1346,.T.);
#2001=EDGE_CURVE('',#1603,#1604,#670,.T.);
#2002=EDGE_CURVE('',#1604,#1605,#1347,.T.);
#2003=EDGE_CURVE('',#1605,#1606,#671,.T.);
#2004=EDGE_CURVE('',#1606,#1607,#1348,.T.);
#2005=EDGE_CURVE('',#1607,#1608,#672,.T.);
#2006=EDGE_CURVE('',#1608,#1609,#1349,.T.);
#2007=EDGE_CURVE('',#1609,#1610,#673,.T.);
#2008=EDGE_CURVE('',#1610,#1611,#1350,.T.);
#2009=EDGE_CURVE('',#1611,#1612,#674,.T.);
#2010=EDGE_CURVE('',#1612,#1613,#1351,.T.);
#2011=EDGE_CURVE('',#1613,#1614,#675,.T.);
#2012=EDGE_CURVE('',#1614,#1615,#1352,.T.);
#2013=EDGE_CURVE('',#1615,#1616,#676,.T.);
#2014=EDGE_CURVE('',#1616,#1617,#1353,.T.);
#2015=EDGE_CURVE('',#1617,#1618,#677,.T.);
#2016=EDGE_CURVE('',#1618,#1567,#1354,.T.);
#2017=EDGE_CURVE('',#1441,#1619,#1355,.T.);
#2018=EDGE_CURVE('',#1619,#1620,#678,.T.);
#2019=EDGE_CURVE('',#1620,#1621,#1356,.T.);
#2020=EDGE_CURVE('',#1621,#1622,#679,.T.);
#2021=EDGE_CURVE('',#1622,#1623,#1357,.T.);
#2022=EDGE_CURVE('',#1623,#1624,#680,.T.);
#2023=EDGE_CURVE('',#1624,#1452,#1358,.T.);
#2024=EDGE_CURVE('',#1451,#1625,#1359,.T.);
#2025=EDGE_CURVE('',#1625,#1626,#681,.T.);
#2026=EDGE_CURVE('',#1626,#1627,#1360,.T.);
#2027=EDGE_CURVE('',#1627,#1628,#682,.T.);
#2028=EDGE_CURVE('',#1628,#1629,#1361,.T.);
#2029=EDGE_CURVE('',#1629,#1630,#683,.T.);
#2030=EDGE_CURVE('',#1630,#1454,#1362,.T.);
#2031=EDGE_CURVE('',#1631,#1467,#1363,.T.);
#2032=EDGE_CURVE('',#1632,#1631,#684,.T.);
#2033=EDGE_CURVE('',#1632,#1633,#1364,.F.);
#2034=EDGE_CURVE('',#1633,#1634,#685,.T.);
#2035=EDGE_CURVE('',#1634,#1635,#1365,.T.);
#2036=EDGE_CURVE('',#1635,#1636,#686,.T.);
#2037=EDGE_CURVE('',#1636,#1637,#1366,.T.);
#2038=EDGE_CURVE('',#1637,#1586,#687,.T.);
#2039=EDGE_CURVE('',#1638,#1639,#1367,.T.);
#2040=EDGE_CURVE('',#1639,#1640,#688,.T.);
#2041=EDGE_CURVE('',#1640,#1641,#1368,.T.);
#2042=EDGE_CURVE('',#1641,#1642,#689,.T.);
#2043=EDGE_CURVE('',#1642,#1643,#1369,.T.);
#2044=EDGE_CURVE('',#1643,#1644,#690,.T.);
#2045=EDGE_CURVE('',#1644,#1645,#1370,.T.);
#2046=EDGE_CURVE('',#1645,#1638,#691,.T.);
#2047=EDGE_CURVE('',#1646,#1646,#1371,.T.);
#2048=EDGE_CURVE('',#1647,#1647,#1372,.T.);
#2049=EDGE_CURVE('',#1648,#1649,#1373,.T.);
#2050=EDGE_CURVE('',#1649,#1590,#692,.T.);
#2051=EDGE_CURVE('',#1589,#1650,#693,.T.);
#2052=EDGE_CURVE('',#1650,#1651,#1374,.T.);
#2053=EDGE_CURVE('',#1651,#1652,#694,.T.);
#2054=EDGE_CURVE('',#1652,#1653,#1375,.T.);
#2055=EDGE_CURVE('',#1653,#1648,#695,.T.);
#2056=EDGE_CURVE('',#1649,#1536,#696,.T.);
#2057=EDGE_CURVE('',#1537,#1648,#697,.T.);
#2058=EDGE_CURVE('',#1549,#1631,#698,.T.);
#2059=EDGE_CURVE('',#1632,#1548,#699,.T.);
#2060=EDGE_CURVE('',#1547,#1633,#700,.T.);
#2061=EDGE_CURVE('',#1546,#1634,#701,.T.);
#2062=EDGE_CURVE('',#1639,#1555,#702,.T.);
#2063=EDGE_CURVE('',#1556,#1638,#703,.T.);
#2064=EDGE_CURVE('',#1651,#1540,#704,.T.);
#2065=EDGE_CURVE('',#1541,#1650,#705,.T.);
#2066=EDGE_CURVE('',#1645,#1557,#706,.T.);
#2067=EDGE_CURVE('',#1558,#1644,#707,.T.);
#2068=EDGE_CURVE('',#1641,#1561,#708,.T.);
#2069=EDGE_CURVE('',#1562,#1640,#709,.T.);
#2070=EDGE_CURVE('',#1653,#1538,#710,.T.);
#2071=EDGE_CURVE('',#1539,#1652,#711,.T.);
#2072=EDGE_CURVE('',#1643,#1559,#712,.T.);
#2073=EDGE_CURVE('',#1560,#1642,#713,.T.);
#2074=EDGE_CURVE('',#1647,#1553,#714,.T.);
#2075=EDGE_CURVE('',#1526,#1630,#715,.T.);
#2076=EDGE_CURVE('',#1527,#1629,#716,.T.);
#2077=EDGE_CURVE('',#1528,#1628,#717,.T.);
#2078=EDGE_CURVE('',#1529,#1627,#718,.T.);
#2079=EDGE_CURVE('',#1530,#1626,#719,.T.);
#2080=EDGE_CURVE('',#1531,#1625,#720,.T.);
#2081=EDGE_CURVE('',#1542,#1637,#721,.T.);
#2082=EDGE_CURVE('',#1544,#1636,#722,.T.);
#2083=EDGE_CURVE('',#1545,#1635,#723,.T.);
#2084=EDGE_CURVE('',#1646,#1554,#724,.T.);
#2085=EDGE_CURVE('',#1524,#1620,#725,.T.);
#2086=EDGE_CURVE('',#1525,#1619,#726,.T.);
#2087=EDGE_CURVE('',#1520,#1624,#727,.T.);
#2088=EDGE_CURVE('',#1521,#1623,#728,.T.);
#2089=EDGE_CURVE('',#1522,#1622,#729,.T.);
#2090=EDGE_CURVE('',#1523,#1621,#730,.T.);
#2091=EDGE_CURVE('',#1510,#1595,#731,.T.);
#2092=EDGE_CURVE('',#1511,#1594,#732,.T.);
#2093=EDGE_CURVE('',#1514,#1593,#733,.T.);
#2094=EDGE_CURVE('',#1515,#1592,#734,.T.);
#2095=EDGE_CURVE('',#1516,#1591,#735,.T.);
#2096=EDGE_CURVE('',#1477,#1618,#736,.T.);
#2097=EDGE_CURVE('',#1478,#1617,#737,.T.);
#2098=EDGE_CURVE('',#1479,#1616,#738,.T.);
#2099=EDGE_CURVE('',#1480,#1615,#739,.T.);
#2100=EDGE_CURVE('',#1481,#1614,#740,.T.);
#2101=EDGE_CURVE('',#1482,#1613,#741,.T.);
#2102=EDGE_CURVE('',#1483,#1612,#742,.T.);
#2103=EDGE_CURVE('',#1484,#1611,#743,.T.);
#2104=EDGE_CURVE('',#1485,#1610,#744,.T.);
#2105=EDGE_CURVE('',#1486,#1609,#745,.T.);
#2106=EDGE_CURVE('',#1487,#1608,#746,.T.);
#2107=EDGE_CURVE('',#1488,#1607,#747,.T.);
#2108=EDGE_CURVE('',#1489,#1606,#748,.T.);
#2109=EDGE_CURVE('',#1490,#1605,#749,.T.);
#2110=EDGE_CURVE('',#1491,#1604,#750,.T.);
#2111=EDGE_CURVE('',#1492,#1603,#751,.T.);
#2112=EDGE_CURVE('',#1493,#1602,#752,.T.);
#2113=EDGE_CURVE('',#1494,#1601,#753,.T.);
#2114=EDGE_CURVE('',#1495,#1600,#754,.T.);
#2115=EDGE_CURVE('',#1496,#1599,#755,.T.);
#2116=EDGE_CURVE('',#1507,#1598,#756,.T.);
#2117=EDGE_CURVE('',#1508,#1597,#757,.T.);
#2118=EDGE_CURVE('',#1509,#1596,#758,.T.);
#2119=EDGE_CURVE('',#1654,#1655,#1376,.T.);
#2120=EDGE_CURVE('',#1655,#1656,#759,.T.);
#2121=EDGE_CURVE('',#1656,#1657,#1377,.T.);
#2122=EDGE_CURVE('',#1657,#1654,#760,.T.);
#2123=EDGE_CURVE('',#1656,#1658,#761,.T.);
#2124=EDGE_CURVE('',#1658,#1659,#1378,.T.);
#2125=EDGE_CURVE('',#1659,#1660,#762,.T.);
#2126=EDGE_CURVE('',#1660,#1661,#1379,.T.);
#2127=EDGE_CURVE('',#1661,#1662,#763,.T.);
#2128=EDGE_CURVE('',#1663,#1662,#1380,.T.);
#2129=EDGE_CURVE('',#1663,#1664,#764,.T.);
#2130=EDGE_CURVE('',#1665,#1664,#1381,.T.);
#2131=EDGE_CURVE('',#1665,#1666,#765,.T.);
#2132=EDGE_CURVE('',#1667,#1666,#1382,.T.);
#2133=EDGE_CURVE('',#1667,#1668,#766,.T.);
#2134=EDGE_CURVE('',#1669,#1668,#1383,.T.);
#2135=EDGE_CURVE('',#1669,#1670,#767,.T.);
#2136=EDGE_CURVE('',#1671,#1670,#768,.T.);
#2137=EDGE_CURVE('',#1672,#1671,#769,.T.);
#2138=EDGE_CURVE('',#1673,#1672,#770,.T.);
#2139=EDGE_CURVE('',#1673,#1674,#771,.T.);
#2140=EDGE_CURVE('',#1674,#1675,#772,.T.);
#2141=EDGE_CURVE('',#1675,#1657,#773,.T.);
#2142=EDGE_CURVE('',#1676,#1676,#1384,.T.);
#2143=EDGE_CURVE('',#1677,#1678,#1385,.T.);
#2144=EDGE_CURVE('',#1679,#1677,#774,.T.);
#2145=EDGE_CURVE('',#1680,#1679,#1386,.T.);
#2146=EDGE_CURVE('',#1681,#1680,#775,.T.);
#2147=EDGE_CURVE('',#1682,#1681,#1387,.T.);
#2148=EDGE_CURVE('',#1683,#1682,#776,.T.);
#2149=EDGE_CURVE('',#1684,#1683,#1388,.T.);
#2150=EDGE_CURVE('',#1685,#1684,#777,.T.);
#2151=EDGE_CURVE('',#1686,#1685,#1389,.T.);
#2152=EDGE_CURVE('',#1687,#1686,#778,.T.);
#2153=EDGE_CURVE('',#1688,#1687,#1390,.T.);
#2154=EDGE_CURVE('',#1678,#1688,#779,.T.);
#2155=EDGE_CURVE('',#1689,#1655,#780,.T.);
#2156=EDGE_CURVE('',#1658,#1689,#781,.T.);
#2157=EDGE_CURVE('',#1690,#1690,#1391,.T.);
#2158=EDGE_CURVE('',#1690,#1676,#782,.T.);
#2159=EDGE_CURVE('',#1677,#1691,#783,.T.);
#2160=EDGE_CURVE('',#1692,#1691,#784,.T.);
#2161=EDGE_CURVE('',#1679,#1692,#785,.T.);
#2162=EDGE_CURVE('',#1693,#1692,#1392,.T.);
#2163=EDGE_CURVE('',#1680,#1693,#786,.T.);
#2164=EDGE_CURVE('',#1694,#1693,#787,.T.);
#2165=EDGE_CURVE('',#1681,#1694,#788,.T.);
#2166=EDGE_CURVE('',#1695,#1694,#1393,.T.);
#2167=EDGE_CURVE('',#1682,#1695,#789,.T.);
#2168=EDGE_CURVE('',#1696,#1695,#790,.T.);
#2169=EDGE_CURVE('',#1683,#1696,#791,.T.);
#2170=EDGE_CURVE('',#1697,#1696,#1394,.T.);
#2171=EDGE_CURVE('',#1684,#1697,#792,.T.);
#2172=EDGE_CURVE('',#1698,#1697,#793,.T.);
#2173=EDGE_CURVE('',#1685,#1698,#794,.T.);
#2174=EDGE_CURVE('',#1699,#1698,#1395,.T.);
#2175=EDGE_CURVE('',#1686,#1699,#795,.T.);
#2176=EDGE_CURVE('',#1700,#1699,#796,.T.);
#2177=EDGE_CURVE('',#1687,#1700,#797,.T.);
#2178=EDGE_CURVE('',#1701,#1700,#1396,.T.);
#2179=EDGE_CURVE('',#1688,#1701,#798,.T.);
#2180=EDGE_CURVE('',#1702,#1701,#799,.T.);
#2181=EDGE_CURVE('',#1678,#1702,#800,.T.);
#2182=EDGE_CURVE('',#1691,#1702,#1397,.T.);
#2183=EDGE_CURVE('',#1673,#1703,#801,.T.);
#2184=EDGE_CURVE('',#1704,#1703,#802,.T.);
#2185=EDGE_CURVE('',#1674,#1704,#803,.T.);
#2186=EDGE_CURVE('',#1705,#1704,#804,.T.);
#2187=EDGE_CURVE('',#1675,#1705,#805,.T.);
#2188=EDGE_CURVE('',#1654,#1705,#806,.T.);
#2189=EDGE_CURVE('',#1706,#1689,#1398,.T.);
#2190=EDGE_CURVE('',#1659,#1706,#807,.T.);
#2191=EDGE_CURVE('',#1707,#1706,#808,.T.);
#2192=EDGE_CURVE('',#1660,#1707,#809,.T.);
#2193=EDGE_CURVE('',#1708,#1707,#1399,.T.);
#2194=EDGE_CURVE('',#1661,#1708,#810,.T.);
#2195=EDGE_CURVE('',#1709,#1708,#811,.T.);
#2196=EDGE_CURVE('',#1662,#1709,#812,.T.);
#2197=EDGE_CURVE('',#1710,#1709,#1400,.T.);
#2198=EDGE_CURVE('',#1663,#1710,#813,.T.);
#2199=EDGE_CURVE('',#1711,#1710,#814,.T.);
#2200=EDGE_CURVE('',#1664,#1711,#815,.T.);
#2201=EDGE_CURVE('',#1712,#1711,#1401,.T.);
#2202=EDGE_CURVE('',#1665,#1712,#816,.T.);
#2203=EDGE_CURVE('',#1713,#1712,#817,.T.);
#2204=EDGE_CURVE('',#1666,#1713,#818,.T.);
#2205=EDGE_CURVE('',#1714,#1713,#1402,.T.);
#2206=EDGE_CURVE('',#1667,#1714,#819,.T.);
#2207=EDGE_CURVE('',#1715,#1714,#820,.T.);
#2208=EDGE_CURVE('',#1668,#1715,#821,.T.);
#2209=EDGE_CURVE('',#1716,#1715,#1403,.T.);
#2210=EDGE_CURVE('',#1669,#1716,#822,.T.);
#2211=EDGE_CURVE('',#1717,#1716,#823,.T.);
#2212=EDGE_CURVE('',#1670,#1717,#824,.T.);
#2213=EDGE_CURVE('',#1718,#1717,#825,.T.);
#2214=EDGE_CURVE('',#1671,#1718,#826,.T.);
#2215=EDGE_CURVE('',#1719,#1718,#827,.T.);
#2216=EDGE_CURVE('',#1672,#1719,#828,.T.);
#2217=EDGE_CURVE('',#1703,#1719,#829,.T.);
#2218=EDGE_CURVE('',#1720,#1721,#1404,.T.);
#2219=EDGE_CURVE('',#1721,#1722,#830,.T.);
#2220=EDGE_CURVE('',#1722,#1723,#1405,.T.);
#2221=EDGE_CURVE('',#1723,#1720,#831,.T.);
#2222=EDGE_CURVE('',#1724,#1720,#832,.T.);
#2223=EDGE_CURVE('',#1725,#1724,#1406,.T.);
#2224=EDGE_CURVE('',#1726,#1725,#833,.T.);
#2225=EDGE_CURVE('',#1727,#1726,#1407,.T.);
#2226=EDGE_CURVE('',#1728,#1727,#834,.T.);
#2227=EDGE_CURVE('',#1729,#1728,#1408,.T.);
#2228=EDGE_CURVE('',#1730,#1729,#835,.T.);
#2229=EDGE_CURVE('',#1731,#1730,#1409,.T.);
#2230=EDGE_CURVE('',#1732,#1731,#836,.T.);
#2231=EDGE_CURVE('',#1733,#1732,#1410,.T.);
#2232=EDGE_CURVE('',#1734,#1733,#837,.T.);
#2233=EDGE_CURVE('',#1735,#1734,#1411,.T.);
#2234=EDGE_CURVE('',#1736,#1735,#838,.T.);
#2235=EDGE_CURVE('',#1737,#1736,#839,.T.);
#2236=EDGE_CURVE('',#1738,#1737,#840,.T.);
#2237=EDGE_CURVE('',#1739,#1738,#841,.T.);
#2238=EDGE_CURVE('',#1740,#1739,#842,.T.);
#2239=EDGE_CURVE('',#1741,#1740,#843,.T.);
#2240=EDGE_CURVE('',#1721,#1741,#844,.T.);
#2241=EDGE_CURVE('',#1742,#1742,#1412,.T.);
#2242=EDGE_CURVE('',#1743,#1744,#1413,.T.);
#2243=EDGE_CURVE('',#1745,#1743,#845,.T.);
#2244=EDGE_CURVE('',#1746,#1745,#1414,.T.);
#2245=EDGE_CURVE('',#1747,#1746,#846,.T.);
#2246=EDGE_CURVE('',#1748,#1747,#1415,.T.);
#2247=EDGE_CURVE('',#1749,#1748,#847,.T.);
#2248=EDGE_CURVE('',#1750,#1749,#1416,.T.);
#2249=EDGE_CURVE('',#1751,#1750,#848,.T.);
#2250=EDGE_CURVE('',#1752,#1751,#1417,.T.);
#2251=EDGE_CURVE('',#1753,#1752,#849,.T.);
#2252=EDGE_CURVE('',#1754,#1753,#1418,.T.);
#2253=EDGE_CURVE('',#1744,#1754,#850,.T.);
#2254=EDGE_CURVE('',#1723,#1755,#851,.T.);
#2255=EDGE_CURVE('',#1755,#1724,#852,.T.);
#2256=EDGE_CURVE('',#1742,#1756,#853,.T.);
#2257=EDGE_CURVE('',#1756,#1756,#1419,.T.);
#2258=EDGE_CURVE('',#1757,#1758,#854,.T.);
#2259=EDGE_CURVE('',#1757,#1745,#855,.T.);
#2260=EDGE_CURVE('',#1758,#1743,#856,.T.);
#2261=EDGE_CURVE('',#1759,#1757,#1420,.T.);
#2262=EDGE_CURVE('',#1759,#1746,#857,.T.);
#2263=EDGE_CURVE('',#1760,#1759,#858,.T.);
#2264=EDGE_CURVE('',#1760,#1747,#859,.T.);
#2265=EDGE_CURVE('',#1761,#1760,#1421,.T.);
#2266=EDGE_CURVE('',#1761,#1748,#860,.T.);
#2267=EDGE_CURVE('',#1762,#1761,#861,.T.);
#2268=EDGE_CURVE('',#1762,#1749,#862,.T.);
#2269=EDGE_CURVE('',#1763,#1762,#1422,.T.);
#2270=EDGE_CURVE('',#1763,#1750,#863,.T.);
#2271=EDGE_CURVE('',#1764,#1763,#864,.T.);
#2272=EDGE_CURVE('',#1764,#1751,#865,.T.);
#2273=EDGE_CURVE('',#1765,#1764,#1423,.T.);
#2274=EDGE_CURVE('',#1765,#1752,#866,.T.);
#2275=EDGE_CURVE('',#1766,#1765,#867,.T.);
#2276=EDGE_CURVE('',#1766,#1753,#868,.T.);
#2277=EDGE_CURVE('',#1767,#1766,#1424,.T.);
#2278=EDGE_CURVE('',#1767,#1754,#869,.T.);
#2279=EDGE_CURVE('',#1768,#1767,#870,.T.);
#2280=EDGE_CURVE('',#1768,#1744,#871,.T.);
#2281=EDGE_CURVE('',#1758,#1768,#1425,.T.);
#2282=EDGE_CURVE('',#1769,#1770,#872,.T.);
#2283=EDGE_CURVE('',#1770,#1740,#873,.T.);
#2284=EDGE_CURVE('',#1769,#1739,#874,.T.);
#2285=EDGE_CURVE('',#1770,#1771,#875,.T.);
#2286=EDGE_CURVE('',#1771,#1741,#876,.T.);
#2287=EDGE_CURVE('',#1771,#1722,#877,.T.);
#2288=EDGE_CURVE('',#1755,#1772,#1426,.T.);
#2289=EDGE_CURVE('',#1772,#1725,#878,.T.);
#2290=EDGE_CURVE('',#1772,#1773,#879,.T.);
#2291=EDGE_CURVE('',#1773,#1726,#880,.T.);
#2292=EDGE_CURVE('',#1773,#1774,#1427,.T.);
#2293=EDGE_CURVE('',#1774,#1727,#881,.T.);
#2294=EDGE_CURVE('',#1774,#1775,#882,.T.);
#2295=EDGE_CURVE('',#1775,#1728,#883,.T.);
#2296=EDGE_CURVE('',#1776,#1775,#1428,.T.);
#2297=EDGE_CURVE('',#1776,#1729,#884,.T.);
#2298=EDGE_CURVE('',#1776,#1777,#885,.T.);
#2299=EDGE_CURVE('',#1777,#1730,#886,.T.);
#2300=EDGE_CURVE('',#1778,#1777,#1429,.T.);
#2301=EDGE_CURVE('',#1778,#1731,#887,.T.);
#2302=EDGE_CURVE('',#1778,#1779,#888,.T.);
#2303=EDGE_CURVE('',#1779,#1732,#889,.T.);
#2304=EDGE_CURVE('',#1780,#1779,#1430,.T.);
#2305=EDGE_CURVE('',#1780,#1733,#890,.T.);
#2306=EDGE_CURVE('',#1780,#1781,#891,.T.);
#2307=EDGE_CURVE('',#1781,#1734,#892,.T.);
#2308=EDGE_CURVE('',#1782,#1781,#1431,.T.);
#2309=EDGE_CURVE('',#1782,#1735,#893,.T.);
#2310=EDGE_CURVE('',#1782,#1783,#894,.T.);
#2311=EDGE_CURVE('',#1783,#1736,#895,.T.);
#2312=EDGE_CURVE('',#1784,#1783,#896,.T.);
#2313=EDGE_CURVE('',#1784,#1737,#897,.T.);
#2314=EDGE_CURVE('',#1785,#1784,#898,.T.);
#2315=EDGE_CURVE('',#1785,#1738,#899,.T.);
#2316=EDGE_CURVE('',#1769,#1785,#900,.T.);
#2317=ORIENTED_EDGE('',*,*,#1786,.T.);
#2318=ORIENTED_EDGE('',*,*,#1787,.T.);
#2319=ORIENTED_EDGE('',*,*,#1788,.T.);
#2320=ORIENTED_EDGE('',*,*,#1789,.T.);
#2321=ORIENTED_EDGE('',*,*,#1787,.F.);
#2322=ORIENTED_EDGE('',*,*,#1790,.T.);
#2323=ORIENTED_EDGE('',*,*,#1791,.F.);
#2324=ORIENTED_EDGE('',*,*,#1792,.F.);
#2325=ORIENTED_EDGE('',*,*,#1793,.T.);
#2326=ORIENTED_EDGE('',*,*,#1794,.T.);
#2327=ORIENTED_EDGE('',*,*,#1795,.T.);
#2328=ORIENTED_EDGE('',*,*,#1791,.T.);
#2329=ORIENTED_EDGE('',*,*,#1794,.F.);
#2330=ORIENTED_EDGE('',*,*,#1796,.T.);
#2331=ORIENTED_EDGE('',*,*,#1797,.T.);
#2332=ORIENTED_EDGE('',*,*,#1798,.F.);
#2333=ORIENTED_EDGE('',*,*,#1799,.T.);
#2334=ORIENTED_EDGE('',*,*,#1800,.T.);
#2335=ORIENTED_EDGE('',*,*,#1801,.T.);
#2336=ORIENTED_EDGE('',*,*,#1802,.T.);
#2337=ORIENTED_EDGE('',*,*,#1800,.F.);
#2338=ORIENTED_EDGE('',*,*,#1803,.T.);
#2339=ORIENTED_EDGE('',*,*,#1804,.F.);
#2340=ORIENTED_EDGE('',*,*,#1805,.F.);
#2341=ORIENTED_EDGE('',*,*,#1806,.T.);
#2342=ORIENTED_EDGE('',*,*,#1807,.T.);
#2343=ORIENTED_EDGE('',*,*,#1808,.T.);
#2344=ORIENTED_EDGE('',*,*,#1804,.T.);
#2345=ORIENTED_EDGE('',*,*,#1807,.F.);
#2346=ORIENTED_EDGE('',*,*,#1809,.T.);
#2347=ORIENTED_EDGE('',*,*,#1810,.T.);
#2348=ORIENTED_EDGE('',*,*,#1811,.F.);
#2349=ORIENTED_EDGE('',*,*,#1789,.F.);
#2350=ORIENTED_EDGE('',*,*,#1812,.F.);
#2351=ORIENTED_EDGE('',*,*,#1813,.F.);
#2352=ORIENTED_EDGE('',*,*,#1814,.T.);
#2353=ORIENTED_EDGE('',*,*,#1802,.F.);
#2354=ORIENTED_EDGE('',*,*,#1815,.F.);
#2355=ORIENTED_EDGE('',*,*,#1816,.F.);
#2356=ORIENTED_EDGE('',*,*,#1817,.T.);
#2357=ORIENTED_EDGE('',*,*,#1818,.T.);
#2358=ORIENTED_EDGE('',*,*,#1819,.T.);
#2359=ORIENTED_EDGE('',*,*,#1820,.T.);
#2360=ORIENTED_EDGE('',*,*,#1821,.T.);
#2361=ORIENTED_EDGE('',*,*,#1819,.F.);
#2362=ORIENTED_EDGE('',*,*,#1822,.F.);
#2363=ORIENTED_EDGE('',*,*,#1823,.F.);
#2364=ORIENTED_EDGE('',*,*,#1824,.F.);
#2365=ORIENTED_EDGE('',*,*,#1825,.T.);
#2366=ORIENTED_EDGE('',*,*,#1823,.T.);
#2367=ORIENTED_EDGE('',*,*,#1826,.T.);
#2368=ORIENTED_EDGE('',*,*,#1827,.T.);
#2369=ORIENTED_EDGE('',*,*,#1828,.F.);
#2370=ORIENTED_EDGE('',*,*,#1829,.T.);
#2371=ORIENTED_EDGE('',*,*,#1830,.F.);
#2372=ORIENTED_EDGE('',*,*,#1829,.F.);
#2373=ORIENTED_EDGE('',*,*,#1821,.F.);
#2374=ORIENTED_EDGE('',*,*,#1831,.T.);
#2375=ORIENTED_EDGE('',*,*,#1832,.F.);
#2376=ORIENTED_EDGE('',*,*,#1833,.F.);
#2377=ORIENTED_EDGE('',*,*,#1834,.T.);
#2378=ORIENTED_EDGE('',*,*,#1835,.T.);
#2379=ORIENTED_EDGE('',*,*,#1836,.T.);
#2380=ORIENTED_EDGE('',*,*,#1837,.T.);
#2381=ORIENTED_EDGE('',*,*,#1836,.F.);
#2382=ORIENTED_EDGE('',*,*,#1838,.T.);
#2383=ORIENTED_EDGE('',*,*,#1839,.F.);
#2384=ORIENTED_EDGE('',*,*,#1840,.T.);
#2385=ORIENTED_EDGE('',*,*,#1841,.T.);
#2386=ORIENTED_EDGE('',*,*,#1842,.T.);
#2387=ORIENTED_EDGE('',*,*,#1843,.T.);
#2388=ORIENTED_EDGE('',*,*,#1844,.T.);
#2389=ORIENTED_EDGE('',*,*,#1845,.F.);
#2390=ORIENTED_EDGE('',*,*,#1846,.T.);
#2391=ORIENTED_EDGE('',*,*,#1847,.F.);
#2392=ORIENTED_EDGE('',*,*,#1848,.T.);
#2393=ORIENTED_EDGE('',*,*,#1849,.F.);
#2394=ORIENTED_EDGE('',*,*,#1850,.T.);
#2395=ORIENTED_EDGE('',*,*,#1851,.T.);
#2396=ORIENTED_EDGE('',*,*,#1852,.T.);
#2397=ORIENTED_EDGE('',*,*,#1853,.T.);
#2398=ORIENTED_EDGE('',*,*,#1854,.F.);
#2399=ORIENTED_EDGE('',*,*,#1855,.T.);
#2400=ORIENTED_EDGE('',*,*,#1856,.F.);
#2401=ORIENTED_EDGE('',*,*,#1857,.F.);
#2402=ORIENTED_EDGE('',*,*,#1858,.F.);
#2403=ORIENTED_EDGE('',*,*,#1859,.F.);
#2404=ORIENTED_EDGE('',*,*,#1860,.F.);
#2405=ORIENTED_EDGE('',*,*,#1861,.F.);
#2406=ORIENTED_EDGE('',*,*,#1862,.F.);
#2407=ORIENTED_EDGE('',*,*,#1863,.T.);
#2408=ORIENTED_EDGE('',*,*,#1864,.F.);
#2409=ORIENTED_EDGE('',*,*,#1865,.F.);
#2410=ORIENTED_EDGE('',*,*,#1866,.F.);
#2411=ORIENTED_EDGE('',*,*,#1867,.F.);
#2412=ORIENTED_EDGE('',*,*,#1868,.F.);
#2413=ORIENTED_EDGE('',*,*,#1869,.F.);
#2414=ORIENTED_EDGE('',*,*,#1870,.F.);
#2415=ORIENTED_EDGE('',*,*,#1871,.F.);
#2416=ORIENTED_EDGE('',*,*,#1872,.F.);
#2417=ORIENTED_EDGE('',*,*,#1873,.F.);
#2418=ORIENTED_EDGE('',*,*,#1874,.F.);
#2419=ORIENTED_EDGE('',*,*,#1875,.F.);
#2420=ORIENTED_EDGE('',*,*,#1876,.F.);
#2421=ORIENTED_EDGE('',*,*,#1877,.T.);
#2422=ORIENTED_EDGE('',*,*,#1878,.T.);
#2423=ORIENTED_EDGE('',*,*,#1879,.T.);
#2424=ORIENTED_EDGE('',*,*,#1880,.T.);
#2425=ORIENTED_EDGE('',*,*,#1881,.F.);
#2426=ORIENTED_EDGE('',*,*,#1882,.F.);
#2427=ORIENTED_EDGE('',*,*,#1883,.T.);
#2428=ORIENTED_EDGE('',*,*,#1884,.T.);
#2429=ORIENTED_EDGE('',*,*,#1885,.F.);
#2430=ORIENTED_EDGE('',*,*,#1886,.T.);
#2431=ORIENTED_EDGE('',*,*,#1814,.F.);
#2432=ORIENTED_EDGE('',*,*,#1887,.F.);
#2433=ORIENTED_EDGE('',*,*,#1888,.F.);
#2434=ORIENTED_EDGE('',*,*,#1889,.F.);
#2435=ORIENTED_EDGE('',*,*,#1890,.F.);
#2436=ORIENTED_EDGE('',*,*,#1891,.F.);
#2437=ORIENTED_EDGE('',*,*,#1892,.F.);
#2438=ORIENTED_EDGE('',*,*,#1893,.F.);
#2439=ORIENTED_EDGE('',*,*,#1796,.F.);
#2440=ORIENTED_EDGE('',*,*,#1793,.F.);
#2441=ORIENTED_EDGE('',*,*,#1790,.F.);
#2442=ORIENTED_EDGE('',*,*,#1786,.F.);
#2443=ORIENTED_EDGE('',*,*,#1817,.F.);
#2444=ORIENTED_EDGE('',*,*,#1894,.F.);
#2445=ORIENTED_EDGE('',*,*,#1895,.F.);
#2446=ORIENTED_EDGE('',*,*,#1896,.F.);
#2447=ORIENTED_EDGE('',*,*,#1897,.F.);
#2448=ORIENTED_EDGE('',*,*,#1898,.F.);
#2449=ORIENTED_EDGE('',*,*,#1899,.F.);
#2450=ORIENTED_EDGE('',*,*,#1900,.F.);
#2451=ORIENTED_EDGE('',*,*,#1809,.F.);
#2452=ORIENTED_EDGE('',*,*,#1806,.F.);
#2453=ORIENTED_EDGE('',*,*,#1803,.F.);
#2454=ORIENTED_EDGE('',*,*,#1799,.F.);
#2455=ORIENTED_EDGE('',*,*,#1828,.T.);
#2456=ORIENTED_EDGE('',*,*,#1901,.T.);
#2457=ORIENTED_EDGE('',*,*,#1902,.T.);
#2458=ORIENTED_EDGE('',*,*,#1903,.T.);
#2459=ORIENTED_EDGE('',*,*,#1904,.F.);
#2460=ORIENTED_EDGE('',*,*,#1905,.T.);
#2461=ORIENTED_EDGE('',*,*,#1906,.F.);
#2462=ORIENTED_EDGE('',*,*,#1907,.T.);
#2463=ORIENTED_EDGE('',*,*,#1908,.F.);
#2464=ORIENTED_EDGE('',*,*,#1909,.T.);
#2465=ORIENTED_EDGE('',*,*,#1910,.F.);
#2466=ORIENTED_EDGE('',*,*,#1911,.F.);
#2467=ORIENTED_EDGE('',*,*,#1912,.F.);
#2468=ORIENTED_EDGE('',*,*,#1913,.F.);
#2469=ORIENTED_EDGE('',*,*,#1914,.F.);
#2470=ORIENTED_EDGE('',*,*,#1915,.F.);
#2471=ORIENTED_EDGE('',*,*,#1916,.F.);
#2472=ORIENTED_EDGE('',*,*,#1917,.T.);
#2473=ORIENTED_EDGE('',*,*,#1918,.T.);
#2474=ORIENTED_EDGE('',*,*,#1831,.F.);
#2475=ORIENTED_EDGE('',*,*,#1820,.F.);
#2476=ORIENTED_EDGE('',*,*,#1824,.T.);
#2477=ORIENTED_EDGE('',*,*,#1825,.F.);
#2478=ORIENTED_EDGE('',*,*,#1919,.F.);
#2479=ORIENTED_EDGE('',*,*,#1920,.F.);
#2480=ORIENTED_EDGE('',*,*,#1921,.F.);
#2481=ORIENTED_EDGE('',*,*,#1922,.F.);
#2482=ORIENTED_EDGE('',*,*,#1923,.F.);
#2483=ORIENTED_EDGE('',*,*,#1924,.F.);
#2484=ORIENTED_EDGE('',*,*,#1925,.T.);
#2485=ORIENTED_EDGE('',*,*,#1926,.F.);
#2486=ORIENTED_EDGE('',*,*,#1927,.T.);
#2487=ORIENTED_EDGE('',*,*,#1928,.F.);
#2488=ORIENTED_EDGE('',*,*,#1929,.T.);
#2489=ORIENTED_EDGE('',*,*,#1930,.F.);
#2490=ORIENTED_EDGE('',*,*,#1931,.T.);
#2491=ORIENTED_EDGE('',*,*,#1932,.F.);
#2492=ORIENTED_EDGE('',*,*,#1835,.F.);
#2493=ORIENTED_EDGE('',*,*,#1933,.F.);
#2494=ORIENTED_EDGE('',*,*,#1934,.F.);
#2495=ORIENTED_EDGE('',*,*,#1838,.F.);
#2496=ORIENTED_EDGE('',*,*,#1935,.T.);
#2497=ORIENTED_EDGE('',*,*,#1936,.T.);
#2498=ORIENTED_EDGE('',*,*,#1839,.T.);
#2499=ORIENTED_EDGE('',*,*,#1934,.T.);
#2500=ORIENTED_EDGE('',*,*,#1841,.F.);
#2501=ORIENTED_EDGE('',*,*,#1937,.T.);
#2502=ORIENTED_EDGE('',*,*,#1938,.T.);
#2503=ORIENTED_EDGE('',*,*,#1939,.T.);
#2504=ORIENTED_EDGE('',*,*,#1939,.F.);
#2505=ORIENTED_EDGE('',*,*,#1940,.F.);
#2506=ORIENTED_EDGE('',*,*,#1941,.F.);
#2507=ORIENTED_EDGE('',*,*,#1842,.F.);
#2508=ORIENTED_EDGE('',*,*,#1942,.T.);
#2509=ORIENTED_EDGE('',*,*,#1943,.T.);
#2510=ORIENTED_EDGE('',*,*,#1885,.T.);
#2511=ORIENTED_EDGE('',*,*,#1944,.T.);
#2512=ORIENTED_EDGE('',*,*,#1837,.F.);
#2513=ORIENTED_EDGE('',*,*,#1886,.F.);
#2514=ORIENTED_EDGE('',*,*,#1943,.F.);
#2515=ORIENTED_EDGE('',*,*,#1945,.F.);
#2516=ORIENTED_EDGE('',*,*,#1946,.F.);
#2517=ORIENTED_EDGE('',*,*,#1947,.T.);
#2518=ORIENTED_EDGE('',*,*,#1865,.T.);
#2519=ORIENTED_EDGE('',*,*,#1948,.T.);
#2520=ORIENTED_EDGE('',*,*,#1948,.F.);
#2521=ORIENTED_EDGE('',*,*,#1864,.T.);
#2522=ORIENTED_EDGE('',*,*,#1949,.T.);
#2523=ORIENTED_EDGE('',*,*,#1950,.F.);
#2524=ORIENTED_EDGE('',*,*,#1951,.T.);
#2525=ORIENTED_EDGE('',*,*,#1952,.T.);
#2526=ORIENTED_EDGE('',*,*,#1867,.T.);
#2527=ORIENTED_EDGE('',*,*,#1953,.T.);
#2528=ORIENTED_EDGE('',*,*,#1947,.F.);
#2529=ORIENTED_EDGE('',*,*,#1954,.F.);
#2530=ORIENTED_EDGE('',*,*,#1953,.F.);
#2531=ORIENTED_EDGE('',*,*,#1866,.T.);
#2532=ORIENTED_EDGE('',*,*,#1955,.T.);
#2533=ORIENTED_EDGE('',*,*,#1956,.T.);
#2534=ORIENTED_EDGE('',*,*,#1869,.T.);
#2535=ORIENTED_EDGE('',*,*,#1957,.T.);
#2536=ORIENTED_EDGE('',*,*,#1956,.F.);
#2537=ORIENTED_EDGE('',*,*,#1958,.F.);
#2538=ORIENTED_EDGE('',*,*,#1959,.F.);
#2539=ORIENTED_EDGE('',*,*,#1870,.T.);
#2540=ORIENTED_EDGE('',*,*,#1871,.T.);
#2541=ORIENTED_EDGE('',*,*,#1959,.T.);
#2542=ORIENTED_EDGE('',*,*,#1960,.T.);
#2543=ORIENTED_EDGE('',*,*,#1961,.T.);
#2544=ORIENTED_EDGE('',*,*,#1936,.F.);
#2545=ORIENTED_EDGE('',*,*,#1962,.F.);
#2546=ORIENTED_EDGE('',*,*,#1937,.F.);
#2547=ORIENTED_EDGE('',*,*,#1840,.F.);
#2548=ORIENTED_EDGE('',*,*,#1963,.F.);
#2549=ORIENTED_EDGE('',*,*,#1964,.T.);
#2550=ORIENTED_EDGE('',*,*,#1901,.F.);
#2551=ORIENTED_EDGE('',*,*,#1964,.F.);
#2552=ORIENTED_EDGE('',*,*,#1952,.F.);
#2553=ORIENTED_EDGE('',*,*,#1965,.F.);
#2554=ORIENTED_EDGE('',*,*,#1957,.F.);
#2555=ORIENTED_EDGE('',*,*,#1868,.T.);
#2556=ORIENTED_EDGE('',*,*,#1966,.F.);
#2557=ORIENTED_EDGE('',*,*,#1967,.T.);
#2558=ORIENTED_EDGE('',*,*,#1902,.F.);
#2559=ORIENTED_EDGE('',*,*,#1967,.F.);
#2560=ORIENTED_EDGE('',*,*,#1944,.F.);
#2561=ORIENTED_EDGE('',*,*,#1884,.F.);
#2562=ORIENTED_EDGE('',*,*,#1968,.T.);
#2563=ORIENTED_EDGE('',*,*,#1969,.F.);
#2564=ORIENTED_EDGE('',*,*,#1961,.F.);
#2565=ORIENTED_EDGE('',*,*,#1970,.F.);
#2566=ORIENTED_EDGE('',*,*,#1971,.F.);
#2567=ORIENTED_EDGE('',*,*,#1872,.T.);
#2568=ORIENTED_EDGE('',*,*,#1972,.T.);
#2569=ORIENTED_EDGE('',*,*,#1973,.T.);
#2570=ORIENTED_EDGE('',*,*,#1920,.T.);
#2571=ORIENTED_EDGE('',*,*,#1974,.T.);
#2572=ORIENTED_EDGE('',*,*,#1973,.F.);
#2573=ORIENTED_EDGE('',*,*,#1975,.F.);
#2574=ORIENTED_EDGE('',*,*,#1976,.F.);
#2575=ORIENTED_EDGE('',*,*,#1921,.T.);
#2576=ORIENTED_EDGE('',*,*,#1922,.T.);
#2577=ORIENTED_EDGE('',*,*,#1976,.T.);
#2578=ORIENTED_EDGE('',*,*,#1977,.T.);
#2579=ORIENTED_EDGE('',*,*,#1978,.T.);
#2580=ORIENTED_EDGE('',*,*,#1879,.F.);
#2581=ORIENTED_EDGE('',*,*,#1979,.T.);
#2582=ORIENTED_EDGE('',*,*,#1980,.F.);
#2583=ORIENTED_EDGE('',*,*,#1981,.F.);
#2584=ORIENTED_EDGE('',*,*,#1903,.F.);
#2585=ORIENTED_EDGE('',*,*,#1982,.F.);
#2586=ORIENTED_EDGE('',*,*,#1983,.F.);
#2587=ORIENTED_EDGE('',*,*,#1984,.F.);
#2588=ORIENTED_EDGE('',*,*,#1827,.F.);
#2589=ORIENTED_EDGE('',*,*,#1985,.F.);
#2590=ORIENTED_EDGE('',*,*,#1974,.F.);
#2591=ORIENTED_EDGE('',*,*,#1919,.T.);
#2592=ORIENTED_EDGE('',*,*,#1834,.F.);
#2593=ORIENTED_EDGE('',*,*,#1945,.T.);
#2594=ORIENTED_EDGE('',*,*,#1942,.F.);
#2595=ORIENTED_EDGE('',*,*,#1969,.T.);
#2596=ORIENTED_EDGE('',*,*,#1986,.T.);
#2597=ORIENTED_EDGE('',*,*,#1987,.T.);
#2598=ORIENTED_EDGE('',*,*,#1988,.T.);
#2599=ORIENTED_EDGE('',*,*,#1989,.T.);
#2600=ORIENTED_EDGE('',*,*,#1980,.T.);
#2601=ORIENTED_EDGE('',*,*,#1990,.T.);
#2602=ORIENTED_EDGE('',*,*,#1991,.T.);
#2603=ORIENTED_EDGE('',*,*,#1992,.T.);
#2604=ORIENTED_EDGE('',*,*,#1993,.T.);
#2605=ORIENTED_EDGE('',*,*,#1994,.T.);
#2606=ORIENTED_EDGE('',*,*,#1995,.T.);
#2607=ORIENTED_EDGE('',*,*,#1970,.T.);
#2608=ORIENTED_EDGE('',*,*,#1960,.F.);
#2609=ORIENTED_EDGE('',*,*,#1958,.T.);
#2610=ORIENTED_EDGE('',*,*,#1955,.F.);
#2611=ORIENTED_EDGE('',*,*,#1965,.T.);
#2612=ORIENTED_EDGE('',*,*,#1951,.F.);
#2613=ORIENTED_EDGE('',*,*,#1954,.T.);
#2614=ORIENTED_EDGE('',*,*,#1946,.T.);
#2615=ORIENTED_EDGE('',*,*,#1950,.T.);
#2616=ORIENTED_EDGE('',*,*,#1996,.T.);
#2617=ORIENTED_EDGE('',*,*,#1997,.T.);
#2618=ORIENTED_EDGE('',*,*,#1998,.T.);
#2619=ORIENTED_EDGE('',*,*,#1999,.T.);
#2620=ORIENTED_EDGE('',*,*,#2000,.T.);
#2621=ORIENTED_EDGE('',*,*,#2001,.T.);
#2622=ORIENTED_EDGE('',*,*,#2002,.T.);
#2623=ORIENTED_EDGE('',*,*,#2003,.T.);
#2624=ORIENTED_EDGE('',*,*,#2004,.T.);
#2625=ORIENTED_EDGE('',*,*,#2005,.T.);
#2626=ORIENTED_EDGE('',*,*,#2006,.T.);
#2627=ORIENTED_EDGE('',*,*,#2007,.T.);
#2628=ORIENTED_EDGE('',*,*,#2008,.T.);
#2629=ORIENTED_EDGE('',*,*,#2009,.T.);
#2630=ORIENTED_EDGE('',*,*,#2010,.T.);
#2631=ORIENTED_EDGE('',*,*,#2011,.T.);
#2632=ORIENTED_EDGE('',*,*,#2012,.T.);
#2633=ORIENTED_EDGE('',*,*,#2013,.T.);
#2634=ORIENTED_EDGE('',*,*,#2014,.T.);
#2635=ORIENTED_EDGE('',*,*,#2015,.T.);
#2636=ORIENTED_EDGE('',*,*,#2016,.T.);
#2637=ORIENTED_EDGE('',*,*,#1940,.T.);
#2638=ORIENTED_EDGE('',*,*,#1938,.F.);
#2639=ORIENTED_EDGE('',*,*,#1962,.T.);
#2640=ORIENTED_EDGE('',*,*,#1935,.F.);
#2641=ORIENTED_EDGE('',*,*,#1933,.T.);
#2642=ORIENTED_EDGE('',*,*,#1812,.T.);
#2643=ORIENTED_EDGE('',*,*,#1788,.F.);
#2644=ORIENTED_EDGE('',*,*,#1792,.T.);
#2645=ORIENTED_EDGE('',*,*,#1795,.F.);
#2646=ORIENTED_EDGE('',*,*,#1798,.T.);
#2647=ORIENTED_EDGE('',*,*,#2017,.T.);
#2648=ORIENTED_EDGE('',*,*,#2018,.T.);
#2649=ORIENTED_EDGE('',*,*,#2019,.T.);
#2650=ORIENTED_EDGE('',*,*,#2020,.T.);
#2651=ORIENTED_EDGE('',*,*,#2021,.T.);
#2652=ORIENTED_EDGE('',*,*,#2022,.T.);
#2653=ORIENTED_EDGE('',*,*,#2023,.T.);
#2654=ORIENTED_EDGE('',*,*,#1815,.T.);
#2655=ORIENTED_EDGE('',*,*,#1801,.F.);
#2656=ORIENTED_EDGE('',*,*,#1805,.T.);
#2657=ORIENTED_EDGE('',*,*,#1808,.F.);
#2658=ORIENTED_EDGE('',*,*,#1811,.T.);
#2659=ORIENTED_EDGE('',*,*,#2024,.T.);
#2660=ORIENTED_EDGE('',*,*,#2025,.T.);
#2661=ORIENTED_EDGE('',*,*,#2026,.T.);
#2662=ORIENTED_EDGE('',*,*,#2027,.T.);
#2663=ORIENTED_EDGE('',*,*,#2028,.T.);
#2664=ORIENTED_EDGE('',*,*,#2029,.T.);
#2665=ORIENTED_EDGE('',*,*,#2030,.T.);
#2666=ORIENTED_EDGE('',*,*,#1830,.T.);
#2667=ORIENTED_EDGE('',*,*,#1966,.T.);
#2668=ORIENTED_EDGE('',*,*,#1963,.T.);
#2669=ORIENTED_EDGE('',*,*,#1985,.T.);
#2670=ORIENTED_EDGE('',*,*,#1826,.F.);
#2671=ORIENTED_EDGE('',*,*,#1822,.T.);
#2672=ORIENTED_EDGE('',*,*,#1818,.F.);
#2673=ORIENTED_EDGE('',*,*,#1833,.T.);
#2674=ORIENTED_EDGE('',*,*,#2031,.F.);
#2675=ORIENTED_EDGE('',*,*,#2032,.F.);
#2676=ORIENTED_EDGE('',*,*,#2033,.T.);
#2677=ORIENTED_EDGE('',*,*,#2034,.T.);
#2678=ORIENTED_EDGE('',*,*,#2035,.T.);
#2679=ORIENTED_EDGE('',*,*,#2036,.T.);
#2680=ORIENTED_EDGE('',*,*,#2037,.T.);
#2681=ORIENTED_EDGE('',*,*,#2038,.T.);
#2682=ORIENTED_EDGE('',*,*,#1977,.F.);
#2683=ORIENTED_EDGE('',*,*,#1975,.T.);
#2684=ORIENTED_EDGE('',*,*,#1972,.F.);
#2685=ORIENTED_EDGE('',*,*,#2039,.T.);
#2686=ORIENTED_EDGE('',*,*,#2040,.T.);
#2687=ORIENTED_EDGE('',*,*,#2041,.T.);
#2688=ORIENTED_EDGE('',*,*,#2042,.T.);
#2689=ORIENTED_EDGE('',*,*,#2043,.T.);
#2690=ORIENTED_EDGE('',*,*,#2044,.T.);
#2691=ORIENTED_EDGE('',*,*,#2045,.T.);
#2692=ORIENTED_EDGE('',*,*,#2046,.T.);
#2693=ORIENTED_EDGE('',*,*,#2047,.T.);
#2694=ORIENTED_EDGE('',*,*,#2048,.T.);
#2695=ORIENTED_EDGE('',*,*,#2049,.T.);
#2696=ORIENTED_EDGE('',*,*,#2050,.T.);
#2697=ORIENTED_EDGE('',*,*,#1983,.T.);
#2698=ORIENTED_EDGE('',*,*,#2051,.T.);
#2699=ORIENTED_EDGE('',*,*,#2052,.T.);
#2700=ORIENTED_EDGE('',*,*,#2053,.T.);
#2701=ORIENTED_EDGE('',*,*,#2054,.T.);
#2702=ORIENTED_EDGE('',*,*,#2055,.T.);
#2703=ORIENTED_EDGE('',*,*,#1905,.F.);
#2704=ORIENTED_EDGE('',*,*,#2056,.F.);
#2705=ORIENTED_EDGE('',*,*,#2049,.F.);
#2706=ORIENTED_EDGE('',*,*,#2057,.F.);
#2707=ORIENTED_EDGE('',*,*,#2031,.T.);
#2708=ORIENTED_EDGE('',*,*,#1832,.T.);
#2709=ORIENTED_EDGE('',*,*,#1918,.F.);
#2710=ORIENTED_EDGE('',*,*,#2058,.T.);
#2711=ORIENTED_EDGE('',*,*,#2058,.F.);
#2712=ORIENTED_EDGE('',*,*,#1917,.F.);
#2713=ORIENTED_EDGE('',*,*,#2059,.F.);
#2714=ORIENTED_EDGE('',*,*,#2032,.T.);
#2715=ORIENTED_EDGE('',*,*,#1916,.T.);
#2716=ORIENTED_EDGE('',*,*,#2060,.T.);
#2717=ORIENTED_EDGE('',*,*,#2033,.F.);
#2718=ORIENTED_EDGE('',*,*,#2059,.T.);
#2719=ORIENTED_EDGE('',*,*,#2060,.F.);
#2720=ORIENTED_EDGE('',*,*,#1915,.T.);
#2721=ORIENTED_EDGE('',*,*,#2061,.T.);
#2722=ORIENTED_EDGE('',*,*,#2034,.F.);
#2723=ORIENTED_EDGE('',*,*,#1925,.F.);
#2724=ORIENTED_EDGE('',*,*,#2062,.F.);
#2725=ORIENTED_EDGE('',*,*,#2039,.F.);
#2726=ORIENTED_EDGE('',*,*,#2063,.F.);
#2727=ORIENTED_EDGE('',*,*,#1909,.F.);
#2728=ORIENTED_EDGE('',*,*,#2064,.F.);
#2729=ORIENTED_EDGE('',*,*,#2052,.F.);
#2730=ORIENTED_EDGE('',*,*,#2065,.F.);
#2731=ORIENTED_EDGE('',*,*,#1927,.F.);
#2732=ORIENTED_EDGE('',*,*,#2066,.F.);
#2733=ORIENTED_EDGE('',*,*,#2045,.F.);
#2734=ORIENTED_EDGE('',*,*,#2067,.F.);
#2735=ORIENTED_EDGE('',*,*,#1931,.F.);
#2736=ORIENTED_EDGE('',*,*,#2068,.F.);
#2737=ORIENTED_EDGE('',*,*,#2041,.F.);
#2738=ORIENTED_EDGE('',*,*,#2069,.F.);
#2739=ORIENTED_EDGE('',*,*,#1907,.F.);
#2740=ORIENTED_EDGE('',*,*,#2070,.F.);
#2741=ORIENTED_EDGE('',*,*,#2054,.F.);
#2742=ORIENTED_EDGE('',*,*,#2071,.F.);
#2743=ORIENTED_EDGE('',*,*,#1929,.F.);
#2744=ORIENTED_EDGE('',*,*,#2072,.F.);
#2745=ORIENTED_EDGE('',*,*,#2043,.F.);
#2746=ORIENTED_EDGE('',*,*,#2073,.F.);
#2747=ORIENTED_EDGE('',*,*,#1982,.T.);
#2748=ORIENTED_EDGE('',*,*,#1910,.T.);
#2749=ORIENTED_EDGE('',*,*,#2065,.T.);
#2750=ORIENTED_EDGE('',*,*,#2051,.F.);
#2751=ORIENTED_EDGE('',*,*,#1984,.T.);
#2752=ORIENTED_EDGE('',*,*,#2050,.F.);
#2753=ORIENTED_EDGE('',*,*,#2056,.T.);
#2754=ORIENTED_EDGE('',*,*,#1904,.T.);
#2755=ORIENTED_EDGE('',*,*,#2064,.T.);
#2756=ORIENTED_EDGE('',*,*,#1908,.T.);
#2757=ORIENTED_EDGE('',*,*,#2071,.T.);
#2758=ORIENTED_EDGE('',*,*,#2053,.F.);
#2759=ORIENTED_EDGE('',*,*,#2057,.T.);
#2760=ORIENTED_EDGE('',*,*,#2055,.F.);
#2761=ORIENTED_EDGE('',*,*,#2070,.T.);
#2762=ORIENTED_EDGE('',*,*,#1906,.T.);
#2763=ORIENTED_EDGE('',*,*,#2068,.T.);
#2764=ORIENTED_EDGE('',*,*,#1930,.T.);
#2765=ORIENTED_EDGE('',*,*,#2073,.T.);
#2766=ORIENTED_EDGE('',*,*,#2042,.F.);
#2767=ORIENTED_EDGE('',*,*,#2067,.T.);
#2768=ORIENTED_EDGE('',*,*,#2044,.F.);
#2769=ORIENTED_EDGE('',*,*,#2072,.T.);
#2770=ORIENTED_EDGE('',*,*,#1928,.T.);
#2771=ORIENTED_EDGE('',*,*,#2048,.F.);
#2772=ORIENTED_EDGE('',*,*,#2074,.T.);
#2773=ORIENTED_EDGE('',*,*,#1923,.T.);
#2774=ORIENTED_EDGE('',*,*,#2074,.F.);
#2775=ORIENTED_EDGE('',*,*,#1894,.T.);
#2776=ORIENTED_EDGE('',*,*,#1816,.T.);
#2777=ORIENTED_EDGE('',*,*,#2030,.F.);
#2778=ORIENTED_EDGE('',*,*,#2075,.F.);
#2779=ORIENTED_EDGE('',*,*,#1895,.T.);
#2780=ORIENTED_EDGE('',*,*,#2075,.T.);
#2781=ORIENTED_EDGE('',*,*,#2029,.F.);
#2782=ORIENTED_EDGE('',*,*,#2076,.F.);
#2783=ORIENTED_EDGE('',*,*,#1896,.T.);
#2784=ORIENTED_EDGE('',*,*,#2076,.T.);
#2785=ORIENTED_EDGE('',*,*,#2028,.F.);
#2786=ORIENTED_EDGE('',*,*,#2077,.F.);
#2787=ORIENTED_EDGE('',*,*,#1897,.T.);
#2788=ORIENTED_EDGE('',*,*,#2077,.T.);
#2789=ORIENTED_EDGE('',*,*,#2027,.F.);
#2790=ORIENTED_EDGE('',*,*,#2078,.F.);
#2791=ORIENTED_EDGE('',*,*,#1898,.T.);
#2792=ORIENTED_EDGE('',*,*,#2078,.T.);
#2793=ORIENTED_EDGE('',*,*,#2026,.F.);
#2794=ORIENTED_EDGE('',*,*,#2079,.F.);
#2795=ORIENTED_EDGE('',*,*,#1899,.T.);
#2796=ORIENTED_EDGE('',*,*,#2079,.T.);
#2797=ORIENTED_EDGE('',*,*,#2025,.F.);
#2798=ORIENTED_EDGE('',*,*,#2080,.F.);
#2799=ORIENTED_EDGE('',*,*,#1900,.T.);
#2800=ORIENTED_EDGE('',*,*,#2080,.T.);
#2801=ORIENTED_EDGE('',*,*,#2024,.F.);
#2802=ORIENTED_EDGE('',*,*,#1810,.F.);
#2803=ORIENTED_EDGE('',*,*,#1978,.F.);
#2804=ORIENTED_EDGE('',*,*,#2038,.F.);
#2805=ORIENTED_EDGE('',*,*,#2081,.F.);
#2806=ORIENTED_EDGE('',*,*,#1911,.T.);
#2807=ORIENTED_EDGE('',*,*,#1912,.T.);
#2808=ORIENTED_EDGE('',*,*,#2081,.T.);
#2809=ORIENTED_EDGE('',*,*,#2037,.F.);
#2810=ORIENTED_EDGE('',*,*,#2082,.F.);
#2811=ORIENTED_EDGE('',*,*,#1913,.T.);
#2812=ORIENTED_EDGE('',*,*,#2082,.T.);
#2813=ORIENTED_EDGE('',*,*,#2036,.F.);
#2814=ORIENTED_EDGE('',*,*,#2083,.F.);
#2815=ORIENTED_EDGE('',*,*,#1914,.T.);
#2816=ORIENTED_EDGE('',*,*,#2083,.T.);
#2817=ORIENTED_EDGE('',*,*,#2035,.F.);
#2818=ORIENTED_EDGE('',*,*,#2061,.F.);
#2819=ORIENTED_EDGE('',*,*,#2047,.F.);
#2820=ORIENTED_EDGE('',*,*,#2084,.T.);
#2821=ORIENTED_EDGE('',*,*,#1924,.T.);
#2822=ORIENTED_EDGE('',*,*,#2084,.F.);
#2823=ORIENTED_EDGE('',*,*,#2063,.T.);
#2824=ORIENTED_EDGE('',*,*,#2046,.F.);
#2825=ORIENTED_EDGE('',*,*,#2066,.T.);
#2826=ORIENTED_EDGE('',*,*,#1926,.T.);
#2827=ORIENTED_EDGE('',*,*,#2062,.T.);
#2828=ORIENTED_EDGE('',*,*,#1932,.T.);
#2829=ORIENTED_EDGE('',*,*,#2069,.T.);
#2830=ORIENTED_EDGE('',*,*,#2040,.F.);
#2831=ORIENTED_EDGE('',*,*,#1892,.T.);
#2832=ORIENTED_EDGE('',*,*,#2085,.T.);
#2833=ORIENTED_EDGE('',*,*,#2018,.F.);
#2834=ORIENTED_EDGE('',*,*,#2086,.F.);
#2835=ORIENTED_EDGE('',*,*,#1893,.T.);
#2836=ORIENTED_EDGE('',*,*,#2086,.T.);
#2837=ORIENTED_EDGE('',*,*,#2017,.F.);
#2838=ORIENTED_EDGE('',*,*,#1797,.F.);
#2839=ORIENTED_EDGE('',*,*,#1887,.T.);
#2840=ORIENTED_EDGE('',*,*,#1813,.T.);
#2841=ORIENTED_EDGE('',*,*,#2023,.F.);
#2842=ORIENTED_EDGE('',*,*,#2087,.F.);
#2843=ORIENTED_EDGE('',*,*,#1888,.T.);
#2844=ORIENTED_EDGE('',*,*,#2087,.T.);
#2845=ORIENTED_EDGE('',*,*,#2022,.F.);
#2846=ORIENTED_EDGE('',*,*,#2088,.F.);
#2847=ORIENTED_EDGE('',*,*,#1889,.T.);
#2848=ORIENTED_EDGE('',*,*,#2088,.T.);
#2849=ORIENTED_EDGE('',*,*,#2021,.F.);
#2850=ORIENTED_EDGE('',*,*,#2089,.F.);
#2851=ORIENTED_EDGE('',*,*,#1890,.T.);
#2852=ORIENTED_EDGE('',*,*,#2089,.T.);
#2853=ORIENTED_EDGE('',*,*,#2020,.F.);
#2854=ORIENTED_EDGE('',*,*,#2090,.F.);
#2855=ORIENTED_EDGE('',*,*,#1891,.T.);
#2856=ORIENTED_EDGE('',*,*,#2090,.T.);
#2857=ORIENTED_EDGE('',*,*,#2019,.F.);
#2858=ORIENTED_EDGE('',*,*,#2085,.F.);
#2859=ORIENTED_EDGE('',*,*,#1877,.F.);
#2860=ORIENTED_EDGE('',*,*,#2091,.T.);
#2861=ORIENTED_EDGE('',*,*,#1991,.F.);
#2862=ORIENTED_EDGE('',*,*,#2092,.F.);
#2863=ORIENTED_EDGE('',*,*,#1878,.F.);
#2864=ORIENTED_EDGE('',*,*,#2092,.T.);
#2865=ORIENTED_EDGE('',*,*,#1990,.F.);
#2866=ORIENTED_EDGE('',*,*,#1979,.F.);
#2867=ORIENTED_EDGE('',*,*,#1880,.F.);
#2868=ORIENTED_EDGE('',*,*,#1981,.T.);
#2869=ORIENTED_EDGE('',*,*,#1989,.F.);
#2870=ORIENTED_EDGE('',*,*,#2093,.F.);
#2871=ORIENTED_EDGE('',*,*,#1881,.T.);
#2872=ORIENTED_EDGE('',*,*,#2093,.T.);
#2873=ORIENTED_EDGE('',*,*,#1988,.F.);
#2874=ORIENTED_EDGE('',*,*,#2094,.F.);
#2875=ORIENTED_EDGE('',*,*,#1882,.T.);
#2876=ORIENTED_EDGE('',*,*,#2094,.T.);
#2877=ORIENTED_EDGE('',*,*,#1987,.F.);
#2878=ORIENTED_EDGE('',*,*,#2095,.F.);
#2879=ORIENTED_EDGE('',*,*,#1883,.F.);
#2880=ORIENTED_EDGE('',*,*,#2095,.T.);
#2881=ORIENTED_EDGE('',*,*,#1986,.F.);
#2882=ORIENTED_EDGE('',*,*,#1968,.F.);
#2883=ORIENTED_EDGE('',*,*,#1843,.F.);
#2884=ORIENTED_EDGE('',*,*,#1941,.T.);
#2885=ORIENTED_EDGE('',*,*,#2016,.F.);
#2886=ORIENTED_EDGE('',*,*,#2096,.F.);
#2887=ORIENTED_EDGE('',*,*,#1844,.F.);
#2888=ORIENTED_EDGE('',*,*,#2096,.T.);
#2889=ORIENTED_EDGE('',*,*,#2015,.F.);
#2890=ORIENTED_EDGE('',*,*,#2097,.F.);
#2891=ORIENTED_EDGE('',*,*,#1845,.T.);
#2892=ORIENTED_EDGE('',*,*,#2097,.T.);
#2893=ORIENTED_EDGE('',*,*,#2014,.F.);
#2894=ORIENTED_EDGE('',*,*,#2098,.F.);
#2895=ORIENTED_EDGE('',*,*,#1846,.F.);
#2896=ORIENTED_EDGE('',*,*,#2098,.T.);
#2897=ORIENTED_EDGE('',*,*,#2013,.F.);
#2898=ORIENTED_EDGE('',*,*,#2099,.F.);
#2899=ORIENTED_EDGE('',*,*,#1847,.T.);
#2900=ORIENTED_EDGE('',*,*,#2099,.T.);
#2901=ORIENTED_EDGE('',*,*,#2012,.F.);
#2902=ORIENTED_EDGE('',*,*,#2100,.F.);
#2903=ORIENTED_EDGE('',*,*,#1848,.F.);
#2904=ORIENTED_EDGE('',*,*,#2100,.T.);
#2905=ORIENTED_EDGE('',*,*,#2011,.F.);
#2906=ORIENTED_EDGE('',*,*,#2101,.F.);
#2907=ORIENTED_EDGE('',*,*,#1849,.T.);
#2908=ORIENTED_EDGE('',*,*,#2101,.T.);
#2909=ORIENTED_EDGE('',*,*,#2010,.F.);
#2910=ORIENTED_EDGE('',*,*,#2102,.F.);
#2911=ORIENTED_EDGE('',*,*,#1850,.F.);
#2912=ORIENTED_EDGE('',*,*,#2102,.T.);
#2913=ORIENTED_EDGE('',*,*,#2009,.F.);
#2914=ORIENTED_EDGE('',*,*,#2103,.F.);
#2915=ORIENTED_EDGE('',*,*,#1851,.F.);
#2916=ORIENTED_EDGE('',*,*,#2103,.T.);
#2917=ORIENTED_EDGE('',*,*,#2008,.F.);
#2918=ORIENTED_EDGE('',*,*,#2104,.F.);
#2919=ORIENTED_EDGE('',*,*,#1852,.F.);
#2920=ORIENTED_EDGE('',*,*,#2104,.T.);
#2921=ORIENTED_EDGE('',*,*,#2007,.F.);
#2922=ORIENTED_EDGE('',*,*,#2105,.F.);
#2923=ORIENTED_EDGE('',*,*,#1853,.F.);
#2924=ORIENTED_EDGE('',*,*,#2105,.T.);
#2925=ORIENTED_EDGE('',*,*,#2006,.F.);
#2926=ORIENTED_EDGE('',*,*,#2106,.F.);
#2927=ORIENTED_EDGE('',*,*,#1854,.T.);
#2928=ORIENTED_EDGE('',*,*,#2106,.T.);
#2929=ORIENTED_EDGE('',*,*,#2005,.F.);
#2930=ORIENTED_EDGE('',*,*,#2107,.F.);
#2931=ORIENTED_EDGE('',*,*,#1855,.F.);
#2932=ORIENTED_EDGE('',*,*,#2107,.T.);
#2933=ORIENTED_EDGE('',*,*,#2004,.F.);
#2934=ORIENTED_EDGE('',*,*,#2108,.F.);
#2935=ORIENTED_EDGE('',*,*,#1856,.T.);
#2936=ORIENTED_EDGE('',*,*,#2108,.T.);
#2937=ORIENTED_EDGE('',*,*,#2003,.F.);
#2938=ORIENTED_EDGE('',*,*,#2109,.F.);
#2939=ORIENTED_EDGE('',*,*,#1857,.T.);
#2940=ORIENTED_EDGE('',*,*,#2109,.T.);
#2941=ORIENTED_EDGE('',*,*,#2002,.F.);
#2942=ORIENTED_EDGE('',*,*,#2110,.F.);
#2943=ORIENTED_EDGE('',*,*,#1858,.T.);
#2944=ORIENTED_EDGE('',*,*,#2110,.T.);
#2945=ORIENTED_EDGE('',*,*,#2001,.F.);
#2946=ORIENTED_EDGE('',*,*,#2111,.F.);
#2947=ORIENTED_EDGE('',*,*,#1859,.T.);
#2948=ORIENTED_EDGE('',*,*,#2111,.T.);
#2949=ORIENTED_EDGE('',*,*,#2000,.F.);
#2950=ORIENTED_EDGE('',*,*,#2112,.F.);
#2951=ORIENTED_EDGE('',*,*,#1860,.T.);
#2952=ORIENTED_EDGE('',*,*,#2112,.T.);
#2953=ORIENTED_EDGE('',*,*,#1999,.F.);
#2954=ORIENTED_EDGE('',*,*,#2113,.F.);
#2955=ORIENTED_EDGE('',*,*,#1861,.T.);
#2956=ORIENTED_EDGE('',*,*,#2113,.T.);
#2957=ORIENTED_EDGE('',*,*,#1998,.F.);
#2958=ORIENTED_EDGE('',*,*,#2114,.F.);
#2959=ORIENTED_EDGE('',*,*,#1862,.T.);
#2960=ORIENTED_EDGE('',*,*,#2114,.T.);
#2961=ORIENTED_EDGE('',*,*,#1997,.F.);
#2962=ORIENTED_EDGE('',*,*,#2115,.F.);
#2963=ORIENTED_EDGE('',*,*,#1863,.F.);
#2964=ORIENTED_EDGE('',*,*,#2115,.T.);
#2965=ORIENTED_EDGE('',*,*,#1996,.F.);
#2966=ORIENTED_EDGE('',*,*,#1949,.F.);
#2967=ORIENTED_EDGE('',*,*,#1873,.T.);
#2968=ORIENTED_EDGE('',*,*,#1971,.T.);
#2969=ORIENTED_EDGE('',*,*,#1995,.F.);
#2970=ORIENTED_EDGE('',*,*,#2116,.F.);
#2971=ORIENTED_EDGE('',*,*,#1874,.T.);
#2972=ORIENTED_EDGE('',*,*,#2116,.T.);
#2973=ORIENTED_EDGE('',*,*,#1994,.F.);
#2974=ORIENTED_EDGE('',*,*,#2117,.F.);
#2975=ORIENTED_EDGE('',*,*,#1875,.T.);
#2976=ORIENTED_EDGE('',*,*,#2117,.T.);
#2977=ORIENTED_EDGE('',*,*,#1993,.F.);
#2978=ORIENTED_EDGE('',*,*,#2118,.F.);
#2979=ORIENTED_EDGE('',*,*,#1876,.T.);
#2980=ORIENTED_EDGE('',*,*,#2118,.T.);
#2981=ORIENTED_EDGE('',*,*,#1992,.F.);
#2982=ORIENTED_EDGE('',*,*,#2091,.F.);
#2983=ORIENTED_EDGE('',*,*,#2119,.T.);
#2984=ORIENTED_EDGE('',*,*,#2120,.T.);
#2985=ORIENTED_EDGE('',*,*,#2121,.T.);
#2986=ORIENTED_EDGE('',*,*,#2122,.T.);
#2987=ORIENTED_EDGE('',*,*,#2121,.F.);
#2988=ORIENTED_EDGE('',*,*,#2123,.T.);
#2989=ORIENTED_EDGE('',*,*,#2124,.T.);
#2990=ORIENTED_EDGE('',*,*,#2125,.T.);
#2991=ORIENTED_EDGE('',*,*,#2126,.T.);
#2992=ORIENTED_EDGE('',*,*,#2127,.T.);
#2993=ORIENTED_EDGE('',*,*,#2128,.F.);
#2994=ORIENTED_EDGE('',*,*,#2129,.T.);
#2995=ORIENTED_EDGE('',*,*,#2130,.F.);
#2996=ORIENTED_EDGE('',*,*,#2131,.T.);
#2997=ORIENTED_EDGE('',*,*,#2132,.F.);
#2998=ORIENTED_EDGE('',*,*,#2133,.T.);
#2999=ORIENTED_EDGE('',*,*,#2134,.F.);
#3000=ORIENTED_EDGE('',*,*,#2135,.T.);
#3001=ORIENTED_EDGE('',*,*,#2136,.F.);
#3002=ORIENTED_EDGE('',*,*,#2137,.F.);
#3003=ORIENTED_EDGE('',*,*,#2138,.F.);
#3004=ORIENTED_EDGE('',*,*,#2139,.T.);
#3005=ORIENTED_EDGE('',*,*,#2140,.T.);
#3006=ORIENTED_EDGE('',*,*,#2141,.T.);
#3007=ORIENTED_EDGE('',*,*,#2142,.F.);
#3008=ORIENTED_EDGE('',*,*,#2143,.F.);
#3009=ORIENTED_EDGE('',*,*,#2144,.F.);
#3010=ORIENTED_EDGE('',*,*,#2145,.F.);
#3011=ORIENTED_EDGE('',*,*,#2146,.F.);
#3012=ORIENTED_EDGE('',*,*,#2147,.F.);
#3013=ORIENTED_EDGE('',*,*,#2148,.F.);
#3014=ORIENTED_EDGE('',*,*,#2149,.F.);
#3015=ORIENTED_EDGE('',*,*,#2150,.F.);
#3016=ORIENTED_EDGE('',*,*,#2151,.F.);
#3017=ORIENTED_EDGE('',*,*,#2152,.F.);
#3018=ORIENTED_EDGE('',*,*,#2153,.F.);
#3019=ORIENTED_EDGE('',*,*,#2154,.F.);
#3020=ORIENTED_EDGE('',*,*,#2120,.F.);
#3021=ORIENTED_EDGE('',*,*,#2155,.F.);
#3022=ORIENTED_EDGE('',*,*,#2156,.F.);
#3023=ORIENTED_EDGE('',*,*,#2123,.F.);
#3024=ORIENTED_EDGE('',*,*,#2157,.F.);
#3025=ORIENTED_EDGE('',*,*,#2158,.T.);
#3026=ORIENTED_EDGE('',*,*,#2142,.T.);
#3027=ORIENTED_EDGE('',*,*,#2158,.F.);
#3028=ORIENTED_EDGE('',*,*,#2144,.T.);
#3029=ORIENTED_EDGE('',*,*,#2159,.T.);
#3030=ORIENTED_EDGE('',*,*,#2160,.F.);
#3031=ORIENTED_EDGE('',*,*,#2161,.F.);
#3032=ORIENTED_EDGE('',*,*,#2145,.T.);
#3033=ORIENTED_EDGE('',*,*,#2161,.T.);
#3034=ORIENTED_EDGE('',*,*,#2162,.F.);
#3035=ORIENTED_EDGE('',*,*,#2163,.F.);
#3036=ORIENTED_EDGE('',*,*,#2146,.T.);
#3037=ORIENTED_EDGE('',*,*,#2163,.T.);
#3038=ORIENTED_EDGE('',*,*,#2164,.F.);
#3039=ORIENTED_EDGE('',*,*,#2165,.F.);
#3040=ORIENTED_EDGE('',*,*,#2147,.T.);
#3041=ORIENTED_EDGE('',*,*,#2165,.T.);
#3042=ORIENTED_EDGE('',*,*,#2166,.F.);
#3043=ORIENTED_EDGE('',*,*,#2167,.F.);
#3044=ORIENTED_EDGE('',*,*,#2148,.T.);
#3045=ORIENTED_EDGE('',*,*,#2167,.T.);
#3046=ORIENTED_EDGE('',*,*,#2168,.F.);
#3047=ORIENTED_EDGE('',*,*,#2169,.F.);
#3048=ORIENTED_EDGE('',*,*,#2149,.T.);
#3049=ORIENTED_EDGE('',*,*,#2169,.T.);
#3050=ORIENTED_EDGE('',*,*,#2170,.F.);
#3051=ORIENTED_EDGE('',*,*,#2171,.F.);
#3052=ORIENTED_EDGE('',*,*,#2150,.T.);
#3053=ORIENTED_EDGE('',*,*,#2171,.T.);
#3054=ORIENTED_EDGE('',*,*,#2172,.F.);
#3055=ORIENTED_EDGE('',*,*,#2173,.F.);
#3056=ORIENTED_EDGE('',*,*,#2151,.T.);
#3057=ORIENTED_EDGE('',*,*,#2173,.T.);
#3058=ORIENTED_EDGE('',*,*,#2174,.F.);
#3059=ORIENTED_EDGE('',*,*,#2175,.F.);
#3060=ORIENTED_EDGE('',*,*,#2152,.T.);
#3061=ORIENTED_EDGE('',*,*,#2175,.T.);
#3062=ORIENTED_EDGE('',*,*,#2176,.F.);
#3063=ORIENTED_EDGE('',*,*,#2177,.F.);
#3064=ORIENTED_EDGE('',*,*,#2153,.T.);
#3065=ORIENTED_EDGE('',*,*,#2177,.T.);
#3066=ORIENTED_EDGE('',*,*,#2178,.F.);
#3067=ORIENTED_EDGE('',*,*,#2179,.F.);
#3068=ORIENTED_EDGE('',*,*,#2154,.T.);
#3069=ORIENTED_EDGE('',*,*,#2179,.T.);
#3070=ORIENTED_EDGE('',*,*,#2180,.F.);
#3071=ORIENTED_EDGE('',*,*,#2181,.F.);
#3072=ORIENTED_EDGE('',*,*,#2143,.T.);
#3073=ORIENTED_EDGE('',*,*,#2181,.T.);
#3074=ORIENTED_EDGE('',*,*,#2182,.F.);
#3075=ORIENTED_EDGE('',*,*,#2159,.F.);
#3076=ORIENTED_EDGE('',*,*,#2139,.F.);
#3077=ORIENTED_EDGE('',*,*,#2183,.T.);
#3078=ORIENTED_EDGE('',*,*,#2184,.F.);
#3079=ORIENTED_EDGE('',*,*,#2185,.F.);
#3080=ORIENTED_EDGE('',*,*,#2140,.F.);
#3081=ORIENTED_EDGE('',*,*,#2185,.T.);
#3082=ORIENTED_EDGE('',*,*,#2186,.F.);
#3083=ORIENTED_EDGE('',*,*,#2187,.F.);
#3084=ORIENTED_EDGE('',*,*,#2122,.F.);
#3085=ORIENTED_EDGE('',*,*,#2141,.F.);
#3086=ORIENTED_EDGE('',*,*,#2187,.T.);
#3087=ORIENTED_EDGE('',*,*,#2188,.F.);
#3088=ORIENTED_EDGE('',*,*,#2124,.F.);
#3089=ORIENTED_EDGE('',*,*,#2156,.T.);
#3090=ORIENTED_EDGE('',*,*,#2189,.F.);
#3091=ORIENTED_EDGE('',*,*,#2190,.F.);
#3092=ORIENTED_EDGE('',*,*,#2125,.F.);
#3093=ORIENTED_EDGE('',*,*,#2190,.T.);
#3094=ORIENTED_EDGE('',*,*,#2191,.F.);
#3095=ORIENTED_EDGE('',*,*,#2192,.F.);
#3096=ORIENTED_EDGE('',*,*,#2126,.F.);
#3097=ORIENTED_EDGE('',*,*,#2192,.T.);
#3098=ORIENTED_EDGE('',*,*,#2193,.F.);
#3099=ORIENTED_EDGE('',*,*,#2194,.F.);
#3100=ORIENTED_EDGE('',*,*,#2127,.F.);
#3101=ORIENTED_EDGE('',*,*,#2194,.T.);
#3102=ORIENTED_EDGE('',*,*,#2195,.F.);
#3103=ORIENTED_EDGE('',*,*,#2196,.F.);
#3104=ORIENTED_EDGE('',*,*,#2128,.T.);
#3105=ORIENTED_EDGE('',*,*,#2196,.T.);
#3106=ORIENTED_EDGE('',*,*,#2197,.F.);
#3107=ORIENTED_EDGE('',*,*,#2198,.F.);
#3108=ORIENTED_EDGE('',*,*,#2129,.F.);
#3109=ORIENTED_EDGE('',*,*,#2198,.T.);
#3110=ORIENTED_EDGE('',*,*,#2199,.F.);
#3111=ORIENTED_EDGE('',*,*,#2200,.F.);
#3112=ORIENTED_EDGE('',*,*,#2130,.T.);
#3113=ORIENTED_EDGE('',*,*,#2200,.T.);
#3114=ORIENTED_EDGE('',*,*,#2201,.F.);
#3115=ORIENTED_EDGE('',*,*,#2202,.F.);
#3116=ORIENTED_EDGE('',*,*,#2131,.F.);
#3117=ORIENTED_EDGE('',*,*,#2202,.T.);
#3118=ORIENTED_EDGE('',*,*,#2203,.F.);
#3119=ORIENTED_EDGE('',*,*,#2204,.F.);
#3120=ORIENTED_EDGE('',*,*,#2132,.T.);
#3121=ORIENTED_EDGE('',*,*,#2204,.T.);
#3122=ORIENTED_EDGE('',*,*,#2205,.F.);
#3123=ORIENTED_EDGE('',*,*,#2206,.F.);
#3124=ORIENTED_EDGE('',*,*,#2133,.F.);
#3125=ORIENTED_EDGE('',*,*,#2206,.T.);
#3126=ORIENTED_EDGE('',*,*,#2207,.F.);
#3127=ORIENTED_EDGE('',*,*,#2208,.F.);
#3128=ORIENTED_EDGE('',*,*,#2134,.T.);
#3129=ORIENTED_EDGE('',*,*,#2208,.T.);
#3130=ORIENTED_EDGE('',*,*,#2209,.F.);
#3131=ORIENTED_EDGE('',*,*,#2210,.F.);
#3132=ORIENTED_EDGE('',*,*,#2135,.F.);
#3133=ORIENTED_EDGE('',*,*,#2210,.T.);
#3134=ORIENTED_EDGE('',*,*,#2211,.F.);
#3135=ORIENTED_EDGE('',*,*,#2212,.F.);
#3136=ORIENTED_EDGE('',*,*,#2136,.T.);
#3137=ORIENTED_EDGE('',*,*,#2212,.T.);
#3138=ORIENTED_EDGE('',*,*,#2213,.F.);
#3139=ORIENTED_EDGE('',*,*,#2214,.F.);
#3140=ORIENTED_EDGE('',*,*,#2137,.T.);
#3141=ORIENTED_EDGE('',*,*,#2214,.T.);
#3142=ORIENTED_EDGE('',*,*,#2215,.F.);
#3143=ORIENTED_EDGE('',*,*,#2216,.F.);
#3144=ORIENTED_EDGE('',*,*,#2138,.T.);
#3145=ORIENTED_EDGE('',*,*,#2216,.T.);
#3146=ORIENTED_EDGE('',*,*,#2217,.F.);
#3147=ORIENTED_EDGE('',*,*,#2183,.F.);
#3148=ORIENTED_EDGE('',*,*,#2119,.F.);
#3149=ORIENTED_EDGE('',*,*,#2188,.T.);
#3150=ORIENTED_EDGE('',*,*,#2186,.T.);
#3151=ORIENTED_EDGE('',*,*,#2184,.T.);
#3152=ORIENTED_EDGE('',*,*,#2217,.T.);
#3153=ORIENTED_EDGE('',*,*,#2215,.T.);
#3154=ORIENTED_EDGE('',*,*,#2213,.T.);
#3155=ORIENTED_EDGE('',*,*,#2211,.T.);
#3156=ORIENTED_EDGE('',*,*,#2209,.T.);
#3157=ORIENTED_EDGE('',*,*,#2207,.T.);
#3158=ORIENTED_EDGE('',*,*,#2205,.T.);
#3159=ORIENTED_EDGE('',*,*,#2203,.T.);
#3160=ORIENTED_EDGE('',*,*,#2201,.T.);
#3161=ORIENTED_EDGE('',*,*,#2199,.T.);
#3162=ORIENTED_EDGE('',*,*,#2197,.T.);
#3163=ORIENTED_EDGE('',*,*,#2195,.T.);
#3164=ORIENTED_EDGE('',*,*,#2193,.T.);
#3165=ORIENTED_EDGE('',*,*,#2191,.T.);
#3166=ORIENTED_EDGE('',*,*,#2189,.T.);
#3167=ORIENTED_EDGE('',*,*,#2155,.T.);
#3168=ORIENTED_EDGE('',*,*,#2182,.T.);
#3169=ORIENTED_EDGE('',*,*,#2180,.T.);
#3170=ORIENTED_EDGE('',*,*,#2178,.T.);
#3171=ORIENTED_EDGE('',*,*,#2176,.T.);
#3172=ORIENTED_EDGE('',*,*,#2174,.T.);
#3173=ORIENTED_EDGE('',*,*,#2172,.T.);
#3174=ORIENTED_EDGE('',*,*,#2170,.T.);
#3175=ORIENTED_EDGE('',*,*,#2168,.T.);
#3176=ORIENTED_EDGE('',*,*,#2166,.T.);
#3177=ORIENTED_EDGE('',*,*,#2164,.T.);
#3178=ORIENTED_EDGE('',*,*,#2162,.T.);
#3179=ORIENTED_EDGE('',*,*,#2160,.T.);
#3180=ORIENTED_EDGE('',*,*,#2157,.T.);
#3181=ORIENTED_EDGE('',*,*,#2218,.T.);
#3182=ORIENTED_EDGE('',*,*,#2219,.T.);
#3183=ORIENTED_EDGE('',*,*,#2220,.T.);
#3184=ORIENTED_EDGE('',*,*,#2221,.T.);
#3185=ORIENTED_EDGE('',*,*,#2218,.F.);
#3186=ORIENTED_EDGE('',*,*,#2222,.F.);
#3187=ORIENTED_EDGE('',*,*,#2223,.F.);
#3188=ORIENTED_EDGE('',*,*,#2224,.F.);
#3189=ORIENTED_EDGE('',*,*,#2225,.F.);
#3190=ORIENTED_EDGE('',*,*,#2226,.F.);
#3191=ORIENTED_EDGE('',*,*,#2227,.F.);
#3192=ORIENTED_EDGE('',*,*,#2228,.F.);
#3193=ORIENTED_EDGE('',*,*,#2229,.F.);
#3194=ORIENTED_EDGE('',*,*,#2230,.F.);
#3195=ORIENTED_EDGE('',*,*,#2231,.F.);
#3196=ORIENTED_EDGE('',*,*,#2232,.F.);
#3197=ORIENTED_EDGE('',*,*,#2233,.F.);
#3198=ORIENTED_EDGE('',*,*,#2234,.F.);
#3199=ORIENTED_EDGE('',*,*,#2235,.F.);
#3200=ORIENTED_EDGE('',*,*,#2236,.F.);
#3201=ORIENTED_EDGE('',*,*,#2237,.F.);
#3202=ORIENTED_EDGE('',*,*,#2238,.F.);
#3203=ORIENTED_EDGE('',*,*,#2239,.F.);
#3204=ORIENTED_EDGE('',*,*,#2240,.F.);
#3205=ORIENTED_EDGE('',*,*,#2241,.F.);
#3206=ORIENTED_EDGE('',*,*,#2242,.F.);
#3207=ORIENTED_EDGE('',*,*,#2243,.F.);
#3208=ORIENTED_EDGE('',*,*,#2244,.F.);
#3209=ORIENTED_EDGE('',*,*,#2245,.F.);
#3210=ORIENTED_EDGE('',*,*,#2246,.F.);
#3211=ORIENTED_EDGE('',*,*,#2247,.F.);
#3212=ORIENTED_EDGE('',*,*,#2248,.F.);
#3213=ORIENTED_EDGE('',*,*,#2249,.F.);
#3214=ORIENTED_EDGE('',*,*,#2250,.F.);
#3215=ORIENTED_EDGE('',*,*,#2251,.F.);
#3216=ORIENTED_EDGE('',*,*,#2252,.F.);
#3217=ORIENTED_EDGE('',*,*,#2253,.F.);
#3218=ORIENTED_EDGE('',*,*,#2221,.F.);
#3219=ORIENTED_EDGE('',*,*,#2254,.T.);
#3220=ORIENTED_EDGE('',*,*,#2255,.T.);
#3221=ORIENTED_EDGE('',*,*,#2222,.T.);
#3222=ORIENTED_EDGE('',*,*,#2241,.T.);
#3223=ORIENTED_EDGE('',*,*,#2256,.T.);
#3224=ORIENTED_EDGE('',*,*,#2257,.F.);
#3225=ORIENTED_EDGE('',*,*,#2256,.F.);
#3226=ORIENTED_EDGE('',*,*,#2258,.F.);
#3227=ORIENTED_EDGE('',*,*,#2259,.T.);
#3228=ORIENTED_EDGE('',*,*,#2243,.T.);
#3229=ORIENTED_EDGE('',*,*,#2260,.F.);
#3230=ORIENTED_EDGE('',*,*,#2261,.F.);
#3231=ORIENTED_EDGE('',*,*,#2262,.T.);
#3232=ORIENTED_EDGE('',*,*,#2244,.T.);
#3233=ORIENTED_EDGE('',*,*,#2259,.F.);
#3234=ORIENTED_EDGE('',*,*,#2263,.F.);
#3235=ORIENTED_EDGE('',*,*,#2264,.T.);
#3236=ORIENTED_EDGE('',*,*,#2245,.T.);
#3237=ORIENTED_EDGE('',*,*,#2262,.F.);
#3238=ORIENTED_EDGE('',*,*,#2265,.F.);
#3239=ORIENTED_EDGE('',*,*,#2266,.T.);
#3240=ORIENTED_EDGE('',*,*,#2246,.T.);
#3241=ORIENTED_EDGE('',*,*,#2264,.F.);
#3242=ORIENTED_EDGE('',*,*,#2267,.F.);
#3243=ORIENTED_EDGE('',*,*,#2268,.T.);
#3244=ORIENTED_EDGE('',*,*,#2247,.T.);
#3245=ORIENTED_EDGE('',*,*,#2266,.F.);
#3246=ORIENTED_EDGE('',*,*,#2269,.F.);
#3247=ORIENTED_EDGE('',*,*,#2270,.T.);
#3248=ORIENTED_EDGE('',*,*,#2248,.T.);
#3249=ORIENTED_EDGE('',*,*,#2268,.F.);
#3250=ORIENTED_EDGE('',*,*,#2271,.F.);
#3251=ORIENTED_EDGE('',*,*,#2272,.T.);
#3252=ORIENTED_EDGE('',*,*,#2249,.T.);
#3253=ORIENTED_EDGE('',*,*,#2270,.F.);
#3254=ORIENTED_EDGE('',*,*,#2273,.F.);
#3255=ORIENTED_EDGE('',*,*,#2274,.T.);
#3256=ORIENTED_EDGE('',*,*,#2250,.T.);
#3257=ORIENTED_EDGE('',*,*,#2272,.F.);
#3258=ORIENTED_EDGE('',*,*,#2275,.F.);
#3259=ORIENTED_EDGE('',*,*,#2276,.T.);
#3260=ORIENTED_EDGE('',*,*,#2251,.T.);
#3261=ORIENTED_EDGE('',*,*,#2274,.F.);
#3262=ORIENTED_EDGE('',*,*,#2277,.F.);
#3263=ORIENTED_EDGE('',*,*,#2278,.T.);
#3264=ORIENTED_EDGE('',*,*,#2252,.T.);
#3265=ORIENTED_EDGE('',*,*,#2276,.F.);
#3266=ORIENTED_EDGE('',*,*,#2279,.F.);
#3267=ORIENTED_EDGE('',*,*,#2280,.T.);
#3268=ORIENTED_EDGE('',*,*,#2253,.T.);
#3269=ORIENTED_EDGE('',*,*,#2278,.F.);
#3270=ORIENTED_EDGE('',*,*,#2281,.F.);
#3271=ORIENTED_EDGE('',*,*,#2260,.T.);
#3272=ORIENTED_EDGE('',*,*,#2242,.T.);
#3273=ORIENTED_EDGE('',*,*,#2280,.F.);
#3274=ORIENTED_EDGE('',*,*,#2282,.T.);
#3275=ORIENTED_EDGE('',*,*,#2283,.T.);
#3276=ORIENTED_EDGE('',*,*,#2238,.T.);
#3277=ORIENTED_EDGE('',*,*,#2284,.F.);
#3278=ORIENTED_EDGE('',*,*,#2285,.T.);
#3279=ORIENTED_EDGE('',*,*,#2286,.T.);
#3280=ORIENTED_EDGE('',*,*,#2239,.T.);
#3281=ORIENTED_EDGE('',*,*,#2283,.F.);
#3282=ORIENTED_EDGE('',*,*,#2219,.F.);
#3283=ORIENTED_EDGE('',*,*,#2240,.T.);
#3284=ORIENTED_EDGE('',*,*,#2286,.F.);
#3285=ORIENTED_EDGE('',*,*,#2287,.T.);
#3286=ORIENTED_EDGE('',*,*,#2288,.T.);
#3287=ORIENTED_EDGE('',*,*,#2289,.T.);
#3288=ORIENTED_EDGE('',*,*,#2223,.T.);
#3289=ORIENTED_EDGE('',*,*,#2255,.F.);
#3290=ORIENTED_EDGE('',*,*,#2290,.T.);
#3291=ORIENTED_EDGE('',*,*,#2291,.T.);
#3292=ORIENTED_EDGE('',*,*,#2224,.T.);
#3293=ORIENTED_EDGE('',*,*,#2289,.F.);
#3294=ORIENTED_EDGE('',*,*,#2292,.T.);
#3295=ORIENTED_EDGE('',*,*,#2293,.T.);
#3296=ORIENTED_EDGE('',*,*,#2225,.T.);
#3297=ORIENTED_EDGE('',*,*,#2291,.F.);
#3298=ORIENTED_EDGE('',*,*,#2294,.T.);
#3299=ORIENTED_EDGE('',*,*,#2295,.T.);
#3300=ORIENTED_EDGE('',*,*,#2226,.T.);
#3301=ORIENTED_EDGE('',*,*,#2293,.F.);
#3302=ORIENTED_EDGE('',*,*,#2296,.F.);
#3303=ORIENTED_EDGE('',*,*,#2297,.T.);
#3304=ORIENTED_EDGE('',*,*,#2227,.T.);
#3305=ORIENTED_EDGE('',*,*,#2295,.F.);
#3306=ORIENTED_EDGE('',*,*,#2298,.T.);
#3307=ORIENTED_EDGE('',*,*,#2299,.T.);
#3308=ORIENTED_EDGE('',*,*,#2228,.T.);
#3309=ORIENTED_EDGE('',*,*,#2297,.F.);
#3310=ORIENTED_EDGE('',*,*,#2300,.F.);
#3311=ORIENTED_EDGE('',*,*,#2301,.T.);
#3312=ORIENTED_EDGE('',*,*,#2229,.T.);
#3313=ORIENTED_EDGE('',*,*,#2299,.F.);
#3314=ORIENTED_EDGE('',*,*,#2302,.T.);
#3315=ORIENTED_EDGE('',*,*,#2303,.T.);
#3316=ORIENTED_EDGE('',*,*,#2230,.T.);
#3317=ORIENTED_EDGE('',*,*,#2301,.F.);
#3318=ORIENTED_EDGE('',*,*,#2304,.F.);
#3319=ORIENTED_EDGE('',*,*,#2305,.T.);
#3320=ORIENTED_EDGE('',*,*,#2231,.T.);
#3321=ORIENTED_EDGE('',*,*,#2303,.F.);
#3322=ORIENTED_EDGE('',*,*,#2306,.T.);
#3323=ORIENTED_EDGE('',*,*,#2307,.T.);
#3324=ORIENTED_EDGE('',*,*,#2232,.T.);
#3325=ORIENTED_EDGE('',*,*,#2305,.F.);
#3326=ORIENTED_EDGE('',*,*,#2308,.F.);
#3327=ORIENTED_EDGE('',*,*,#2309,.T.);
#3328=ORIENTED_EDGE('',*,*,#2233,.T.);
#3329=ORIENTED_EDGE('',*,*,#2307,.F.);
#3330=ORIENTED_EDGE('',*,*,#2310,.T.);
#3331=ORIENTED_EDGE('',*,*,#2311,.T.);
#3332=ORIENTED_EDGE('',*,*,#2234,.T.);
#3333=ORIENTED_EDGE('',*,*,#2309,.F.);
#3334=ORIENTED_EDGE('',*,*,#2312,.F.);
#3335=ORIENTED_EDGE('',*,*,#2313,.T.);
#3336=ORIENTED_EDGE('',*,*,#2235,.T.);
#3337=ORIENTED_EDGE('',*,*,#2311,.F.);
#3338=ORIENTED_EDGE('',*,*,#2314,.F.);
#3339=ORIENTED_EDGE('',*,*,#2315,.T.);
#3340=ORIENTED_EDGE('',*,*,#2236,.T.);
#3341=ORIENTED_EDGE('',*,*,#2313,.F.);
#3342=ORIENTED_EDGE('',*,*,#2316,.F.);
#3343=ORIENTED_EDGE('',*,*,#2284,.T.);
#3344=ORIENTED_EDGE('',*,*,#2237,.T.);
#3345=ORIENTED_EDGE('',*,*,#2315,.F.);
#3346=ORIENTED_EDGE('',*,*,#2220,.F.);
#3347=ORIENTED_EDGE('',*,*,#2287,.F.);
#3348=ORIENTED_EDGE('',*,*,#2285,.F.);
#3349=ORIENTED_EDGE('',*,*,#2282,.F.);
#3350=ORIENTED_EDGE('',*,*,#2316,.T.);
#3351=ORIENTED_EDGE('',*,*,#2314,.T.);
#3352=ORIENTED_EDGE('',*,*,#2312,.T.);
#3353=ORIENTED_EDGE('',*,*,#2310,.F.);
#3354=ORIENTED_EDGE('',*,*,#2308,.T.);
#3355=ORIENTED_EDGE('',*,*,#2306,.F.);
#3356=ORIENTED_EDGE('',*,*,#2304,.T.);
#3357=ORIENTED_EDGE('',*,*,#2302,.F.);
#3358=ORIENTED_EDGE('',*,*,#2300,.T.);
#3359=ORIENTED_EDGE('',*,*,#2298,.F.);
#3360=ORIENTED_EDGE('',*,*,#2296,.T.);
#3361=ORIENTED_EDGE('',*,*,#2294,.F.);
#3362=ORIENTED_EDGE('',*,*,#2292,.F.);
#3363=ORIENTED_EDGE('',*,*,#2290,.F.);
#3364=ORIENTED_EDGE('',*,*,#2288,.F.);
#3365=ORIENTED_EDGE('',*,*,#2254,.F.);
#3366=ORIENTED_EDGE('',*,*,#2281,.T.);
#3367=ORIENTED_EDGE('',*,*,#2279,.T.);
#3368=ORIENTED_EDGE('',*,*,#2277,.T.);
#3369=ORIENTED_EDGE('',*,*,#2275,.T.);
#3370=ORIENTED_EDGE('',*,*,#2273,.T.);
#3371=ORIENTED_EDGE('',*,*,#2271,.T.);
#3372=ORIENTED_EDGE('',*,*,#2269,.T.);
#3373=ORIENTED_EDGE('',*,*,#2267,.T.);
#3374=ORIENTED_EDGE('',*,*,#2265,.T.);
#3375=ORIENTED_EDGE('',*,*,#2263,.T.);
#3376=ORIENTED_EDGE('',*,*,#2261,.T.);
#3377=ORIENTED_EDGE('',*,*,#2258,.T.);
#3378=ORIENTED_EDGE('',*,*,#2257,.T.);
#3379=CYLINDRICAL_SURFACE('',#3665,0.0999999999994655);
#3380=CYLINDRICAL_SURFACE('',#3669,0.100000000009451);
#3381=CYLINDRICAL_SURFACE('',#3673,0.0999999999372434);
#3382=CYLINDRICAL_SURFACE('',#3677,0.0999999999994633);
#3383=CYLINDRICAL_SURFACE('',#3683,0.2);
#3384=CYLINDRICAL_SURFACE('',#3687,0.2);
#3385=CYLINDRICAL_SURFACE('',#3690,0.265);
#3386=CYLINDRICAL_SURFACE('',#3694,0.2);
#3387=CYLINDRICAL_SURFACE('',#3749,0.2);
#3388=CYLINDRICAL_SURFACE('',#3751,0.3);
#3389=CYLINDRICAL_SURFACE('',#3754,0.3);
#3390=CYLINDRICAL_SURFACE('',#3757,0.299999999999999);
#3391=CYLINDRICAL_SURFACE('',#3760,0.2);
#3392=CYLINDRICAL_SURFACE('',#3763,0.2);
#3393=CYLINDRICAL_SURFACE('',#3766,0.3);
#3394=CYLINDRICAL_SURFACE('',#3769,0.264999999999999);
#3395=CYLINDRICAL_SURFACE('',#3772,0.264999999999999);
#3396=CYLINDRICAL_SURFACE('',#3776,0.3);
#3397=CYLINDRICAL_SURFACE('',#3779,0.3);
#3398=CYLINDRICAL_SURFACE('',#3781,1.00000000000214);
#3399=CYLINDRICAL_SURFACE('',#3783,0.0507999999999988);
#3400=CYLINDRICAL_SURFACE('',#3824,0.0508000000000006);
#3401=CYLINDRICAL_SURFACE('',#3825,0.3);
#3402=CYLINDRICAL_SURFACE('',#3827,0.3);
#3403=CYLINDRICAL_SURFACE('',#3829,0.0508000000000006);
#3404=CYLINDRICAL_SURFACE('',#3830,0.0508000000000006);
#3405=CYLINDRICAL_SURFACE('',#3831,0.0507999999999988);
#3406=CYLINDRICAL_SURFACE('',#3832,0.0508000000000006);
#3407=CYLINDRICAL_SURFACE('',#3833,0.0508000000000006);
#3408=CYLINDRICAL_SURFACE('',#3834,0.0508000000000006);
#3409=CYLINDRICAL_SURFACE('',#3841,0.265);
#3410=CYLINDRICAL_SURFACE('',#3842,0.100000000002046);
#3411=CYLINDRICAL_SURFACE('',#3844,0.0999999999998002);
#3412=CYLINDRICAL_SURFACE('',#3846,0.19999999999999);
#3413=CYLINDRICAL_SURFACE('',#3848,0.199999999999989);
#3414=CYLINDRICAL_SURFACE('',#3850,0.20000000000084);
#3415=CYLINDRICAL_SURFACE('',#3852,0.199999999999998);
#3416=CYLINDRICAL_SURFACE('',#3853,0.265);
#3417=CYLINDRICAL_SURFACE('',#3857,0.100000000001919);
#3418=CYLINDRICAL_SURFACE('',#3858,0.199999999999987);
#3419=CYLINDRICAL_SURFACE('',#3860,0.199999999999991);
#3420=CYLINDRICAL_SURFACE('',#3862,0.0999999999994931);
#3421=CYLINDRICAL_SURFACE('',#3863,1.00000000000214);
#3422=CYLINDRICAL_SURFACE('',#3866,12.5000000000084);
#3423=CYLINDRICAL_SURFACE('',#3867,0.999999999979347);
#3424=CYLINDRICAL_SURFACE('',#3869,2.00000000000237);
#3425=CYLINDRICAL_SURFACE('',#3871,0.199999999995457);
#3426=CYLINDRICAL_SURFACE('',#3873,0.200000000002834);
#3427=CYLINDRICAL_SURFACE('',#3875,0.199999999999518);
#3428=CYLINDRICAL_SURFACE('',#3877,2.00000000000116);
#3429=CYLINDRICAL_SURFACE('',#3879,2.00000000000038);
#3430=CYLINDRICAL_SURFACE('',#3881,2.00000000000069);
#3431=CYLINDRICAL_SURFACE('',#3883,0.200000000000138);
#3432=CYLINDRICAL_SURFACE('',#3885,0.200000000001835);
#3433=CYLINDRICAL_SURFACE('',#3887,0.1999999999972);
#3434=CYLINDRICAL_SURFACE('',#3889,2.00000000000338);
#3435=CYLINDRICAL_SURFACE('',#3891,0.999999999979451);
#3436=CYLINDRICAL_SURFACE('',#3892,12.5000000000045);
#3437=CYLINDRICAL_SURFACE('',#3894,0.2);
#3438=CYLINDRICAL_SURFACE('',#3912,0.265000000000001);
#3439=CYLINDRICAL_SURFACE('',#3915,0.200000000000004);
#3440=CYLINDRICAL_SURFACE('',#3918,0.200000000000002);
#3441=CYLINDRICAL_SURFACE('',#3921,0.0999999999999974);
#3442=CYLINDRICAL_SURFACE('',#3924,0.100000000000003);
#3443=CYLINDRICAL_SURFACE('',#3927,0.100000000000002);
#3444=CYLINDRICAL_SURFACE('',#3930,0.0999999999999995);
#3445=CYLINDRICAL_SURFACE('',#3935,2.);
#3446=CYLINDRICAL_SURFACE('',#3938,0.599999999992459);
#3447=CYLINDRICAL_SURFACE('',#3941,0.200000000017288);
#3448=CYLINDRICAL_SURFACE('',#3944,0.199999999991956);
#3449=CYLINDRICAL_SURFACE('',#3947,0.199999999980555);
#3450=CYLINDRICAL_SURFACE('',#3950,0.300000000000004);
#3451=CYLINDRICAL_SURFACE('',#3957,0.2);
#3452=CYLINDRICAL_SURFACE('',#3975,0.265000000000001);
#3453=CYLINDRICAL_SURFACE('',#3978,0.200000000000004);
#3454=CYLINDRICAL_SURFACE('',#3981,0.200000000000002);
#3455=CYLINDRICAL_SURFACE('',#3984,0.0999999999999974);
#3456=CYLINDRICAL_SURFACE('',#3987,0.100000000000003);
#3457=CYLINDRICAL_SURFACE('',#3990,0.100000000000002);
#3458=CYLINDRICAL_SURFACE('',#3993,0.0999999999999995);
#3459=CYLINDRICAL_SURFACE('',#3998,2.);
#3460=CYLINDRICAL_SURFACE('',#4001,0.599999999992459);
#3461=CYLINDRICAL_SURFACE('',#4004,0.200000000017288);
#3462=CYLINDRICAL_SURFACE('',#4007,0.199999999991956);
#3463=CYLINDRICAL_SURFACE('',#4010,0.199999999980555);
#3464=CYLINDRICAL_SURFACE('',#4013,0.300000000000004);
#3465=ADVANCED_FACE('',(#148),#3379,.F.);
#3466=ADVANCED_FACE('',(#149),#51,.T.);
#3467=ADVANCED_FACE('',(#150),#3380,.F.);
#3468=ADVANCED_FACE('',(#151),#52,.T.);
#3469=ADVANCED_FACE('',(#152),#3381,.F.);
#3470=ADVANCED_FACE('',(#153),#53,.T.);
#3471=ADVANCED_FACE('',(#154),#3382,.F.);
#3472=ADVANCED_FACE('',(#155),#54,.T.);
#3473=ADVANCED_FACE('',(#156),#55,.T.);
#3474=ADVANCED_FACE('',(#157),#56,.T.);
#3475=ADVANCED_FACE('',(#158),#3383,.F.);
#3476=ADVANCED_FACE('',(#159),#57,.T.);
#3477=ADVANCED_FACE('',(#160),#3384,.F.);
#3478=ADVANCED_FACE('',(#161),#3385,.F.);
#3479=ADVANCED_FACE('',(#162),#58,.T.);
#3480=ADVANCED_FACE('',(#163),#3386,.T.);
#3481=ADVANCED_FACE('',(#164,#23,#24,#25,#26,#27,#28,#29,#30,#31,#32),#59,
 .F.);
#3482=ADVANCED_FACE('',(#165),#60,.T.);
#3483=ADVANCED_FACE('',(#166),#3387,.T.);
#3484=ADVANCED_FACE('',(#167),#3388,.F.);
#3485=ADVANCED_FACE('',(#168),#61,.T.);
#3486=ADVANCED_FACE('',(#169),#3389,.F.);
#3487=ADVANCED_FACE('',(#170),#62,.T.);
#3488=ADVANCED_FACE('',(#171),#3390,.F.);
#3489=ADVANCED_FACE('',(#172),#63,.T.);
#3490=ADVANCED_FACE('',(#173),#3391,.T.);
#3491=ADVANCED_FACE('',(#174),#64,.T.);
#3492=ADVANCED_FACE('',(#175),#3392,.T.);
#3493=ADVANCED_FACE('',(#176),#65,.T.);
#3494=ADVANCED_FACE('',(#177),#3393,.F.);
#3495=ADVANCED_FACE('',(#178),#66,.T.);
#3496=ADVANCED_FACE('',(#179),#3394,.F.);
#3497=ADVANCED_FACE('',(#180),#67,.T.);
#3498=ADVANCED_FACE('',(#181),#3395,.F.);
#3499=ADVANCED_FACE('',(#182),#68,.T.);
#3500=ADVANCED_FACE('',(#183),#69,.T.);
#3501=ADVANCED_FACE('',(#184),#3396,.F.);
#3502=ADVANCED_FACE('',(#185),#70,.F.);
#3503=ADVANCED_FACE('',(#186),#3397,.F.);
#3504=ADVANCED_FACE('',(#187),#3398,.F.);
#3505=ADVANCED_FACE('',(#188),#3399,.F.);
#3506=ADVANCED_FACE('',(#189),#71,.T.);
#3507=ADVANCED_FACE('',(#190,#33,#34,#35,#36,#37,#38,#39,#40,#41,#42),#72,
 .T.);
#3508=ADVANCED_FACE('',(#191),#3400,.F.);
#3509=ADVANCED_FACE('',(#192),#3401,.F.);
#3510=ADVANCED_FACE('',(#193),#73,.T.);
#3511=ADVANCED_FACE('',(#194),#3402,.F.);
#3512=ADVANCED_FACE('',(#195),#74,.T.);
#3513=ADVANCED_FACE('',(#196),#3403,.F.);
#3514=ADVANCED_FACE('',(#197),#3404,.F.);
#3515=ADVANCED_FACE('',(#198),#3405,.F.);
#3516=ADVANCED_FACE('',(#199),#3406,.F.);
#3517=ADVANCED_FACE('',(#200),#3407,.F.);
#3518=ADVANCED_FACE('',(#201),#3408,.F.);
#3519=ADVANCED_FACE('',(#202),#75,.T.);
#3520=ADVANCED_FACE('',(#203),#76,.T.);
#3521=ADVANCED_FACE('',(#204),#77,.T.);
#3522=ADVANCED_FACE('',(#205),#78,.T.);
#3523=ADVANCED_FACE('',(#206),#79,.T.);
#3524=ADVANCED_FACE('',(#207),#80,.T.);
#3525=ADVANCED_FACE('',(#208),#3409,.F.);
#3526=ADVANCED_FACE('',(#209),#3410,.F.);
#3527=ADVANCED_FACE('',(#210),#81,.T.);
#3528=ADVANCED_FACE('',(#211),#3411,.F.);
#3529=ADVANCED_FACE('',(#212),#82,.T.);
#3530=ADVANCED_FACE('',(#213),#3412,.F.);
#3531=ADVANCED_FACE('',(#214),#83,.T.);
#3532=ADVANCED_FACE('',(#215),#3413,.F.);
#3533=ADVANCED_FACE('',(#216),#84,.T.);
#3534=ADVANCED_FACE('',(#217),#3414,.F.);
#3535=ADVANCED_FACE('',(#218),#85,.T.);
#3536=ADVANCED_FACE('',(#219),#3415,.F.);
#3537=ADVANCED_FACE('',(#220),#3416,.F.);
#3538=ADVANCED_FACE('',(#221),#86,.T.);
#3539=ADVANCED_FACE('',(#222),#87,.T.);
#3540=ADVANCED_FACE('',(#223),#88,.T.);
#3541=ADVANCED_FACE('',(#224),#3417,.F.);
#3542=ADVANCED_FACE('',(#225),#3418,.F.);
#3543=ADVANCED_FACE('',(#226),#89,.T.);
#3544=ADVANCED_FACE('',(#227),#3419,.F.);
#3545=ADVANCED_FACE('',(#228),#90,.T.);
#3546=ADVANCED_FACE('',(#229),#3420,.F.);
#3547=ADVANCED_FACE('',(#230),#3421,.F.);
#3548=ADVANCED_FACE('',(#231),#91,.T.);
#3549=ADVANCED_FACE('',(#232),#92,.T.);
#3550=ADVANCED_FACE('',(#233),#3422,.T.);
#3551=ADVANCED_FACE('',(#234),#3423,.T.);
#3552=ADVANCED_FACE('',(#235),#93,.T.);
#3553=ADVANCED_FACE('',(#236),#3424,.F.);
#3554=ADVANCED_FACE('',(#237),#94,.T.);
#3555=ADVANCED_FACE('',(#238),#3425,.T.);
#3556=ADVANCED_FACE('',(#239),#95,.T.);
#3557=ADVANCED_FACE('',(#240),#3426,.T.);
#3558=ADVANCED_FACE('',(#241),#96,.T.);
#3559=ADVANCED_FACE('',(#242),#3427,.T.);
#3560=ADVANCED_FACE('',(#243),#97,.T.);
#3561=ADVANCED_FACE('',(#244),#3428,.F.);
#3562=ADVANCED_FACE('',(#245),#98,.T.);
#3563=ADVANCED_FACE('',(#246),#3429,.F.);
#3564=ADVANCED_FACE('',(#247),#99,.T.);
#3565=ADVANCED_FACE('',(#248),#3430,.F.);
#3566=ADVANCED_FACE('',(#249),#100,.T.);
#3567=ADVANCED_FACE('',(#250),#3431,.T.);
#3568=ADVANCED_FACE('',(#251),#101,.T.);
#3569=ADVANCED_FACE('',(#252),#3432,.T.);
#3570=ADVANCED_FACE('',(#253),#102,.T.);
#3571=ADVANCED_FACE('',(#254),#3433,.T.);
#3572=ADVANCED_FACE('',(#255),#103,.T.);
#3573=ADVANCED_FACE('',(#256),#3434,.F.);
#3574=ADVANCED_FACE('',(#257),#104,.T.);
#3575=ADVANCED_FACE('',(#258),#3435,.T.);
#3576=ADVANCED_FACE('',(#259),#3436,.T.);
#3577=ADVANCED_FACE('',(#260),#105,.T.);
#3578=ADVANCED_FACE('',(#261),#3437,.T.);
#3579=ADVANCED_FACE('',(#262,#43,#44),#106,.F.);
#3580=ADVANCED_FACE('',(#263),#107,.T.);
#3581=ADVANCED_FACE('',(#264),#3438,.F.);
#3582=ADVANCED_FACE('',(#265),#108,.T.);
#3583=ADVANCED_FACE('',(#266),#3439,.F.);
#3584=ADVANCED_FACE('',(#267),#109,.T.);
#3585=ADVANCED_FACE('',(#268),#3440,.F.);
#3586=ADVANCED_FACE('',(#269),#110,.T.);
#3587=ADVANCED_FACE('',(#270),#3441,.F.);
#3588=ADVANCED_FACE('',(#271),#111,.T.);
#3589=ADVANCED_FACE('',(#272),#3442,.F.);
#3590=ADVANCED_FACE('',(#273),#112,.T.);
#3591=ADVANCED_FACE('',(#274),#3443,.F.);
#3592=ADVANCED_FACE('',(#275),#113,.T.);
#3593=ADVANCED_FACE('',(#276),#3444,.F.);
#3594=ADVANCED_FACE('',(#277),#114,.T.);
#3595=ADVANCED_FACE('',(#278),#115,.T.);
#3596=ADVANCED_FACE('',(#279),#116,.T.);
#3597=ADVANCED_FACE('',(#280),#3445,.F.);
#3598=ADVANCED_FACE('',(#281),#117,.T.);
#3599=ADVANCED_FACE('',(#282),#3446,.F.);
#3600=ADVANCED_FACE('',(#283),#118,.T.);
#3601=ADVANCED_FACE('',(#284),#3447,.T.);
#3602=ADVANCED_FACE('',(#285),#119,.T.);
#3603=ADVANCED_FACE('',(#286),#3448,.T.);
#3604=ADVANCED_FACE('',(#287),#120,.T.);
#3605=ADVANCED_FACE('',(#288),#3449,.T.);
#3606=ADVANCED_FACE('',(#289),#121,.T.);
#3607=ADVANCED_FACE('',(#290),#3450,.T.);
#3608=ADVANCED_FACE('',(#291),#122,.T.);
#3609=ADVANCED_FACE('',(#292),#123,.T.);
#3610=ADVANCED_FACE('',(#293),#124,.T.);
#3611=ADVANCED_FACE('',(#294),#125,.T.);
#3612=ADVANCED_FACE('',(#295,#45,#46),#126,.T.);
#3613=ADVANCED_FACE('',(#296),#3451,.T.);
#3614=ADVANCED_FACE('',(#297,#47,#48),#127,.F.);
#3615=ADVANCED_FACE('',(#298),#128,.F.);
#3616=ADVANCED_FACE('',(#299),#3452,.F.);
#3617=ADVANCED_FACE('',(#300),#129,.F.);
#3618=ADVANCED_FACE('',(#301),#3453,.F.);
#3619=ADVANCED_FACE('',(#302),#130,.F.);
#3620=ADVANCED_FACE('',(#303),#3454,.F.);
#3621=ADVANCED_FACE('',(#304),#131,.F.);
#3622=ADVANCED_FACE('',(#305),#3455,.F.);
#3623=ADVANCED_FACE('',(#306),#132,.F.);
#3624=ADVANCED_FACE('',(#307),#3456,.F.);
#3625=ADVANCED_FACE('',(#308),#133,.F.);
#3626=ADVANCED_FACE('',(#309),#3457,.F.);
#3627=ADVANCED_FACE('',(#310),#134,.F.);
#3628=ADVANCED_FACE('',(#311),#3458,.F.);
#3629=ADVANCED_FACE('',(#312),#135,.F.);
#3630=ADVANCED_FACE('',(#313),#136,.F.);
#3631=ADVANCED_FACE('',(#314),#137,.F.);
#3632=ADVANCED_FACE('',(#315),#3459,.F.);
#3633=ADVANCED_FACE('',(#316),#138,.F.);
#3634=ADVANCED_FACE('',(#317),#3460,.F.);
#3635=ADVANCED_FACE('',(#318),#139,.F.);
#3636=ADVANCED_FACE('',(#319),#3461,.T.);
#3637=ADVANCED_FACE('',(#320),#140,.F.);
#3638=ADVANCED_FACE('',(#321),#3462,.T.);
#3639=ADVANCED_FACE('',(#322),#141,.F.);
#3640=ADVANCED_FACE('',(#323),#3463,.T.);
#3641=ADVANCED_FACE('',(#324),#142,.F.);
#3642=ADVANCED_FACE('',(#325),#3464,.T.);
#3643=ADVANCED_FACE('',(#326),#143,.F.);
#3644=ADVANCED_FACE('',(#327),#144,.F.);
#3645=ADVANCED_FACE('',(#328),#145,.F.);
#3646=ADVANCED_FACE('',(#329),#146,.F.);
#3647=ADVANCED_FACE('',(#330,#49,#50),#147,.T.);
#3648=CLOSED_SHELL('',(#3465,#3466,#3467,#3468,#3469,#3470,#3471,#3472,
#3473,#3474,#3475,#3476,#3477,#3478,#3479,#3480,#3481,#3482,#3483,#3484,
#3485,#3486,#3487,#3488,#3489,#3490,#3491,#3492,#3493,#3494,#3495,#3496,
#3497,#3498,#3499,#3500,#3501,#3502,#3503,#3504,#3505,#3506,#3507,#3508,
#3509,#3510,#3511,#3512,#3513,#3514,#3515,#3516,#3517,#3518,#3519,#3520,
#3521,#3522,#3523,#3524,#3525,#3526,#3527,#3528,#3529,#3530,#3531,#3532,
#3533,#3534,#3535,#3536,#3537,#3538,#3539,#3540,#3541,#3542,#3543,#3544,
#3545,#3546,#3547,#3548,#3549,#3550,#3551,#3552,#3553,#3554,#3555,#3556,
#3557,#3558,#3559,#3560,#3561,#3562,#3563,#3564,#3565,#3566,#3567,#3568,
#3569,#3570,#3571,#3572,#3573,#3574,#3575,#3576,#3577));
#3649=CLOSED_SHELL('',(#3578,#3579,#3580,#3581,#3582,#3583,#3584,#3585,
#3586,#3587,#3588,#3589,#3590,#3591,#3592,#3593,#3594,#3595,#3596,#3597,
#3598,#3599,#3600,#3601,#3602,#3603,#3604,#3605,#3606,#3607,#3608,#3609,
#3610,#3611,#3612));
#3650=CLOSED_SHELL('',(#3613,#3614,#3615,#3616,#3617,#3618,#3619,#3620,
#3621,#3622,#3623,#3624,#3625,#3626,#3627,#3628,#3629,#3630,#3631,#3632,
#3633,#3634,#3635,#3636,#3637,#3638,#3639,#3640,#3641,#3642,#3643,#3644,
#3645,#3646,#3647));
#3651=DERIVED_UNIT_ELEMENT(#3653,1.);
#3652=DERIVED_UNIT_ELEMENT(#6174,-3.);
#3653=(
MASS_UNIT()
NAMED_UNIT(*)
SI_UNIT(.KILO.,.GRAM.)
);
#3654=DERIVED_UNIT((#3651,#3652));
#3655=MEASURE_REPRESENTATION_ITEM('density measure',
POSITIVE_RATIO_MEASURE(7850.),#3654);
#3656=PROPERTY_DEFINITION_REPRESENTATION(#3661,#3658);
#3657=PROPERTY_DEFINITION_REPRESENTATION(#3662,#3659);
#3658=REPRESENTATION('material name',(#3660),#6171);
#3659=REPRESENTATION('density',(#3655),#6171);
#3660=DESCRIPTIVE_REPRESENTATION_ITEM('Steel','Steel');
#3661=PROPERTY_DEFINITION('material property','material name',#6186);
#3662=PROPERTY_DEFINITION('material property','density of part',#6186);
#3663=AXIS2_PLACEMENT_3D('',#5096,#4021,#4022);
#3664=AXIS2_PLACEMENT_3D('',#5097,#4023,#4024);
#3665=AXIS2_PLACEMENT_3D('',#5098,#4025,#4026);
#3666=AXIS2_PLACEMENT_3D('',#5101,#4027,#4028);
#3667=AXIS2_PLACEMENT_3D('',#5105,#4030,#4031);
#3668=AXIS2_PLACEMENT_3D('',#5107,#4033,#4034);
#3669=AXIS2_PLACEMENT_3D('',#5113,#4038,#4039);
#3670=AXIS2_PLACEMENT_3D('',#5115,#4040,#4041);
#3671=AXIS2_PLACEMENT_3D('',#5118,#4043,#4044);
#3672=AXIS2_PLACEMENT_3D('',#5119,#4045,#4046);
#3673=AXIS2_PLACEMENT_3D('',#5125,#4050,#4051);
#3674=AXIS2_PLACEMENT_3D('',#5128,#4052,#4053);
#3675=AXIS2_PLACEMENT_3D('',#5132,#4055,#4056);
#3676=AXIS2_PLACEMENT_3D('',#5134,#4058,#4059);
#3677=AXIS2_PLACEMENT_3D('',#5140,#4063,#4064);
#3678=AXIS2_PLACEMENT_3D('',#5142,#4065,#4066);
#3679=AXIS2_PLACEMENT_3D('',#5145,#4068,#4069);
#3680=AXIS2_PLACEMENT_3D('',#5146,#4070,#4071);
#3681=AXIS2_PLACEMENT_3D('',#5152,#4075,#4076);
#3682=AXIS2_PLACEMENT_3D('',#5158,#4080,#4081);
#3683=AXIS2_PLACEMENT_3D('',#5164,#4085,#4086);
#3684=AXIS2_PLACEMENT_3D('',#5167,#4087,#4088);
#3685=AXIS2_PLACEMENT_3D('',#5171,#4090,#4091);
#3686=AXIS2_PLACEMENT_3D('',#5173,#4093,#4094);
#3687=AXIS2_PLACEMENT_3D('',#5179,#4098,#4099);
#3688=AXIS2_PLACEMENT_3D('',#5181,#4100,#4101);
#3689=AXIS2_PLACEMENT_3D('',#5183,#4102,#4103);
#3690=AXIS2_PLACEMENT_3D('',#5185,#4105,#4106);
#3691=AXIS2_PLACEMENT_3D('',#5187,#4107,#4108);
#3692=AXIS2_PLACEMENT_3D('',#5190,#4110,#4111);
#3693=AXIS2_PLACEMENT_3D('',#5191,#4112,#4113);
#3694=AXIS2_PLACEMENT_3D('',#5197,#4117,#4118);
#3695=AXIS2_PLACEMENT_3D('',#5200,#4119,#4120);
#3696=AXIS2_PLACEMENT_3D('',#5204,#4122,#4123);
#3697=AXIS2_PLACEMENT_3D('',#5206,#4125,#4126);
#3698=AXIS2_PLACEMENT_3D('',#5210,#4128,#4129);
#3699=AXIS2_PLACEMENT_3D('',#5214,#4131,#4132);
#3700=AXIS2_PLACEMENT_3D('',#5218,#4134,#4135);
#3701=AXIS2_PLACEMENT_3D('',#5222,#4137,#4138);
#3702=AXIS2_PLACEMENT_3D('',#5226,#4140,#4141);
#3703=AXIS2_PLACEMENT_3D('',#5230,#4143,#4144);
#3704=AXIS2_PLACEMENT_3D('',#5234,#4146,#4147);
#3705=AXIS2_PLACEMENT_3D('',#5238,#4149,#4150);
#3706=AXIS2_PLACEMENT_3D('',#5242,#4152,#4153);
#3707=AXIS2_PLACEMENT_3D('',#5246,#4155,#4156);
#3708=AXIS2_PLACEMENT_3D('',#5250,#4158,#4159);
#3709=AXIS2_PLACEMENT_3D('',#5254,#4161,#4162);
#3710=AXIS2_PLACEMENT_3D('',#5258,#4164,#4165);
#3711=AXIS2_PLACEMENT_3D('',#5262,#4167,#4168);
#3712=AXIS2_PLACEMENT_3D('',#5266,#4170,#4171);
#3713=AXIS2_PLACEMENT_3D('',#5270,#4173,#4174);
#3714=AXIS2_PLACEMENT_3D('',#5274,#4176,#4177);
#3715=AXIS2_PLACEMENT_3D('',#5280,#4180,#4181);
#3716=AXIS2_PLACEMENT_3D('',#5282,#4182,#4183);
#3717=AXIS2_PLACEMENT_3D('',#5286,#4185,#4186);
#3718=AXIS2_PLACEMENT_3D('',#5290,#4188,#4189);
#3719=AXIS2_PLACEMENT_3D('',#5294,#4191,#4192);
#3720=AXIS2_PLACEMENT_3D('',#5296,#4193,#4194);
#3721=AXIS2_PLACEMENT_3D('',#5302,#4197,#4198);
#3722=AXIS2_PLACEMENT_3D('',#5305,#4200,#4201);
#3723=AXIS2_PLACEMENT_3D('',#5309,#4203,#4204);
#3724=AXIS2_PLACEMENT_3D('',#5313,#4206,#4207);
#3725=AXIS2_PLACEMENT_3D('',#5316,#4209,#4210);
#3726=AXIS2_PLACEMENT_3D('',#5318,#4211,#4212);
#3727=AXIS2_PLACEMENT_3D('',#5322,#4214,#4215);
#3728=AXIS2_PLACEMENT_3D('',#5326,#4217,#4218);
#3729=AXIS2_PLACEMENT_3D('',#5329,#4220,#4221);
#3730=AXIS2_PLACEMENT_3D('',#5331,#4222,#4223);
#3731=AXIS2_PLACEMENT_3D('',#5333,#4224,#4225);
#3732=AXIS2_PLACEMENT_3D('',#5336,#4226,#4227);
#3733=AXIS2_PLACEMENT_3D('',#5340,#4229,#4230);
#3734=AXIS2_PLACEMENT_3D('',#5344,#4232,#4233);
#3735=AXIS2_PLACEMENT_3D('',#5348,#4235,#4236);
#3736=AXIS2_PLACEMENT_3D('',#5354,#4239,#4240);
#3737=AXIS2_PLACEMENT_3D('',#5358,#4242,#4243);
#3738=AXIS2_PLACEMENT_3D('',#5362,#4245,#4246);
#3739=AXIS2_PLACEMENT_3D('',#5365,#4248,#4249);
#3740=AXIS2_PLACEMENT_3D('',#5369,#4251,#4252);
#3741=AXIS2_PLACEMENT_3D('',#5372,#4254,#4255);
#3742=AXIS2_PLACEMENT_3D('',#5374,#4256,#4257);
#3743=AXIS2_PLACEMENT_3D('',#5376,#4258,#4259);
#3744=AXIS2_PLACEMENT_3D('',#5379,#4260,#4261);
#3745=AXIS2_PLACEMENT_3D('',#5383,#4263,#4264);
#3746=AXIS2_PLACEMENT_3D('',#5387,#4266,#4267);
#3747=AXIS2_PLACEMENT_3D('',#5391,#4269,#4270);
#3748=AXIS2_PLACEMENT_3D('',#5393,#4272,#4273);
#3749=AXIS2_PLACEMENT_3D('',#5397,#4276,#4277);
#3750=AXIS2_PLACEMENT_3D('',#5399,#4278,#4279);
#3751=AXIS2_PLACEMENT_3D('',#5401,#4281,#4282);
#3752=AXIS2_PLACEMENT_3D('',#5405,#4284,#4285);
#3753=AXIS2_PLACEMENT_3D('',#5407,#4287,#4288);
#3754=AXIS2_PLACEMENT_3D('',#5411,#4291,#4292);
#3755=AXIS2_PLACEMENT_3D('',#5414,#4293,#4294);
#3756=AXIS2_PLACEMENT_3D('',#5417,#4297,#4298);
#3757=AXIS2_PLACEMENT_3D('',#5419,#4300,#4301);
#3758=AXIS2_PLACEMENT_3D('',#5422,#4302,#4303);
#3759=AXIS2_PLACEMENT_3D('',#5425,#4306,#4307);
#3760=AXIS2_PLACEMENT_3D('',#5429,#4310,#4311);
#3761=AXIS2_PLACEMENT_3D('',#5432,#4312,#4313);
#3762=AXIS2_PLACEMENT_3D('',#5435,#4316,#4317);
#3763=AXIS2_PLACEMENT_3D('',#5437,#4319,#4320);
#3764=AXIS2_PLACEMENT_3D('',#5440,#4321,#4322);
#3765=AXIS2_PLACEMENT_3D('',#5443,#4325,#4326);
#3766=AXIS2_PLACEMENT_3D('',#5447,#4329,#4330);
#3767=AXIS2_PLACEMENT_3D('',#5449,#4331,#4332);
#3768=AXIS2_PLACEMENT_3D('',#5451,#4334,#4335);
#3769=AXIS2_PLACEMENT_3D('',#5453,#4337,#4338);
#3770=AXIS2_PLACEMENT_3D('',#5455,#4339,#4340);
#3771=AXIS2_PLACEMENT_3D('',#5457,#4342,#4343);
#3772=AXIS2_PLACEMENT_3D('',#5459,#4345,#4346);
#3773=AXIS2_PLACEMENT_3D('',#5461,#4347,#4348);
#3774=AXIS2_PLACEMENT_3D('',#5463,#4350,#4351);
#3775=AXIS2_PLACEMENT_3D('',#5467,#4354,#4355);
#3776=AXIS2_PLACEMENT_3D('',#5471,#4358,#4359);
#3777=AXIS2_PLACEMENT_3D('',#5474,#4360,#4361);
#3778=AXIS2_PLACEMENT_3D('',#5477,#4364,#4365);
#3779=AXIS2_PLACEMENT_3D('',#5481,#4368,#4369);
#3780=AXIS2_PLACEMENT_3D('',#5483,#4370,#4371);
#3781=AXIS2_PLACEMENT_3D('',#5485,#4373,#4374);
#3782=AXIS2_PLACEMENT_3D('',#5489,#4376,#4377);
#3783=AXIS2_PLACEMENT_3D('',#5491,#4379,#4380);
#3784=AXIS2_PLACEMENT_3D('',#5495,#4382,#4383);
#3785=AXIS2_PLACEMENT_3D('',#5497,#4385,#4386);
#3786=AXIS2_PLACEMENT_3D('',#5499,#4388,#4389);
#3787=AXIS2_PLACEMENT_3D('',#5503,#4391,#4392);
#3788=AXIS2_PLACEMENT_3D('',#5505,#4393,#4394);
#3789=AXIS2_PLACEMENT_3D('',#5510,#4397,#4398);
#3790=AXIS2_PLACEMENT_3D('',#5514,#4400,#4401);
#3791=AXIS2_PLACEMENT_3D('',#5516,#4402,#4403);
#3792=AXIS2_PLACEMENT_3D('',#5519,#4405,#4406);
#3793=AXIS2_PLACEMENT_3D('',#5523,#4408,#4409);
#3794=AXIS2_PLACEMENT_3D('',#5527,#4411,#4412);
#3795=AXIS2_PLACEMENT_3D('',#5531,#4414,#4415);
#3796=AXIS2_PLACEMENT_3D('',#5535,#4417,#4418);
#3797=AXIS2_PLACEMENT_3D('',#5539,#4420,#4421);
#3798=AXIS2_PLACEMENT_3D('',#5543,#4423,#4424);
#3799=AXIS2_PLACEMENT_3D('',#5547,#4426,#4427);
#3800=AXIS2_PLACEMENT_3D('',#5551,#4429,#4430);
#3801=AXIS2_PLACEMENT_3D('',#5555,#4432,#4433);
#3802=AXIS2_PLACEMENT_3D('',#5558,#4435,#4436);
#3803=AXIS2_PLACEMENT_3D('',#5560,#4437,#4438);
#3804=AXIS2_PLACEMENT_3D('',#5564,#4440,#4441);
#3805=AXIS2_PLACEMENT_3D('',#5568,#4443,#4444);
#3806=AXIS2_PLACEMENT_3D('',#5571,#4446,#4447);
#3807=AXIS2_PLACEMENT_3D('',#5573,#4448,#4449);
#3808=AXIS2_PLACEMENT_3D('',#5577,#4451,#4452);
#3809=AXIS2_PLACEMENT_3D('',#5581,#4454,#4455);
#3810=AXIS2_PLACEMENT_3D('',#5584,#4457,#4458);
#3811=AXIS2_PLACEMENT_3D('',#5586,#4459,#4460);
#3812=AXIS2_PLACEMENT_3D('',#5590,#4462,#4463);
#3813=AXIS2_PLACEMENT_3D('',#5594,#4465,#4466);
#3814=AXIS2_PLACEMENT_3D('',#5598,#4468,#4469);
#3815=AXIS2_PLACEMENT_3D('',#5602,#4471,#4472);
#3816=AXIS2_PLACEMENT_3D('',#5606,#4474,#4475);
#3817=AXIS2_PLACEMENT_3D('',#5610,#4477,#4478);
#3818=AXIS2_PLACEMENT_3D('',#5614,#4480,#4481);
#3819=AXIS2_PLACEMENT_3D('',#5617,#4483,#4484);
#3820=AXIS2_PLACEMENT_3D('',#5619,#4485,#4486);
#3821=AXIS2_PLACEMENT_3D('',#5622,#4487,#4488);
#3822=AXIS2_PLACEMENT_3D('',#5627,#4491,#4492);
#3823=AXIS2_PLACEMENT_3D('',#5631,#4494,#4495);
#3824=AXIS2_PLACEMENT_3D('',#5633,#4497,#4498);
#3825=AXIS2_PLACEMENT_3D('',#5636,#4501,#4502);
#3826=AXIS2_PLACEMENT_3D('',#5638,#4504,#4505);
#3827=AXIS2_PLACEMENT_3D('',#5640,#4507,#4508);
#3828=AXIS2_PLACEMENT_3D('',#5642,#4510,#4511);
#3829=AXIS2_PLACEMENT_3D('',#5644,#4513,#4514);
#3830=AXIS2_PLACEMENT_3D('',#5647,#4517,#4518);
#3831=AXIS2_PLACEMENT_3D('',#5650,#4521,#4522);
#3832=AXIS2_PLACEMENT_3D('',#5653,#4525,#4526);
#3833=AXIS2_PLACEMENT_3D('',#5656,#4529,#4530);
#3834=AXIS2_PLACEMENT_3D('',#5659,#4533,#4534);
#3835=AXIS2_PLACEMENT_3D('',#5662,#4537,#4538);
#3836=AXIS2_PLACEMENT_3D('',#5663,#4539,#4540);
#3837=AXIS2_PLACEMENT_3D('',#5664,#4541,#4542);
#3838=AXIS2_PLACEMENT_3D('',#5665,#4543,#4544);
#3839=AXIS2_PLACEMENT_3D('',#5666,#4545,#4546);
#3840=AXIS2_PLACEMENT_3D('',#5667,#4547,#4548);
#3841=AXIS2_PLACEMENT_3D('',#5668,#4549,#4550);
#3842=AXIS2_PLACEMENT_3D('',#5670,#4552,#4553);
#3843=AXIS2_PLACEMENT_3D('',#5672,#4555,#4556);
#3844=AXIS2_PLACEMENT_3D('',#5674,#4558,#4559);
#3845=AXIS2_PLACEMENT_3D('',#5676,#4561,#4562);
#3846=AXIS2_PLACEMENT_3D('',#5678,#4564,#4565);
#3847=AXIS2_PLACEMENT_3D('',#5680,#4567,#4568);
#3848=AXIS2_PLACEMENT_3D('',#5682,#4570,#4571);
#3849=AXIS2_PLACEMENT_3D('',#5683,#4572,#4573);
#3850=AXIS2_PLACEMENT_3D('',#5685,#4575,#4576);
#3851=AXIS2_PLACEMENT_3D('',#5687,#4578,#4579);
#3852=AXIS2_PLACEMENT_3D('',#5689,#4581,#4582);
#3853=AXIS2_PLACEMENT_3D('',#5690,#4583,#4584);
#3854=AXIS2_PLACEMENT_3D('',#5692,#4586,#4587);
#3855=AXIS2_PLACEMENT_3D('',#5693,#4588,#4589);
#3856=AXIS2_PLACEMENT_3D('',#5694,#4590,#4591);
#3857=AXIS2_PLACEMENT_3D('',#5697,#4594,#4595);
#3858=AXIS2_PLACEMENT_3D('',#5698,#4596,#4597);
#3859=AXIS2_PLACEMENT_3D('',#5700,#4599,#4600);
#3860=AXIS2_PLACEMENT_3D('',#5702,#4602,#4603);
#3861=AXIS2_PLACEMENT_3D('',#5704,#4605,#4606);
#3862=AXIS2_PLACEMENT_3D('',#5706,#4608,#4609);
#3863=AXIS2_PLACEMENT_3D('',#5707,#4610,#4611);
#3864=AXIS2_PLACEMENT_3D('',#5710,#4614,#4615);
#3865=AXIS2_PLACEMENT_3D('',#5711,#4616,#4617);
#3866=AXIS2_PLACEMENT_3D('',#5713,#4619,#4620);
#3867=AXIS2_PLACEMENT_3D('',#5715,#4622,#4623);
#3868=AXIS2_PLACEMENT_3D('',#5717,#4625,#4626);
#3869=AXIS2_PLACEMENT_3D('',#5718,#4627,#4628);
#3870=AXIS2_PLACEMENT_3D('',#5720,#4630,#4631);
#3871=AXIS2_PLACEMENT_3D('',#5722,#4633,#4634);
#3872=AXIS2_PLACEMENT_3D('',#5724,#4636,#4637);
#3873=AXIS2_PLACEMENT_3D('',#5726,#4639,#4640);
#3874=AXIS2_PLACEMENT_3D('',#5728,#4642,#4643);
#3875=AXIS2_PLACEMENT_3D('',#5730,#4645,#4646);
#3876=AXIS2_PLACEMENT_3D('',#5732,#4648,#4649);
#3877=AXIS2_PLACEMENT_3D('',#5734,#4651,#4652);
#3878=AXIS2_PLACEMENT_3D('',#5736,#4654,#4655);
#3879=AXIS2_PLACEMENT_3D('',#5738,#4657,#4658);
#3880=AXIS2_PLACEMENT_3D('',#5740,#4660,#4661);
#3881=AXIS2_PLACEMENT_3D('',#5742,#4663,#4664);
#3882=AXIS2_PLACEMENT_3D('',#5744,#4666,#4667);
#3883=AXIS2_PLACEMENT_3D('',#5746,#4669,#4670);
#3884=AXIS2_PLACEMENT_3D('',#5748,#4672,#4673);
#3885=AXIS2_PLACEMENT_3D('',#5750,#4675,#4676);
#3886=AXIS2_PLACEMENT_3D('',#5752,#4678,#4679);
#3887=AXIS2_PLACEMENT_3D('',#5754,#4681,#4682);
#3888=AXIS2_PLACEMENT_3D('',#5756,#4684,#4685);
#3889=AXIS2_PLACEMENT_3D('',#5758,#4687,#4688);
#3890=AXIS2_PLACEMENT_3D('',#5759,#4689,#4690);
#3891=AXIS2_PLACEMENT_3D('',#5761,#4692,#4693);
#3892=AXIS2_PLACEMENT_3D('',#5763,#4695,#4696);
#3893=AXIS2_PLACEMENT_3D('',#5765,#4698,#4699);
#3894=AXIS2_PLACEMENT_3D('',#5766,#4700,#4701);
#3895=AXIS2_PLACEMENT_3D('',#5769,#4702,#4703);
#3896=AXIS2_PLACEMENT_3D('',#5773,#4705,#4706);
#3897=AXIS2_PLACEMENT_3D('',#5775,#4708,#4709);
#3898=AXIS2_PLACEMENT_3D('',#5779,#4711,#4712);
#3899=AXIS2_PLACEMENT_3D('',#5783,#4714,#4715);
#3900=AXIS2_PLACEMENT_3D('',#5787,#4717,#4718);
#3901=AXIS2_PLACEMENT_3D('',#5791,#4720,#4721);
#3902=AXIS2_PLACEMENT_3D('',#5795,#4723,#4724);
#3903=AXIS2_PLACEMENT_3D('',#5799,#4726,#4727);
#3904=AXIS2_PLACEMENT_3D('',#5814,#4735,#4736);
#3905=AXIS2_PLACEMENT_3D('',#5817,#4737,#4738);
#3906=AXIS2_PLACEMENT_3D('',#5821,#4740,#4741);
#3907=AXIS2_PLACEMENT_3D('',#5825,#4743,#4744);
#3908=AXIS2_PLACEMENT_3D('',#5829,#4746,#4747);
#3909=AXIS2_PLACEMENT_3D('',#5833,#4749,#4750);
#3910=AXIS2_PLACEMENT_3D('',#5837,#4752,#4753);
#3911=AXIS2_PLACEMENT_3D('',#5839,#4755,#4756);
#3912=AXIS2_PLACEMENT_3D('',#5843,#4759,#4760);
#3913=AXIS2_PLACEMENT_3D('',#5845,#4761,#4762);
#3914=AXIS2_PLACEMENT_3D('',#5847,#4764,#4765);
#3915=AXIS2_PLACEMENT_3D('',#5853,#4769,#4770);
#3916=AXIS2_PLACEMENT_3D('',#5855,#4771,#4772);
#3917=AXIS2_PLACEMENT_3D('',#5857,#4774,#4775);
#3918=AXIS2_PLACEMENT_3D('',#5861,#4778,#4779);
#3919=AXIS2_PLACEMENT_3D('',#5863,#4780,#4781);
#3920=AXIS2_PLACEMENT_3D('',#5865,#4783,#4784);
#3921=AXIS2_PLACEMENT_3D('',#5869,#4787,#4788);
#3922=AXIS2_PLACEMENT_3D('',#5871,#4789,#4790);
#3923=AXIS2_PLACEMENT_3D('',#5873,#4792,#4793);
#3924=AXIS2_PLACEMENT_3D('',#5877,#4796,#4797);
#3925=AXIS2_PLACEMENT_3D('',#5879,#4798,#4799);
#3926=AXIS2_PLACEMENT_3D('',#5881,#4801,#4802);
#3927=AXIS2_PLACEMENT_3D('',#5885,#4805,#4806);
#3928=AXIS2_PLACEMENT_3D('',#5887,#4807,#4808);
#3929=AXIS2_PLACEMENT_3D('',#5889,#4810,#4811);
#3930=AXIS2_PLACEMENT_3D('',#5893,#4814,#4815);
#3931=AXIS2_PLACEMENT_3D('',#5894,#4816,#4817);
#3932=AXIS2_PLACEMENT_3D('',#5895,#4818,#4819);
#3933=AXIS2_PLACEMENT_3D('',#5901,#4823,#4824);
#3934=AXIS2_PLACEMENT_3D('',#5905,#4827,#4828);
#3935=AXIS2_PLACEMENT_3D('',#5907,#4830,#4831);
#3936=AXIS2_PLACEMENT_3D('',#5909,#4832,#4833);
#3937=AXIS2_PLACEMENT_3D('',#5911,#4835,#4836);
#3938=AXIS2_PLACEMENT_3D('',#5915,#4839,#4840);
#3939=AXIS2_PLACEMENT_3D('',#5917,#4841,#4842);
#3940=AXIS2_PLACEMENT_3D('',#5919,#4844,#4845);
#3941=AXIS2_PLACEMENT_3D('',#5923,#4848,#4849);
#3942=AXIS2_PLACEMENT_3D('',#5925,#4850,#4851);
#3943=AXIS2_PLACEMENT_3D('',#5927,#4853,#4854);
#3944=AXIS2_PLACEMENT_3D('',#5931,#4857,#4858);
#3945=AXIS2_PLACEMENT_3D('',#5933,#4859,#4860);
#3946=AXIS2_PLACEMENT_3D('',#5935,#4862,#4863);
#3947=AXIS2_PLACEMENT_3D('',#5939,#4866,#4867);
#3948=AXIS2_PLACEMENT_3D('',#5941,#4868,#4869);
#3949=AXIS2_PLACEMENT_3D('',#5943,#4871,#4872);
#3950=AXIS2_PLACEMENT_3D('',#5947,#4875,#4876);
#3951=AXIS2_PLACEMENT_3D('',#5949,#4877,#4878);
#3952=AXIS2_PLACEMENT_3D('',#5951,#4880,#4881);
#3953=AXIS2_PLACEMENT_3D('',#5955,#4884,#4885);
#3954=AXIS2_PLACEMENT_3D('',#5959,#4888,#4889);
#3955=AXIS2_PLACEMENT_3D('',#5963,#4892,#4893);
#3956=AXIS2_PLACEMENT_3D('',#5965,#4895,#4896);
#3957=AXIS2_PLACEMENT_3D('',#5966,#4897,#4898);
#3958=AXIS2_PLACEMENT_3D('',#5969,#4899,#4900);
#3959=AXIS2_PLACEMENT_3D('',#5973,#4902,#4903);
#3960=AXIS2_PLACEMENT_3D('',#5975,#4905,#4906);
#3961=AXIS2_PLACEMENT_3D('',#5979,#4908,#4909);
#3962=AXIS2_PLACEMENT_3D('',#5983,#4911,#4912);
#3963=AXIS2_PLACEMENT_3D('',#5987,#4914,#4915);
#3964=AXIS2_PLACEMENT_3D('',#5991,#4917,#4918);
#3965=AXIS2_PLACEMENT_3D('',#5995,#4920,#4921);
#3966=AXIS2_PLACEMENT_3D('',#5999,#4923,#4924);
#3967=AXIS2_PLACEMENT_3D('',#6014,#4932,#4933);
#3968=AXIS2_PLACEMENT_3D('',#6017,#4934,#4935);
#3969=AXIS2_PLACEMENT_3D('',#6021,#4937,#4938);
#3970=AXIS2_PLACEMENT_3D('',#6025,#4940,#4941);
#3971=AXIS2_PLACEMENT_3D('',#6029,#4943,#4944);
#3972=AXIS2_PLACEMENT_3D('',#6033,#4946,#4947);
#3973=AXIS2_PLACEMENT_3D('',#6037,#4949,#4950);
#3974=AXIS2_PLACEMENT_3D('',#6039,#4952,#4953);
#3975=AXIS2_PLACEMENT_3D('',#6043,#4956,#4957);
#3976=AXIS2_PLACEMENT_3D('',#6046,#4959,#4960);
#3977=AXIS2_PLACEMENT_3D('',#6047,#4961,#4962);
#3978=AXIS2_PLACEMENT_3D('',#6053,#4966,#4967);
#3979=AXIS2_PLACEMENT_3D('',#6055,#4968,#4969);
#3980=AXIS2_PLACEMENT_3D('',#6057,#4971,#4972);
#3981=AXIS2_PLACEMENT_3D('',#6061,#4975,#4976);
#3982=AXIS2_PLACEMENT_3D('',#6063,#4977,#4978);
#3983=AXIS2_PLACEMENT_3D('',#6065,#4980,#4981);
#3984=AXIS2_PLACEMENT_3D('',#6069,#4984,#4985);
#3985=AXIS2_PLACEMENT_3D('',#6071,#4986,#4987);
#3986=AXIS2_PLACEMENT_3D('',#6073,#4989,#4990);
#3987=AXIS2_PLACEMENT_3D('',#6077,#4993,#4994);
#3988=AXIS2_PLACEMENT_3D('',#6079,#4995,#4996);
#3989=AXIS2_PLACEMENT_3D('',#6081,#4998,#4999);
#3990=AXIS2_PLACEMENT_3D('',#6085,#5002,#5003);
#3991=AXIS2_PLACEMENT_3D('',#6087,#5004,#5005);
#3992=AXIS2_PLACEMENT_3D('',#6089,#5007,#5008);
#3993=AXIS2_PLACEMENT_3D('',#6093,#5011,#5012);
#3994=AXIS2_PLACEMENT_3D('',#6094,#5013,#5014);
#3995=AXIS2_PLACEMENT_3D('',#6095,#5015,#5016);
#3996=AXIS2_PLACEMENT_3D('',#6101,#5020,#5021);
#3997=AXIS2_PLACEMENT_3D('',#6105,#5024,#5025);
#3998=AXIS2_PLACEMENT_3D('',#6107,#5027,#5028);
#3999=AXIS2_PLACEMENT_3D('',#6109,#5029,#5030);
#4000=AXIS2_PLACEMENT_3D('',#6111,#5032,#5033);
#4001=AXIS2_PLACEMENT_3D('',#6115,#5036,#5037);
#4002=AXIS2_PLACEMENT_3D('',#6117,#5038,#5039);
#4003=AXIS2_PLACEMENT_3D('',#6119,#5041,#5042);
#4004=AXIS2_PLACEMENT_3D('',#6123,#5045,#5046);
#4005=AXIS2_PLACEMENT_3D('',#6125,#5047,#5048);
#4006=AXIS2_PLACEMENT_3D('',#6127,#5050,#5051);
#4007=AXIS2_PLACEMENT_3D('',#6131,#5054,#5055);
#4008=AXIS2_PLACEMENT_3D('',#6133,#5056,#5057);
#4009=AXIS2_PLACEMENT_3D('',#6135,#5059,#5060);
#4010=AXIS2_PLACEMENT_3D('',#6139,#5063,#5064);
#4011=AXIS2_PLACEMENT_3D('',#6141,#5065,#5066);
#4012=AXIS2_PLACEMENT_3D('',#6143,#5068,#5069);
#4013=AXIS2_PLACEMENT_3D('',#6147,#5072,#5073);
#4014=AXIS2_PLACEMENT_3D('',#6149,#5074,#5075);
#4015=AXIS2_PLACEMENT_3D('',#6151,#5077,#5078);
#4016=AXIS2_PLACEMENT_3D('',#6155,#5081,#5082);
#4017=AXIS2_PLACEMENT_3D('',#6159,#5085,#5086);
#4018=AXIS2_PLACEMENT_3D('',#6163,#5089,#5090);
#4019=AXIS2_PLACEMENT_3D('',#6165,#5092,#5093);
#4020=AXIS2_PLACEMENT_3D('',#6166,#5094,#5095);
#4021=DIRECTION('axis',(0.,0.,1.));
#4022=DIRECTION('refdir',(1.,0.,0.));
#4023=DIRECTION('axis',(0.,0.,1.));
#4024=DIRECTION('refdir',(1.,0.,0.));
#4025=DIRECTION('center_axis',(1.77635683940025E-15,0.,-1.));
#4026=DIRECTION('ref_axis',(-0.0454845815076072,-0.99896504085232,0.));
#4027=DIRECTION('center_axis',(-2.22623912784605E-15,0.,1.));
#4028=DIRECTION('ref_axis',(-0.0454845815076072,-0.99896504085232,0.));
#4029=DIRECTION('',(1.77635683940025E-15,0.,-1.));
#4030=DIRECTION('center_axis',(2.22623912784605E-15,0.,-1.));
#4031=DIRECTION('ref_axis',(-0.0454845815076072,-0.99896504085232,0.));
#4032=DIRECTION('',(-1.77635683940025E-15,0.,1.));
#4033=DIRECTION('center_axis',(-0.421489854363171,0.906833117320333,-7.48716385535833E-16));
#4034=DIRECTION('ref_axis',(0.906833117320333,0.421489854363171,2.01882736820587E-15));
#4035=DIRECTION('',(0.906833117320333,0.421489854363171,2.01882736820513E-15));
#4036=DIRECTION('',(-1.77635683940025E-15,0.,1.));
#4037=DIRECTION('',(-0.906833117320333,-0.421489854363171,-2.01882736820513E-15));
#4038=DIRECTION('center_axis',(1.77635683940025E-15,0.,-1.));
#4039=DIRECTION('ref_axis',(0.792974324339004,-0.609255054094014,0.));
#4040=DIRECTION('center_axis',(-2.22623912784605E-15,0.,1.));
#4041=DIRECTION('ref_axis',(0.792974324339004,-0.609255054094014,0.));
#4042=DIRECTION('',(1.77635683940025E-15,0.,-1.));
#4043=DIRECTION('center_axis',(2.22623912784605E-15,0.,-1.));
#4044=DIRECTION('ref_axis',(0.792974324339004,-0.609255054094014,0.));
#4045=DIRECTION('center_axis',(-0.984807753012148,0.173648177667269,-1.74936998755752E-15));
#4046=DIRECTION('ref_axis',(0.173648177667269,0.984807753012148,3.86582367602177E-16));
#4047=DIRECTION('',(0.173648177667269,0.984807753012148,3.86582367602177E-16));
#4048=DIRECTION('',(1.77635683940025E-15,0.,-1.));
#4049=DIRECTION('',(0.173648177667269,0.984807753012148,3.86582367602177E-16));
#4050=DIRECTION('center_axis',(1.77635683940025E-15,0.,-1.));
#4051=DIRECTION('ref_axis',(0.792974324365043,0.609255054060123,2.50410254197514E-15));
#4052=DIRECTION('center_axis',(-2.22623912784605E-15,0.,1.));
#4053=DIRECTION('ref_axis',(0.792974324365043,0.609255054060123,2.50410254197514E-15));
#4054=DIRECTION('',(1.77635683940025E-15,0.,-1.));
#4055=DIRECTION('center_axis',(2.22623912784605E-15,0.,-1.));
#4056=DIRECTION('ref_axis',(0.792974324365043,0.609255054060123,2.50410254197514E-15));
#4057=DIRECTION('',(-1.77635683940025E-15,0.,1.));
#4058=DIRECTION('center_axis',(-0.421489854440865,-0.906833117284221,-7.48716385673847E-16));
#4059=DIRECTION('ref_axis',(-0.906833117284221,0.421489854440865,-2.01882736812548E-15));
#4060=DIRECTION('',(-0.906833117284221,0.421489854440865,-2.01882736812474E-15));
#4061=DIRECTION('',(-1.77635683940025E-15,0.,1.));
#4062=DIRECTION('',(0.906833117284221,-0.421489854440865,2.01882736812474E-15));
#4063=DIRECTION('center_axis',(1.77635683940025E-15,0.,-1.));
#4064=DIRECTION('ref_axis',(-0.0454845814402703,0.998965040855386,0.));
#4065=DIRECTION('center_axis',(-2.22623912784605E-15,0.,1.));
#4066=DIRECTION('ref_axis',(-0.0454845814402703,0.998965040855386,0.));
#4067=DIRECTION('',(1.77635683940025E-15,0.,-1.));
#4068=DIRECTION('center_axis',(2.22623912784605E-15,0.,-1.));
#4069=DIRECTION('ref_axis',(-0.0454845814402703,0.998965040855386,0.));
#4070=DIRECTION('center_axis',(0.502154330061383,-0.864778022847831,8.92005278638988E-16));
#4071=DIRECTION('ref_axis',(-0.864778022847831,-0.502154330061383,-1.92520267136589E-15));
#4072=DIRECTION('',(-0.864778022847831,-0.502154330061383,-1.92520267136589E-15));
#4073=DIRECTION('',(1.77635683940025E-15,0.,-1.));
#4074=DIRECTION('',(-0.864778022847831,-0.502154330061383,-1.92520267136589E-15));
#4075=DIRECTION('center_axis',(0.502154330103882,0.864778022823153,8.92005278714482E-16));
#4076=DIRECTION('ref_axis',(0.864778022823153,-0.502154330103882,1.92520267131095E-15));
#4077=DIRECTION('',(0.864778022823153,-0.502154330103882,1.92520267131095E-15));
#4078=DIRECTION('',(1.77635683940025E-15,0.,-1.));
#4079=DIRECTION('',(0.864778022823153,-0.502154330103882,1.92520267131095E-15));
#4080=DIRECTION('center_axis',(-0.984807753012111,-0.173648177667479,-1.74936998755746E-15));
#4081=DIRECTION('ref_axis',(-0.173648177667479,0.984807753012111,-3.86582367602645E-16));
#4082=DIRECTION('',(-0.173648177667479,0.984807753012111,-3.86582367602645E-16));
#4083=DIRECTION('',(1.77635683940025E-15,0.,-1.));
#4084=DIRECTION('',(-0.173648177667479,0.984807753012111,-3.86582367602645E-16));
#4085=DIRECTION('center_axis',(0.,-1.03148467592483E-15,1.));
#4086=DIRECTION('ref_axis',(0.866647082168842,0.498921672177339,1.28105551552398E-15));
#4087=DIRECTION('center_axis',(2.22623912784605E-15,0.,-1.));
#4088=DIRECTION('ref_axis',(0.866647082168842,0.498921672177339,1.28105551552398E-15));
#4089=DIRECTION('',(0.,-1.03148467592483E-15,1.));
#4090=DIRECTION('center_axis',(-2.22623912784605E-15,0.,1.));
#4091=DIRECTION('ref_axis',(0.866647082168842,0.498921672177339,1.28105551552398E-15));
#4092=DIRECTION('',(0.,1.03148467592483E-15,-1.));
#4093=DIRECTION('center_axis',(-1.,0.,0.));
#4094=DIRECTION('ref_axis',(0.,1.,0.));
#4095=DIRECTION('',(0.,1.,0.));
#4096=DIRECTION('',(0.,-1.03148467592474E-15,-1.));
#4097=DIRECTION('',(0.,-1.,0.));
#4098=DIRECTION('center_axis',(0.,-1.03148467592474E-15,-1.));
#4099=DIRECTION('ref_axis',(0.866647082168834,-0.498921672177354,0.));
#4100=DIRECTION('center_axis',(-2.22623912784605E-15,0.,1.));
#4101=DIRECTION('ref_axis',(0.866647082168834,-0.498921672177354,0.));
#4102=DIRECTION('center_axis',(2.22623912784605E-15,0.,-1.));
#4103=DIRECTION('ref_axis',(0.866647082168834,-0.498921672177354,0.));
#4104=DIRECTION('',(0.,1.03148467592474E-15,1.));
#4105=DIRECTION('center_axis',(0.,0.,-1.));
#4106=DIRECTION('ref_axis',(-1.,0.,0.));
#4107=DIRECTION('center_axis',(2.22623912784605E-15,0.,-1.));
#4108=DIRECTION('ref_axis',(-1.,0.,0.));
#4109=DIRECTION('',(0.,0.,-1.));
#4110=DIRECTION('center_axis',(-2.22623912784605E-15,0.,1.));
#4111=DIRECTION('ref_axis',(-1.,0.,0.));
#4112=DIRECTION('center_axis',(-0.502154330063538,-0.86477802284658,-8.92005278642816E-16));
#4113=DIRECTION('ref_axis',(-0.86477802284658,0.502154330063538,-1.92520267136304E-15));
#4114=DIRECTION('',(-0.86477802284658,0.502154330063538,-1.92520267136304E-15));
#4115=DIRECTION('',(-1.65543930142203E-15,-7.02137007095962E-17,1.));
#4116=DIRECTION('',(-0.86477802284658,0.502154330063538,-1.92520267136304E-15));
#4117=DIRECTION('center_axis',(0.,0.,-1.));
#4118=DIRECTION('ref_axis',(-0.381533184481401,-0.924355142323274,0.));
#4119=DIRECTION('center_axis',(-2.22623912784605E-15,0.,1.));
#4120=DIRECTION('ref_axis',(-0.381533184481401,-0.924355142323274,0.));
#4121=DIRECTION('',(0.,0.,1.));
#4122=DIRECTION('center_axis',(2.22623912784605E-15,0.,-1.));
#4123=DIRECTION('ref_axis',(-0.381533184481401,-0.924355142323274,0.));
#4124=DIRECTION('',(0.,0.,-1.));
#4125=DIRECTION('center_axis',(2.22623912784605E-15,0.,-1.));
#4126=DIRECTION('ref_axis',(-1.,0.,-2.22623912784605E-15));
#4127=DIRECTION('',(0.999101740666517,-0.0423758397809001,0.));
#4128=DIRECTION('center_axis',(2.22623912784605E-15,0.,-1.));
#4129=DIRECTION('ref_axis',(0.301892656597978,-0.953341923914088,0.));
#4130=DIRECTION('',(0.7925950013093,0.609748443130042,9.55582477743644E-32));
#4131=DIRECTION('center_axis',(-2.22623912784605E-15,0.,1.));
#4132=DIRECTION('ref_axis',(0.573576436351252,0.819152044288848,7.40148683083436E-16));
#4133=DIRECTION('',(0.819152044288848,-0.573576436351252,1.82362833265158E-15));
#4134=DIRECTION('center_axis',(2.22623912784686E-15,0.,-1.));
#4135=DIRECTION('ref_axis',(0.57357643635045,0.819152044289409,1.27691830541434E-15));
#4136=DIRECTION('',(0.642787609686701,-0.766044443118842,1.43099892757969E-15));
#4137=DIRECTION('center_axis',(2.22623912784686E-15,0.,-1.));
#4138=DIRECTION('ref_axis',(0.,-1.,0.));
#4139=DIRECTION('',(1.,-2.45124222271095E-12,2.22623912784686E-15));
#4140=DIRECTION('center_axis',(2.22623912784686E-15,0.,-1.));
#4141=DIRECTION('ref_axis',(0.906307787037635,-0.422618261738587,2.01765785737548E-15));
#4142=DIRECTION('',(0.422618261740558,0.906307787036716,9.40849310429456E-16));
#4143=DIRECTION('center_axis',(2.22623912784686E-15,0.,-1.));
#4144=DIRECTION('ref_axis',(0.906307787036037,0.422618261742015,2.01765785737193E-15));
#4145=DIRECTION('',(-0.42261826174151,0.906307787036272,-9.40849310431576E-16));
#4146=DIRECTION('center_axis',(2.22623912784686E-15,0.,-1.));
#4147=DIRECTION('ref_axis',(-0.90630778703665,-0.4226182617407,-2.01765785737329E-15));
#4148=DIRECTION('',(-0.173648177666597,0.984807753012267,-3.86582367600683E-16));
#4149=DIRECTION('center_axis',(2.22623912784677E-15,4.9596635161473E-29,
-1.));
#4150=DIRECTION('ref_axis',(-1.,-2.22044604924989E-16,-2.22623912784677E-15));
#4151=DIRECTION('',(-0.17364817766552,-0.984807753012457,-3.86582367598283E-16));
#4152=DIRECTION('center_axis',(2.22623912784686E-15,0.,-1.));
#4153=DIRECTION('ref_axis',(-0.98480775301219,0.173648177667031,-2.19241755316269E-15));
#4154=DIRECTION('',(-0.422618261740701,-0.906307787036649,-9.40849310429775E-16));
#4155=DIRECTION('center_axis',(2.22623912784686E-15,0.,-1.));
#4156=DIRECTION('ref_axis',(0.90630778703665,0.4226182617407,2.01765785737329E-15));
#4157=DIRECTION('',(0.422618261740698,-0.906307787036651,9.40849310429768E-16));
#4158=DIRECTION('center_axis',(2.22623912784686E-15,0.,-1.));
#4159=DIRECTION('ref_axis',(0.,1.,0.));
#4160=DIRECTION('',(1.,0.,2.22623912784686E-15));
#4161=DIRECTION('center_axis',(2.22623912784686E-15,0.,-1.));
#4162=DIRECTION('ref_axis',(-0.766044443123676,0.642787609680941,-1.70539811295159E-15));
#4163=DIRECTION('',(0.642787609686539,0.766044443118978,1.43099892757933E-15));
#4164=DIRECTION('center_axis',(2.22623912784686E-15,0.,-1.));
#4165=DIRECTION('ref_axis',(0.766044443118978,-0.642787609686539,1.70539811294113E-15));
#4166=DIRECTION('',(0.819152044288991,0.573576436351047,1.8236283326519E-15));
#4167=DIRECTION('center_axis',(-2.22623912784605E-15,0.,1.));
#4168=DIRECTION('ref_axis',(0.573576436351047,-0.819152044288991,7.40148683083439E-16));
#4169=DIRECTION('',(0.792595001309301,-0.609748443130041,1.30105113407247E-31));
#4170=DIRECTION('center_axis',(2.22623912784605E-15,0.,-1.));
#4171=DIRECTION('ref_axis',(0.301892656597977,0.953341923914089,0.));
#4172=DIRECTION('',(0.999101740666517,0.0423758397808993,0.));
#4173=DIRECTION('center_axis',(2.22623912784605E-15,0.,-1.));
#4174=DIRECTION('ref_axis',(-0.381533184481394,0.924355142323277,0.));
#4175=DIRECTION('',(0.738117671786867,0.674671996303341,0.));
#4176=DIRECTION('center_axis',(-2.22623912784605E-15,0.,1.));
#4177=DIRECTION('ref_axis',(0.107010735087647,-0.994257865232155,-9.18211524381057E-16));
#4178=DIRECTION('',(0.864778022847286,-0.502154330062321,1.92520267136468E-15));
#4179=DIRECTION('',(0.502154330038882,0.864778022860896,1.11791561775029E-15));
#4180=DIRECTION('center_axis',(2.22623912784693E-15,-2.42157848850265E-29,
-1.));
#4181=DIRECTION('ref_axis',(-0.978094453644262,0.208161571262163,-2.17747214343292E-15));
#4182=DIRECTION('center_axis',(2.22623912784685E-15,2.99696212589753E-32,
-1.));
#4183=DIRECTION('ref_axis',(-0.990151503558932,0.13999999999995,-2.20431401971928E-15));
#4184=DIRECTION('',(-0.642787609805437,0.766044443019211,-1.4309989278435E-15));
#4185=DIRECTION('center_axis',(2.22623912784661E-15,-1.90017615850497E-30,
-1.));
#4186=DIRECTION('ref_axis',(0.766044443118978,0.64278760968654,1.70539811294094E-15));
#4187=DIRECTION('',(0.,-1.,0.));
#4188=DIRECTION('center_axis',(2.22623912784662E-15,-1.90017615850497E-30,
-1.));
#4189=DIRECTION('ref_axis',(1.,0.,2.22623912784662E-15));
#4190=DIRECTION('',(-0.642787609805434,-0.766044443019213,-1.43099892784349E-15));
#4191=DIRECTION('center_axis',(2.22623912784685E-15,3.07921036059924E-32,
-1.));
#4192=DIRECTION('ref_axis',(-0.978094453644072,-0.208161571263057,-2.17747214343242E-15));
#4193=DIRECTION('center_axis',(2.22623912784695E-15,-1.20262486640523E-29,
-1.));
#4194=DIRECTION('ref_axis',(-0.864778022847031,-0.502154330062761,-1.92520267136418E-15));
#4195=DIRECTION('',(0.502154330038804,-0.864778022860942,1.11791561775012E-15));
#4196=DIRECTION('',(0.864778022846835,0.502154330063098,1.92520267136367E-15));
#4197=DIRECTION('center_axis',(-2.22623912784605E-15,0.,1.));
#4198=DIRECTION('ref_axis',(0.107010735087206,0.994257865232202,-9.18211524381363E-16));
#4199=DIRECTION('',(0.738117671786867,-0.674671996303341,0.));
#4200=DIRECTION('center_axis',(-2.22623912784686E-15,0.,1.));
#4201=DIRECTION('ref_axis',(-0.502154330062799,-0.864778022847009,-1.11791561780353E-15));
#4202=DIRECTION('',(0.0423758415083292,-0.99910174059325,9.43387564412796E-17));
#4203=DIRECTION('center_axis',(-2.22623912784686E-15,0.,1.));
#4204=DIRECTION('ref_axis',(-0.999101740593249,-0.0423758415083406,-2.2242393876086E-15));
#4205=DIRECTION('',(-0.819152044286649,-0.573576436354392,-1.82362833264668E-15));
#4206=DIRECTION('center_axis',(-2.22623912784686E-15,0.,1.));
#4207=DIRECTION('ref_axis',(-0.573576436354391,0.819152044286649,-1.27691830542311E-15));
#4208=DIRECTION('',(-0.843391445825303,0.537299608327333,-1.87759103678763E-15));
#4209=DIRECTION('center_axis',(-2.22623912784686E-15,0.,1.));
#4210=DIRECTION('ref_axis',(0.537299608326799,0.843391445825643,1.19615741143391E-15));
#4211=DIRECTION('center_axis',(-2.22623912784686E-15,0.,1.));
#4212=DIRECTION('ref_axis',(0.984807753012247,0.173648177666709,2.19241755316281E-15));
#4213=DIRECTION('',(0.843391445826203,0.53729960832592,1.87759103678963E-15));
#4214=DIRECTION('center_axis',(-2.22623912784686E-15,0.,1.));
#4215=DIRECTION('ref_axis',(0.537299608325154,-0.843391445826691,1.19615741143025E-15));
#4216=DIRECTION('',(0.819152044286806,-0.573576436354167,1.82362833264703E-15));
#4217=DIRECTION('center_axis',(-2.22623912784686E-15,0.,1.));
#4218=DIRECTION('ref_axis',(-0.573576436351043,-0.819152044288994,-1.27691830541566E-15));
#4219=DIRECTION('',(-0.0423758415791597,-0.999101740590245,-9.43387565989653E-17));
#4220=DIRECTION('center_axis',(-2.22623912784686E-15,0.,1.));
#4221=DIRECTION('ref_axis',(-0.999101740666869,0.0423758397725861,-2.22423938777249E-15));
#4222=DIRECTION('center_axis',(2.22623912784605E-15,0.,-1.));
#4223=DIRECTION('ref_axis',(-1.,0.,0.));
#4224=DIRECTION('center_axis',(2.22623912784605E-15,0.,-1.));
#4225=DIRECTION('ref_axis',(-1.,0.,0.));
#4226=DIRECTION('center_axis',(2.22623912784605E-15,0.,-1.));
#4227=DIRECTION('ref_axis',(-1.,0.,0.));
#4228=DIRECTION('',(-0.999101740666657,0.0423758397775832,-2.22423938777202E-15));
#4229=DIRECTION('center_axis',(2.22623912784605E-15,0.,-1.));
#4230=DIRECTION('ref_axis',(-1.,0.,0.));
#4231=DIRECTION('',(0.0423758398015737,0.99910174066564,9.43387526416338E-17));
#4232=DIRECTION('center_axis',(2.22623912784605E-15,0.,-1.));
#4233=DIRECTION('ref_axis',(-1.,0.,0.));
#4234=DIRECTION('',(0.999101740666645,-0.042375839777866,2.22423938777199E-15));
#4235=DIRECTION('center_axis',(2.22623912784605E-15,0.,-1.));
#4236=DIRECTION('ref_axis',(-1.,0.,0.));
#4237=DIRECTION('',(-0.0423758397791142,-0.999101740666592,-9.43387525916336E-17));
#4238=DIRECTION('',(0.819152044287215,-0.573576436353584,1.82362833264788E-15));
#4239=DIRECTION('center_axis',(-2.22623912784678E-15,1.5134023414708E-43,
1.));
#4240=DIRECTION('ref_axis',(-0.573576436351162,-0.81915204428891,-1.27691830541588E-15));
#4241=DIRECTION('',(2.06502237285193E-15,-1.,4.59723360632214E-30));
#4242=DIRECTION('center_axis',(-2.22623912784678E-15,-2.69049305150365E-43,
1.));
#4243=DIRECTION('ref_axis',(-1.,1.55431223447524E-14,-2.22623912784678E-15));
#4244=DIRECTION('',(-0.819152044287215,-0.573576436353584,-1.82362833264788E-15));
#4245=DIRECTION('center_axis',(-2.22623912784605E-15,0.,1.));
#4246=DIRECTION('ref_axis',(-0.320850081696071,0.947129993757786,-7.71088198346772E-16));
#4247=DIRECTION('',(0.999101740666682,0.042375839776999,0.));
#4248=DIRECTION('center_axis',(-2.22623912784605E-15,0.,1.));
#4249=DIRECTION('ref_axis',(0.239499019465206,0.970896606068434,0.));
#4250=DIRECTION('',(0.864778022846598,0.502154330063507,1.92520267136308E-15));
#4251=DIRECTION('center_axis',(-2.22623912784605E-15,0.,1.));
#4252=DIRECTION('ref_axis',(0.239499019465186,-0.970896606068439,0.));
#4253=DIRECTION('',(0.999101740666682,-0.0423758397769984,-5.18954365440826E-18));
#4254=DIRECTION('center_axis',(-2.22623912784605E-15,0.,1.));
#4255=DIRECTION('ref_axis',(-0.320850081696077,-0.947129993757784,0.));
#4256=DIRECTION('center_axis',(-2.22623912784686E-15,0.,1.));
#4257=DIRECTION('ref_axis',(-1.,0.,-2.22623912784686E-15));
#4258=DIRECTION('center_axis',(-2.22623912784686E-15,0.,1.));
#4259=DIRECTION('ref_axis',(-1.,0.,-2.22623912784686E-15));
#4260=DIRECTION('center_axis',(2.22623912784605E-15,0.,-1.));
#4261=DIRECTION('ref_axis',(-1.,0.,0.));
#4262=DIRECTION('',(0.999101740666576,0.0423758397795132,2.22423938777184E-15));
#4263=DIRECTION('center_axis',(2.22623912784605E-15,0.,-1.));
#4264=DIRECTION('ref_axis',(-1.,0.,0.));
#4265=DIRECTION('',(0.042375839779021,-0.999101740666596,9.4338752591426E-17));
#4266=DIRECTION('center_axis',(2.22623912784605E-15,0.,-1.));
#4267=DIRECTION('ref_axis',(-1.,0.,0.));
#4268=DIRECTION('',(-0.999101740666682,-0.0423758397769989,-2.22423938777208E-15));
#4269=DIRECTION('center_axis',(2.22623912784605E-15,0.,-1.));
#4270=DIRECTION('ref_axis',(-1.,0.,0.));
#4271=DIRECTION('',(-0.0423758397739053,0.999101740666813,-9.43387525800373E-17));
#4272=DIRECTION('center_axis',(-0.0423758397809001,-0.999101740666517,0.));
#4273=DIRECTION('ref_axis',(-0.999101740666517,0.0423758397809001,0.));
#4274=DIRECTION('',(-0.999101740666517,0.0423758397809001,0.));
#4275=DIRECTION('',(0.,0.,-1.));
#4276=DIRECTION('center_axis',(0.,0.,-1.));
#4277=DIRECTION('ref_axis',(0.301892656597978,-0.953341923914088,0.));
#4278=DIRECTION('center_axis',(-2.22623912784605E-15,0.,1.));
#4279=DIRECTION('ref_axis',(0.301892656597978,-0.953341923914088,0.));
#4280=DIRECTION('',(0.,0.,1.));
#4281=DIRECTION('center_axis',(-8.46414844185686E-16,-6.51152395147364E-16,
1.));
#4282=DIRECTION('ref_axis',(0.573576436351252,0.819152044288848,7.40148683083436E-16));
#4283=DIRECTION('',(8.46414844185686E-16,6.51152395147364E-16,-1.));
#4284=DIRECTION('center_axis',(2.22623912784605E-15,0.,-1.));
#4285=DIRECTION('ref_axis',(0.573576436351252,0.819152044288848,7.40148683083436E-16));
#4286=DIRECTION('',(-8.46414844185686E-16,-6.51152395147364E-16,1.));
#4287=DIRECTION('center_axis',(-0.573576436351252,-0.819152044288848,-1.01887642563137E-15));
#4288=DIRECTION('ref_axis',(-0.819152044288848,0.573576436351252,-1.82362833265158E-15));
#4289=DIRECTION('',(-0.819152044288848,0.573576436351252,-1.82362833265158E-15));
#4290=DIRECTION('',(1.77635683940025E-15,0.,-1.));
#4291=DIRECTION('center_axis',(-6.90086380150505E-16,6.30769284510946E-16,
1.));
#4292=DIRECTION('ref_axis',(0.107010735087206,0.994257865232202,-9.18211524381363E-16));
#4293=DIRECTION('center_axis',(2.22623912784605E-15,0.,-1.));
#4294=DIRECTION('ref_axis',(0.107010735087206,0.994257865232202,-9.18211524381363E-16));
#4295=DIRECTION('',(-6.90086380150505E-16,6.30769284510946E-16,1.));
#4296=DIRECTION('',(6.90086380150505E-16,-6.30769284510946E-16,-1.));
#4297=DIRECTION('center_axis',(-0.674671996303341,-0.738117671786867,0.));
#4298=DIRECTION('ref_axis',(-0.738117671786867,0.674671996303341,0.));
#4299=DIRECTION('',(-0.738117671786867,0.674671996303341,0.));
#4300=DIRECTION('center_axis',(8.46414844185451E-16,-6.51152395147182E-16,
-1.));
#4301=DIRECTION('ref_axis',(0.573576436351047,-0.819152044288991,7.40148683083439E-16));
#4302=DIRECTION('center_axis',(2.22623912784605E-15,0.,-1.));
#4303=DIRECTION('ref_axis',(0.573576436351047,-0.819152044288991,7.40148683083439E-16));
#4304=DIRECTION('',(-8.46414844185451E-16,6.51152395147182E-16,1.));
#4305=DIRECTION('',(8.46414844185451E-16,-6.51152395147182E-16,-1.));
#4306=DIRECTION('center_axis',(-0.573576436351047,0.819152044288991,-1.018876425631E-15));
#4307=DIRECTION('ref_axis',(0.819152044288991,0.573576436351047,1.8236283326519E-15));
#4308=DIRECTION('',(1.77635683940025E-15,0.,-1.));
#4309=DIRECTION('',(0.819152044288991,0.573576436351047,1.8236283326519E-15));
#4310=DIRECTION('center_axis',(0.,0.,-1.));
#4311=DIRECTION('ref_axis',(0.301892656597977,0.953341923914089,0.));
#4312=DIRECTION('center_axis',(-2.22623912784605E-15,0.,1.));
#4313=DIRECTION('ref_axis',(0.301892656597977,0.953341923914089,0.));
#4314=DIRECTION('',(0.,0.,1.));
#4315=DIRECTION('',(0.,0.,-1.));
#4316=DIRECTION('center_axis',(0.609748443130041,0.792595001309301,0.));
#4317=DIRECTION('ref_axis',(0.792595001309301,-0.609748443130041,1.30105113407247E-31));
#4318=DIRECTION('',(0.792595001309301,-0.609748443130041,1.30105113407247E-31));
#4319=DIRECTION('center_axis',(0.,0.,-1.));
#4320=DIRECTION('ref_axis',(-0.381533184481394,0.924355142323277,0.));
#4321=DIRECTION('center_axis',(-2.22623912784605E-15,0.,1.));
#4322=DIRECTION('ref_axis',(-0.381533184481394,0.924355142323277,0.));
#4323=DIRECTION('',(0.,0.,1.));
#4324=DIRECTION('',(0.,0.,-1.));
#4325=DIRECTION('center_axis',(-0.674671996303341,0.738117671786867,0.));
#4326=DIRECTION('ref_axis',(0.738117671786867,0.674671996303341,0.));
#4327=DIRECTION('',(0.738117671786867,0.674671996303341,0.));
#4328=DIRECTION('',(6.90086380149633E-16,6.30769284510149E-16,-1.));
#4329=DIRECTION('center_axis',(6.90086380149633E-16,6.30769284510149E-16,
-1.));
#4330=DIRECTION('ref_axis',(0.107010735087647,-0.994257865232155,-9.18211524381057E-16));
#4331=DIRECTION('center_axis',(2.22623912784605E-15,0.,-1.));
#4332=DIRECTION('ref_axis',(0.107010735087647,-0.994257865232155,-9.18211524381057E-16));
#4333=DIRECTION('',(-6.90086380149633E-16,-6.30769284510149E-16,1.));
#4334=DIRECTION('center_axis',(0.609748443130042,-0.7925950013093,0.));
#4335=DIRECTION('ref_axis',(-0.7925950013093,-0.609748443130042,-9.55582477743644E-32));
#4336=DIRECTION('',(-0.7925950013093,-0.609748443130042,-9.55582477743644E-32));
#4337=DIRECTION('center_axis',(0.,0.,-1.));
#4338=DIRECTION('ref_axis',(-1.,0.,0.));
#4339=DIRECTION('center_axis',(0.,0.,1.));
#4340=DIRECTION('ref_axis',(-1.,0.,0.));
#4341=DIRECTION('',(0.,0.,1.));
#4342=DIRECTION('center_axis',(-0.0423758397808993,0.999101740666517,0.));
#4343=DIRECTION('ref_axis',(0.999101740666517,0.0423758397808993,0.));
#4344=DIRECTION('',(0.999101740666517,0.0423758397808993,0.));
#4345=DIRECTION('center_axis',(0.,0.,-1.));
#4346=DIRECTION('ref_axis',(-1.,0.,0.));
#4347=DIRECTION('center_axis',(-2.22623912784605E-15,0.,1.));
#4348=DIRECTION('ref_axis',(-1.,0.,0.));
#4349=DIRECTION('',(0.,0.,1.));
#4350=DIRECTION('center_axis',(0.502154330063098,-0.864778022846835,8.92005278642034E-16));
#4351=DIRECTION('ref_axis',(-0.864778022846835,-0.502154330063098,-1.92520267136367E-15));
#4352=DIRECTION('',(1.77635683940025E-15,0.,-1.));
#4353=DIRECTION('',(-0.864778022846835,-0.502154330063098,-1.92520267136367E-15));
#4354=DIRECTION('center_axis',(0.502154330062321,0.864778022847286,8.92005278640655E-16));
#4355=DIRECTION('ref_axis',(0.864778022847286,-0.502154330062321,1.92520267136468E-15));
#4356=DIRECTION('',(0.864778022847286,-0.502154330062321,1.92520267136468E-15));
#4357=DIRECTION('',(1.77635683940025E-15,0.,-1.));
#4358=DIRECTION('center_axis',(-1.85198399946629E-15,-4.39147444711433E-17,
1.));
#4359=DIRECTION('ref_axis',(0.239499019465186,-0.970896606068439,0.));
#4360=DIRECTION('center_axis',(2.22623912784605E-15,0.,-1.));
#4361=DIRECTION('ref_axis',(0.239499019465186,-0.970896606068439,0.));
#4362=DIRECTION('',(-1.85198399946629E-15,-4.39147444711432E-17,1.));
#4363=DIRECTION('',(1.85198399946629E-15,4.39147444711433E-17,-1.));
#4364=DIRECTION('center_axis',(-0.0423758397769984,-0.999101740666682,-1.22354674873E-16));
#4365=DIRECTION('ref_axis',(0.999101740666682,-0.0423758397769984,-5.18954365440826E-18));
#4366=DIRECTION('',(0.999101740666682,-0.0423758397769984,-5.18954365440826E-18));
#4367=DIRECTION('',(1.70471979366651E-15,5.01607994381725E-17,-1.));
#4368=DIRECTION('center_axis',(1.70471979366651E-15,5.01607994381725E-17,
-1.));
#4369=DIRECTION('ref_axis',(-0.320850081696077,-0.947129993757784,0.));
#4370=DIRECTION('center_axis',(2.22623912784605E-15,0.,-1.));
#4371=DIRECTION('ref_axis',(-0.320850081696077,-0.947129993757784,0.));
#4372=DIRECTION('',(-1.70471979366651E-15,-5.01607994381725E-17,1.));
#4373=DIRECTION('center_axis',(1.77635683940025E-15,0.,-1.));
#4374=DIRECTION('ref_axis',(1.,0.,1.77635683940025E-15));
#4375=DIRECTION('',(1.77635683940025E-15,0.,-1.));
#4376=DIRECTION('center_axis',(-2.22623912784662E-15,1.90017615850497E-30,
1.));
#4377=DIRECTION('ref_axis',(1.,0.,2.22623912784662E-15));
#4378=DIRECTION('',(1.77635683940025E-15,0.,-1.));
#4379=DIRECTION('center_axis',(0.,0.,-1.));
#4380=DIRECTION('ref_axis',(-0.676507372245547,0.736435859594999,0.));
#4381=DIRECTION('',(0.,0.,1.));
#4382=DIRECTION('center_axis',(-2.22623912784605E-15,0.,1.));
#4383=DIRECTION('ref_axis',(-1.,0.,0.));
#4384=DIRECTION('',(0.,0.,-1.));
#4385=DIRECTION('center_axis',(-0.502154330063507,0.864778022846598,-8.92005278642761E-16));
#4386=DIRECTION('ref_axis',(0.864778022846598,0.502154330063507,1.92520267136308E-15));
#4387=DIRECTION('',(0.864778022846598,0.502154330063507,1.92520267136308E-15));
#4388=DIRECTION('center_axis',(2.22623912784605E-15,0.,-1.));
#4389=DIRECTION('ref_axis',(-1.,0.,-2.22623912784605E-15));
#4390=DIRECTION('',(-0.502154330038804,0.864778022860942,-1.11791561775012E-15));
#4391=DIRECTION('center_axis',(2.22623912784695E-15,-1.20262486640523E-29,
-1.));
#4392=DIRECTION('ref_axis',(-0.864778022847031,-0.502154330062761,-1.92520267136418E-15));
#4393=DIRECTION('center_axis',(2.22623912784685E-15,3.07921036059924E-32,
-1.));
#4394=DIRECTION('ref_axis',(-0.978094453644072,-0.208161571263057,-2.17747214343242E-15));
#4395=DIRECTION('',(0.642787609805434,0.766044443019213,1.43099892784349E-15));
#4396=DIRECTION('',(0.,1.,0.));
#4397=DIRECTION('center_axis',(-2.22623912784661E-15,1.90017615850497E-30,
1.));
#4398=DIRECTION('ref_axis',(0.766044443118978,0.64278760968654,1.70539811294094E-15));
#4399=DIRECTION('',(-0.642787609805437,0.766044443019211,-1.4309989278435E-15));
#4400=DIRECTION('center_axis',(2.22623912784685E-15,2.99696212589753E-32,
-1.));
#4401=DIRECTION('ref_axis',(-0.990151503558932,0.13999999999995,-2.20431401971928E-15));
#4402=DIRECTION('center_axis',(2.22623912784693E-15,-2.42157848850265E-29,
-1.));
#4403=DIRECTION('ref_axis',(-0.978094453644262,0.208161571262163,-2.17747214343292E-15));
#4404=DIRECTION('',(0.502154330038882,0.864778022860896,1.11791561775029E-15));
#4405=DIRECTION('center_axis',(-2.22623912784686E-15,0.,1.));
#4406=DIRECTION('ref_axis',(0.766044443118978,-0.642787609686539,1.70539811294113E-15));
#4407=DIRECTION('',(0.642787609686539,0.766044443118978,1.43099892757933E-15));
#4408=DIRECTION('center_axis',(2.22623912784686E-15,0.,-1.));
#4409=DIRECTION('ref_axis',(-0.766044443123676,0.642787609680941,-1.70539811295159E-15));
#4410=DIRECTION('',(1.,0.,2.22623912784686E-15));
#4411=DIRECTION('center_axis',(2.22623912784686E-15,0.,-1.));
#4412=DIRECTION('ref_axis',(0.,1.,0.));
#4413=DIRECTION('',(0.422618261740698,-0.906307787036651,9.40849310429768E-16));
#4414=DIRECTION('center_axis',(2.22623912784686E-15,0.,-1.));
#4415=DIRECTION('ref_axis',(0.90630778703665,0.4226182617407,2.01765785737329E-15));
#4416=DIRECTION('',(-0.422618261740701,-0.906307787036649,-9.40849310429775E-16));
#4417=DIRECTION('center_axis',(-2.22623912784686E-15,0.,1.));
#4418=DIRECTION('ref_axis',(-0.98480775301219,0.173648177667031,-2.19241755316269E-15));
#4419=DIRECTION('',(-0.17364817766552,-0.984807753012457,-3.86582367598283E-16));
#4420=DIRECTION('center_axis',(-2.22623912784677E-15,-4.9596635161473E-29,
1.));
#4421=DIRECTION('ref_axis',(-1.,-2.22044604924989E-16,-2.22623912784677E-15));
#4422=DIRECTION('',(0.173648177666597,-0.984807753012267,3.86582367600683E-16));
#4423=DIRECTION('center_axis',(-2.22623912784686E-15,0.,1.));
#4424=DIRECTION('ref_axis',(-0.90630778703665,-0.4226182617407,-2.01765785737329E-15));
#4425=DIRECTION('',(0.42261826174151,-0.906307787036272,9.40849310431576E-16));
#4426=DIRECTION('center_axis',(2.22623912784686E-15,0.,-1.));
#4427=DIRECTION('ref_axis',(0.906307787036037,0.422618261742015,2.01765785737193E-15));
#4428=DIRECTION('',(-0.422618261740558,-0.906307787036716,-9.40849310429456E-16));
#4429=DIRECTION('center_axis',(2.22623912784686E-15,0.,-1.));
#4430=DIRECTION('ref_axis',(0.906307787037635,-0.422618261738587,2.01765785737548E-15));
#4431=DIRECTION('',(-1.,2.45124222271095E-12,-2.22623912784686E-15));
#4432=DIRECTION('center_axis',(2.22623912784686E-15,0.,-1.));
#4433=DIRECTION('ref_axis',(0.,-1.,0.));
#4434=DIRECTION('',(-0.642787609686701,0.766044443118842,-1.43099892757969E-15));
#4435=DIRECTION('center_axis',(-2.22623912784686E-15,0.,1.));
#4436=DIRECTION('ref_axis',(0.57357643635045,0.819152044289409,1.27691830541434E-15));
#4437=DIRECTION('center_axis',(-2.22623912784686E-15,0.,1.));
#4438=DIRECTION('ref_axis',(0.537299608326799,0.843391445825643,1.19615741143391E-15));
#4439=DIRECTION('',(-0.843391445825303,0.537299608327333,-1.87759103678763E-15));
#4440=DIRECTION('center_axis',(-2.22623912784686E-15,0.,1.));
#4441=DIRECTION('ref_axis',(-0.573576436354391,0.819152044286649,-1.27691830542311E-15));
#4442=DIRECTION('',(-0.819152044286649,-0.573576436354392,-1.82362833264668E-15));
#4443=DIRECTION('center_axis',(-2.22623912784686E-15,0.,1.));
#4444=DIRECTION('ref_axis',(-0.999101740593249,-0.0423758415083406,-2.2242393876086E-15));
#4445=DIRECTION('',(0.0423758415083292,-0.99910174059325,9.43387564412796E-17));
#4446=DIRECTION('center_axis',(-2.22623912784686E-15,0.,1.));
#4447=DIRECTION('ref_axis',(-0.502154330062799,-0.864778022847009,-1.11791561780353E-15));
#4448=DIRECTION('center_axis',(-2.22623912784686E-15,0.,1.));
#4449=DIRECTION('ref_axis',(-0.999101740666869,0.0423758397725861,-2.22423938777249E-15));
#4450=DIRECTION('',(-0.0423758415791597,-0.999101740590245,-9.43387565989653E-17));
#4451=DIRECTION('center_axis',(-2.22623912784686E-15,0.,1.));
#4452=DIRECTION('ref_axis',(-0.573576436351043,-0.819152044288994,-1.27691830541566E-15));
#4453=DIRECTION('',(0.819152044286806,-0.573576436354167,1.82362833264703E-15));
#4454=DIRECTION('center_axis',(-2.22623912784686E-15,0.,1.));
#4455=DIRECTION('ref_axis',(0.537299608325154,-0.843391445826691,1.19615741143025E-15));
#4456=DIRECTION('',(0.843391445826203,0.53729960832592,1.87759103678963E-15));
#4457=DIRECTION('center_axis',(-2.22623912784686E-15,0.,1.));
#4458=DIRECTION('ref_axis',(0.984807753012247,0.173648177666709,2.19241755316281E-15));
#4459=DIRECTION('center_axis',(2.22623912784605E-15,0.,-1.));
#4460=DIRECTION('ref_axis',(0.239499019465206,0.970896606068434,0.));
#4461=DIRECTION('',(0.999101740666682,0.042375839776999,0.));
#4462=DIRECTION('center_axis',(2.22623912784605E-15,0.,-1.));
#4463=DIRECTION('ref_axis',(-0.320850081696071,0.947129993757786,-7.71088198346772E-16));
#4464=DIRECTION('',(-0.819152044287215,-0.573576436353584,-1.82362833264788E-15));
#4465=DIRECTION('center_axis',(-2.22623912784678E-15,-2.69049305150365E-43,
1.));
#4466=DIRECTION('ref_axis',(-1.,1.55431223447524E-14,-2.22623912784678E-15));
#4467=DIRECTION('',(2.06502237285193E-15,-1.,4.59723360632214E-30));
#4468=DIRECTION('center_axis',(-2.22623912784678E-15,1.5134023414708E-43,
1.));
#4469=DIRECTION('ref_axis',(-0.573576436351162,-0.81915204428891,-1.27691830541588E-15));
#4470=DIRECTION('',(0.819152044287215,-0.573576436353584,1.82362833264788E-15));
#4471=DIRECTION('center_axis',(-2.22623912784605E-15,0.,1.));
#4472=DIRECTION('ref_axis',(-1.,0.,0.));
#4473=DIRECTION('',(-0.0423758397739053,0.999101740666813,-9.43387525800373E-17));
#4474=DIRECTION('center_axis',(-2.22623912784605E-15,0.,1.));
#4475=DIRECTION('ref_axis',(-1.,0.,0.));
#4476=DIRECTION('',(-0.999101740666682,-0.0423758397769989,-2.22423938777208E-15));
#4477=DIRECTION('center_axis',(-2.22623912784605E-15,0.,1.));
#4478=DIRECTION('ref_axis',(-1.,0.,0.));
#4479=DIRECTION('',(0.042375839779021,-0.999101740666596,9.4338752591426E-17));
#4480=DIRECTION('center_axis',(-2.22623912784605E-15,0.,1.));
#4481=DIRECTION('ref_axis',(-1.,0.,0.));
#4482=DIRECTION('',(0.999101740666576,0.0423758397795132,2.22423938777184E-15));
#4483=DIRECTION('center_axis',(-2.22623912784686E-15,0.,1.));
#4484=DIRECTION('ref_axis',(-1.,0.,-2.22623912784686E-15));
#4485=DIRECTION('center_axis',(-2.22623912784686E-15,0.,1.));
#4486=DIRECTION('ref_axis',(-1.,0.,-2.22623912784686E-15));
#4487=DIRECTION('center_axis',(-2.22623912784605E-15,0.,1.));
#4488=DIRECTION('ref_axis',(-1.,0.,0.));
#4489=DIRECTION('',(-0.999101740666657,0.0423758397775832,-2.22423938777202E-15));
#4490=DIRECTION('',(-0.0423758397791142,-0.999101740666592,-9.43387525916336E-17));
#4491=DIRECTION('center_axis',(-2.22623912784605E-15,0.,1.));
#4492=DIRECTION('ref_axis',(-1.,0.,0.));
#4493=DIRECTION('',(0.999101740666645,-0.042375839777866,2.22423938777199E-15));
#4494=DIRECTION('center_axis',(-2.22623912784605E-15,0.,1.));
#4495=DIRECTION('ref_axis',(-1.,0.,0.));
#4496=DIRECTION('',(0.0423758398015737,0.99910174066564,9.43387526416338E-17));
#4497=DIRECTION('center_axis',(0.,0.,-1.));
#4498=DIRECTION('ref_axis',(0.736435859594001,0.676507372246634,0.));
#4499=DIRECTION('',(0.,0.,1.));
#4500=DIRECTION('',(0.,0.,-1.));
#4501=DIRECTION('center_axis',(1.65543930142203E-15,7.02137007095962E-17,
-1.));
#4502=DIRECTION('ref_axis',(0.239499019465206,0.970896606068434,0.));
#4503=DIRECTION('',(1.65543930142203E-15,7.02137007095962E-17,-1.));
#4504=DIRECTION('center_axis',(0.042375839776999,-0.999101740666682,0.));
#4505=DIRECTION('ref_axis',(0.999101740666682,0.042375839776999,0.));
#4506=DIRECTION('',(-1.89089472751603E-15,-8.02002926698168E-17,1.));
#4507=DIRECTION('center_axis',(-1.89089472751603E-15,-8.02002926698168E-17,
1.));
#4508=DIRECTION('ref_axis',(-0.320850081696071,0.947129993757786,-7.71088198346772E-16));
#4509=DIRECTION('',(1.89089472751603E-15,8.02002926698168E-17,-1.));
#4510=DIRECTION('center_axis',(0.573576436353584,-0.819152044287215,1.01887642563551E-15));
#4511=DIRECTION('ref_axis',(-0.819152044287215,-0.573576436353584,-1.82362833264788E-15));
#4512=DIRECTION('',(1.77635683940025E-15,0.,-1.));
#4513=DIRECTION('center_axis',(0.,0.,-1.));
#4514=DIRECTION('ref_axis',(0.736435859585289,-0.676507372256117,0.));
#4515=DIRECTION('',(0.,0.,1.));
#4516=DIRECTION('',(0.,0.,-1.));
#4517=DIRECTION('center_axis',(0.,0.,-1.));
#4518=DIRECTION('ref_axis',(-1.,0.,0.));
#4519=DIRECTION('',(0.,0.,1.));
#4520=DIRECTION('',(0.,0.,-1.));
#4521=DIRECTION('center_axis',(0.,0.,-1.));
#4522=DIRECTION('ref_axis',(-0.67650737225426,-0.736435859586995,0.));
#4523=DIRECTION('',(0.,0.,1.));
#4524=DIRECTION('',(0.,0.,-1.));
#4525=DIRECTION('center_axis',(0.,0.,-1.));
#4526=DIRECTION('ref_axis',(0.676507372256384,0.736435859585044,0.));
#4527=DIRECTION('',(0.,0.,1.));
#4528=DIRECTION('',(0.,0.,-1.));
#4529=DIRECTION('center_axis',(0.,0.,-1.));
#4530=DIRECTION('ref_axis',(0.67650737235373,-0.736435859495619,0.));
#4531=DIRECTION('',(0.,0.,1.));
#4532=DIRECTION('',(0.,0.,-1.));
#4533=DIRECTION('center_axis',(0.,0.,-1.));
#4534=DIRECTION('ref_axis',(-1.,0.,0.));
#4535=DIRECTION('',(0.,0.,1.));
#4536=DIRECTION('',(0.,0.,-1.));
#4537=DIRECTION('center_axis',(0.999101740666592,-0.0423758397791142,1.7747612102898E-15));
#4538=DIRECTION('ref_axis',(-0.0423758397791142,-0.999101740666592,-9.43387525916336E-17));
#4539=DIRECTION('center_axis',(-0.0423758397775832,-0.999101740666657,-7.52746128142391E-17));
#4540=DIRECTION('ref_axis',(-0.999101740666657,0.0423758397775832,-2.22423938777202E-15));
#4541=DIRECTION('center_axis',(0.042375839777866,0.999101740666645,7.52746128147414E-17));
#4542=DIRECTION('ref_axis',(0.999101740666645,-0.042375839777866,2.22423938777199E-15));
#4543=DIRECTION('center_axis',(-0.99910174066564,0.0423758398015737,-1.7747612102881E-15));
#4544=DIRECTION('ref_axis',(0.0423758398015737,0.99910174066564,9.43387526416338E-17));
#4545=DIRECTION('center_axis',(0.0423758397769989,-0.999101740666682,7.52746128132011E-17));
#4546=DIRECTION('ref_axis',(-0.999101740666682,-0.0423758397769989,-2.22423938777208E-15));
#4547=DIRECTION('center_axis',(0.999101740666596,0.042375839779021,1.7747612102898E-15));
#4548=DIRECTION('ref_axis',(0.042375839779021,-0.999101740666596,9.4338752591426E-17));
#4549=DIRECTION('center_axis',(1.77635683940025E-15,0.,-1.));
#4550=DIRECTION('ref_axis',(-1.,0.,-1.77635683940025E-15));
#4551=DIRECTION('',(-1.77635683940025E-15,0.,1.));
#4552=DIRECTION('center_axis',(1.77635683940025E-15,0.,-1.));
#4553=DIRECTION('ref_axis',(0.984807753012247,0.173648177666709,1.7493699875577E-15));
#4554=DIRECTION('',(1.77635683940025E-15,0.,-1.));
#4555=DIRECTION('center_axis',(-0.53729960832592,0.843391445826203,-9.54435834056824E-16));
#4556=DIRECTION('ref_axis',(0.843391445826203,0.53729960832592,1.87759103678963E-15));
#4557=DIRECTION('',(1.77635683940025E-15,0.,-1.));
#4558=DIRECTION('center_axis',(1.77635683940025E-15,0.,-1.));
#4559=DIRECTION('ref_axis',(0.537299608325154,-0.843391445826691,9.54435834055462E-16));
#4560=DIRECTION('',(1.77635683940025E-15,0.,-1.));
#4561=DIRECTION('center_axis',(0.573576436354167,0.819152044286806,1.01887642563655E-15));
#4562=DIRECTION('ref_axis',(0.819152044286806,-0.573576436354167,1.82362833264703E-15));
#4563=DIRECTION('',(1.77635683940025E-15,0.,-1.));
#4564=DIRECTION('center_axis',(1.77635683940025E-15,0.,-1.));
#4565=DIRECTION('ref_axis',(-0.573576436351043,-0.819152044288994,-1.018876425631E-15));
#4566=DIRECTION('',(1.77635683940025E-15,0.,-1.));
#4567=DIRECTION('center_axis',(0.999101740590245,-0.0423758415791597,1.77476121015418E-15));
#4568=DIRECTION('ref_axis',(-0.0423758415791597,-0.999101740590245,-9.43387565989653E-17));
#4569=DIRECTION('',(1.77635683940025E-15,0.,-1.));
#4570=DIRECTION('center_axis',(1.77635683940025E-15,0.,-1.));
#4571=DIRECTION('ref_axis',(-0.999101740666869,0.0423758397725861,-1.77476121029029E-15));
#4572=DIRECTION('center_axis',(0.573576436353584,0.819152044287215,1.01887642563551E-15));
#4573=DIRECTION('ref_axis',(0.819152044287215,-0.573576436353584,1.82362833264788E-15));
#4574=DIRECTION('',(1.77635683940025E-15,0.,-1.));
#4575=DIRECTION('center_axis',(1.77635683940025E-15,0.,-1.));
#4576=DIRECTION('ref_axis',(-0.573576436351162,-0.81915204428891,-1.01887642563121E-15));
#4577=DIRECTION('',(1.77635683940025E-15,0.,-1.));
#4578=DIRECTION('center_axis',(1.,2.06502237285193E-15,1.77635683940025E-15));
#4579=DIRECTION('ref_axis',(2.06502237285193E-15,-1.,4.59723360632214E-30));
#4580=DIRECTION('',(1.77635683940025E-15,0.,-1.));
#4581=DIRECTION('center_axis',(1.77635683940025E-15,0.,-1.));
#4582=DIRECTION('ref_axis',(-1.,1.55431223447524E-14,-1.77635683940025E-15));
#4583=DIRECTION('center_axis',(1.77635683940025E-15,0.,-1.));
#4584=DIRECTION('ref_axis',(-1.,0.,-1.77635683940025E-15));
#4585=DIRECTION('',(-1.77635683940025E-15,0.,1.));
#4586=DIRECTION('center_axis',(-0.0423758397795132,0.999101740666576,-7.52746128176676E-17));
#4587=DIRECTION('ref_axis',(0.999101740666576,0.0423758397795132,2.22423938777184E-15));
#4588=DIRECTION('center_axis',(-0.999101740666813,-0.0423758397739053,-1.77476121029019E-15));
#4589=DIRECTION('ref_axis',(-0.0423758397739053,0.999101740666813,-9.43387525800373E-17));
#4590=DIRECTION('center_axis',(-0.537299608327333,-0.843391445825303,-9.54435834059333E-16));
#4591=DIRECTION('ref_axis',(-0.843391445825303,0.537299608327333,-1.87759103678763E-15));
#4592=DIRECTION('',(1.77635683940025E-15,0.,-1.));
#4593=DIRECTION('',(1.77635683940025E-15,0.,-1.));
#4594=DIRECTION('center_axis',(1.77635683940025E-15,0.,-1.));
#4595=DIRECTION('ref_axis',(0.537299608326799,0.843391445825643,9.54435834058384E-16));
#4596=DIRECTION('center_axis',(1.77635683940025E-15,0.,-1.));
#4597=DIRECTION('ref_axis',(-0.502154330062799,-0.864778022847009,-8.92005278641503E-16));
#4598=DIRECTION('',(1.77635683940025E-15,0.,-1.));
#4599=DIRECTION('center_axis',(0.99910174059325,0.0423758415083292,1.77476121015951E-15));
#4600=DIRECTION('ref_axis',(0.0423758415083292,-0.99910174059325,9.43387564412796E-17));
#4601=DIRECTION('',(1.77635683940025E-15,0.,-1.));
#4602=DIRECTION('center_axis',(1.77635683940025E-15,0.,-1.));
#4603=DIRECTION('ref_axis',(-0.999101740593249,-0.0423758415083406,-1.77476121015951E-15));
#4604=DIRECTION('',(1.77635683940025E-15,0.,-1.));
#4605=DIRECTION('center_axis',(0.573576436354392,-0.819152044286649,1.01887642563695E-15));
#4606=DIRECTION('ref_axis',(-0.819152044286649,-0.573576436354392,-1.82362833264668E-15));
#4607=DIRECTION('',(1.77635683940025E-15,0.,-1.));
#4608=DIRECTION('center_axis',(1.77635683940025E-15,0.,-1.));
#4609=DIRECTION('ref_axis',(-0.573576436354391,0.819152044286649,-1.01887642563695E-15));
#4610=DIRECTION('center_axis',(1.77635683940025E-15,0.,-1.));
#4611=DIRECTION('ref_axis',(0.766044443118978,0.64278760968654,1.36076828581895E-15));
#4612=DIRECTION('',(1.77635683940025E-15,0.,-1.));
#4613=DIRECTION('',(1.77635683940025E-15,0.,-1.));
#4614=DIRECTION('center_axis',(-1.,0.,-1.77635683940025E-15));
#4615=DIRECTION('ref_axis',(0.,1.,0.));
#4616=DIRECTION('center_axis',(-0.766044443019213,0.642787609805434,-1.36076828564173E-15));
#4617=DIRECTION('ref_axis',(0.642787609805434,0.766044443019213,1.43099892784349E-15));
#4618=DIRECTION('',(1.77635683940025E-15,0.,-1.));
#4619=DIRECTION('center_axis',(1.77635683940025E-15,0.,-1.));
#4620=DIRECTION('ref_axis',(-0.978094453644072,-0.208161571263057,-1.7374447723101E-15));
#4621=DIRECTION('',(1.77635683940025E-15,0.,-1.));
#4622=DIRECTION('center_axis',(1.77635683940025E-15,0.,-1.));
#4623=DIRECTION('ref_axis',(-0.864778022847031,-0.502154330062761,-1.53615435544735E-15));
#4624=DIRECTION('',(1.77635683940025E-15,0.,-1.));
#4625=DIRECTION('center_axis',(-0.864778022860942,-0.502154330038804,-1.53615435547206E-15));
#4626=DIRECTION('ref_axis',(-0.502154330038804,0.864778022860942,-1.11791561775012E-15));
#4627=DIRECTION('center_axis',(1.77635683940025E-15,0.,-1.));
#4628=DIRECTION('ref_axis',(0.57357643635045,0.819152044289409,1.01887642562994E-15));
#4629=DIRECTION('',(1.77635683940025E-15,0.,-1.));
#4630=DIRECTION('center_axis',(-0.766044443118842,-0.642787609686701,-1.36076828581871E-15));
#4631=DIRECTION('ref_axis',(-0.642787609686701,0.766044443118842,-1.43099892757969E-15));
#4632=DIRECTION('',(1.77635683940025E-15,0.,-1.));
#4633=DIRECTION('center_axis',(1.77635683940025E-15,0.,-1.));
#4634=DIRECTION('ref_axis',(0.,-1.,0.));
#4635=DIRECTION('',(1.77635683940025E-15,0.,-1.));
#4636=DIRECTION('center_axis',(-2.45124222271095E-12,-1.,-4.35428088733926E-27));
#4637=DIRECTION('ref_axis',(-1.,2.45124222271095E-12,-2.22623912784686E-15));
#4638=DIRECTION('',(1.77635683940025E-15,0.,-1.));
#4639=DIRECTION('center_axis',(1.77635683940025E-15,0.,-1.));
#4640=DIRECTION('ref_axis',(0.906307787037635,-0.422618261738587,1.60992603610601E-15));
#4641=DIRECTION('',(1.77635683940025E-15,0.,-1.));
#4642=DIRECTION('center_axis',(0.906307787036716,-0.422618261740558,1.60992603610438E-15));
#4643=DIRECTION('ref_axis',(-0.422618261740558,-0.906307787036716,-9.40849310429456E-16));
#4644=DIRECTION('',(1.77635683940025E-15,0.,-1.));
#4645=DIRECTION('center_axis',(1.77635683940025E-15,0.,-1.));
#4646=DIRECTION('ref_axis',(0.906307787036037,0.422618261742015,1.60992603610317E-15));
#4647=DIRECTION('',(1.77635683940025E-15,0.,-1.));
#4648=DIRECTION('center_axis',(0.906307787036272,0.42261826174151,1.60992603610359E-15));
#4649=DIRECTION('ref_axis',(0.42261826174151,-0.906307787036272,9.40849310431576E-16));
#4650=DIRECTION('',(1.77635683940025E-15,0.,-1.));
#4651=DIRECTION('center_axis',(1.77635683940025E-15,0.,-1.));
#4652=DIRECTION('ref_axis',(-0.90630778703665,-0.4226182617407,-1.60992603610426E-15));
#4653=DIRECTION('',(1.77635683940025E-15,0.,-1.));
#4654=DIRECTION('center_axis',(0.984807753012267,0.173648177666597,1.74936998755773E-15));
#4655=DIRECTION('ref_axis',(0.173648177666597,-0.984807753012267,3.86582367600683E-16));
#4656=DIRECTION('',(1.77635683940025E-15,0.,-1.));
#4657=DIRECTION('center_axis',(1.77635683940025E-15,0.,-1.));
#4658=DIRECTION('ref_axis',(-1.,-2.22044604924989E-16,-1.77635683940025E-15));
#4659=DIRECTION('',(1.77635683940025E-15,0.,-1.));
#4660=DIRECTION('center_axis',(0.984807753012457,-0.17364817766552,1.74936998755807E-15));
#4661=DIRECTION('ref_axis',(-0.17364817766552,-0.984807753012457,-3.86582367598283E-16));
#4662=DIRECTION('',(1.77635683940025E-15,0.,-1.));
#4663=DIRECTION('center_axis',(1.77635683940025E-15,0.,-1.));
#4664=DIRECTION('ref_axis',(-0.98480775301219,0.173648177667031,-1.7493699875576E-15));
#4665=DIRECTION('',(1.77635683940025E-15,0.,-1.));
#4666=DIRECTION('center_axis',(0.906307787036649,-0.422618261740701,1.60992603610426E-15));
#4667=DIRECTION('ref_axis',(-0.422618261740701,-0.906307787036649,-9.40849310429775E-16));
#4668=DIRECTION('',(1.77635683940025E-15,0.,-1.));
#4669=DIRECTION('center_axis',(1.77635683940025E-15,0.,-1.));
#4670=DIRECTION('ref_axis',(0.90630778703665,0.4226182617407,1.60992603610426E-15));
#4671=DIRECTION('',(1.77635683940025E-15,0.,-1.));
#4672=DIRECTION('center_axis',(0.906307787036651,0.422618261740698,1.60992603610426E-15));
#4673=DIRECTION('ref_axis',(0.422618261740698,-0.906307787036651,9.40849310429768E-16));
#4674=DIRECTION('',(1.77635683940025E-15,0.,-1.));
#4675=DIRECTION('center_axis',(1.77635683940025E-15,0.,-1.));
#4676=DIRECTION('ref_axis',(0.,1.,0.));
#4677=DIRECTION('',(1.77635683940025E-15,0.,-1.));
#4678=DIRECTION('center_axis',(0.,1.,0.));
#4679=DIRECTION('ref_axis',(1.,0.,2.22623912784686E-15));
#4680=DIRECTION('',(1.77635683940025E-15,0.,-1.));
#4681=DIRECTION('center_axis',(1.77635683940025E-15,0.,-1.));
#4682=DIRECTION('ref_axis',(-0.766044443123676,0.642787609680941,-1.3607682858273E-15));
#4683=DIRECTION('',(1.77635683940025E-15,0.,-1.));
#4684=DIRECTION('center_axis',(-0.766044443118978,0.642787609686539,-1.36076828581895E-15));
#4685=DIRECTION('ref_axis',(0.642787609686539,0.766044443118978,1.43099892757933E-15));
#4686=DIRECTION('',(1.77635683940025E-15,0.,-1.));
#4687=DIRECTION('center_axis',(1.77635683940025E-15,0.,-1.));
#4688=DIRECTION('ref_axis',(0.766044443118978,-0.642787609686539,1.36076828581895E-15));
#4689=DIRECTION('center_axis',(-0.864778022860896,0.502154330038882,-1.53615435547198E-15));
#4690=DIRECTION('ref_axis',(0.502154330038882,0.864778022860896,1.11791561775029E-15));
#4691=DIRECTION('',(1.77635683940025E-15,0.,-1.));
#4692=DIRECTION('center_axis',(1.77635683940025E-15,0.,-1.));
#4693=DIRECTION('ref_axis',(-0.978094453644262,0.208161571262163,-1.73744477231044E-15));
#4694=DIRECTION('',(1.77635683940025E-15,0.,-1.));
#4695=DIRECTION('center_axis',(1.77635683940025E-15,0.,-1.));
#4696=DIRECTION('ref_axis',(-0.990151503558932,0.13999999999995,-1.75886239538935E-15));
#4697=DIRECTION('',(1.77635683940025E-15,0.,-1.));
#4698=DIRECTION('center_axis',(-0.766044443019211,-0.642787609805437,-1.36076828564173E-15));
#4699=DIRECTION('ref_axis',(-0.642787609805437,0.766044443019211,-1.4309989278435E-15));
#4700=DIRECTION('center_axis',(0.042375839776998,-0.999101740666682,0.));
#4701=DIRECTION('ref_axis',(-0.792640703248703,-0.0336190140347279,0.608761429008717));
#4702=DIRECTION('center_axis',(-0.0423758397769989,0.999101740666682,-7.52746128132012E-17));
#4703=DIRECTION('ref_axis',(-0.792640703248703,-0.0336190140347279,0.608761429008717));
#4704=DIRECTION('',(-0.042375839776998,0.999101740666682,-3.00462919747432E-18));
#4705=DIRECTION('center_axis',(0.0423758397769989,-0.999101740666682,7.52746128132012E-17));
#4706=DIRECTION('ref_axis',(-0.792640703248703,-0.0336190140347279,0.608761429008717));
#4707=DIRECTION('',(0.042375839776998,-0.999101740666682,1.79591789427686E-18));
#4708=DIRECTION('center_axis',(0.0423758397769989,-0.999101740666682,7.52746128132012E-17));
#4709=DIRECTION('ref_axis',(-0.999101740666682,-0.0423758397769989,-2.22423938777208E-15));
#4710=DIRECTION('',(0.865247488382598,0.0366985537535801,0.500000000000002));
#4711=DIRECTION('center_axis',(0.0423758397769989,-0.999101740666682,7.52746128132012E-17));
#4712=DIRECTION('ref_axis',(0.499550870333343,0.0211879198884995,-0.866025403784438));
#4713=DIRECTION('',(0.642210219716796,0.0272386647587169,0.766044443118979));
#4714=DIRECTION('center_axis',(0.0423758397769989,-0.999101740666682,7.52746128132012E-17));
#4715=DIRECTION('ref_axis',(0.765356336548211,0.0324617765836701,-0.642787609686538));
#4716=DIRECTION('',(0.258586558479623,0.0109676743865006,0.965925826289067));
#4717=DIRECTION('center_axis',(0.0423758397769989,-0.999101740666682,7.52746128132012E-17));
#4718=DIRECTION('ref_axis',(-0.422238640942666,-0.0179088037463578,0.906307787036647));
#4719=DIRECTION('',(0.905493687608084,0.0384055535721115,0.422618261740703));
#4720=DIRECTION('center_axis',(0.0423758397769989,-0.999101740666682,7.52746128132012E-17));
#4721=DIRECTION('ref_axis',(0.322136943549653,0.0136630965100745,0.946594479909028));
#4722=DIRECTION('',(0.945744192582581,0.0401127360144165,-0.322426566222077));
#4723=DIRECTION('center_axis',(0.0423758397769989,-0.999101740666682,7.52746128132012E-17));
#4724=DIRECTION('ref_axis',(0.931547719275943,0.0395106076687696,0.361466123714843));
#4725=DIRECTION('',(0.361141433395541,0.0153174305433531,-0.932385243022735));
#4726=DIRECTION('center_axis',(0.0423758397769989,-0.999101740666682,7.52746128132012E-17));
#4727=DIRECTION('ref_axis',(0.996893916800185,0.0422821972713216,-0.0664434680062373));
#4728=DIRECTION('',(-0.0663837845406717,-0.0028155977544482,-0.997790191152099));
#4729=DIRECTION('',(0.999101740666682,0.0423758397769989,2.22423938777208E-15));
#4730=DIRECTION('',(-2.22543126891432E-15,-1.90470152322397E-17,1.));
#4731=DIRECTION('',(0.999101740666682,0.0423758397769989,2.22423938777208E-15));
#4732=DIRECTION('',(-2.22543126891432E-15,-1.90470152322397E-17,1.));
#4733=DIRECTION('',(-0.999101740666682,-0.0423758397769989,-2.22423938777208E-15));
#4734=DIRECTION('',(0.258586558479601,0.0109676743864997,0.965925826289073));
#4735=DIRECTION('center_axis',(-0.0423758397769989,0.999101740666682,-7.52746128132012E-17));
#4736=DIRECTION('ref_axis',(-0.999101740666682,-0.0423758397769989,-2.22423938777208E-15));
#4737=DIRECTION('center_axis',(-0.0423758397769989,0.999101740666682,-7.52746128132012E-17));
#4738=DIRECTION('ref_axis',(-0.905493687608082,-0.0384055535721114,-0.422618261740708));
#4739=DIRECTION('',(-0.999101740666682,-0.0423758397769989,-3.09755776619807E-15));
#4740=DIRECTION('center_axis',(-0.0423758397769989,0.999101740666682,-7.52746128132012E-17));
#4741=DIRECTION('ref_axis',(2.22543126891432E-15,1.90470152322397E-17,-1.));
#4742=DIRECTION('',(-0.729564405275545,-0.0309436998121216,-0.68321172852702));
#4743=DIRECTION('center_axis',(-0.0423758397769989,0.999101740666682,-7.52746128132012E-17));
#4744=DIRECTION('ref_axis',(0.682598027215244,0.0289516707418276,-0.73022033250459));
#4745=DIRECTION('',(-0.066383784540958,-0.00281559775446034,-0.99779019115208));
#4746=DIRECTION('center_axis',(-0.0423758397769989,0.999101740666682,-7.52746128132012E-17));
#4747=DIRECTION('ref_axis',(0.996893916800183,0.0422821972713215,-0.066443468006256));
#4748=DIRECTION('',(0.926971148266466,0.0393164972674643,-0.373066620490453));
#4749=DIRECTION('center_axis',(-0.0423758397769989,0.999101740666682,-7.52746128132012E-17));
#4750=DIRECTION('ref_axis',(0.372731509916642,0.0158090113360497,0.92780455736962));
#4751=DIRECTION('',(0.642210219716794,0.0272386647587168,0.766044443118981));
#4752=DIRECTION('center_axis',(-0.0423758397769989,0.999101740666682,-7.52746128132012E-17));
#4753=DIRECTION('ref_axis',(-0.765356336548222,-0.0324617765836706,0.642787609686525));
#4754=DIRECTION('',(-0.422238640942673,-0.0179088037463581,0.906307787036644));
#4755=DIRECTION('center_axis',(-0.499550870333343,-0.0211879198884991,0.866025403784438));
#4756=DIRECTION('ref_axis',(-0.865247488382598,-0.0366985537535801,-0.500000000000002));
#4757=DIRECTION('',(-0.865247488382598,-0.0366985537535801,-0.500000000000002));
#4758=DIRECTION('',(0.042375839776998,-0.999101740666682,0.));
#4759=DIRECTION('center_axis',(0.042375839776998,-0.999101740666682,0.));
#4760=DIRECTION('ref_axis',(-0.999101740666682,-0.042375839776998,-2.22423938777208E-15));
#4761=DIRECTION('center_axis',(-0.0423758397769989,0.999101740666682,-7.52746128132012E-17));
#4762=DIRECTION('ref_axis',(-0.999101740666682,-0.0423758397769989,-2.22423938777208E-15));
#4763=DIRECTION('',(-0.042375839776998,0.999101740666682,0.));
#4764=DIRECTION('center_axis',(-3.09477535602409E-15,-1.31261611600405E-16,
1.));
#4765=DIRECTION('ref_axis',(-0.999101740666682,-0.0423758397769989,-3.09755776619807E-15));
#4766=DIRECTION('',(0.042375839776998,-0.999101740666682,0.));
#4767=DIRECTION('',(-0.999101740666682,-0.0423758397769989,-3.09755776619807E-15));
#4768=DIRECTION('',(0.042375839776998,-0.999101740666682,0.));
#4769=DIRECTION('center_axis',(0.042375839776998,-0.999101740666682,0.));
#4770=DIRECTION('ref_axis',(2.22224144398248E-15,9.42540119219176E-17,-1.));
#4771=DIRECTION('center_axis',(-0.0423758397769989,0.999101740666682,-7.52746128132012E-17));
#4772=DIRECTION('ref_axis',(2.22543126891432E-15,1.90470152322397E-17,-1.));
#4773=DIRECTION('',(0.042375839776998,-0.999101740666682,0.));
#4774=DIRECTION('center_axis',(-0.682598027215238,-0.0289516707418268,0.730220332504596));
#4775=DIRECTION('ref_axis',(-0.729564405275545,-0.0309436998121216,-0.68321172852702));
#4776=DIRECTION('',(-0.729564405275545,-0.0309436998121216,-0.68321172852702));
#4777=DIRECTION('',(0.042375839776998,-0.999101740666682,0.));
#4778=DIRECTION('center_axis',(0.042375839776998,-0.999101740666682,0.));
#4779=DIRECTION('ref_axis',(0.682598027215244,0.0289516707418271,-0.73022033250459));
#4780=DIRECTION('center_axis',(-0.0423758397769989,0.999101740666682,-7.52746128132012E-17));
#4781=DIRECTION('ref_axis',(0.682598027215244,0.0289516707418276,-0.73022033250459));
#4782=DIRECTION('',(0.042375839776998,-0.999101740666682,0.));
#4783=DIRECTION('center_axis',(-0.996893916800185,-0.0422821972713208,0.0664434680062326));
#4784=DIRECTION('ref_axis',(-0.066383784540958,-0.00281559775446034,-0.99779019115208));
#4785=DIRECTION('',(-0.066383784540958,-0.00281559775446034,-0.99779019115208));
#4786=DIRECTION('',(0.042375839776998,-0.999101740666682,0.));
#4787=DIRECTION('center_axis',(0.042375839776998,-0.999101740666682,0.));
#4788=DIRECTION('ref_axis',(0.996893916800183,0.0422821972713207,-0.066443468006256));
#4789=DIRECTION('center_axis',(-0.0423758397769989,0.999101740666682,-7.52746128132012E-17));
#4790=DIRECTION('ref_axis',(0.996893916800183,0.0422821972713215,-0.066443468006256));
#4791=DIRECTION('',(0.042375839776998,-0.999101740666682,0.));
#4792=DIRECTION('center_axis',(-0.372731509916648,-0.0158090113360496,-0.927804557369618));
#4793=DIRECTION('ref_axis',(0.926971148266466,0.0393164972674643,-0.373066620490453));
#4794=DIRECTION('',(0.926971148266466,0.0393164972674643,-0.373066620490453));
#4795=DIRECTION('',(0.042375839776998,-0.999101740666682,0.));
#4796=DIRECTION('center_axis',(0.042375839776998,-0.999101740666682,0.));
#4797=DIRECTION('ref_axis',(0.372731509916642,0.0158090113360493,0.92780455736962));
#4798=DIRECTION('center_axis',(-0.0423758397769989,0.999101740666682,-7.52746128132012E-17));
#4799=DIRECTION('ref_axis',(0.372731509916642,0.0158090113360497,0.92780455736962));
#4800=DIRECTION('',(0.042375839776998,-0.999101740666682,0.));
#4801=DIRECTION('center_axis',(0.765356336548213,0.0324617765836696,-0.642787609686536));
#4802=DIRECTION('ref_axis',(0.642210219716794,0.0272386647587168,0.766044443118981));
#4803=DIRECTION('',(0.642210219716794,0.0272386647587168,0.766044443118981));
#4804=DIRECTION('',(0.042375839776998,-0.999101740666682,0.));
#4805=DIRECTION('center_axis',(0.042375839776998,-0.999101740666682,0.));
#4806=DIRECTION('ref_axis',(-0.765356336548222,-0.03246177658367,0.642787609686525));
#4807=DIRECTION('center_axis',(-0.0423758397769989,0.999101740666682,-7.52746128132012E-17));
#4808=DIRECTION('ref_axis',(-0.765356336548222,-0.0324617765836706,0.642787609686525));
#4809=DIRECTION('',(0.042375839776998,-0.999101740666682,0.));
#4810=DIRECTION('center_axis',(0.90549368760808,0.0384055535721104,0.422618261740713));
#4811=DIRECTION('ref_axis',(-0.422238640942673,-0.0179088037463581,0.906307787036644));
#4812=DIRECTION('',(-0.422238640942673,-0.0179088037463581,0.906307787036644));
#4813=DIRECTION('',(0.042375839776998,-0.999101740666682,0.));
#4814=DIRECTION('center_axis',(0.042375839776998,-0.999101740666682,0.));
#4815=DIRECTION('ref_axis',(-0.905493687608082,-0.0384055535721105,-0.422618261740708));
#4816=DIRECTION('center_axis',(-0.0423758397769989,0.999101740666682,-7.52746128132012E-17));
#4817=DIRECTION('ref_axis',(-0.905493687608082,-0.0384055535721114,-0.422618261740708));
#4818=DIRECTION('center_axis',(-0.999101740666682,-0.042375839776998,-2.22423938777208E-15));
#4819=DIRECTION('ref_axis',(2.22543126891432E-15,1.90470152322397E-17,-1.));
#4820=DIRECTION('',(0.042375839776998,-0.999101740666682,0.));
#4821=DIRECTION('',(2.22543126891432E-15,1.90470152322397E-17,-1.));
#4822=DIRECTION('',(0.042375839776998,-0.999101740666682,0.));
#4823=DIRECTION('center_axis',(2.22224144398248E-15,9.42540119219176E-17,
-1.));
#4824=DIRECTION('ref_axis',(0.999101740666682,0.0423758397769989,2.22423938777208E-15));
#4825=DIRECTION('',(0.999101740666682,0.0423758397769989,2.22423938777208E-15));
#4826=DIRECTION('',(0.042375839776998,-0.999101740666682,0.));
#4827=DIRECTION('center_axis',(-0.965058174400316,-0.0409319180512901,0.258819045102505));
#4828=DIRECTION('ref_axis',(-0.258586558479601,-0.0109676743864997,-0.965925826289073));
#4829=DIRECTION('',(-0.258586558479601,-0.0109676743864997,-0.965925826289073));
#4830=DIRECTION('center_axis',(0.042375839776998,-0.999101740666682,0.));
#4831=DIRECTION('ref_axis',(0.499550870333343,0.0211879198884991,-0.866025403784438));
#4832=DIRECTION('center_axis',(-0.0423758397769989,0.999101740666682,-7.52746128132012E-17));
#4833=DIRECTION('ref_axis',(0.499550870333343,0.0211879198884995,-0.866025403784438));
#4834=DIRECTION('',(0.042375839776998,-0.999101740666682,0.));
#4835=DIRECTION('center_axis',(-0.765356336548211,-0.0324617765836695,0.642787609686538));
#4836=DIRECTION('ref_axis',(-0.642210219716796,-0.0272386647587169,-0.766044443118979));
#4837=DIRECTION('',(-0.642210219716796,-0.0272386647587169,-0.766044443118979));
#4838=DIRECTION('',(0.042375839776998,-0.999101740666682,0.));
#4839=DIRECTION('center_axis',(0.042375839776998,-0.999101740666682,0.));
#4840=DIRECTION('ref_axis',(0.765356336548211,0.0324617765836695,-0.642787609686538));
#4841=DIRECTION('center_axis',(-0.0423758397769989,0.999101740666682,-7.52746128132012E-17));
#4842=DIRECTION('ref_axis',(0.765356336548211,0.0324617765836701,-0.642787609686538));
#4843=DIRECTION('',(0.042375839776998,-0.999101740666682,0.));
#4844=DIRECTION('center_axis',(-0.96505817440031,-0.0409319180512899,0.258819045102526));
#4845=DIRECTION('ref_axis',(-0.258586558479623,-0.0109676743865006,-0.965925826289067));
#4846=DIRECTION('',(-0.258586558479623,-0.0109676743865006,-0.965925826289067));
#4847=DIRECTION('',(0.042375839776998,-0.999101740666682,0.));
#4848=DIRECTION('center_axis',(0.042375839776998,-0.999101740666682,0.));
#4849=DIRECTION('ref_axis',(-0.422238640942666,-0.0179088037463575,0.906307787036647));
#4850=DIRECTION('center_axis',(0.0423758397769989,-0.999101740666682,7.52746128132012E-17));
#4851=DIRECTION('ref_axis',(-0.422238640942666,-0.0179088037463578,0.906307787036647));
#4852=DIRECTION('',(0.042375839776998,-0.999101740666682,0.));
#4853=DIRECTION('center_axis',(-0.422238640942664,-0.0179088037463574,0.906307787036648));
#4854=DIRECTION('ref_axis',(-0.905493687608084,-0.0384055535721115,-0.422618261740703));
#4855=DIRECTION('',(-0.905493687608084,-0.0384055535721115,-0.422618261740703));
#4856=DIRECTION('',(0.042375839776998,-0.999101740666682,0.));
#4857=DIRECTION('center_axis',(0.042375839776998,-0.999101740666682,0.));
#4858=DIRECTION('ref_axis',(0.322136943549653,0.0136630965100741,0.946594479909028));
#4859=DIRECTION('center_axis',(0.0423758397769989,-0.999101740666682,7.52746128132012E-17));
#4860=DIRECTION('ref_axis',(0.322136943549653,0.0136630965100745,0.946594479909028));
#4861=DIRECTION('',(0.042375839776998,-0.999101740666682,0.));
#4862=DIRECTION('center_axis',(0.322136943549658,0.0136630965100744,0.946594479909027));
#4863=DIRECTION('ref_axis',(-0.945744192582581,-0.0401127360144165,0.322426566222077));
#4864=DIRECTION('',(-0.945744192582581,-0.0401127360144165,0.322426566222077));
#4865=DIRECTION('',(0.042375839776998,-0.999101740666682,0.));
#4866=DIRECTION('center_axis',(0.042375839776998,-0.999101740666682,0.));
#4867=DIRECTION('ref_axis',(0.931547719275943,0.0395106076687688,0.361466123714843));
#4868=DIRECTION('center_axis',(0.0423758397769989,-0.999101740666682,7.52746128132012E-17));
#4869=DIRECTION('ref_axis',(0.931547719275943,0.0395106076687696,0.361466123714843));
#4870=DIRECTION('',(0.042375839776998,-0.999101740666682,0.));
#4871=DIRECTION('center_axis',(0.931547719275942,0.0395106076687687,0.361466123714846));
#4872=DIRECTION('ref_axis',(-0.361141433395541,-0.0153174305433531,0.932385243022735));
#4873=DIRECTION('',(-0.361141433395541,-0.0153174305433531,0.932385243022735));
#4874=DIRECTION('',(0.042375839776998,-0.999101740666682,0.));
#4875=DIRECTION('center_axis',(0.042375839776998,-0.999101740666682,0.));
#4876=DIRECTION('ref_axis',(0.996893916800185,0.0422821972713207,-0.0664434680062373));
#4877=DIRECTION('center_axis',(0.0423758397769989,-0.999101740666682,7.52746128132012E-17));
#4878=DIRECTION('ref_axis',(0.996893916800185,0.0422821972713216,-0.0664434680062373));
#4879=DIRECTION('',(0.042375839776998,-0.999101740666682,0.));
#4880=DIRECTION('center_axis',(0.996893916800204,0.0422821972713216,-0.0664434680059461));
#4881=DIRECTION('ref_axis',(0.0663837845406717,0.0028155977544482,0.997790191152099));
#4882=DIRECTION('',(0.0663837845406717,0.0028155977544482,0.997790191152099));
#4883=DIRECTION('',(0.042375839776998,-0.999101740666682,0.));
#4884=DIRECTION('center_axis',(2.22224144398248E-15,9.42540119219176E-17,
-1.));
#4885=DIRECTION('ref_axis',(0.999101740666682,0.0423758397769989,2.22423938777208E-15));
#4886=DIRECTION('',(0.999101740666682,0.0423758397769989,2.22423938777208E-15));
#4887=DIRECTION('',(0.042375839776998,-0.999101740666682,0.));
#4888=DIRECTION('center_axis',(0.999101740666682,0.042375839776998,2.22423938777208E-15));
#4889=DIRECTION('ref_axis',(-2.22543126891432E-15,-1.90470152322397E-17,
1.));
#4890=DIRECTION('',(-2.22543126891432E-15,-1.90470152322397E-17,1.));
#4891=DIRECTION('',(0.042375839776998,-0.999101740666682,0.));
#4892=DIRECTION('center_axis',(2.22224144398248E-15,9.42540119219176E-17,
-1.));
#4893=DIRECTION('ref_axis',(0.999101740666682,0.0423758397769989,2.22423938777208E-15));
#4894=DIRECTION('',(0.999101740666682,0.0423758397769989,2.22423938777208E-15));
#4895=DIRECTION('center_axis',(0.0423758397769989,-0.999101740666682,7.52746128132012E-17));
#4896=DIRECTION('ref_axis',(-0.999101740666682,-0.0423758397769989,-2.22423938777208E-15));
#4897=DIRECTION('center_axis',(0.0423758397769975,0.999101740666682,1.22663473334668E-16));
#4898=DIRECTION('ref_axis',(-0.792640703248706,0.0336190140347288,0.608761429008712));
#4899=DIRECTION('center_axis',(-0.0423758397769984,-0.999101740666682,-1.97629287686201E-16));
#4900=DIRECTION('ref_axis',(-0.792640703248706,0.0336190140347288,0.608761429008712));
#4901=DIRECTION('',(-0.0423758397769975,-0.999101740666682,-1.23426168150848E-16));
#4902=DIRECTION('center_axis',(0.0423758397769984,0.999101740666682,1.97629287686201E-16));
#4903=DIRECTION('ref_axis',(-0.792640703248706,0.0336190140347288,0.608761429008712));
#4904=DIRECTION('',(0.0423758397769975,0.999101740666682,1.26814002652845E-16));
#4905=DIRECTION('center_axis',(-0.0423758397769984,-0.999101740666682,-1.97629287686201E-16));
#4906=DIRECTION('ref_axis',(-0.999101740666682,0.0423758397769984,-2.21904984411767E-15));
#4907=DIRECTION('',(-0.865247488382598,0.0366985537535797,-0.500000000000002));
#4908=DIRECTION('center_axis',(0.0423758397769984,0.999101740666682,1.97629287686201E-16));
#4909=DIRECTION('ref_axis',(0.499550870333343,-0.0211879198884991,-0.866025403784438));
#4910=DIRECTION('',(-0.642210219716796,0.0272386647587167,-0.766044443118979));
#4911=DIRECTION('center_axis',(0.0423758397769984,0.999101740666682,1.97629287686201E-16));
#4912=DIRECTION('ref_axis',(0.765356336548211,-0.0324617765836697,-0.642787609686538));
#4913=DIRECTION('',(-0.258586558479623,0.0109676743865006,-0.965925826289067));
#4914=DIRECTION('center_axis',(-0.0423758397769984,-0.999101740666682,-1.97629287686201E-16));
#4915=DIRECTION('ref_axis',(-0.422238640942666,0.0179088037463575,0.906307787036647));
#4916=DIRECTION('',(-0.905493687608084,0.038405553572111,-0.422618261740703));
#4917=DIRECTION('center_axis',(-0.0423758397769984,-0.999101740666682,-1.97629287686201E-16));
#4918=DIRECTION('ref_axis',(0.322136943549653,-0.0136630965100744,0.946594479909028));
#4919=DIRECTION('',(-0.945744192582581,0.0401127360144159,0.322426566222077));
#4920=DIRECTION('center_axis',(-0.0423758397769984,-0.999101740666682,-1.97629287686201E-16));
#4921=DIRECTION('ref_axis',(0.931547719275943,-0.0395106076687692,0.361466123714843));
#4922=DIRECTION('',(-0.361141433395541,0.0153174305433528,0.932385243022735));
#4923=DIRECTION('center_axis',(-0.0423758397769984,-0.999101740666682,-1.97629287686201E-16));
#4924=DIRECTION('ref_axis',(0.996893916800185,-0.0422821972713211,-0.0664434680062373));
#4925=DIRECTION('',(0.0663837845406717,-0.00281559775444829,0.997790191152099));
#4926=DIRECTION('',(0.999101740666682,-0.0423758397769984,2.21904984411767E-15));
#4927=DIRECTION('',(-2.22543126891432E-15,-1.03417664682497E-16,1.));
#4928=DIRECTION('',(0.999101740666682,-0.0423758397769984,2.21904984411767E-15));
#4929=DIRECTION('',(2.22543126891432E-15,1.03417664682497E-16,-1.));
#4930=DIRECTION('',(0.999101740666682,-0.0423758397769984,2.21904984411767E-15));
#4931=DIRECTION('',(-0.258586558479601,0.0109676743864996,-0.965925826289073));
#4932=DIRECTION('center_axis',(0.0423758397769984,0.999101740666682,1.97629287686201E-16));
#4933=DIRECTION('ref_axis',(-0.999101740666682,0.0423758397769984,-2.21904984411767E-15));
#4934=DIRECTION('center_axis',(0.0423758397769984,0.999101740666682,1.97629287686201E-16));
#4935=DIRECTION('ref_axis',(-0.905493687608082,0.0384055535721109,-0.422618261740708));
#4936=DIRECTION('',(-0.999101740666682,0.0423758397769984,-3.09236822254366E-15));
#4937=DIRECTION('center_axis',(0.0423758397769984,0.999101740666682,1.97629287686201E-16));
#4938=DIRECTION('ref_axis',(2.22543126891432E-15,1.03417664682497E-16,-1.));
#4939=DIRECTION('',(-0.729564405275545,0.0309436998121213,-0.68321172852702));
#4940=DIRECTION('center_axis',(0.0423758397769984,0.999101740666682,1.97629287686201E-16));
#4941=DIRECTION('ref_axis',(0.682598027215244,-0.0289516707418272,-0.73022033250459));
#4942=DIRECTION('',(-0.066383784540958,0.00281559775446043,-0.99779019115208));
#4943=DIRECTION('center_axis',(0.0423758397769984,0.999101740666682,1.97629287686201E-16));
#4944=DIRECTION('ref_axis',(0.996893916800183,-0.042282197271321,-0.066443468006256));
#4945=DIRECTION('',(0.926971148266466,-0.0393164972674637,-0.373066620490453));
#4946=DIRECTION('center_axis',(0.0423758397769984,0.999101740666682,1.97629287686201E-16));
#4947=DIRECTION('ref_axis',(0.372731509916642,-0.0158090113360496,0.92780455736962));
#4948=DIRECTION('',(0.642210219716794,-0.0272386647587166,0.766044443118981));
#4949=DIRECTION('center_axis',(0.0423758397769984,0.999101740666682,1.97629287686201E-16));
#4950=DIRECTION('ref_axis',(-0.765356336548222,0.0324617765836701,0.642787609686525));
#4951=DIRECTION('',(-0.422238640942673,0.0179088037463578,0.906307787036644));
#4952=DIRECTION('center_axis',(0.499550870333343,-0.0211879198884987,-0.866025403784438));
#4953=DIRECTION('ref_axis',(-0.865247488382598,0.0366985537535797,-0.500000000000002));
#4954=DIRECTION('',(0.865247488382598,-0.0366985537535797,0.500000000000002));
#4955=DIRECTION('',(0.0423758397769975,0.999101740666682,1.22354674873E-16));
#4956=DIRECTION('center_axis',(-0.0423758397769975,-0.999101740666682,-1.22354674873E-16));
#4957=DIRECTION('ref_axis',(-0.999101740666682,0.0423758397769975,-2.21904984411767E-15));
#4958=DIRECTION('',(-0.0423758397769975,-0.999101740666682,-1.22354674873E-16));
#4959=DIRECTION('center_axis',(0.0423758397769984,0.999101740666682,1.97629287686201E-16));
#4960=DIRECTION('ref_axis',(-0.999101740666682,0.0423758397769984,-2.21904984411767E-15));
#4961=DIRECTION('center_axis',(3.09477535602409E-15,-8.79693168566826E-18,
-1.));
#4962=DIRECTION('ref_axis',(-0.999101740666682,0.0423758397769984,-3.09236822254366E-15));
#4963=DIRECTION('',(-0.999101740666682,0.0423758397769984,-3.09236822254366E-15));
#4964=DIRECTION('',(0.0423758397769975,0.999101740666682,1.22354674873E-16));
#4965=DIRECTION('',(0.0423758397769975,0.999101740666682,1.22354674873E-16));
#4966=DIRECTION('center_axis',(-0.0423758397769975,-0.999101740666682,-1.22354674873E-16));
#4967=DIRECTION('ref_axis',(2.22224144398248E-15,2.82106679928189E-17,-1.));
#4968=DIRECTION('center_axis',(0.0423758397769984,0.999101740666682,1.97629287686201E-16));
#4969=DIRECTION('ref_axis',(2.22543126891432E-15,1.03417664682497E-16,-1.));
#4970=DIRECTION('',(0.0423758397769975,0.999101740666682,1.22354674873E-16));
#4971=DIRECTION('center_axis',(0.682598027215238,-0.0289516707418264,-0.730220332504596));
#4972=DIRECTION('ref_axis',(-0.729564405275545,0.0309436998121213,-0.68321172852702));
#4973=DIRECTION('',(-0.729564405275545,0.0309436998121213,-0.68321172852702));
#4974=DIRECTION('',(0.0423758397769975,0.999101740666682,1.22354674873E-16));
#4975=DIRECTION('center_axis',(-0.0423758397769975,-0.999101740666682,-1.22354674873E-16));
#4976=DIRECTION('ref_axis',(0.682598027215244,-0.0289516707418266,-0.73022033250459));
#4977=DIRECTION('center_axis',(0.0423758397769984,0.999101740666682,1.97629287686201E-16));
#4978=DIRECTION('ref_axis',(0.682598027215244,-0.0289516707418272,-0.73022033250459));
#4979=DIRECTION('',(0.0423758397769975,0.999101740666682,1.22354674873E-16));
#4980=DIRECTION('center_axis',(0.996893916800185,-0.0422821972713202,-0.0664434680062326));
#4981=DIRECTION('ref_axis',(-0.066383784540958,0.00281559775446043,-0.99779019115208));
#4982=DIRECTION('',(-0.066383784540958,0.00281559775446043,-0.99779019115208));
#4983=DIRECTION('',(0.0423758397769975,0.999101740666682,1.22354674873E-16));
#4984=DIRECTION('center_axis',(-0.0423758397769975,-0.999101740666682,-1.22354674873E-16));
#4985=DIRECTION('ref_axis',(0.996893916800183,-0.0422821972713202,-0.066443468006256));
#4986=DIRECTION('center_axis',(0.0423758397769984,0.999101740666682,1.97629287686201E-16));
#4987=DIRECTION('ref_axis',(0.996893916800183,-0.042282197271321,-0.066443468006256));
#4988=DIRECTION('',(0.0423758397769975,0.999101740666682,1.22354674873E-16));
#4989=DIRECTION('center_axis',(0.372731509916648,-0.0158090113360495,0.927804557369618));
#4990=DIRECTION('ref_axis',(0.926971148266466,-0.0393164972674637,-0.373066620490453));
#4991=DIRECTION('',(0.926971148266466,-0.0393164972674637,-0.373066620490453));
#4992=DIRECTION('',(0.0423758397769975,0.999101740666682,1.22354674873E-16));
#4993=DIRECTION('center_axis',(-0.0423758397769975,-0.999101740666682,-1.22354674873E-16));
#4994=DIRECTION('ref_axis',(0.372731509916642,-0.0158090113360492,0.92780455736962));
#4995=DIRECTION('center_axis',(0.0423758397769984,0.999101740666682,1.97629287686201E-16));
#4996=DIRECTION('ref_axis',(0.372731509916642,-0.0158090113360496,0.92780455736962));
#4997=DIRECTION('',(0.0423758397769975,0.999101740666682,1.22354674873E-16));
#4998=DIRECTION('center_axis',(-0.765356336548213,0.0324617765836691,0.642787609686536));
#4999=DIRECTION('ref_axis',(0.642210219716794,-0.0272386647587166,0.766044443118981));
#5000=DIRECTION('',(0.642210219716794,-0.0272386647587166,0.766044443118981));
#5001=DIRECTION('',(0.0423758397769975,0.999101740666682,1.22354674873E-16));
#5002=DIRECTION('center_axis',(-0.0423758397769975,-0.999101740666682,-1.22354674873E-16));
#5003=DIRECTION('ref_axis',(-0.765356336548222,0.0324617765836695,0.642787609686525));
#5004=DIRECTION('center_axis',(0.0423758397769984,0.999101740666682,1.97629287686201E-16));
#5005=DIRECTION('ref_axis',(-0.765356336548222,0.0324617765836701,0.642787609686525));
#5006=DIRECTION('',(0.0423758397769975,0.999101740666682,1.22354674873E-16));
#5007=DIRECTION('center_axis',(-0.90549368760808,0.03840555357211,-0.422618261740713));
#5008=DIRECTION('ref_axis',(-0.422238640942673,0.0179088037463578,0.906307787036644));
#5009=DIRECTION('',(-0.422238640942673,0.0179088037463578,0.906307787036644));
#5010=DIRECTION('',(0.0423758397769975,0.999101740666682,1.22354674873E-16));
#5011=DIRECTION('center_axis',(-0.0423758397769975,-0.999101740666682,-1.22354674873E-16));
#5012=DIRECTION('ref_axis',(-0.905493687608082,0.0384055535721101,-0.422618261740708));
#5013=DIRECTION('center_axis',(0.0423758397769984,0.999101740666682,1.97629287686201E-16));
#5014=DIRECTION('ref_axis',(-0.905493687608082,0.0384055535721109,-0.422618261740708));
#5015=DIRECTION('center_axis',(0.999101740666682,-0.0423758397769975,2.21904984411767E-15));
#5016=DIRECTION('ref_axis',(2.22543126891432E-15,1.03417664682497E-16,-1.));
#5017=DIRECTION('',(-2.22543126891432E-15,-1.03417664682497E-16,1.));
#5018=DIRECTION('',(0.0423758397769975,0.999101740666682,1.22354674873E-16));
#5019=DIRECTION('',(0.0423758397769975,0.999101740666682,1.22354674873E-16));
#5020=DIRECTION('center_axis',(-2.22224144398248E-15,-2.82106679928189E-17,
1.));
#5021=DIRECTION('ref_axis',(0.999101740666682,-0.0423758397769984,2.21904984411767E-15));
#5022=DIRECTION('',(-0.999101740666682,0.0423758397769984,-2.21904984411767E-15));
#5023=DIRECTION('',(0.0423758397769975,0.999101740666682,1.22354674873E-16));
#5024=DIRECTION('center_axis',(0.965058174400316,-0.0409319180512896,-0.258819045102505));
#5025=DIRECTION('ref_axis',(-0.258586558479601,0.0109676743864996,-0.965925826289073));
#5026=DIRECTION('',(0.258586558479601,-0.0109676743864996,0.965925826289073));
#5027=DIRECTION('center_axis',(-0.0423758397769975,-0.999101740666682,-1.22354674873E-16));
#5028=DIRECTION('ref_axis',(0.499550870333343,-0.0211879198884987,-0.866025403784438));
#5029=DIRECTION('center_axis',(-0.0423758397769984,-0.999101740666682,-1.97629287686201E-16));
#5030=DIRECTION('ref_axis',(0.499550870333343,-0.0211879198884991,-0.866025403784438));
#5031=DIRECTION('',(0.0423758397769975,0.999101740666682,1.22354674873E-16));
#5032=DIRECTION('center_axis',(0.765356336548211,-0.032461776583669,-0.642787609686538));
#5033=DIRECTION('ref_axis',(-0.642210219716796,0.0272386647587167,-0.766044443118979));
#5034=DIRECTION('',(0.642210219716796,-0.0272386647587167,0.766044443118979));
#5035=DIRECTION('',(0.0423758397769975,0.999101740666682,1.22354674873E-16));
#5036=DIRECTION('center_axis',(-0.0423758397769975,-0.999101740666682,-1.22354674873E-16));
#5037=DIRECTION('ref_axis',(0.765356336548211,-0.032461776583669,-0.642787609686538));
#5038=DIRECTION('center_axis',(-0.0423758397769984,-0.999101740666682,-1.97629287686201E-16));
#5039=DIRECTION('ref_axis',(0.765356336548211,-0.0324617765836697,-0.642787609686538));
#5040=DIRECTION('',(0.0423758397769975,0.999101740666682,1.22354674873E-16));
#5041=DIRECTION('center_axis',(0.96505817440031,-0.0409319180512894,-0.258819045102526));
#5042=DIRECTION('ref_axis',(-0.258586558479623,0.0109676743865006,-0.965925826289067));
#5043=DIRECTION('',(0.258586558479623,-0.0109676743865006,0.965925826289067));
#5044=DIRECTION('',(0.0423758397769975,0.999101740666682,1.22354674873E-16));
#5045=DIRECTION('center_axis',(-0.0423758397769975,-0.999101740666682,-1.22354674873E-16));
#5046=DIRECTION('ref_axis',(-0.422238640942666,0.0179088037463572,0.906307787036647));
#5047=DIRECTION('center_axis',(-0.0423758397769984,-0.999101740666682,-1.97629287686201E-16));
#5048=DIRECTION('ref_axis',(-0.422238640942666,0.0179088037463575,0.906307787036647));
#5049=DIRECTION('',(0.0423758397769975,0.999101740666682,1.22354674873E-16));
#5050=DIRECTION('center_axis',(0.422238640942664,-0.0179088037463571,-0.906307787036648));
#5051=DIRECTION('ref_axis',(-0.905493687608084,0.038405553572111,-0.422618261740703));
#5052=DIRECTION('',(0.905493687608084,-0.038405553572111,0.422618261740703));
#5053=DIRECTION('',(0.0423758397769975,0.999101740666682,1.22354674873E-16));
#5054=DIRECTION('center_axis',(-0.0423758397769975,-0.999101740666682,-1.22354674873E-16));
#5055=DIRECTION('ref_axis',(0.322136943549653,-0.0136630965100741,0.946594479909028));
#5056=DIRECTION('center_axis',(-0.0423758397769984,-0.999101740666682,-1.97629287686201E-16));
#5057=DIRECTION('ref_axis',(0.322136943549653,-0.0136630965100744,0.946594479909028));
#5058=DIRECTION('',(0.0423758397769975,0.999101740666682,1.22354674873E-16));
#5059=DIRECTION('center_axis',(-0.322136943549658,0.0136630965100743,-0.946594479909027));
#5060=DIRECTION('ref_axis',(-0.945744192582581,0.0401127360144159,0.322426566222077));
#5061=DIRECTION('',(0.945744192582581,-0.0401127360144159,-0.322426566222077));
#5062=DIRECTION('',(0.0423758397769975,0.999101740666682,1.22354674873E-16));
#5063=DIRECTION('center_axis',(-0.0423758397769975,-0.999101740666682,-1.22354674873E-16));
#5064=DIRECTION('ref_axis',(0.931547719275943,-0.0395106076687683,0.361466123714843));
#5065=DIRECTION('center_axis',(-0.0423758397769984,-0.999101740666682,-1.97629287686201E-16));
#5066=DIRECTION('ref_axis',(0.931547719275943,-0.0395106076687692,0.361466123714843));
#5067=DIRECTION('',(0.0423758397769975,0.999101740666682,1.22354674873E-16));
#5068=DIRECTION('center_axis',(-0.931547719275942,0.0395106076687683,-0.361466123714846));
#5069=DIRECTION('ref_axis',(-0.361141433395541,0.0153174305433528,0.932385243022735));
#5070=DIRECTION('',(0.361141433395541,-0.0153174305433528,-0.932385243022735));
#5071=DIRECTION('',(0.0423758397769975,0.999101740666682,1.22354674873E-16));
#5072=DIRECTION('center_axis',(-0.0423758397769975,-0.999101740666682,-1.22354674873E-16));
#5073=DIRECTION('ref_axis',(0.996893916800185,-0.0422821972713202,-0.0664434680062373));
#5074=DIRECTION('center_axis',(-0.0423758397769984,-0.999101740666682,-1.97629287686201E-16));
#5075=DIRECTION('ref_axis',(0.996893916800185,-0.0422821972713211,-0.0664434680062373));
#5076=DIRECTION('',(0.0423758397769975,0.999101740666682,1.22354674873E-16));
#5077=DIRECTION('center_axis',(-0.996893916800204,0.042282197271321,0.0664434680059461));
#5078=DIRECTION('ref_axis',(0.0663837845406717,-0.00281559775444829,0.997790191152099));
#5079=DIRECTION('',(-0.0663837845406717,0.00281559775444829,-0.997790191152099));
#5080=DIRECTION('',(0.0423758397769975,0.999101740666682,1.22354674873E-16));
#5081=DIRECTION('center_axis',(-2.22224144398248E-15,-2.82106679928189E-17,
1.));
#5082=DIRECTION('ref_axis',(0.999101740666682,-0.0423758397769984,2.21904984411767E-15));
#5083=DIRECTION('',(0.999101740666682,-0.0423758397769984,2.21904984411767E-15));
#5084=DIRECTION('',(0.0423758397769975,0.999101740666682,1.22354674873E-16));
#5085=DIRECTION('center_axis',(-0.999101740666682,0.0423758397769975,-2.21904984411767E-15));
#5086=DIRECTION('ref_axis',(-2.22543126891432E-15,-1.03417664682497E-16,
1.));
#5087=DIRECTION('',(-2.22543126891432E-15,-1.03417664682497E-16,1.));
#5088=DIRECTION('',(0.0423758397769975,0.999101740666682,1.22354674873E-16));
#5089=DIRECTION('center_axis',(-2.22224144398248E-15,-2.82106679928189E-17,
1.));
#5090=DIRECTION('ref_axis',(0.999101740666682,-0.0423758397769984,2.21904984411767E-15));
#5091=DIRECTION('',(0.999101740666682,-0.0423758397769984,2.21904984411767E-15));
#5092=DIRECTION('center_axis',(-0.0423758397769984,-0.999101740666682,-1.97629287686201E-16));
#5093=DIRECTION('ref_axis',(-0.999101740666682,0.0423758397769984,-2.21904984411767E-15));
#5094=DIRECTION('',(0.,0.,1.));
#5095=DIRECTION('',(1.,0.,0.));
#5096=CARTESIAN_POINT('',(0.,0.,0.));
#5097=CARTESIAN_POINT('',(0.,0.,0.));
#5098=CARTESIAN_POINT('Origin',(-7.8702794755757,-1.71556098019238,-1.73390942608114));
#5099=CARTESIAN_POINT('',(-7.92049490858582,-1.80203878247423,-1.73390942608114));
#5100=CARTESIAN_POINT('',(-7.82813049013961,-1.80624429192393,-1.73390942608114));
#5101=CARTESIAN_POINT('Origin',(-7.8702794755757,-1.71556098019238,-1.73390942608114));
#5102=CARTESIAN_POINT('',(-7.82813049013961,-1.80624429192393,-2.23390942608114));
#5103=CARTESIAN_POINT('',(-7.82813049013961,-1.80624429192393,-1.73390942608114));
#5104=CARTESIAN_POINT('',(-7.92049490858582,-1.80203878247423,-2.23390942608114));
#5105=CARTESIAN_POINT('Origin',(-7.8702794755757,-1.71556098019238,-2.23390942608114));
#5106=CARTESIAN_POINT('',(-7.92049490858582,-1.80203878247423,-1.73390942608114));
#5107=CARTESIAN_POINT('Origin',(-7.7648014192935,-1.77680937127749,-1.73390942608114));
#5108=CARTESIAN_POINT('',(-7.38065886510983,-1.59826252938886,-1.73390942608114));
#5109=CARTESIAN_POINT('',(-8.47926397556069,-2.10888669955026,-1.73390942608115));
#5110=CARTESIAN_POINT('',(-7.38065886510982,-1.59826252938886,-2.23390942608114));
#5111=CARTESIAN_POINT('',(-7.38065886510983,-1.59826252938886,-1.73390942608114));
#5112=CARTESIAN_POINT('',(-8.47926397556069,-2.10888669955026,-2.23390942608115));
#5113=CARTESIAN_POINT('Origin',(-7.42280785055013,-1.50757921764825,-1.73390942608114));
#5114=CARTESIAN_POINT('',(-7.3243270752396,-1.52494403541662,-1.73390942608114));
#5115=CARTESIAN_POINT('Origin',(-7.42280785055013,-1.50757921764825,-1.73390942608114));
#5116=CARTESIAN_POINT('',(-7.3243270752396,-1.52494403541662,-2.23390942608114));
#5117=CARTESIAN_POINT('',(-7.3243270752396,-1.52494403541662,-1.73390942608114));
#5118=CARTESIAN_POINT('Origin',(-7.42280785055013,-1.50757921764825,-2.23390942608114));
#5119=CARTESIAN_POINT('Origin',(-7.34550716046812,-1.6450622677108,-1.73390942608114));
#5120=CARTESIAN_POINT('',(-7.01884540000873,0.207528635543119,-1.73390942608114));
#5121=CARTESIAN_POINT('',(-7.01884540000873,0.207528635543118,-1.73390942608114));
#5122=CARTESIAN_POINT('',(-7.01884540000873,0.207528635543119,-2.23390942608114));
#5123=CARTESIAN_POINT('',(-7.01884540000873,0.207528635543119,-1.73390942608114));
#5124=CARTESIAN_POINT('',(-7.01884540000873,0.207528635543118,-2.23390942608114));
#5125=CARTESIAN_POINT('Origin',(-7.42280785047796,-3.90250078234631,-1.73390942608114));
#5126=CARTESIAN_POINT('',(-7.32432707523855,-3.88513596459046,-1.73390942608114));
#5127=CARTESIAN_POINT('',(-7.38065886506033,-3.8118174706748,-1.73390942608114));
#5128=CARTESIAN_POINT('Origin',(-7.42280785047796,-3.90250078234631,-1.73390942608114));
#5129=CARTESIAN_POINT('',(-7.38065886506032,-3.8118174706748,-2.23390942608114));
#5130=CARTESIAN_POINT('',(-7.38065886506033,-3.8118174706748,-1.73390942608114));
#5131=CARTESIAN_POINT('',(-7.32432707523855,-3.88513596459046,-2.23390942608114));
#5132=CARTESIAN_POINT('Origin',(-7.42280785047796,-3.90250078234631,-2.23390942608114));
#5133=CARTESIAN_POINT('',(-7.32432707523855,-3.88513596459046,-1.73390942608114));
#5134=CARTESIAN_POINT('Origin',(-7.4439879356741,-3.78238255012976,-1.73390942608114));
#5135=CARTESIAN_POINT('',(-7.82813049006172,-3.6038357081063,-1.73390942608114));
#5136=CARTESIAN_POINT('',(-8.31885723373406,-3.37574926108711,-1.73390942608114));
#5137=CARTESIAN_POINT('',(-7.82813049006172,-3.6038357081063,-2.23390942608114));
#5138=CARTESIAN_POINT('',(-7.82813049006172,-3.6038357081063,-1.73390942608114));
#5139=CARTESIAN_POINT('',(-8.31885723373406,-3.37574926108711,-2.23390942608114));
#5140=CARTESIAN_POINT('Origin',(-7.87027947550558,-3.69451901983424,-1.73390942608114));
#5141=CARTESIAN_POINT('',(-7.92049490851145,-3.60804121754992,-1.73390942608114));
#5142=CARTESIAN_POINT('Origin',(-7.87027947550558,-3.69451901983424,-1.73390942608114));
#5143=CARTESIAN_POINT('',(-7.92049490851145,-3.60804121754992,-2.23390942608114));
#5144=CARTESIAN_POINT('',(-7.92049490851145,-3.60804121754992,-1.73390942608114));
#5145=CARTESIAN_POINT('Origin',(-7.87027947550558,-3.69451901983424,-2.23390942608114));
#5146=CARTESIAN_POINT('Origin',(-7.81501685246362,-3.54679282643511,-1.73390942608114));
#5147=CARTESIAN_POINT('',(-8.93782712951259,-4.1987798422485,-1.73390942608115));
#5148=CARTESIAN_POINT('',(-7.81501685246362,-3.54679282643511,-1.73390942608114));
#5149=CARTESIAN_POINT('',(-8.93782712951259,-4.1987798422485,-2.23390942608115));
#5150=CARTESIAN_POINT('',(-8.93782712951259,-4.1987798422485,-1.73390942608115));
#5151=CARTESIAN_POINT('',(-7.81501685246362,-3.54679282643511,-2.23390942608114));
#5152=CARTESIAN_POINT('Origin',(-8.93782712951348,-1.21130015775146,-1.73390942608115));
#5153=CARTESIAN_POINT('',(-8.93782712951348,-1.21130015775146,-2.23390942608115));
#5154=CARTESIAN_POINT('',(-7.81501685246415,-1.86328717363885,-2.23390942608114));
#5155=CARTESIAN_POINT('',(-8.93782712951348,-1.21130015775146,-1.73390942608115));
#5156=CARTESIAN_POINT('',(-8.93782712951348,-1.21130015775146,-1.73390942608115));
#5157=CARTESIAN_POINT('',(-7.81501685246415,-1.86328717363885,-1.73390942608114));
#5158=CARTESIAN_POINT('Origin',(-7.01884540000842,-5.61760863554384,-1.73390942608114));
#5159=CARTESIAN_POINT('',(-7.01884540000842,-5.61760863554384,-2.23390942608114));
#5160=CARTESIAN_POINT('',(-7.01884540000842,-5.61760863554384,-2.23390942608114));
#5161=CARTESIAN_POINT('',(-7.01884540000842,-5.61760863554384,-1.73390942608114));
#5162=CARTESIAN_POINT('',(-7.01884540000842,-5.61760863554384,-1.73390942608114));
#5163=CARTESIAN_POINT('',(-7.01884540000842,-5.61760863554384,-1.73390942608114));
#5164=CARTESIAN_POINT('Origin',(-8.39183784435941,-2.27998004941483,-1.73390942608114));
#5165=CARTESIAN_POINT('',(-8.2914069783467,-2.10702444484551,-2.23390942608114));
#5166=CARTESIAN_POINT('',(-8.19183784435941,-2.27998004941483,-2.23390942608115));
#5167=CARTESIAN_POINT('Origin',(-8.39183784435941,-2.27998004941483,-2.23390942608115));
#5168=CARTESIAN_POINT('',(-8.19183784435941,-2.27998004941483,-1.73390942608115));
#5169=CARTESIAN_POINT('',(-8.19183784435941,-2.27998004941483,-1.73390942608114));
#5170=CARTESIAN_POINT('',(-8.2914069783467,-2.10702444484551,-1.73390942608114));
#5171=CARTESIAN_POINT('Origin',(-8.39183784435941,-2.27998004941483,-1.73390942608115));
#5172=CARTESIAN_POINT('',(-8.2914069783467,-2.10702444484551,-1.73390942608114));
#5173=CARTESIAN_POINT('Origin',(-8.19183784435941,-3.24523832292661,-1.73390942608115));
#5174=CARTESIAN_POINT('',(-8.19183784435941,-3.13009995058517,-2.23390942608115));
#5175=CARTESIAN_POINT('',(-8.19183784435941,-2.16484167707329,-2.23390942608115));
#5176=CARTESIAN_POINT('',(-8.19183784435941,-3.13009995058517,-1.73390942608115));
#5177=CARTESIAN_POINT('',(-8.19183784435941,-3.13009995058517,-1.73390942608115));
#5178=CARTESIAN_POINT('',(-8.19183784435941,-2.16484167707329,-1.73390942608115));
#5179=CARTESIAN_POINT('Origin',(-8.39183784435941,-3.13009995058517,-1.73390942608115));
#5180=CARTESIAN_POINT('',(-8.29140697834671,-3.30305555515449,-1.73390942608114));
#5181=CARTESIAN_POINT('Origin',(-8.39183784435941,-3.13009995058517,-1.73390942608115));
#5182=CARTESIAN_POINT('',(-8.29140697834671,-3.30305555515449,-2.23390942608114));
#5183=CARTESIAN_POINT('Origin',(-8.39183784435941,-3.13009995058517,-2.23390942608115));
#5184=CARTESIAN_POINT('',(-8.29140697834671,-3.30305555515449,-1.73390942608115));
#5185=CARTESIAN_POINT('Origin',(-7.52683784435941,-2.70504,-1.73390942608115));
#5186=CARTESIAN_POINT('',(-7.26183784435941,-2.70504,-1.73390942608115));
#5187=CARTESIAN_POINT('Origin',(-7.52683784435941,-2.70504,-1.73390942608115));
#5188=CARTESIAN_POINT('',(-7.26183784435941,-2.70504,-2.23390942608115));
#5189=CARTESIAN_POINT('',(-7.26183784435941,-2.70504,-1.73390942608115));
#5190=CARTESIAN_POINT('Origin',(-7.52683784435941,-2.70504,-2.23390942608115));
#5191=CARTESIAN_POINT('Origin',(-8.04098630099358,-2.25243728391881,-1.73390942608114));
#5192=CARTESIAN_POINT('',(-9.44082676259538,-1.43958597338522,-1.73390942608115));
#5193=CARTESIAN_POINT('',(-8.04098630099358,-2.25243728391881,-1.73390942608114));
#5194=CARTESIAN_POINT('',(-9.44082676259538,-1.43958597338522,-2.23390942608115));
#5195=CARTESIAN_POINT('',(-9.44082676259538,-1.43958597338522,-1.98390942608115));
#5196=CARTESIAN_POINT('',(-8.04098630099358,-2.25243728391881,-2.23390942608114));
#5197=CARTESIAN_POINT('Origin',(-9.97099433424953,-5.42651901363235,-1.73390942608115));
#5198=CARTESIAN_POINT('',(-10.1059287335102,-5.57414254798973,-2.23390942608115));
#5199=CARTESIAN_POINT('',(-9.97946950220571,-5.62633936176566,-2.23390942608115));
#5200=CARTESIAN_POINT('Origin',(-9.97099433424953,-5.42651901363235,-2.23390942608115));
#5201=CARTESIAN_POINT('',(-9.97946950220571,-5.62633936176566,-1.73390942608115));
#5202=CARTESIAN_POINT('',(-9.97946950220571,-5.62633936176566,-1.73390942608115));
#5203=CARTESIAN_POINT('',(-10.1059287335102,-5.57414254798973,-1.73390942608115));
#5204=CARTESIAN_POINT('Origin',(-9.97099433424953,-5.42651901363235,-1.73390942608115));
#5205=CARTESIAN_POINT('',(-10.1059287335102,-5.57414254798973,-1.73390942608115));
#5206=CARTESIAN_POINT('Origin',(-9.07098581920096,-2.70503999999976,-1.73390942608115));
#5207=CARTESIAN_POINT('',(-9.71400989714322,-5.63759854912822,-1.73390942608115));
#5208=CARTESIAN_POINT('',(-10.0521981611269,-5.6232546528992,-1.73390942608115));
#5209=CARTESIAN_POINT('',(-9.58358504056103,-5.59629720125678,-1.73390942608115));
#5210=CARTESIAN_POINT('Origin',(-9.70553472918704,-5.43777820099492,-1.73390942608115));
#5211=CARTESIAN_POINT('',(-9.40691151630639,-5.46038112030925,-1.73390942608115));
#5212=CARTESIAN_POINT('',(-9.64128123822199,-5.64068325799468,-1.73390942608115));
#5213=CARTESIAN_POINT('',(-9.051914052462,-5.45241400741538,-1.73390942608115));
#5214=CARTESIAN_POINT('Origin',(-9.22398698336738,-5.69815962070204,-1.73390942608115));
#5215=CARTESIAN_POINT('',(-8.0162188150265,-6.17761561995601,-1.73390942608114));
#5216=CARTESIAN_POINT('',(-9.20715831173029,-5.34371080681189,-1.73390942608115));
#5217=CARTESIAN_POINT('',(-7.63128280148821,-6.53034448916216,-1.73390942608114));
#5218=CARTESIAN_POINT('Origin',(-9.16337168772876,-7.81591970853676,-1.73390942608115));
#5219=CARTESIAN_POINT('',(-6.84819052588946,-7.46359752193909,-1.73390942608114));
#5220=CARTESIAN_POINT('',(-7.63128280148821,-6.53034448916216,-1.73390942608114));
#5221=CARTESIAN_POINT('',(-6.69498163726927,-7.53504,-1.73390942608114));
#5222=CARTESIAN_POINT('Origin',(-6.69498163726927,-7.33504000000455,-1.73390942608114));
#5223=CARTESIAN_POINT('',(-6.18191090495116,-7.535040000001,-1.73390942608114));
#5224=CARTESIAN_POINT('',(-6.69498163726927,-7.53504,-1.73390942608114));
#5225=CARTESIAN_POINT('',(-6.00064934754166,-7.41956365234708,-1.73390942608114));
#5226=CARTESIAN_POINT('Origin',(-6.18191090495175,-7.33503999999817,-1.73390942608114));
#5227=CARTESIAN_POINT('',(-5.78381628649956,-6.95456365234711,-1.73390942608114));
#5228=CARTESIAN_POINT('',(-6.00064934754166,-7.41956365234708,-1.73390942608114));
#5229=CARTESIAN_POINT('',(-5.78381628649966,-6.78551634765093,-1.73390942608114));
#5230=CARTESIAN_POINT('Origin',(-5.96507784390643,-6.87003999999912,-1.73390942608114));
#5231=CARTESIAN_POINT('',(-6.29868168108547,-5.68138394583335,-1.73390942608114));
#5232=CARTESIAN_POINT('',(-5.78381628649966,-6.78551634765093,-1.73390942608114));
#5233=CARTESIAN_POINT('',(-6.45568161303599,-5.1834437776854,-1.73390942608114));
#5234=CARTESIAN_POINT('Origin',(-4.48606610701112,-4.83614742235146,-1.73390942608114));
#5235=CARTESIAN_POINT('',(-6.83145335038389,-3.05233635533393,-1.73390942608114));
#5236=CARTESIAN_POINT('',(-6.45568161303599,-5.1834437776854,-1.73390942608114));
#5237=CARTESIAN_POINT('',(-6.83145335038384,-2.35774364466624,-1.73390942608114));
#5238=CARTESIAN_POINT('Origin',(-4.86183784435903,-2.70504,-1.73390942608114));
#5239=CARTESIAN_POINT('',(-6.45568161303923,-0.226636222314364,-1.73390942608114));
#5240=CARTESIAN_POINT('',(-6.45568161303923,-0.226636222314364,-1.73390942608114));
#5241=CARTESIAN_POINT('',(-6.29868168108809,0.271303945833146,-1.73390942608114));
#5242=CARTESIAN_POINT('Origin',(-4.48606610701417,-0.573932577648545,-1.73390942608114));
#5243=CARTESIAN_POINT('',(-5.78381628650361,1.37543634765043,-1.73390942608114));
#5244=CARTESIAN_POINT('',(-5.78381628650466,1.37543634765092,-1.73390942608114));
#5245=CARTESIAN_POINT('',(-5.78381628650338,1.54448365234732,-1.73390942608114));
#5246=CARTESIAN_POINT('Origin',(-5.96507784391083,1.45995999999912,-1.73390942608114));
#5247=CARTESIAN_POINT('',(-6.00064934754398,2.00948365234772,-1.73390942608114));
#5248=CARTESIAN_POINT('',(-6.00064934754534,2.00948365234708,-1.73390942608114));
#5249=CARTESIAN_POINT('',(-6.18191090495267,2.12496,-1.73390942608114));
#5250=CARTESIAN_POINT('Origin',(-6.18191090495267,1.92495999999817,-1.73390942608114));
#5251=CARTESIAN_POINT('',(-6.69498163726969,2.12496000000174,-1.73390942608114));
#5252=CARTESIAN_POINT('',(-6.69498163726969,2.12496,-1.73390942608114));
#5253=CARTESIAN_POINT('',(-6.84819052589228,2.05351752193893,-1.73390942608114));
#5254=CARTESIAN_POINT('Origin',(-6.69498163726969,1.92496000000454,-1.73390942608114));
#5255=CARTESIAN_POINT('',(-7.63128280149035,1.12026448916216,-1.73390942608114));
#5256=CARTESIAN_POINT('',(-7.63128280149035,1.12026448916216,-1.73390942608114));
#5257=CARTESIAN_POINT('',(-8.01621881502585,0.767535619957363,-1.73390942608114));
#5258=CARTESIAN_POINT('Origin',(-9.16337168773089,2.40583970853741,-1.73390942608115));
#5259=CARTESIAN_POINT('',(-9.05191405246223,0.0423340074154615,-1.73390942608115));
#5260=CARTESIAN_POINT('',(-9.20715831173029,-0.0663691931878176,-1.73390942608115));
#5261=CARTESIAN_POINT('',(-9.40691151630656,0.0503011203093675,-1.73390942608115));
#5262=CARTESIAN_POINT('Origin',(-9.22398698336754,0.288079620702158,-1.73390942608115));
#5263=CARTESIAN_POINT('',(-9.58358504056103,0.186217201256776,-1.73390942608115));
#5264=CARTESIAN_POINT('',(-9.64128123822199,0.230603257994675,-1.73390942608115));
#5265=CARTESIAN_POINT('',(-9.71400989714322,0.227518549128219,-1.73390942608115));
#5266=CARTESIAN_POINT('Origin',(-9.70553472918704,0.0276982009949152,-1.73390942608115));
#5267=CARTESIAN_POINT('',(-9.97946950220571,0.216259361765654,-1.73390942608115));
#5268=CARTESIAN_POINT('',(-10.0521981611269,0.213174652899198,-1.73390942608115));
#5269=CARTESIAN_POINT('',(-10.1059287335102,0.164062547989724,-1.73390942608115));
#5270=CARTESIAN_POINT('Origin',(-9.97099433424953,0.0164390136323504,-1.73390942608115));
#5271=CARTESIAN_POINT('',(-10.4097132543653,-0.113609857055436,-1.73390942608115));
#5272=CARTESIAN_POINT('',(-10.5722883322739,-0.262210624323578,-1.73390942608115));
#5273=CARTESIAN_POINT('',(-10.762761152275,-0.151607962373562,-1.73390942608115));
#5274=CARTESIAN_POINT('Origin',(-10.6121148532563,0.107825444480624,-1.73390942608115));
#5275=CARTESIAN_POINT('',(-11.9211898513959,0.521061753973655,-1.73390942608115));
#5276=CARTESIAN_POINT('',(-11.9211898513959,0.521061753973655,-1.73390942608115));
#5277=CARTESIAN_POINT('',(-12.1128642397649,0.190972399583635,-1.73390942608115));
#5278=CARTESIAN_POINT('',(-12.1128642397648,0.190972399583582,-1.73390942608115));
#5279=CARTESIAN_POINT('',(-12.2261806705598,-0.103020359210921,-1.73390942608115));
#5280=CARTESIAN_POINT('Origin',(-11.2480862169356,-0.311181930468807,-1.73390942608115));
#5281=CARTESIAN_POINT('',(-12.3768937944912,-0.95504,-1.73390942608115));
#5282=CARTESIAN_POINT('Origin',(-7.3962671310202E-14,-2.70504,-1.73390942608113));
#5283=CARTESIAN_POINT('',(-12.2339555568842,-1.12538715813357,-1.73390942608115));
#5284=CARTESIAN_POINT('',(-12.2339555568842,-1.12538715813357,-1.73390942608115));
#5285=CARTESIAN_POINT('',(-12.0000000000026,-1.76817476782149,-1.73390942608115));
#5286=CARTESIAN_POINT('Origin',(-13.0000000000048,-1.76817476782149,-1.73390942608116));
#5287=CARTESIAN_POINT('',(-12.0000000000026,-3.64190523217852,-1.73390942608115));
#5288=CARTESIAN_POINT('',(-12.0000000000026,-2.70504,-1.73390942608115));
#5289=CARTESIAN_POINT('',(-12.2339555568842,-4.28469284186643,-1.73390942608115));
#5290=CARTESIAN_POINT('Origin',(-13.0000000000048,-3.64190523217852,-1.73390942608116));
#5291=CARTESIAN_POINT('',(-12.376893794495,-4.45504000000057,-1.73390942608115));
#5292=CARTESIAN_POINT('',(-12.2339555568842,-4.28469284186643,-1.73390942608115));
#5293=CARTESIAN_POINT('',(-12.2261806705595,-5.30705964079002,-1.73390942608115));
#5294=CARTESIAN_POINT('Origin',(-7.3962671310202E-14,-2.70504,-1.73390942608113));
#5295=CARTESIAN_POINT('',(-12.1128642397648,-5.60105239958359,-1.73390942608115));
#5296=CARTESIAN_POINT('Origin',(-11.2480862169356,-5.0988980695312,-1.73390942608115));
#5297=CARTESIAN_POINT('',(-11.9211898513953,-5.93114175397469,-1.73390942608115));
#5298=CARTESIAN_POINT('',(-12.1128642397648,-5.60105239958359,-1.73390942608115));
#5299=CARTESIAN_POINT('',(-10.7627611522753,-5.25847203762656,-1.73390942608115));
#5300=CARTESIAN_POINT('',(-11.9211898513953,-5.93114175397469,-1.73390942608115));
#5301=CARTESIAN_POINT('',(-10.4097132543654,-5.29647014294455,-1.73390942608115));
#5302=CARTESIAN_POINT('Origin',(-10.6121148532564,-5.51790544448061,-1.73390942608115));
#5303=CARTESIAN_POINT('',(-10.5722883322738,-5.14786937567643,-1.73390942608115));
#5304=CARTESIAN_POINT('',(-9.03721661161956,-1.04681972148374,-1.73390942608115));
#5305=CARTESIAN_POINT('Origin',(-8.83739626350093,-1.03834455318207,-1.73390942608115));
#5306=CARTESIAN_POINT('',(-9.0461814501004,-0.835454344147742,-1.73390942608115));
#5307=CARTESIAN_POINT('',(-9.03721661161956,-1.04681972148374,-1.73390942608115));
#5308=CARTESIAN_POINT('',(-8.96107638925261,-0.663148766988742,-1.73390942608115));
#5309=CARTESIAN_POINT('Origin',(-8.84636110198176,-0.826979175846074,-1.73390942608115));
#5310=CARTESIAN_POINT('',(-7.38472852276444,0.440621891976696,-1.73390942608114));
#5311=CARTESIAN_POINT('',(-7.38472852276444,0.440621891976696,-1.73390942608114));
#5312=CARTESIAN_POINT('',(-7.27364091829687,0.443045832130574,-1.73390942608114));
#5313=CARTESIAN_POINT('Origin',(-7.3273708791293,0.358706687548446,-1.73390942608114));
#5314=CARTESIAN_POINT('',(-7.06359621447813,0.309232597894327,-1.73390942608114));
#5315=CARTESIAN_POINT('',(-7.27364091829689,0.443045832130551,-1.73390942608114));
#5316=CARTESIAN_POINT('Origin',(-7.11732617531184,0.224893453310145,-1.73390942608114));
#5317=CARTESIAN_POINT('',(-7.06359621447778,-5.71931259789509,-1.73390942608114));
#5318=CARTESIAN_POINT('Origin',(-7.11732617531166,-5.63497345331086,-1.73390942608114));
#5319=CARTESIAN_POINT('',(-7.27364091829643,-5.85312583213108,-1.73390942608114));
#5320=CARTESIAN_POINT('',(-7.27364091829643,-5.85312583213108,-1.73390942608114));
#5321=CARTESIAN_POINT('',(-7.38472852276437,-5.85070189197693,-1.73390942608114));
#5322=CARTESIAN_POINT('Origin',(-7.32737087912884,-5.76878668754857,-1.73390942608114));
#5323=CARTESIAN_POINT('',(-8.96107638925216,-4.74693123301258,-1.73390942608115));
#5324=CARTESIAN_POINT('',(-7.38472852276444,-5.85070189197703,-1.73390942608114));
#5325=CARTESIAN_POINT('',(-9.04618145011532,-4.57462565620016,-1.73390942608115));
#5326=CARTESIAN_POINT('Origin',(-8.84636110198196,-4.58310082415479,-1.73390942608115));
#5327=CARTESIAN_POINT('',(-9.03721661161906,-4.36326027886342,-1.73390942608115));
#5328=CARTESIAN_POINT('',(-9.03721661161906,-4.36326027886342,-1.73390942608115));
#5329=CARTESIAN_POINT('Origin',(-8.8373962634857,-4.37173544681793,-1.73390942608115));
#5330=CARTESIAN_POINT('',(-9.55779735019826,-5.06747647197036,-1.73390942608115));
#5331=CARTESIAN_POINT('Origin',(-9.82279735019826,-5.06747647197036,-1.73390942608115));
#5332=CARTESIAN_POINT('',(-9.55779735019826,-0.342603528029646,-1.73390942608115));
#5333=CARTESIAN_POINT('Origin',(-9.82279735019826,-0.342603528029646,-1.73390942608115));
#5334=CARTESIAN_POINT('',(-11.4636394483541,-3.97514321157211,-1.73390942608115));
#5335=CARTESIAN_POINT('',(-11.4107323872675,-3.92654153580704,-1.73390942608115));
#5336=CARTESIAN_POINT('Origin',(-11.4614867556934,-3.92438884314624,-1.73390942608115));
#5337=CARTESIAN_POINT('',(-10.8434082835218,-3.9506039854504,-1.73390942608115));
#5338=CARTESIAN_POINT('',(-10.7926539150959,-3.9527566781112,-1.73390942608115));
#5339=CARTESIAN_POINT('',(-10.7948066077579,-4.00351104653702,-1.73390942608115));
#5340=CARTESIAN_POINT('Origin',(-10.7926539150959,-3.9527566781112,-1.73390942608115));
#5341=CARTESIAN_POINT('',(-10.8123349501334,-4.41677949054547,-1.73390942608115));
#5342=CARTESIAN_POINT('',(-10.8144876427953,-4.4675338589719,-1.73390942608115));
#5343=CARTESIAN_POINT('',(-10.8652420112069,-4.46538116631169,-1.73390942608115));
#5344=CARTESIAN_POINT('Origin',(-10.814487642781,-4.46753385897189,-1.73390942608115));
#5345=CARTESIAN_POINT('',(-11.4325661149553,-4.44131871666811,-1.73390942608115));
#5346=CARTESIAN_POINT('',(-10.8144876427953,-4.4675338589719,-1.73390942608115));
#5347=CARTESIAN_POINT('',(-11.4811677907203,-4.38841165558144,-1.73390942608115));
#5348=CARTESIAN_POINT('Origin',(-11.4833204833811,-4.4391660240073,-1.73390942608115));
#5349=CARTESIAN_POINT('',(-11.4614867556934,-3.92438884314753,-1.73390942608115));
#5350=CARTESIAN_POINT('',(-10.4147152872733,-3.72908231879015,-1.73390942608115));
#5351=CARTESIAN_POINT('',(-10.1105085270899,-3.94209018544633,-1.73390942608115));
#5352=CARTESIAN_POINT('',(-9.88939852828826,-4.09691307338182,-1.73390942608115));
#5353=CARTESIAN_POINT('',(-10.5000000000026,-3.56525190993054,-1.73390942608115));
#5354=CARTESIAN_POINT('Origin',(-10.3000000000026,-3.56525190993168,-1.73390942608115));
#5355=CARTESIAN_POINT('',(-10.5000000000026,-1.84482809006812,-1.73390942608115));
#5356=CARTESIAN_POINT('',(-10.5000000000026,-3.56525190993054,-1.73390942608115));
#5357=CARTESIAN_POINT('',(-10.4147152872734,-1.68099768121069,-1.73390942608115));
#5358=CARTESIAN_POINT('Origin',(-10.3000000000026,-1.84482809006813,-1.73390942608115));
#5359=CARTESIAN_POINT('',(-10.1105085270887,-1.46798981455362,-1.73390942608115));
#5360=CARTESIAN_POINT('',(-9.88939852828762,-1.31316692661857,-1.73390942608115));
#5361=CARTESIAN_POINT('',(-9.95114834811569,-1.41400490563978,-1.73390942608115));
#5362=CARTESIAN_POINT('Origin',(-9.93843559618259,-1.71373542783979,-1.73390942608115));
#5363=CARTESIAN_POINT('',(-9.60418581354754,-1.39928885803919,-1.73390942608115));
#5364=CARTESIAN_POINT('',(-10.8005899742587,-1.4500330705245,-1.73390942608115));
#5365=CARTESIAN_POINT('Origin',(-9.59147306161444,-1.6990193802392,-1.73390942608115));
#5366=CARTESIAN_POINT('',(-9.44082676259549,-3.97049402661478,-1.73390942608115));
#5367=CARTESIAN_POINT('',(-8.04098630099357,-3.15764271608119,-1.73390942608114));
#5368=CARTESIAN_POINT('',(-9.60418581354764,-4.01079114196081,-1.73390942608115));
#5369=CARTESIAN_POINT('Origin',(-9.59147306161454,-3.7110606197608,-1.73390942608115));
#5370=CARTESIAN_POINT('',(-9.95114834811696,-3.99607509436017,-1.73390942608115));
#5371=CARTESIAN_POINT('',(-10.8005899742587,-3.9600469294755,-1.73390942608115));
#5372=CARTESIAN_POINT('Origin',(-9.93843559618386,-3.69634457216016,-1.73390942608115));
#5373=CARTESIAN_POINT('',(-6.21314857622553,1.45996,-1.73390942608114));
#5374=CARTESIAN_POINT('Origin',(-6.47814857622553,1.45996,-1.73390942608114));
#5375=CARTESIAN_POINT('',(-6.21314857622994,-6.87004,-1.73390942608114));
#5376=CARTESIAN_POINT('Origin',(-6.47814857622994,-6.87004,-1.73390942608114));
#5377=CARTESIAN_POINT('',(-10.7948066077565,-1.40656895346293,-1.73390942608115));
#5378=CARTESIAN_POINT('',(-10.8434082835218,-1.4594760145496,-1.73390942608115));
#5379=CARTESIAN_POINT('Origin',(-10.7926539150959,-1.4573233218888,-1.73390942608115));
#5380=CARTESIAN_POINT('',(-11.4107323872675,-1.48353846419296,-1.73390942608115));
#5381=CARTESIAN_POINT('',(-10.7926539150959,-1.4573233218888,-1.73390942608115));
#5382=CARTESIAN_POINT('',(-11.4636394483541,-1.4349367884279,-1.73390942608115));
#5383=CARTESIAN_POINT('Origin',(-11.4614867556934,-1.48569115685376,-1.73390942608115));
#5384=CARTESIAN_POINT('',(-11.4811677907204,-1.02166834441857,-1.73390942608115));
#5385=CARTESIAN_POINT('',(-11.4614867556934,-1.48569115685376,-1.73390942608115));
#5386=CARTESIAN_POINT('',(-11.4325661149553,-0.968761283331943,-1.73390942608115));
#5387=CARTESIAN_POINT('Origin',(-11.4833204833811,-0.970913975992706,-1.73390942608115));
#5388=CARTESIAN_POINT('',(-10.8652420112069,-0.944698833688882,-1.73390942608115));
#5389=CARTESIAN_POINT('',(-10.814487642781,-0.942546141028119,-1.73390942608115));
#5390=CARTESIAN_POINT('',(-10.8123349501205,-0.993300509453994,-1.73390942608115));
#5391=CARTESIAN_POINT('Origin',(-10.814487642781,-0.942546141028119,-1.73390942608115));
#5392=CARTESIAN_POINT('',(-10.814487642781,-0.942546141028119,-1.73390942608115));
#5393=CARTESIAN_POINT('Origin',(-9.64128123822199,-5.64068325799468,-1.73390942608115));
#5394=CARTESIAN_POINT('',(-9.71400989714322,-5.63759854912822,-2.23390942608115));
#5395=CARTESIAN_POINT('',(-10.0521981611269,-5.6232546528992,-2.23390942608115));
#5396=CARTESIAN_POINT('',(-9.71400989714322,-5.63759854912822,-1.73390942608115));
#5397=CARTESIAN_POINT('Origin',(-9.70553472918704,-5.43777820099492,-1.73390942608115));
#5398=CARTESIAN_POINT('',(-9.58358504056103,-5.59629720125678,-2.23390942608115));
#5399=CARTESIAN_POINT('Origin',(-9.70553472918704,-5.43777820099492,-2.23390942608115));
#5400=CARTESIAN_POINT('',(-9.58358504056103,-5.59629720125678,-1.73390942608115));
#5401=CARTESIAN_POINT('Origin',(-9.22398698336738,-5.69815962070204,-1.73390942608114));
#5402=CARTESIAN_POINT('',(-9.40691151630639,-5.46038112030925,-2.23390942608115));
#5403=CARTESIAN_POINT('',(-9.40691151630639,-5.46038112030925,-1.73390942608114));
#5404=CARTESIAN_POINT('',(-9.051914052462,-5.45241400741538,-2.23390942608115));
#5405=CARTESIAN_POINT('Origin',(-9.22398698336738,-5.69815962070204,-2.23390942608115));
#5406=CARTESIAN_POINT('',(-9.051914052462,-5.45241400741538,-1.73390942608114));
#5407=CARTESIAN_POINT('Origin',(-8.0162188150265,-6.17761561995601,-1.73390942608114));
#5408=CARTESIAN_POINT('',(-8.0162188150265,-6.17761561995601,-2.23390942608114));
#5409=CARTESIAN_POINT('',(-9.20715831173029,-5.34371080681189,-2.23390942608115));
#5410=CARTESIAN_POINT('',(-8.0162188150265,-6.17761561995601,-1.73390942608114));
#5411=CARTESIAN_POINT('Origin',(-10.6121148532564,-5.51790544448061,-1.73390942608115));
#5412=CARTESIAN_POINT('',(-10.7627611522753,-5.25847203762656,-2.23390942608115));
#5413=CARTESIAN_POINT('',(-10.4097132543654,-5.29647014294455,-2.23390942608115));
#5414=CARTESIAN_POINT('Origin',(-10.6121148532564,-5.51790544448061,-2.23390942608115));
#5415=CARTESIAN_POINT('',(-10.4097132543654,-5.29647014294455,-1.73390942608115));
#5416=CARTESIAN_POINT('',(-10.7627611522753,-5.25847203762656,-1.73390942608115));
#5417=CARTESIAN_POINT('Origin',(-10.0521981611269,-5.6232546528992,-1.73390942608115));
#5418=CARTESIAN_POINT('',(-10.5722883322738,-5.14786937567643,-2.23390942608115));
#5419=CARTESIAN_POINT('Origin',(-9.22398698336754,0.288079620702158,-1.73390942608115));
#5420=CARTESIAN_POINT('',(-9.40691151630656,0.0503011203093671,-2.23390942608115));
#5421=CARTESIAN_POINT('',(-9.05191405246223,0.0423340074154608,-2.23390942608115));
#5422=CARTESIAN_POINT('Origin',(-9.22398698336754,0.288079620702158,-2.23390942608115));
#5423=CARTESIAN_POINT('',(-9.40691151630656,0.0503011203093678,-1.73390942608115));
#5424=CARTESIAN_POINT('',(-9.05191405246223,0.0423340074154616,-1.73390942608115));
#5425=CARTESIAN_POINT('Origin',(-9.20715831173029,-0.0663691931878176,-1.73390942608115));
#5426=CARTESIAN_POINT('',(-8.01621881502585,0.767535619957363,-2.23390942608114));
#5427=CARTESIAN_POINT('',(-8.01621881502585,0.767535619957363,-1.73390942608114));
#5428=CARTESIAN_POINT('',(-9.20715831173029,-0.0663691931878176,-2.23390942608115));
#5429=CARTESIAN_POINT('Origin',(-9.70553472918704,0.0276982009949152,-1.73390942608115));
#5430=CARTESIAN_POINT('',(-9.58358504056103,0.186217201256776,-2.23390942608115));
#5431=CARTESIAN_POINT('',(-9.71400989714322,0.227518549128219,-2.23390942608115));
#5432=CARTESIAN_POINT('Origin',(-9.70553472918704,0.0276982009949152,-2.23390942608115));
#5433=CARTESIAN_POINT('',(-9.71400989714322,0.227518549128219,-1.73390942608115));
#5434=CARTESIAN_POINT('',(-9.58358504056103,0.186217201256776,-1.73390942608115));
#5435=CARTESIAN_POINT('Origin',(-9.64128123822199,0.230603257994675,-1.73390942608115));
#5436=CARTESIAN_POINT('',(-9.64128123822199,0.230603257994675,-2.23390942608115));
#5437=CARTESIAN_POINT('Origin',(-9.97099433424953,0.0164390136323504,-1.73390942608115));
#5438=CARTESIAN_POINT('',(-9.97946950220571,0.216259361765654,-2.23390942608115));
#5439=CARTESIAN_POINT('',(-10.1059287335102,0.164062547989724,-2.23390942608115));
#5440=CARTESIAN_POINT('Origin',(-9.97099433424953,0.0164390136323504,-2.23390942608115));
#5441=CARTESIAN_POINT('',(-10.1059287335102,0.164062547989724,-1.73390942608115));
#5442=CARTESIAN_POINT('',(-9.97946950220571,0.216259361765654,-1.73390942608115));
#5443=CARTESIAN_POINT('Origin',(-10.5722883322739,-0.262210624323578,-1.73390942608115));
#5444=CARTESIAN_POINT('',(-10.4097132543653,-0.113609857055435,-2.23390942608115));
#5445=CARTESIAN_POINT('',(-10.5722883322739,-0.262210624323578,-2.23390942608115));
#5446=CARTESIAN_POINT('',(-10.4097132543653,-0.113609857055436,-1.73390942608115));
#5447=CARTESIAN_POINT('Origin',(-10.6121148532563,0.107825444480624,-1.73390942608115));
#5448=CARTESIAN_POINT('',(-10.762761152275,-0.151607962373561,-2.23390942608115));
#5449=CARTESIAN_POINT('Origin',(-10.6121148532563,0.107825444480624,-2.23390942608115));
#5450=CARTESIAN_POINT('',(-10.762761152275,-0.151607962373562,-1.73390942608115));
#5451=CARTESIAN_POINT('Origin',(-9.23273384188026,-5.32638511272163,-1.73390942608115));
#5452=CARTESIAN_POINT('',(-9.64128123822199,-5.64068325799468,-2.23390942608115));
#5453=CARTESIAN_POINT('Origin',(-9.82279735019826,-5.06747647197036,-1.73390942608115));
#5454=CARTESIAN_POINT('',(-9.55779735019826,-5.06747647197036,-2.23390942608115));
#5455=CARTESIAN_POINT('Origin',(-9.82279735019826,-5.06747647197036,-2.23390942608115));
#5456=CARTESIAN_POINT('',(-9.55779735019826,-5.06747647197036,-1.73390942608115));
#5457=CARTESIAN_POINT('Origin',(-10.0521981611269,0.213174652899198,-1.73390942608115));
#5458=CARTESIAN_POINT('',(-10.0521981611269,0.213174652899198,-2.23390942608115));
#5459=CARTESIAN_POINT('Origin',(-9.82279735019826,-0.342603528029646,-1.73390942608115));
#5460=CARTESIAN_POINT('',(-9.55779735019826,-0.342603528029646,-2.23390942608115));
#5461=CARTESIAN_POINT('Origin',(-9.82279735019826,-0.342603528029646,-2.23390942608115));
#5462=CARTESIAN_POINT('',(-9.55779735019826,-0.342603528029646,-1.73390942608115));
#5463=CARTESIAN_POINT('Origin',(-10.7936709437529,-5.27642055761868,-1.73390942608115));
#5464=CARTESIAN_POINT('',(-11.9211898513953,-5.93114175397469,-2.23390942608115));
#5465=CARTESIAN_POINT('',(-11.9211898513953,-5.93114175397469,-1.73390942608115));
#5466=CARTESIAN_POINT('',(-11.9211898513953,-5.93114175397469,-2.23390942608115));
#5467=CARTESIAN_POINT('Origin',(-11.9211898513959,0.521061753973655,-1.73390942608115));
#5468=CARTESIAN_POINT('',(-11.9211898513959,0.521061753973655,-2.23390942608115));
#5469=CARTESIAN_POINT('',(-11.9211898513959,0.521061753973655,-2.23390942608115));
#5470=CARTESIAN_POINT('',(-11.9211898513959,0.521061753973655,-1.73390942608115));
#5471=CARTESIAN_POINT('Origin',(-9.59147306161454,-3.7110606197608,-1.98390942608115));
#5472=CARTESIAN_POINT('',(-9.44082676259549,-3.97049402661478,-2.23390942608115));
#5473=CARTESIAN_POINT('',(-9.60418581354764,-4.01079114196081,-2.23390942608115));
#5474=CARTESIAN_POINT('Origin',(-9.59147306161454,-3.7110606197608,-2.23390942608115));
#5475=CARTESIAN_POINT('',(-9.60418581354764,-4.01079114196081,-1.98390942608115));
#5476=CARTESIAN_POINT('',(-9.44082676259549,-3.97049402661478,-1.98390942608115));
#5477=CARTESIAN_POINT('Origin',(-10.038714249819,-3.99236107959129,-2.23390942608115));
#5478=CARTESIAN_POINT('',(-9.95114834811696,-3.99607509436017,-2.23390942608115));
#5479=CARTESIAN_POINT('',(-10.8005899742587,-3.9600469294755,-2.23390942608115));
#5480=CARTESIAN_POINT('',(-9.95114834811696,-3.99607509436017,-1.98390942608115));
#5481=CARTESIAN_POINT('Origin',(-9.93843559618386,-3.69634457216016,-1.98390942608115));
#5482=CARTESIAN_POINT('',(-10.1105085270899,-3.94209018544633,-2.23390942608115));
#5483=CARTESIAN_POINT('Origin',(-9.93843559618386,-3.69634457216016,-2.23390942608115));
#5484=CARTESIAN_POINT('',(-10.1105085270899,-3.94209018544633,-1.98390942608115));
#5485=CARTESIAN_POINT('Origin',(-13.0000000000048,-3.64190523217852,-1.73390942608116));
#5486=CARTESIAN_POINT('',(-12.0000000000026,-3.64190523217852,-2.23390942608115));
#5487=CARTESIAN_POINT('',(-12.0000000000026,-3.64190523217852,-1.73390942608115));
#5488=CARTESIAN_POINT('',(-12.2339555568842,-4.28469284186643,-2.23390942608115));
#5489=CARTESIAN_POINT('Origin',(-13.0000000000048,-3.64190523217852,-2.23390942608115));
#5490=CARTESIAN_POINT('',(-12.2339555568842,-4.28469284186643,-1.73390942608115));
#5491=CARTESIAN_POINT('Origin',(-11.4614867556934,-3.92438884314624,-1.73390942608115));
#5492=CARTESIAN_POINT('',(-11.4636394483541,-3.97514321157211,-2.23390942608115));
#5493=CARTESIAN_POINT('',(-11.4636394483541,-3.9751432115721,-1.73390942608115));
#5494=CARTESIAN_POINT('',(-11.4107323872675,-3.92654153580704,-2.23390942608115));
#5495=CARTESIAN_POINT('Origin',(-11.4614867556934,-3.92438884314624,-2.23390942608115));
#5496=CARTESIAN_POINT('',(-11.4107323872675,-3.92654153580824,-1.73390942608115));
#5497=CARTESIAN_POINT('Origin',(-9.67425237500441,-4.10603826909336,-1.73390942608115));
#5498=CARTESIAN_POINT('',(-8.04098630099357,-3.15764271608119,-2.23390942608114));
#5499=CARTESIAN_POINT('Origin',(-9.07098581920096,-2.70503999999976,-2.23390942608115));
#5500=CARTESIAN_POINT('',(-12.1128642397648,-5.60105239958359,-2.23390942608115));
#5501=CARTESIAN_POINT('',(-12.1128642397648,-5.60105239958359,-2.23390942608115));
#5502=CARTESIAN_POINT('',(-12.2261806705595,-5.30705964079002,-2.23390942608115));
#5503=CARTESIAN_POINT('Origin',(-11.2480862169356,-5.0988980695312,-2.23390942608115));
#5504=CARTESIAN_POINT('',(-12.376893794495,-4.45504000000057,-2.23390942608115));
#5505=CARTESIAN_POINT('Origin',(-7.30744928905019E-14,-2.70504,-2.23390942608113));
#5506=CARTESIAN_POINT('',(-12.2339555568842,-4.28469284186643,-2.23390942608115));
#5507=CARTESIAN_POINT('',(-12.0000000000026,-1.76817476782149,-2.23390942608115));
#5508=CARTESIAN_POINT('',(-12.0000000000026,-2.70504,-2.23390942608115));
#5509=CARTESIAN_POINT('',(-12.2339555568842,-1.12538715813357,-2.23390942608115));
#5510=CARTESIAN_POINT('Origin',(-13.0000000000048,-1.76817476782149,-2.23390942608115));
#5511=CARTESIAN_POINT('',(-12.3768937944912,-0.95504,-2.23390942608115));
#5512=CARTESIAN_POINT('',(-12.2339555568842,-1.12538715813357,-2.23390942608115));
#5513=CARTESIAN_POINT('',(-12.2261806705598,-0.103020359210921,-2.23390942608115));
#5514=CARTESIAN_POINT('Origin',(-7.30744928905019E-14,-2.70504,-2.23390942608113));
#5515=CARTESIAN_POINT('',(-12.1128642397649,0.190972399583635,-2.23390942608115));
#5516=CARTESIAN_POINT('Origin',(-11.2480862169356,-0.311181930468807,-2.23390942608115));
#5517=CARTESIAN_POINT('',(-12.1128642397648,0.190972399583582,-2.23390942608115));
#5518=CARTESIAN_POINT('',(-7.63128280149035,1.12026448916216,-2.23390942608114));
#5519=CARTESIAN_POINT('Origin',(-9.16337168773089,2.40583970853741,-2.23390942608115));
#5520=CARTESIAN_POINT('',(-6.84819052589228,2.05351752193893,-2.23390942608114));
#5521=CARTESIAN_POINT('',(-7.63128280149035,1.12026448916216,-2.23390942608114));
#5522=CARTESIAN_POINT('',(-6.69498163726969,2.12496000000174,-2.23390942608114));
#5523=CARTESIAN_POINT('Origin',(-6.69498163726969,1.92496000000454,-2.23390942608114));
#5524=CARTESIAN_POINT('',(-6.18191090495267,2.12496,-2.23390942608114));
#5525=CARTESIAN_POINT('',(-6.69498163726969,2.12496,-2.23390942608114));
#5526=CARTESIAN_POINT('',(-6.00064934754397,2.00948365234772,-2.23390942608114));
#5527=CARTESIAN_POINT('Origin',(-6.18191090495267,1.92495999999817,-2.23390942608114));
#5528=CARTESIAN_POINT('',(-5.78381628650338,1.54448365234732,-2.23390942608114));
#5529=CARTESIAN_POINT('',(-6.00064934754534,2.00948365234708,-2.23390942608114));
#5530=CARTESIAN_POINT('',(-5.78381628650361,1.37543634765043,-2.23390942608114));
#5531=CARTESIAN_POINT('Origin',(-5.96507784391083,1.45995999999912,-2.23390942608114));
#5532=CARTESIAN_POINT('',(-6.29868168108809,0.271303945833146,-2.23390942608114));
#5533=CARTESIAN_POINT('',(-5.78381628650466,1.37543634765092,-2.23390942608114));
#5534=CARTESIAN_POINT('',(-6.45568161303923,-0.226636222314364,-2.23390942608114));
#5535=CARTESIAN_POINT('Origin',(-4.48606610701417,-0.573932577648545,-2.23390942608114));
#5536=CARTESIAN_POINT('',(-6.83145335038384,-2.35774364466624,-2.23390942608114));
#5537=CARTESIAN_POINT('',(-6.45568161303923,-0.226636222314364,-2.23390942608114));
#5538=CARTESIAN_POINT('',(-6.83145335038388,-3.05233635533393,-2.23390942608114));
#5539=CARTESIAN_POINT('Origin',(-4.86183784435903,-2.70504,-2.23390942608114));
#5540=CARTESIAN_POINT('',(-6.45568161303599,-5.1834437776854,-2.23390942608114));
#5541=CARTESIAN_POINT('',(-6.45568161303599,-5.1834437776854,-2.23390942608114));
#5542=CARTESIAN_POINT('',(-6.29868168108547,-5.68138394583335,-2.23390942608114));
#5543=CARTESIAN_POINT('Origin',(-4.48606610701112,-4.83614742235146,-2.23390942608114));
#5544=CARTESIAN_POINT('',(-5.78381628649966,-6.78551634765093,-2.23390942608114));
#5545=CARTESIAN_POINT('',(-5.78381628649966,-6.78551634765093,-2.23390942608114));
#5546=CARTESIAN_POINT('',(-5.78381628649956,-6.95456365234711,-2.23390942608114));
#5547=CARTESIAN_POINT('Origin',(-5.96507784390643,-6.87003999999912,-2.23390942608114));
#5548=CARTESIAN_POINT('',(-6.00064934754165,-7.41956365234708,-2.23390942608114));
#5549=CARTESIAN_POINT('',(-6.00064934754165,-7.41956365234708,-2.23390942608114));
#5550=CARTESIAN_POINT('',(-6.18191090495116,-7.535040000001,-2.23390942608114));
#5551=CARTESIAN_POINT('Origin',(-6.18191090495175,-7.33503999999817,-2.23390942608114));
#5552=CARTESIAN_POINT('',(-6.69498163726927,-7.53504,-2.23390942608114));
#5553=CARTESIAN_POINT('',(-6.69498163726927,-7.53504,-2.23390942608114));
#5554=CARTESIAN_POINT('',(-6.84819052588946,-7.46359752193909,-2.23390942608114));
#5555=CARTESIAN_POINT('Origin',(-6.69498163726927,-7.33504000000455,-2.23390942608114));
#5556=CARTESIAN_POINT('',(-7.63128280148821,-6.53034448916216,-2.23390942608114));
#5557=CARTESIAN_POINT('',(-7.63128280148821,-6.53034448916216,-2.23390942608114));
#5558=CARTESIAN_POINT('Origin',(-9.16337168772876,-7.81591970853676,-2.23390942608115));
#5559=CARTESIAN_POINT('',(-7.06359621447813,0.309232597894327,-2.23390942608114));
#5560=CARTESIAN_POINT('Origin',(-7.11732617531184,0.224893453310145,-2.23390942608114));
#5561=CARTESIAN_POINT('',(-7.27364091829687,0.443045832130574,-2.23390942608114));
#5562=CARTESIAN_POINT('',(-7.27364091829689,0.443045832130551,-2.23390942608114));
#5563=CARTESIAN_POINT('',(-7.38472852276444,0.440621891976696,-2.23390942608114));
#5564=CARTESIAN_POINT('Origin',(-7.32737087912929,0.358706687548446,-2.23390942608114));
#5565=CARTESIAN_POINT('',(-8.96107638925261,-0.663148766988742,-2.23390942608115));
#5566=CARTESIAN_POINT('',(-7.38472852276444,0.440621891976696,-2.23390942608114));
#5567=CARTESIAN_POINT('',(-9.04618145010039,-0.835454344147742,-2.23390942608115));
#5568=CARTESIAN_POINT('Origin',(-8.84636110198176,-0.826979175846074,-2.23390942608115));
#5569=CARTESIAN_POINT('',(-9.03721661161956,-1.04681972148374,-2.23390942608115));
#5570=CARTESIAN_POINT('',(-9.03721661161956,-1.04681972148374,-2.23390942608115));
#5571=CARTESIAN_POINT('Origin',(-8.83739626350092,-1.03834455318207,-2.23390942608115));
#5572=CARTESIAN_POINT('',(-9.03721661161906,-4.36326027886342,-2.23390942608115));
#5573=CARTESIAN_POINT('Origin',(-8.8373962634857,-4.37173544681793,-2.23390942608115));
#5574=CARTESIAN_POINT('',(-9.04618145011532,-4.57462565620016,-2.23390942608115));
#5575=CARTESIAN_POINT('',(-9.03721661161906,-4.36326027886342,-2.23390942608115));
#5576=CARTESIAN_POINT('',(-8.96107638925216,-4.74693123301258,-2.23390942608115));
#5577=CARTESIAN_POINT('Origin',(-8.84636110198196,-4.58310082415479,-2.23390942608115));
#5578=CARTESIAN_POINT('',(-7.38472852276437,-5.85070189197693,-2.23390942608114));
#5579=CARTESIAN_POINT('',(-7.38472852276444,-5.85070189197703,-2.23390942608114));
#5580=CARTESIAN_POINT('',(-7.27364091829643,-5.85312583213108,-2.23390942608114));
#5581=CARTESIAN_POINT('Origin',(-7.32737087912884,-5.76878668754857,-2.23390942608114));
#5582=CARTESIAN_POINT('',(-7.06359621447778,-5.71931259789509,-2.23390942608114));
#5583=CARTESIAN_POINT('',(-7.27364091829643,-5.85312583213108,-2.23390942608114));
#5584=CARTESIAN_POINT('Origin',(-7.11732617531166,-5.63497345331086,-2.23390942608114));
#5585=CARTESIAN_POINT('',(-9.60418581354754,-1.39928885803919,-2.23390942608115));
#5586=CARTESIAN_POINT('Origin',(-9.59147306161444,-1.6990193802392,-2.23390942608115));
#5587=CARTESIAN_POINT('',(-9.95114834811569,-1.41400490563978,-2.23390942608115));
#5588=CARTESIAN_POINT('',(-10.8005899742587,-1.4500330705245,-2.23390942608115));
#5589=CARTESIAN_POINT('',(-10.1105085270887,-1.46798981455362,-2.23390942608115));
#5590=CARTESIAN_POINT('Origin',(-9.93843559618259,-1.71373542783979,-2.23390942608115));
#5591=CARTESIAN_POINT('',(-10.4147152872733,-1.68099768121069,-2.23390942608115));
#5592=CARTESIAN_POINT('',(-9.88939852828762,-1.31316692661857,-2.23390942608115));
#5593=CARTESIAN_POINT('',(-10.5000000000026,-1.84482809006812,-2.23390942608115));
#5594=CARTESIAN_POINT('Origin',(-10.3000000000026,-1.84482809006813,-2.23390942608115));
#5595=CARTESIAN_POINT('',(-10.5000000000026,-3.56525190993054,-2.23390942608115));
#5596=CARTESIAN_POINT('',(-10.5000000000026,-3.56525190993054,-2.23390942608115));
#5597=CARTESIAN_POINT('',(-10.4147152872733,-3.72908231879015,-2.23390942608115));
#5598=CARTESIAN_POINT('Origin',(-10.3000000000026,-3.56525190993168,-2.23390942608115));
#5599=CARTESIAN_POINT('',(-9.88939852828826,-4.09691307338182,-2.23390942608115));
#5600=CARTESIAN_POINT('',(-10.8434082835218,-1.4594760145496,-2.23390942608115));
#5601=CARTESIAN_POINT('',(-10.7948066077565,-1.40656895346293,-2.23390942608115));
#5602=CARTESIAN_POINT('Origin',(-10.7926539150959,-1.4573233218888,-2.23390942608115));
#5603=CARTESIAN_POINT('',(-10.8123349501205,-0.993300509453994,-2.23390942608115));
#5604=CARTESIAN_POINT('',(-10.814487642781,-0.942546141028119,-2.23390942608115));
#5605=CARTESIAN_POINT('',(-10.8652420112069,-0.944698833688882,-2.23390942608115));
#5606=CARTESIAN_POINT('Origin',(-10.814487642781,-0.942546141028119,-2.23390942608115));
#5607=CARTESIAN_POINT('',(-11.4325661149553,-0.968761283331943,-2.23390942608115));
#5608=CARTESIAN_POINT('',(-10.814487642781,-0.942546141028119,-2.23390942608115));
#5609=CARTESIAN_POINT('',(-11.4811677907204,-1.02166834441857,-2.23390942608115));
#5610=CARTESIAN_POINT('Origin',(-11.4833204833811,-0.970913975992706,-2.23390942608115));
#5611=CARTESIAN_POINT('',(-11.4636394483541,-1.4349367884279,-2.23390942608115));
#5612=CARTESIAN_POINT('',(-11.4614867556934,-1.48569115685376,-2.23390942608115));
#5613=CARTESIAN_POINT('',(-11.4107323872675,-1.48353846419296,-2.23390942608115));
#5614=CARTESIAN_POINT('Origin',(-11.4614867556934,-1.48569115685376,-2.23390942608115));
#5615=CARTESIAN_POINT('',(-10.7926539150959,-1.4573233218888,-2.23390942608115));
#5616=CARTESIAN_POINT('',(-6.21314857622994,-6.87004,-2.23390942608114));
#5617=CARTESIAN_POINT('Origin',(-6.47814857622994,-6.87004,-2.23390942608114));
#5618=CARTESIAN_POINT('',(-6.21314857622553,1.45996,-2.23390942608114));
#5619=CARTESIAN_POINT('Origin',(-6.47814857622553,1.45996,-2.23390942608114));
#5620=CARTESIAN_POINT('',(-10.7948066077579,-4.00351104653702,-2.23390942608115));
#5621=CARTESIAN_POINT('',(-10.8434082835218,-3.9506039854504,-2.23390942608115));
#5622=CARTESIAN_POINT('Origin',(-10.7926539150959,-3.9527566781112,-2.23390942608115));
#5623=CARTESIAN_POINT('',(-10.7926539150959,-3.9527566781112,-2.23390942608115));
#5624=CARTESIAN_POINT('',(-11.4811677907203,-4.38841165558144,-2.23390942608115));
#5625=CARTESIAN_POINT('',(-11.4614867556934,-3.92438884314753,-2.23390942608115));
#5626=CARTESIAN_POINT('',(-11.4325661149553,-4.44131871666811,-2.23390942608115));
#5627=CARTESIAN_POINT('Origin',(-11.4833204833811,-4.4391660240073,-2.23390942608115));
#5628=CARTESIAN_POINT('',(-10.8652420112069,-4.46538116631169,-2.23390942608115));
#5629=CARTESIAN_POINT('',(-10.8144876427953,-4.4675338589719,-2.23390942608115));
#5630=CARTESIAN_POINT('',(-10.8123349501334,-4.41677949054547,-2.23390942608115));
#5631=CARTESIAN_POINT('Origin',(-10.814487642781,-4.46753385897189,-2.23390942608115));
#5632=CARTESIAN_POINT('',(-10.8144876427953,-4.4675338589719,-2.23390942608115));
#5633=CARTESIAN_POINT('Origin',(-10.7926539150959,-3.9527566781112,-1.73390942608115));
#5634=CARTESIAN_POINT('',(-10.8434082835218,-3.9506039854505,-1.73390942608115));
#5635=CARTESIAN_POINT('',(-10.7948066077579,-4.00351104653702,-1.73390942608115));
#5636=CARTESIAN_POINT('Origin',(-9.59147306161444,-1.6990193802392,-1.98390942608115));
#5637=CARTESIAN_POINT('',(-9.60418581354754,-1.39928885803919,-1.98390942608115));
#5638=CARTESIAN_POINT('Origin',(-10.038714249819,-1.41771892040872,-2.23390942608115));
#5639=CARTESIAN_POINT('',(-9.95114834811569,-1.41400490563978,-1.98390942608115));
#5640=CARTESIAN_POINT('Origin',(-9.93843559618259,-1.71373542783979,-1.98390942608115));
#5641=CARTESIAN_POINT('',(-10.1105085270887,-1.46798981455362,-1.98390942608115));
#5642=CARTESIAN_POINT('Origin',(-9.88939852828762,-1.31316692661857,-1.73390942608115));
#5643=CARTESIAN_POINT('',(-10.4147152872734,-1.68099768121069,-1.73390942608115));
#5644=CARTESIAN_POINT('Origin',(-10.7926539150959,-1.4573233218888,-1.73390942608115));
#5645=CARTESIAN_POINT('',(-10.7948066077565,-1.40656895346293,-1.73390942608115));
#5646=CARTESIAN_POINT('',(-10.8434082835218,-1.4594760145496,-1.73390942608115));
#5647=CARTESIAN_POINT('Origin',(-11.4833204833811,-4.4391660240073,-1.73390942608115));
#5648=CARTESIAN_POINT('',(-11.4325661149553,-4.44131871666925,-1.73390942608115));
#5649=CARTESIAN_POINT('',(-11.4811677907204,-4.38841165558143,-1.73390942608115));
#5650=CARTESIAN_POINT('Origin',(-11.4614867556934,-1.48569115685376,-1.73390942608115));
#5651=CARTESIAN_POINT('',(-11.4107323872675,-1.48353846419296,-1.73390942608115));
#5652=CARTESIAN_POINT('',(-11.4636394483541,-1.4349367884279,-1.73390942608115));
#5653=CARTESIAN_POINT('Origin',(-10.814487642781,-0.942546141028119,-1.73390942608115));
#5654=CARTESIAN_POINT('',(-10.8652420112069,-0.944698833688791,-1.73390942608115));
#5655=CARTESIAN_POINT('',(-10.8123349501205,-0.993300509453994,-1.73390942608115));
#5656=CARTESIAN_POINT('Origin',(-10.814487642781,-4.46753385897189,-1.73390942608115));
#5657=CARTESIAN_POINT('',(-10.8123349501334,-4.41677949054547,-1.73390942608115));
#5658=CARTESIAN_POINT('',(-10.8652420112069,-4.46538116631178,-1.73390942608115));
#5659=CARTESIAN_POINT('Origin',(-11.4833204833811,-0.970913975992706,-1.73390942608115));
#5660=CARTESIAN_POINT('',(-11.4811677907203,-1.02166834441857,-1.73390942608115));
#5661=CARTESIAN_POINT('',(-11.4325661149553,-0.968761283330837,-1.73390942608115));
#5662=CARTESIAN_POINT('Origin',(-11.4614867556934,-3.92438884314753,-1.73390942608115));
#5663=CARTESIAN_POINT('Origin',(-10.7926539150959,-3.9527566781112,-1.73390942608115));
#5664=CARTESIAN_POINT('Origin',(-11.4833204833812,-4.43916602400853,-1.73390942608115));
#5665=CARTESIAN_POINT('Origin',(-10.8144876427953,-4.4675338589719,-1.73390942608115));
#5666=CARTESIAN_POINT('Origin',(-10.814487642781,-0.942546141028119,-1.73390942608115));
#5667=CARTESIAN_POINT('Origin',(-11.4833204833811,-0.970913975991507,-1.73390942608115));
#5668=CARTESIAN_POINT('Origin',(-6.47814857622553,1.45996,-1.73390942608114));
#5669=CARTESIAN_POINT('',(-6.21314857622553,1.45996,-1.73390942608114));
#5670=CARTESIAN_POINT('Origin',(-7.11732617531166,-5.63497345331086,-1.73390942608114));
#5671=CARTESIAN_POINT('',(-7.06359621447778,-5.71931259789509,-1.73390942608114));
#5672=CARTESIAN_POINT('Origin',(-7.27364091829643,-5.85312583213108,-1.73390942608114));
#5673=CARTESIAN_POINT('',(-7.27364091829643,-5.85312583213108,-1.73390942608114));
#5674=CARTESIAN_POINT('Origin',(-7.32737087912884,-5.76878668754857,-1.73390942608114));
#5675=CARTESIAN_POINT('',(-7.38472852276437,-5.85070189197693,-1.73390942608114));
#5676=CARTESIAN_POINT('Origin',(-8.96107638925216,-4.74693123301258,-1.73390942608115));
#5677=CARTESIAN_POINT('',(-8.96107638925216,-4.74693123301258,-1.73390942608115));
#5678=CARTESIAN_POINT('Origin',(-8.84636110198196,-4.58310082415479,-1.73390942608115));
#5679=CARTESIAN_POINT('',(-9.04618145011532,-4.57462565620016,-1.73390942608115));
#5680=CARTESIAN_POINT('Origin',(-9.03721661161906,-4.36326027886342,-1.73390942608115));
#5681=CARTESIAN_POINT('',(-9.03721661161906,-4.36326027886342,-1.73390942608115));
#5682=CARTESIAN_POINT('Origin',(-8.8373962634857,-4.37173544681793,-1.73390942608115));
#5683=CARTESIAN_POINT('Origin',(-10.4147152872733,-3.72908231879015,-1.73390942608115));
#5684=CARTESIAN_POINT('',(-10.4147152872733,-3.72908231879015,-1.73390942608115));
#5685=CARTESIAN_POINT('Origin',(-10.3000000000026,-3.56525190993168,-1.73390942608115));
#5686=CARTESIAN_POINT('',(-10.5000000000026,-3.56525190993054,-1.73390942608115));
#5687=CARTESIAN_POINT('Origin',(-10.5000000000026,-1.84482809006812,-1.73390942608115));
#5688=CARTESIAN_POINT('',(-10.5000000000026,-1.84482809006812,-1.73390942608115));
#5689=CARTESIAN_POINT('Origin',(-10.3000000000026,-1.84482809006813,-1.73390942608115));
#5690=CARTESIAN_POINT('Origin',(-6.47814857622994,-6.87004,-1.73390942608114));
#5691=CARTESIAN_POINT('',(-6.21314857622994,-6.87004,-1.73390942608114));
#5692=CARTESIAN_POINT('Origin',(-11.4614867556934,-1.48569115685376,-1.73390942608115));
#5693=CARTESIAN_POINT('Origin',(-10.7926539150959,-1.4573233218888,-1.73390942608115));
#5694=CARTESIAN_POINT('Origin',(-7.06359621447813,0.309232597894327,-1.73390942608114));
#5695=CARTESIAN_POINT('',(-7.27364091829687,0.443045832130574,-1.73390942608114));
#5696=CARTESIAN_POINT('',(-7.06359621447813,0.309232597894327,-1.73390942608114));
#5697=CARTESIAN_POINT('Origin',(-7.11732617531184,0.224893453310145,-1.73390942608114));
#5698=CARTESIAN_POINT('Origin',(-8.83739626350093,-1.03834455318207,-1.73390942608115));
#5699=CARTESIAN_POINT('',(-9.03721661161956,-1.04681972148374,-1.73390942608115));
#5700=CARTESIAN_POINT('Origin',(-9.0461814501004,-0.835454344147742,-1.73390942608115));
#5701=CARTESIAN_POINT('',(-9.0461814501004,-0.835454344147742,-1.73390942608115));
#5702=CARTESIAN_POINT('Origin',(-8.84636110198176,-0.826979175846074,-1.73390942608115));
#5703=CARTESIAN_POINT('',(-8.96107638925261,-0.663148766988742,-1.73390942608115));
#5704=CARTESIAN_POINT('Origin',(-7.38472852276444,0.440621891976696,-1.73390942608114));
#5705=CARTESIAN_POINT('',(-7.38472852276444,0.440621891976696,-1.73390942608114));
#5706=CARTESIAN_POINT('Origin',(-7.3273708791293,0.358706687548446,-1.73390942608114));
#5707=CARTESIAN_POINT('Origin',(-13.0000000000048,-1.76817476782149,-1.73390942608116));
#5708=CARTESIAN_POINT('',(-12.2339555568842,-1.12538715813357,-1.73390942608115));
#5709=CARTESIAN_POINT('',(-12.0000000000026,-1.76817476782149,-1.73390942608115));
#5710=CARTESIAN_POINT('Origin',(-12.0000000000026,-3.64190523217852,-1.73390942608115));
#5711=CARTESIAN_POINT('Origin',(-12.3768937944912,-4.45504000000001,-1.73390942608115));
#5712=CARTESIAN_POINT('',(-12.376893794495,-4.45504000000057,-1.73390942608115));
#5713=CARTESIAN_POINT('Origin',(-7.3962671310202E-14,-2.70504,-1.73390942608113));
#5714=CARTESIAN_POINT('',(-12.2261806705595,-5.30705964079002,-1.73390942608115));
#5715=CARTESIAN_POINT('Origin',(-11.2480862169356,-5.0988980695312,-1.73390942608115));
#5716=CARTESIAN_POINT('',(-12.1128642397648,-5.60105239958359,-1.73390942608115));
#5717=CARTESIAN_POINT('Origin',(-11.9211898513953,-5.93114175397469,-1.73390942608115));
#5718=CARTESIAN_POINT('Origin',(-9.16337168772876,-7.81591970853676,-1.73390942608115));
#5719=CARTESIAN_POINT('',(-7.63128280148821,-6.53034448916216,-1.73390942608114));
#5720=CARTESIAN_POINT('Origin',(-6.84819052588959,-7.46359752193919,-1.73390942608114));
#5721=CARTESIAN_POINT('',(-6.84819052588946,-7.46359752193909,-1.73390942608114));
#5722=CARTESIAN_POINT('Origin',(-6.69498163726927,-7.33504000000455,-1.73390942608114));
#5723=CARTESIAN_POINT('',(-6.69498163726927,-7.53504,-1.73390942608114));
#5724=CARTESIAN_POINT('Origin',(-6.18191090495116,-7.53504000000126,-1.73390942608114));
#5725=CARTESIAN_POINT('',(-6.18191090495116,-7.535040000001,-1.73390942608114));
#5726=CARTESIAN_POINT('Origin',(-6.18191090495175,-7.33503999999817,-1.73390942608114));
#5727=CARTESIAN_POINT('',(-6.00064934754166,-7.41956365234708,-1.73390942608114));
#5728=CARTESIAN_POINT('Origin',(-5.78381628649966,-6.95456365234706,-1.73390942608114));
#5729=CARTESIAN_POINT('',(-5.78381628649956,-6.95456365234711,-1.73390942608114));
#5730=CARTESIAN_POINT('Origin',(-5.96507784390643,-6.87003999999912,-1.73390942608114));
#5731=CARTESIAN_POINT('',(-5.78381628649966,-6.78551634765093,-1.73390942608114));
#5732=CARTESIAN_POINT('Origin',(-6.29868168108547,-5.68138394583335,-1.73390942608114));
#5733=CARTESIAN_POINT('',(-6.29868168108547,-5.68138394583335,-1.73390942608114));
#5734=CARTESIAN_POINT('Origin',(-4.48606610701112,-4.83614742235146,-1.73390942608114));
#5735=CARTESIAN_POINT('',(-6.45568161303599,-5.1834437776854,-1.73390942608114));
#5736=CARTESIAN_POINT('Origin',(-6.83145335038389,-3.05233635533393,-1.73390942608114));
#5737=CARTESIAN_POINT('',(-6.83145335038389,-3.05233635533393,-1.73390942608114));
#5738=CARTESIAN_POINT('Origin',(-4.86183784435903,-2.70504,-1.73390942608114));
#5739=CARTESIAN_POINT('',(-6.83145335038384,-2.35774364466624,-1.73390942608114));
#5740=CARTESIAN_POINT('Origin',(-6.45568161303923,-0.226636222314364,-1.73390942608114));
#5741=CARTESIAN_POINT('',(-6.45568161303923,-0.226636222314364,-1.73390942608114));
#5742=CARTESIAN_POINT('Origin',(-4.48606610701417,-0.573932577648545,-1.73390942608114));
#5743=CARTESIAN_POINT('',(-6.29868168108809,0.271303945833146,-1.73390942608114));
#5744=CARTESIAN_POINT('Origin',(-5.78381628650466,1.37543634765092,-1.73390942608114));
#5745=CARTESIAN_POINT('',(-5.78381628650361,1.37543634765043,-1.73390942608114));
#5746=CARTESIAN_POINT('Origin',(-5.96507784391083,1.45995999999912,-1.73390942608114));
#5747=CARTESIAN_POINT('',(-5.78381628650338,1.54448365234732,-1.73390942608114));
#5748=CARTESIAN_POINT('Origin',(-6.00064934754534,2.00948365234708,-1.73390942608114));
#5749=CARTESIAN_POINT('',(-6.00064934754398,2.00948365234772,-1.73390942608114));
#5750=CARTESIAN_POINT('Origin',(-6.18191090495267,1.92495999999817,-1.73390942608114));
#5751=CARTESIAN_POINT('',(-6.18191090495267,2.12496,-1.73390942608114));
#5752=CARTESIAN_POINT('Origin',(-6.69498163726969,2.12496,-1.73390942608114));
#5753=CARTESIAN_POINT('',(-6.69498163726969,2.12496000000174,-1.73390942608114));
#5754=CARTESIAN_POINT('Origin',(-6.69498163726969,1.92496000000454,-1.73390942608114));
#5755=CARTESIAN_POINT('',(-6.84819052589228,2.05351752193893,-1.73390942608114));
#5756=CARTESIAN_POINT('Origin',(-7.63128280149035,1.12026448916216,-1.73390942608114));
#5757=CARTESIAN_POINT('',(-7.63128280149035,1.12026448916216,-1.73390942608114));
#5758=CARTESIAN_POINT('Origin',(-9.16337168773089,2.40583970853741,-1.73390942608115));
#5759=CARTESIAN_POINT('Origin',(-12.1128642397648,0.190972399583583,-1.73390942608115));
#5760=CARTESIAN_POINT('',(-12.1128642397649,0.190972399583635,-1.73390942608115));
#5761=CARTESIAN_POINT('Origin',(-11.2480862169356,-0.311181930468807,-1.73390942608115));
#5762=CARTESIAN_POINT('',(-12.2261806705598,-0.103020359210921,-1.73390942608115));
#5763=CARTESIAN_POINT('Origin',(-7.3962671310202E-14,-2.70504,-1.73390942608113));
#5764=CARTESIAN_POINT('',(-12.3768937944912,-0.95504,-1.73390942608115));
#5765=CARTESIAN_POINT('Origin',(-12.2339555568842,-1.12538715813357,-1.73390942608115));
#5766=CARTESIAN_POINT('Origin',(-11.723033120214,-0.988707983916153,-1.55807315060072));
#5767=CARTESIAN_POINT('',(-11.8948568352056,-1.49644523785975,-1.50630934158022));
#5768=CARTESIAN_POINT('',(-11.8017553743922,-1.49249643822719,-1.38486806984384));
#5769=CARTESIAN_POINT('Origin',(-11.7018452003255,-1.48825885424949,-1.55807315060072));
#5770=CARTESIAN_POINT('',(-11.8229432942807,-0.992945567893853,-1.38486806984384));
#5771=CARTESIAN_POINT('',(-11.8229432942807,-0.992945567893853,-1.38486806984384));
#5772=CARTESIAN_POINT('',(-11.9160447550941,-0.996894367526411,-1.50630934158022));
#5773=CARTESIAN_POINT('Origin',(-11.723033120214,-0.988707983916152,-1.55807315060072));
#5774=CARTESIAN_POINT('',(-11.9160447550941,-0.996894367526411,-1.50630934158022));
#5775=CARTESIAN_POINT('Origin',(-10.442154420321,-0.934380873521751,-0.683685451993873));
#5776=CARTESIAN_POINT('',(-11.1984706493285,-0.966459223540218,-1.02400447108348));
#5777=CARTESIAN_POINT('',(-11.8946227431801,-0.995985775630695,-1.42628942608115));
#5778=CARTESIAN_POINT('',(-10.6668597168987,-0.943911510149877,-0.57752888288768));
#5779=CARTESIAN_POINT('Origin',(-12.1975723899951,-1.00883506331722,0.708046336485396));
#5780=CARTESIAN_POINT('',(-10.1978472412208,-0.92401884385397,-0.0180790489921821));
#5781=CARTESIAN_POINT('',(-10.6668597168987,-0.943911510149877,-0.577528882887679));
#5782=CARTESIAN_POINT('',(-10.078026138511,-0.918936758973462,0.212302089755334));
#5783=CARTESIAN_POINT('Origin',(-10.6570610431439,-0.943495909803928,0.367593516814894));
#5784=CARTESIAN_POINT('',(-9.97842678565418,-0.914712358147437,0.584346127047019));
#5785=CARTESIAN_POINT('',(-10.078026138511,-0.918936758973462,0.212302089755334));
#5786=CARTESIAN_POINT('',(-9.86986287895327,-0.910107735286052,0.713843875445039));
#5787=CARTESIAN_POINT('Origin',(-9.78541515075743,-0.906525974536471,0.532582318022041));
#5788=CARTESIAN_POINT('',(-9.58285091527368,-0.897934427511759,0.847800079501483));
#5789=CARTESIAN_POINT('',(-9.86986287895327,-0.910107735286052,0.713843875445039));
#5790=CARTESIAN_POINT('',(-9.4339757983812,-0.891620047460727,0.855857418075635));
#5791=CARTESIAN_POINT('Origin',(-9.49840318708854,-0.894352666762632,0.666538522101444));
#5792=CARTESIAN_POINT('',(-9.13420573749498,-0.878905618536222,0.75365871345151));
#5793=CARTESIAN_POINT('',(-9.4339757983812,-0.891620047460727,0.855857418075635));
#5794=CARTESIAN_POINT('',(-9.01232358236158,-0.873736116304985,0.636633042224052));
#5795=CARTESIAN_POINT('Origin',(-9.19863312619865,-0.881638237837971,0.564339817488112));
#5796=CARTESIAN_POINT('',(-8.92963975250857,-0.870229169431225,0.423162153362877));
#5797=CARTESIAN_POINT('',(-9.01232358236158,-0.873736116304985,0.636633042224052));
#5798=CARTESIAN_POINT('',(-8.9100358932513,-0.869397692550459,0.294789275846551));
#5799=CARTESIAN_POINT('Origin',(-9.20910406829135,-0.882082351731856,0.314722316248423));
#5800=CARTESIAN_POINT('',(-9.04449988606084,-0.875100840071022,-1.72628942608114));
#5801=CARTESIAN_POINT('',(-8.9100358932513,-0.869397692550459,0.294789275846551));
#5802=CARTESIAN_POINT('',(-10.8217778941472,-0.950482200191161,-1.72628942608115));
#5803=CARTESIAN_POINT('',(-10.8217778941472,-0.950482200191161,-1.72628942608115));
#5804=CARTESIAN_POINT('',(-10.8217778941472,-0.950482200191161,-2.23390942608115));
#5805=CARTESIAN_POINT('',(-10.8217778941472,-0.950482200191161,-2.23390942608115));
#5806=CARTESIAN_POINT('',(-11.4753844242172,-0.978204227356247,-2.23390942608115));
#5807=CARTESIAN_POINT('',(-11.4753844242172,-0.978204227356247,-2.23390942608115));
#5808=CARTESIAN_POINT('',(-11.4753844242172,-0.978204227356247,-1.72628942608115));
#5809=CARTESIAN_POINT('',(-11.4753844242172,-0.978204227356247,-2.23390942608115));
#5810=CARTESIAN_POINT('',(-11.9749352945506,-0.999392147244746,-1.72628942608115));
#5811=CARTESIAN_POINT('',(-11.4753844242172,-0.978204227356247,-1.72628942608115));
#5812=CARTESIAN_POINT('',(-11.9749352945506,-0.999392147244746,-1.72628942608115));
#5813=CARTESIAN_POINT('',(-9.21241898160721,-0.882222950261344,0.273710573918858));
#5814=CARTESIAN_POINT('Origin',(-9.47718094288388,-0.893452547802249,0.273710573918857));
#5815=CARTESIAN_POINT('',(-10.2418366686499,-0.925884608723296,-1.12628942608114));
#5816=CARTESIAN_POINT('',(-10.3323860374107,-0.929725164080507,-1.06855125225522));
#5817=CARTESIAN_POINT('Origin',(-10.2418366686499,-0.925884608723296,-1.02628942608114));
#5818=CARTESIAN_POINT('',(-9.73378563762481,-0.904336163542035,-1.12628942608114));
#5819=CARTESIAN_POINT('',(-9.73378563762481,-0.904336163542035,-1.12628942608114));
#5820=CARTESIAN_POINT('',(-9.59726603218176,-0.89854582939367,-1.07233349258206));
#5821=CARTESIAN_POINT('Origin',(-9.73378563762481,-0.904336163542035,-0.926289426081139));
#5822=CARTESIAN_POINT('',(-9.44612782645549,-0.892135462832036,-0.930797811792205));
#5823=CARTESIAN_POINT('',(-9.59726603218176,-0.89854582939367,-1.07233349258206));
#5824=CARTESIAN_POINT('',(-9.3832686485385,-0.889469357526137,-0.798042438892531));
#5825=CARTESIAN_POINT('Origin',(-9.58264743189854,-0.897925796980401,-0.784753745291285));
#5826=CARTESIAN_POINT('',(-9.35957886216024,-0.888464580383775,-0.441969993759073));
#5827=CARTESIAN_POINT('',(-9.35957886216024,-0.888464580383775,-0.441969993759073));
#5828=CARTESIAN_POINT('',(-9.42199510284859,-0.891111898977302,-0.342545191221487));
#5829=CARTESIAN_POINT('Origin',(-9.45926825384026,-0.892692800110907,-0.435325646958447));
#5830=CARTESIAN_POINT('',(-9.74819447118601,-0.904947298922457,-0.211263763337414));
#5831=CARTESIAN_POINT('',(-9.42199510284859,-0.891111898977302,-0.342545191221487));
#5832=CARTESIAN_POINT('',(-9.8620032558325,-0.909774377714429,-0.239765458105722));
#5833=CARTESIAN_POINT('Origin',(-9.78546762217768,-0.906528200056062,-0.304044219074379));
#5834=CARTESIAN_POINT('',(-10.371640622368,-0.931390105632459,-0.847673679828657));
#5835=CARTESIAN_POINT('',(-9.8620032558325,-0.909774377714429,-0.239765458105722));
#5836=CARTESIAN_POINT('',(-10.385654357474,-0.931984483331304,-0.954214266971381));
#5837=CARTESIAN_POINT('Origin',(-10.2951049887132,-0.928143927974092,-0.911952440797311));
#5838=CARTESIAN_POINT('',(-10.3323860374107,-0.929725164080507,-1.06855125225522));
#5839=CARTESIAN_POINT('Origin',(-11.1984706493285,-0.966459223540218,-1.02400447108348));
#5840=CARTESIAN_POINT('',(-11.17728272944,-1.46601009387356,-1.02400447108348));
#5841=CARTESIAN_POINT('',(-11.8734348232916,-1.49553664596404,-1.42628942608115));
#5842=CARTESIAN_POINT('',(-11.1984706493285,-0.966459223540218,-1.02400447108348));
#5843=CARTESIAN_POINT('Origin',(-9.47718094288388,-0.893452547802249,0.273710573918857));
#5844=CARTESIAN_POINT('',(-9.19123106171871,-1.38177382059469,0.273710573918858));
#5845=CARTESIAN_POINT('Origin',(-9.45599302299538,-1.39300341813559,0.273710573918857));
#5846=CARTESIAN_POINT('',(-9.21241898160721,-0.882222950261345,0.273710573918858));
#5847=CARTESIAN_POINT('Origin',(-9.73378563762481,-0.904336163542035,-1.12628942608114));
#5848=CARTESIAN_POINT('',(-10.2206487487614,-1.42543547905664,-1.12628942608114));
#5849=CARTESIAN_POINT('',(-10.2418366686499,-0.925884608723296,-1.12628942608114));
#5850=CARTESIAN_POINT('',(-9.71259771773631,-1.40388703387538,-1.12628942608114));
#5851=CARTESIAN_POINT('',(-9.71259771773631,-1.40388703387538,-1.12628942608114));
#5852=CARTESIAN_POINT('',(-9.73378563762481,-0.904336163542035,-1.12628942608114));
#5853=CARTESIAN_POINT('Origin',(-9.73378563762481,-0.904336163542035,-0.926289426081139));
#5854=CARTESIAN_POINT('',(-9.57607811229327,-1.39809669972701,-1.07233349258206));
#5855=CARTESIAN_POINT('Origin',(-9.71259771773631,-1.40388703387538,-0.926289426081139));
#5856=CARTESIAN_POINT('',(-9.59726603218176,-0.89854582939367,-1.07233349258206));
#5857=CARTESIAN_POINT('Origin',(-9.44612782645549,-0.892135462832036,-0.930797811792204));
#5858=CARTESIAN_POINT('',(-9.42493990656699,-1.39168633316538,-0.930797811792205));
#5859=CARTESIAN_POINT('',(-9.57607811229326,-1.39809669972701,-1.07233349258206));
#5860=CARTESIAN_POINT('',(-9.44612782645549,-0.892135462832036,-0.930797811792205));
#5861=CARTESIAN_POINT('Origin',(-9.58264743189854,-0.897925796980401,-0.784753745291285));
#5862=CARTESIAN_POINT('',(-9.36208072865,-1.38902022785948,-0.798042438892531));
#5863=CARTESIAN_POINT('Origin',(-9.56145951201004,-1.39747666731374,-0.784753745291285));
#5864=CARTESIAN_POINT('',(-9.3832686485385,-0.889469357526137,-0.798042438892531));
#5865=CARTESIAN_POINT('Origin',(-9.35957886216024,-0.888464580383775,-0.441969993759073));
#5866=CARTESIAN_POINT('',(-9.33839094227174,-1.38801545071712,-0.441969993759073));
#5867=CARTESIAN_POINT('',(-9.33839094227174,-1.38801545071712,-0.441969993759073));
#5868=CARTESIAN_POINT('',(-9.35957886216024,-0.888464580383775,-0.441969993759073));
#5869=CARTESIAN_POINT('Origin',(-9.45926825384026,-0.892692800110907,-0.435325646958447));
#5870=CARTESIAN_POINT('',(-9.4008071829601,-1.39066276931064,-0.342545191221487));
#5871=CARTESIAN_POINT('Origin',(-9.43808033395176,-1.39224367044425,-0.435325646958447));
#5872=CARTESIAN_POINT('',(-9.42199510284859,-0.891111898977302,-0.342545191221487));
#5873=CARTESIAN_POINT('Origin',(-9.74819447118601,-0.904947298922457,-0.211263763337414));
#5874=CARTESIAN_POINT('',(-9.72700655129751,-1.4044981692558,-0.211263763337414));
#5875=CARTESIAN_POINT('',(-9.40080718296009,-1.39066276931064,-0.342545191221487));
#5876=CARTESIAN_POINT('',(-9.74819447118601,-0.904947298922457,-0.211263763337414));
#5877=CARTESIAN_POINT('Origin',(-9.78546762217768,-0.906528200056062,-0.304044219074379));
#5878=CARTESIAN_POINT('',(-9.840815335944,-1.40932524804777,-0.239765458105722));
#5879=CARTESIAN_POINT('Origin',(-9.76427970228918,-1.4060790703894,-0.304044219074379));
#5880=CARTESIAN_POINT('',(-9.8620032558325,-0.909774377714429,-0.239765458105722));
#5881=CARTESIAN_POINT('Origin',(-10.371640622368,-0.931390105632459,-0.847673679828657));
#5882=CARTESIAN_POINT('',(-10.3504527024795,-1.4309409759658,-0.847673679828657));
#5883=CARTESIAN_POINT('',(-9.840815335944,-1.40932524804777,-0.239765458105722));
#5884=CARTESIAN_POINT('',(-10.371640622368,-0.931390105632459,-0.847673679828657));
#5885=CARTESIAN_POINT('Origin',(-10.2951049887132,-0.928143927974092,-0.911952440797311));
#5886=CARTESIAN_POINT('',(-10.3644664375855,-1.43153535366464,-0.954214266971381));
#5887=CARTESIAN_POINT('Origin',(-10.2739170688247,-1.42769479830743,-0.911952440797311));
#5888=CARTESIAN_POINT('',(-10.385654357474,-0.931984483331304,-0.954214266971381));
#5889=CARTESIAN_POINT('Origin',(-10.3323860374107,-0.929725164080507,-1.06855125225522));
#5890=CARTESIAN_POINT('',(-10.3111981175222,-1.42927603441385,-1.06855125225522));
#5891=CARTESIAN_POINT('',(-10.3111981175222,-1.42927603441385,-1.06855125225522));
#5892=CARTESIAN_POINT('',(-10.3323860374107,-0.929725164080507,-1.06855125225522));
#5893=CARTESIAN_POINT('Origin',(-10.2418366686499,-0.925884608723296,-1.02628942608114));
#5894=CARTESIAN_POINT('Origin',(-10.2206487487614,-1.42543547905664,-1.02628942608114));
#5895=CARTESIAN_POINT('Origin',(-11.4753844242172,-0.978204227356247,-1.72628942608115));
#5896=CARTESIAN_POINT('',(-11.4541965043287,-1.47775509768959,-2.23390942608115));
#5897=CARTESIAN_POINT('',(-11.4753844242172,-0.978204227356247,-2.23390942608115));
#5898=CARTESIAN_POINT('',(-11.4541965043287,-1.47775509768959,-1.72628942608115));
#5899=CARTESIAN_POINT('',(-11.4541965043287,-1.47775509768959,-2.23390942608115));
#5900=CARTESIAN_POINT('',(-11.4753844242172,-0.978204227356247,-1.72628942608115));
#5901=CARTESIAN_POINT('Origin',(-11.9749352945506,-0.999392147244746,-1.72628942608115));
#5902=CARTESIAN_POINT('',(-11.9537473746621,-1.49894301757809,-1.72628942608115));
#5903=CARTESIAN_POINT('',(-11.4541965043287,-1.47775509768959,-1.72628942608115));
#5904=CARTESIAN_POINT('',(-11.9749352945506,-0.999392147244746,-1.72628942608115));
#5905=CARTESIAN_POINT('Origin',(-11.8946227431801,-0.995985775630695,-1.42628942608115));
#5906=CARTESIAN_POINT('',(-11.9537473746621,-1.49894301757809,-1.72628942608115));
#5907=CARTESIAN_POINT('Origin',(-12.1975723899951,-1.00883506331722,0.708046336485396));
#5908=CARTESIAN_POINT('',(-10.6456717970102,-1.44346238048322,-0.57752888288768));
#5909=CARTESIAN_POINT('Origin',(-12.1763844701066,-1.50838593365056,0.708046336485396));
#5910=CARTESIAN_POINT('',(-10.6668597168987,-0.943911510149877,-0.57752888288768));
#5911=CARTESIAN_POINT('Origin',(-10.1978472412208,-0.924018843853971,-0.018079048992182));
#5912=CARTESIAN_POINT('',(-10.1766593213323,-1.42356971418731,-0.018079048992182));
#5913=CARTESIAN_POINT('',(-10.6456717970102,-1.44346238048322,-0.577528882887679));
#5914=CARTESIAN_POINT('',(-10.1978472412208,-0.92401884385397,-0.0180790489921821));
#5915=CARTESIAN_POINT('Origin',(-10.6570610431439,-0.943495909803928,0.367593516814894));
#5916=CARTESIAN_POINT('',(-10.0568382186225,-1.4184876293068,0.212302089755334));
#5917=CARTESIAN_POINT('Origin',(-10.6358731232554,-1.44304678013727,0.367593516814894));
#5918=CARTESIAN_POINT('',(-10.078026138511,-0.918936758973462,0.212302089755334));
#5919=CARTESIAN_POINT('Origin',(-9.97842678565418,-0.914712358147437,0.584346127047019));
#5920=CARTESIAN_POINT('',(-9.95723886576568,-1.41426322848078,0.584346127047019));
#5921=CARTESIAN_POINT('',(-10.0568382186225,-1.4184876293068,0.212302089755334));
#5922=CARTESIAN_POINT('',(-9.97842678565418,-0.914712358147437,0.584346127047019));
#5923=CARTESIAN_POINT('Origin',(-9.78541515075743,-0.906525974536471,0.532582318022041));
#5924=CARTESIAN_POINT('',(-9.84867495906477,-1.40965860561939,0.713843875445039));
#5925=CARTESIAN_POINT('Origin',(-9.76422723086893,-1.40607684486981,0.532582318022041));
#5926=CARTESIAN_POINT('',(-9.86986287895327,-0.910107735286052,0.713843875445039));
#5927=CARTESIAN_POINT('Origin',(-9.58285091527368,-0.897934427511759,0.847800079501484));
#5928=CARTESIAN_POINT('',(-9.56166299538518,-1.3974852978451,0.847800079501483));
#5929=CARTESIAN_POINT('',(-9.84867495906476,-1.40965860561939,0.713843875445039));
#5930=CARTESIAN_POINT('',(-9.58285091527368,-0.897934427511759,0.847800079501483));
#5931=CARTESIAN_POINT('Origin',(-9.49840318708854,-0.894352666762632,0.666538522101444));
#5932=CARTESIAN_POINT('',(-9.41278787849271,-1.39117091779407,0.855857418075635));
#5933=CARTESIAN_POINT('Origin',(-9.47721526720004,-1.39390353709597,0.666538522101444));
#5934=CARTESIAN_POINT('',(-9.4339757983812,-0.891620047460727,0.855857418075635));
#5935=CARTESIAN_POINT('Origin',(-9.13420573749498,-0.878905618536222,0.753658713451512));
#5936=CARTESIAN_POINT('',(-9.11301781760648,-1.37845648886956,0.75365871345151));
#5937=CARTESIAN_POINT('',(-9.4127878784927,-1.39117091779407,0.855857418075635));
#5938=CARTESIAN_POINT('',(-9.13420573749498,-0.878905618536222,0.75365871345151));
#5939=CARTESIAN_POINT('Origin',(-9.19863312619865,-0.881638237837971,0.564339817488112));
#5940=CARTESIAN_POINT('',(-8.99113566247308,-1.37328698663833,0.636633042224052));
#5941=CARTESIAN_POINT('Origin',(-9.17744520631015,-1.38118910817131,0.564339817488112));
#5942=CARTESIAN_POINT('',(-9.01232358236158,-0.873736116304985,0.636633042224052));
#5943=CARTESIAN_POINT('Origin',(-8.92963975250857,-0.870229169431225,0.423162153362876));
#5944=CARTESIAN_POINT('',(-8.90845183262007,-1.36978003976457,0.423162153362877));
#5945=CARTESIAN_POINT('',(-8.99113566247308,-1.37328698663833,0.636633042224052));
#5946=CARTESIAN_POINT('',(-8.92963975250857,-0.870229169431225,0.423162153362877));
#5947=CARTESIAN_POINT('Origin',(-9.20910406829135,-0.882082351731856,0.314722316248423));
#5948=CARTESIAN_POINT('',(-8.8888479733628,-1.3689485628838,0.294789275846551));
#5949=CARTESIAN_POINT('Origin',(-9.18791614840285,-1.3816332220652,0.314722316248423));
#5950=CARTESIAN_POINT('',(-8.9100358932513,-0.869397692550459,0.294789275846551));
#5951=CARTESIAN_POINT('Origin',(-9.04449988606084,-0.875100840071022,-1.72628942608114));
#5952=CARTESIAN_POINT('',(-9.02331196617234,-1.37465171040436,-1.72628942608114));
#5953=CARTESIAN_POINT('',(-8.88884797336279,-1.3689485628838,0.294789275846551));
#5954=CARTESIAN_POINT('',(-9.04449988606084,-0.875100840071022,-1.72628942608114));
#5955=CARTESIAN_POINT('Origin',(-10.8217778941472,-0.950482200191161,-1.72628942608115));
#5956=CARTESIAN_POINT('',(-10.8005899742587,-1.4500330705245,-1.72628942608115));
#5957=CARTESIAN_POINT('',(-10.8005899742587,-1.4500330705245,-1.72628942608115));
#5958=CARTESIAN_POINT('',(-10.8217778941472,-0.950482200191161,-1.72628942608115));
#5959=CARTESIAN_POINT('Origin',(-10.8217778941472,-0.950482200191161,-2.23390942608115));
#5960=CARTESIAN_POINT('',(-10.8005899742587,-1.4500330705245,-2.23390942608115));
#5961=CARTESIAN_POINT('',(-10.8005899742587,-1.4500330705245,-2.23390942608115));
#5962=CARTESIAN_POINT('',(-10.8217778941472,-0.950482200191161,-2.23390942608115));
#5963=CARTESIAN_POINT('Origin',(-11.4753844242172,-0.978204227356247,-2.23390942608115));
#5964=CARTESIAN_POINT('',(-11.4541965043287,-1.47775509768959,-2.23390942608115));
#5965=CARTESIAN_POINT('Origin',(-10.4209665004325,-1.43393174385509,-0.683685451993873));
#5966=CARTESIAN_POINT('Origin',(-11.723033120214,-4.42137201608385,-1.55807315060072));
#5967=CARTESIAN_POINT('',(-11.8017553743922,-3.91758356177281,-1.38486806984384));
#5968=CARTESIAN_POINT('',(-11.8948568352056,-3.91363476214025,-1.50630934158022));
#5969=CARTESIAN_POINT('Origin',(-11.7018452003255,-3.92182114575051,-1.55807315060072));
#5970=CARTESIAN_POINT('',(-11.9160447550941,-4.41318563247359,-1.50630934158022));
#5971=CARTESIAN_POINT('',(-11.9160447550941,-4.41318563247359,-1.50630934158022));
#5972=CARTESIAN_POINT('',(-11.8229432942807,-4.41713443210615,-1.38486806984384));
#5973=CARTESIAN_POINT('Origin',(-11.723033120214,-4.42137201608385,-1.55807315060072));
#5974=CARTESIAN_POINT('',(-11.8229432942807,-4.41713443210615,-1.38486806984384));
#5975=CARTESIAN_POINT('Origin',(-10.4209665004325,-3.97614825614491,-0.683685451993873));
#5976=CARTESIAN_POINT('',(-11.17728272944,-3.94406990612644,-1.02400447108348));
#5977=CARTESIAN_POINT('',(-11.8734348232916,-3.91454335403597,-1.42628942608115));
#5978=CARTESIAN_POINT('',(-10.6456717970102,-3.96661761951679,-0.57752888288768));
#5979=CARTESIAN_POINT('Origin',(-12.1763844701066,-3.90169406634945,0.708046336485396));
#5980=CARTESIAN_POINT('',(-10.1766593213323,-3.98651028581269,-0.0180790489921821));
#5981=CARTESIAN_POINT('',(-10.6456717970102,-3.96661761951679,-0.577528882887679));
#5982=CARTESIAN_POINT('',(-10.0568382186225,-3.9915923706932,0.212302089755334));
#5983=CARTESIAN_POINT('Origin',(-10.6358731232554,-3.96703321986274,0.367593516814893));
#5984=CARTESIAN_POINT('',(-9.95723886576568,-3.99581677151923,0.584346127047019));
#5985=CARTESIAN_POINT('',(-10.0568382186225,-3.9915923706932,0.212302089755334));
#5986=CARTESIAN_POINT('',(-9.84867495906476,-4.00042139438061,0.713843875445039));
#5987=CARTESIAN_POINT('Origin',(-9.76422723086893,-4.00400315513019,0.532582318022041));
#5988=CARTESIAN_POINT('',(-9.56166299538518,-4.0125947021549,0.847800079501483));
#5989=CARTESIAN_POINT('',(-9.84867495906476,-4.00042139438061,0.713843875445039));
#5990=CARTESIAN_POINT('',(-9.4127878784927,-4.01890908220594,0.855857418075635));
#5991=CARTESIAN_POINT('Origin',(-9.47721526720004,-4.01617646290403,0.666538522101444));
#5992=CARTESIAN_POINT('',(-9.11301781760648,-4.03162351113044,0.75365871345151));
#5993=CARTESIAN_POINT('',(-9.4127878784927,-4.01890908220594,0.855857418075635));
#5994=CARTESIAN_POINT('',(-8.99113566247308,-4.03679301336168,0.636633042224052));
#5995=CARTESIAN_POINT('Origin',(-9.17744520631015,-4.02889089182869,0.564339817488112));
#5996=CARTESIAN_POINT('',(-8.90845183262007,-4.04029996023544,0.423162153362877));
#5997=CARTESIAN_POINT('',(-8.99113566247308,-4.03679301336168,0.636633042224052));
#5998=CARTESIAN_POINT('',(-8.88884797336279,-4.0411314371162,0.294789275846551));
#5999=CARTESIAN_POINT('Origin',(-9.18791614840285,-4.02844677793481,0.314722316248423));
#6000=CARTESIAN_POINT('',(-9.02331196617234,-4.03542828959564,-1.72628942608114));
#6001=CARTESIAN_POINT('',(-8.88884797336279,-4.0411314371162,0.294789275846551));
#6002=CARTESIAN_POINT('',(-10.8005899742587,-3.9600469294755,-1.72628942608115));
#6003=CARTESIAN_POINT('',(-10.8005899742587,-3.9600469294755,-1.72628942608115));
#6004=CARTESIAN_POINT('',(-10.8005899742587,-3.9600469294755,-2.23390942608115));
#6005=CARTESIAN_POINT('',(-10.8005899742587,-3.9600469294755,-2.23390942608115));
#6006=CARTESIAN_POINT('',(-11.4541965043287,-3.93232490231042,-2.23390942608115));
#6007=CARTESIAN_POINT('',(-11.4541965043287,-3.93232490231042,-2.23390942608115));
#6008=CARTESIAN_POINT('',(-11.4541965043287,-3.93232490231042,-1.72628942608115));
#6009=CARTESIAN_POINT('',(-11.4541965043287,-3.93232490231042,-2.23390942608115));
#6010=CARTESIAN_POINT('',(-11.9537473746621,-3.91113698242192,-1.72628942608115));
#6011=CARTESIAN_POINT('',(-11.4541965043287,-3.93232490231042,-1.72628942608115));
#6012=CARTESIAN_POINT('',(-11.9537473746621,-3.91113698242192,-1.72628942608115));
#6013=CARTESIAN_POINT('',(-9.1912310617187,-4.02830617940532,0.273710573918858));
#6014=CARTESIAN_POINT('Origin',(-9.45599302299538,-4.01707658186441,0.273710573918857));
#6015=CARTESIAN_POINT('',(-10.2206487487614,-3.98464452094337,-1.12628942608114));
#6016=CARTESIAN_POINT('',(-10.3111981175222,-3.98080396558616,-1.06855125225522));
#6017=CARTESIAN_POINT('Origin',(-10.2206487487614,-3.98464452094337,-1.02628942608114));
#6018=CARTESIAN_POINT('',(-9.71259771773631,-4.00619296612463,-1.12628942608114));
#6019=CARTESIAN_POINT('',(-9.71259771773631,-4.00619296612463,-1.12628942608114));
#6020=CARTESIAN_POINT('',(-9.57607811229326,-4.01198330027299,-1.07233349258206));
#6021=CARTESIAN_POINT('Origin',(-9.71259771773631,-4.00619296612463,-0.926289426081139));
#6022=CARTESIAN_POINT('',(-9.42493990656699,-4.01839366683463,-0.930797811792205));
#6023=CARTESIAN_POINT('',(-9.57607811229326,-4.01198330027299,-1.07233349258206));
#6024=CARTESIAN_POINT('',(-9.36208072865,-4.02105977214053,-0.798042438892531));
#6025=CARTESIAN_POINT('Origin',(-9.56145951201003,-4.01260333268626,-0.784753745291285));
#6026=CARTESIAN_POINT('',(-9.33839094227174,-4.02206454928289,-0.441969993759073));
#6027=CARTESIAN_POINT('',(-9.33839094227174,-4.02206454928289,-0.441969993759073));
#6028=CARTESIAN_POINT('',(-9.40080718296009,-4.01941723068936,-0.342545191221487));
#6029=CARTESIAN_POINT('Origin',(-9.43808033395175,-4.01783632955576,-0.435325646958447));
#6030=CARTESIAN_POINT('',(-9.72700655129751,-4.00558183074421,-0.211263763337414));
#6031=CARTESIAN_POINT('',(-9.40080718296009,-4.01941723068936,-0.342545191221487));
#6032=CARTESIAN_POINT('',(-9.840815335944,-4.00075475195223,-0.239765458105722));
#6033=CARTESIAN_POINT('Origin',(-9.76427970228917,-4.0040009296106,-0.304044219074379));
#6034=CARTESIAN_POINT('',(-10.3504527024795,-3.9791390240342,-0.847673679828657));
#6035=CARTESIAN_POINT('',(-9.840815335944,-4.00075475195223,-0.239765458105722));
#6036=CARTESIAN_POINT('',(-10.3644664375855,-3.97854464633536,-0.954214266971381));
#6037=CARTESIAN_POINT('Origin',(-10.2739170688247,-3.98238520169257,-0.911952440797311));
#6038=CARTESIAN_POINT('',(-10.3111981175222,-3.98080396558616,-1.06855125225522));
#6039=CARTESIAN_POINT('Origin',(-11.1984706493285,-4.44362077645979,-1.02400447108348));
#6040=CARTESIAN_POINT('',(-11.1984706493285,-4.44362077645979,-1.02400447108348));
#6041=CARTESIAN_POINT('',(-11.8946227431801,-4.41409422436931,-1.42628942608115));
#6042=CARTESIAN_POINT('',(-11.1984706493285,-4.44362077645979,-1.02400447108348));
#6043=CARTESIAN_POINT('Origin',(-9.47718094288388,-4.51662745219775,0.273710573918857));
#6044=CARTESIAN_POINT('',(-9.2124189816072,-4.52785704973866,0.273710573918858));
#6045=CARTESIAN_POINT('',(-9.21241898160721,-4.52785704973866,0.273710573918858));
#6046=CARTESIAN_POINT('Origin',(-9.47718094288388,-4.51662745219775,0.273710573918857));
#6047=CARTESIAN_POINT('Origin',(-9.73378563762481,-4.50574383645797,-1.12628942608114));
#6048=CARTESIAN_POINT('',(-9.73378563762481,-4.50574383645797,-1.12628942608114));
#6049=CARTESIAN_POINT('',(-10.2418366686499,-4.48419539127671,-1.12628942608114));
#6050=CARTESIAN_POINT('',(-9.73378563762481,-4.50574383645797,-1.12628942608114));
#6051=CARTESIAN_POINT('',(-9.73378563762481,-4.50574383645797,-1.12628942608114));
#6052=CARTESIAN_POINT('',(-10.2418366686499,-4.48419539127671,-1.12628942608114));
#6053=CARTESIAN_POINT('Origin',(-9.73378563762481,-4.50574383645797,-0.926289426081139));
#6054=CARTESIAN_POINT('',(-9.59726603218176,-4.51153417060633,-1.07233349258206));
#6055=CARTESIAN_POINT('Origin',(-9.73378563762481,-4.50574383645797,-0.926289426081139));
#6056=CARTESIAN_POINT('',(-9.59726603218176,-4.51153417060633,-1.07233349258206));
#6057=CARTESIAN_POINT('Origin',(-9.44612782645548,-4.51794453716797,-0.930797811792205));
#6058=CARTESIAN_POINT('',(-9.44612782645548,-4.51794453716797,-0.930797811792205));
#6059=CARTESIAN_POINT('',(-9.59726603218176,-4.51153417060633,-1.07233349258206));
#6060=CARTESIAN_POINT('',(-9.44612782645548,-4.51794453716797,-0.930797811792205));
#6061=CARTESIAN_POINT('Origin',(-9.58264743189853,-4.5121542030196,-0.784753745291285));
#6062=CARTESIAN_POINT('',(-9.3832686485385,-4.52061064247387,-0.798042438892531));
#6063=CARTESIAN_POINT('Origin',(-9.58264743189853,-4.5121542030196,-0.784753745291285));
#6064=CARTESIAN_POINT('',(-9.3832686485385,-4.52061064247387,-0.798042438892531));
#6065=CARTESIAN_POINT('Origin',(-9.35957886216024,-4.52161541961623,-0.441969993759073));
#6066=CARTESIAN_POINT('',(-9.35957886216024,-4.52161541961623,-0.441969993759073));
#6067=CARTESIAN_POINT('',(-9.35957886216024,-4.52161541961623,-0.441969993759073));
#6068=CARTESIAN_POINT('',(-9.35957886216024,-4.52161541961623,-0.441969993759073));
#6069=CARTESIAN_POINT('Origin',(-9.45926825384026,-4.5173871998891,-0.435325646958447));
#6070=CARTESIAN_POINT('',(-9.42199510284859,-4.5189681010227,-0.342545191221487));
#6071=CARTESIAN_POINT('Origin',(-9.45926825384026,-4.5173871998891,-0.435325646958447));
#6072=CARTESIAN_POINT('',(-9.42199510284859,-4.5189681010227,-0.342545191221487));
#6073=CARTESIAN_POINT('Origin',(-9.74819447118601,-4.50513270107755,-0.211263763337414));
#6074=CARTESIAN_POINT('',(-9.74819447118601,-4.50513270107755,-0.211263763337414));
#6075=CARTESIAN_POINT('',(-9.42199510284859,-4.5189681010227,-0.342545191221487));
#6076=CARTESIAN_POINT('',(-9.74819447118601,-4.50513270107755,-0.211263763337414));
#6077=CARTESIAN_POINT('Origin',(-9.78546762217768,-4.50355179994394,-0.304044219074379));
#6078=CARTESIAN_POINT('',(-9.8620032558325,-4.50030562228558,-0.239765458105722));
#6079=CARTESIAN_POINT('Origin',(-9.78546762217768,-4.50355179994394,-0.304044219074379));
#6080=CARTESIAN_POINT('',(-9.8620032558325,-4.50030562228558,-0.239765458105722));
#6081=CARTESIAN_POINT('Origin',(-10.371640622368,-4.47868989436754,-0.847673679828657));
#6082=CARTESIAN_POINT('',(-10.371640622368,-4.47868989436754,-0.847673679828657));
#6083=CARTESIAN_POINT('',(-9.8620032558325,-4.50030562228558,-0.239765458105722));
#6084=CARTESIAN_POINT('',(-10.371640622368,-4.47868989436754,-0.847673679828657));
#6085=CARTESIAN_POINT('Origin',(-10.2951049887132,-4.48193607202591,-0.911952440797312));
#6086=CARTESIAN_POINT('',(-10.385654357474,-4.4780955166687,-0.954214266971382));
#6087=CARTESIAN_POINT('Origin',(-10.2951049887132,-4.48193607202591,-0.911952440797312));
#6088=CARTESIAN_POINT('',(-10.385654357474,-4.4780955166687,-0.954214266971382));
#6089=CARTESIAN_POINT('Origin',(-10.3323860374107,-4.4803548359195,-1.06855125225522));
#6090=CARTESIAN_POINT('',(-10.3323860374107,-4.4803548359195,-1.06855125225522));
#6091=CARTESIAN_POINT('',(-10.3323860374107,-4.4803548359195,-1.06855125225522));
#6092=CARTESIAN_POINT('',(-10.3323860374107,-4.4803548359195,-1.06855125225522));
#6093=CARTESIAN_POINT('Origin',(-10.2418366686499,-4.48419539127671,-1.02628942608114));
#6094=CARTESIAN_POINT('Origin',(-10.2418366686499,-4.48419539127671,-1.02628942608114));
#6095=CARTESIAN_POINT('Origin',(-11.4753844242172,-4.43187577264376,-1.72628942608115));
#6096=CARTESIAN_POINT('',(-11.4753844242172,-4.43187577264376,-2.23390942608115));
#6097=CARTESIAN_POINT('',(-11.4753844242172,-4.43187577264376,-1.72628942608115));
#6098=CARTESIAN_POINT('',(-11.4753844242172,-4.43187577264376,-2.23390942608115));
#6099=CARTESIAN_POINT('',(-11.4753844242172,-4.43187577264376,-1.72628942608115));
#6100=CARTESIAN_POINT('',(-11.4753844242172,-4.43187577264376,-2.23390942608115));
#6101=CARTESIAN_POINT('Origin',(-11.9749352945506,-4.41068785275526,-1.72628942608115));
#6102=CARTESIAN_POINT('',(-11.9749352945506,-4.41068785275526,-1.72628942608115));
#6103=CARTESIAN_POINT('',(-11.4753844242172,-4.43187577264376,-1.72628942608115));
#6104=CARTESIAN_POINT('',(-11.9749352945506,-4.41068785275526,-1.72628942608115));
#6105=CARTESIAN_POINT('Origin',(-11.8946227431801,-4.41409422436931,-1.42628942608115));
#6106=CARTESIAN_POINT('',(-11.9749352945506,-4.41068785275526,-1.72628942608115));
#6107=CARTESIAN_POINT('Origin',(-12.1975723899951,-4.40124493668279,0.708046336485396));
#6108=CARTESIAN_POINT('',(-10.6668597168987,-4.46616848985013,-0.57752888288768));
#6109=CARTESIAN_POINT('Origin',(-12.1975723899951,-4.40124493668279,0.708046336485396));
#6110=CARTESIAN_POINT('',(-10.6668597168987,-4.46616848985013,-0.57752888288768));
#6111=CARTESIAN_POINT('Origin',(-10.1978472412208,-4.48606115614603,-0.0180790489921822));
#6112=CARTESIAN_POINT('',(-10.1978472412208,-4.48606115614603,-0.0180790489921822));
#6113=CARTESIAN_POINT('',(-10.6668597168987,-4.46616848985013,-0.57752888288768));
#6114=CARTESIAN_POINT('',(-10.1978472412208,-4.48606115614603,-0.0180790489921822));
#6115=CARTESIAN_POINT('Origin',(-10.6570610431439,-4.46658409019608,0.367593516814893));
#6116=CARTESIAN_POINT('',(-10.078026138511,-4.49114324102654,0.212302089755334));
#6117=CARTESIAN_POINT('Origin',(-10.6570610431439,-4.46658409019608,0.367593516814893));
#6118=CARTESIAN_POINT('',(-10.078026138511,-4.49114324102654,0.212302089755334));
#6119=CARTESIAN_POINT('Origin',(-9.97842678565417,-4.49536764185257,0.584346127047019));
#6120=CARTESIAN_POINT('',(-9.97842678565418,-4.49536764185257,0.584346127047019));
#6121=CARTESIAN_POINT('',(-10.078026138511,-4.49114324102654,0.212302089755334));
#6122=CARTESIAN_POINT('',(-9.97842678565418,-4.49536764185257,0.584346127047019));
#6123=CARTESIAN_POINT('Origin',(-9.78541515075743,-4.50355402546353,0.532582318022041));
#6124=CARTESIAN_POINT('',(-9.86986287895326,-4.49997226471395,0.713843875445039));
#6125=CARTESIAN_POINT('Origin',(-9.78541515075743,-4.50355402546353,0.532582318022041));
#6126=CARTESIAN_POINT('',(-9.86986287895326,-4.49997226471395,0.713843875445039));
#6127=CARTESIAN_POINT('Origin',(-9.58285091527368,-4.51214557248824,0.847800079501484));
#6128=CARTESIAN_POINT('',(-9.58285091527368,-4.51214557248824,0.847800079501483));
#6129=CARTESIAN_POINT('',(-9.86986287895326,-4.49997226471395,0.713843875445039));
#6130=CARTESIAN_POINT('',(-9.58285091527368,-4.51214557248824,0.847800079501483));
#6131=CARTESIAN_POINT('Origin',(-9.49840318708854,-4.51572733323737,0.666538522101444));
#6132=CARTESIAN_POINT('',(-9.4339757983812,-4.51845995253928,0.855857418075635));
#6133=CARTESIAN_POINT('Origin',(-9.49840318708854,-4.51572733323737,0.666538522101444));
#6134=CARTESIAN_POINT('',(-9.4339757983812,-4.51845995253928,0.855857418075635));
#6135=CARTESIAN_POINT('Origin',(-9.13420573749498,-4.53117438146378,0.753658713451512));
#6136=CARTESIAN_POINT('',(-9.13420573749498,-4.53117438146378,0.75365871345151));
#6137=CARTESIAN_POINT('',(-9.4339757983812,-4.51845995253928,0.855857418075635));
#6138=CARTESIAN_POINT('',(-9.13420573749498,-4.53117438146378,0.75365871345151));
#6139=CARTESIAN_POINT('Origin',(-9.19863312619865,-4.52844176216203,0.564339817488112));
#6140=CARTESIAN_POINT('',(-9.01232358236158,-4.53634388369502,0.636633042224052));
#6141=CARTESIAN_POINT('Origin',(-9.19863312619865,-4.52844176216203,0.564339817488112));
#6142=CARTESIAN_POINT('',(-9.01232358236158,-4.53634388369502,0.636633042224052));
#6143=CARTESIAN_POINT('Origin',(-8.92963975250857,-4.53985083056878,0.423162153362876));
#6144=CARTESIAN_POINT('',(-8.92963975250857,-4.53985083056878,0.423162153362877));
#6145=CARTESIAN_POINT('',(-9.01232358236158,-4.53634388369502,0.636633042224052));
#6146=CARTESIAN_POINT('',(-8.92963975250857,-4.53985083056878,0.423162153362877));
#6147=CARTESIAN_POINT('Origin',(-9.20910406829135,-4.52799764826815,0.314722316248423));
#6148=CARTESIAN_POINT('',(-8.91003589325129,-4.54068230744954,0.294789275846551));
#6149=CARTESIAN_POINT('Origin',(-9.20910406829135,-4.52799764826815,0.314722316248423));
#6150=CARTESIAN_POINT('',(-8.91003589325129,-4.54068230744954,0.294789275846551));
#6151=CARTESIAN_POINT('Origin',(-9.04449988606084,-4.53497915992898,-1.72628942608114));
#6152=CARTESIAN_POINT('',(-9.04449988606084,-4.53497915992898,-1.72628942608114));
#6153=CARTESIAN_POINT('',(-8.91003589325129,-4.54068230744954,0.294789275846551));
#6154=CARTESIAN_POINT('',(-9.04449988606084,-4.53497915992898,-1.72628942608114));
#6155=CARTESIAN_POINT('Origin',(-10.8217778941472,-4.45959779980884,-1.72628942608115));
#6156=CARTESIAN_POINT('',(-10.8217778941472,-4.45959779980884,-1.72628942608115));
#6157=CARTESIAN_POINT('',(-10.8217778941472,-4.45959779980884,-1.72628942608115));
#6158=CARTESIAN_POINT('',(-10.8217778941472,-4.45959779980884,-1.72628942608115));
#6159=CARTESIAN_POINT('Origin',(-10.8217778941472,-4.45959779980884,-2.23390942608115));
#6160=CARTESIAN_POINT('',(-10.8217778941472,-4.45959779980884,-2.23390942608115));
#6161=CARTESIAN_POINT('',(-10.8217778941472,-4.45959779980884,-2.23390942608115));
#6162=CARTESIAN_POINT('',(-10.8217778941472,-4.45959779980884,-2.23390942608115));
#6163=CARTESIAN_POINT('Origin',(-11.4753844242172,-4.43187577264376,-2.23390942608115));
#6164=CARTESIAN_POINT('',(-11.4753844242172,-4.43187577264376,-2.23390942608115));
#6165=CARTESIAN_POINT('Origin',(-10.442154420321,-4.47569912647825,-0.683685451993873));
#6166=CARTESIAN_POINT('',(0.,0.,0.));
#6167=UNCERTAINTY_MEASURE_WITH_UNIT(LENGTH_MEASURE(0.001),#6173,
'DISTANCE_ACCURACY_VALUE',
'Maximum model space distance between geometric entities at asserted c
onnectivities');
#6168=UNCERTAINTY_MEASURE_WITH_UNIT(LENGTH_MEASURE(0.001),#6173,
'DISTANCE_ACCURACY_VALUE',
'Maximum model space distance between geometric entities at asserted c
onnectivities');
#6169=UNCERTAINTY_MEASURE_WITH_UNIT(LENGTH_MEASURE(0.001),#6173,
'DISTANCE_ACCURACY_VALUE',
'Maximum model space distance between geometric entities at asserted c
onnectivities');
#6170=(
GEOMETRIC_REPRESENTATION_CONTEXT(3)
GLOBAL_UNCERTAINTY_ASSIGNED_CONTEXT((#6167))
GLOBAL_UNIT_ASSIGNED_CONTEXT((#6173,#6175,#6176))
REPRESENTATION_CONTEXT('','3D')
);
#6171=(
GEOMETRIC_REPRESENTATION_CONTEXT(3)
GLOBAL_UNCERTAINTY_ASSIGNED_CONTEXT((#6168))
GLOBAL_UNIT_ASSIGNED_CONTEXT((#6173,#6175,#6176))
REPRESENTATION_CONTEXT('','3D')
);
#6172=(
GEOMETRIC_REPRESENTATION_CONTEXT(3)
GLOBAL_UNCERTAINTY_ASSIGNED_CONTEXT((#6169))
GLOBAL_UNIT_ASSIGNED_CONTEXT((#6173,#6175,#6176))
REPRESENTATION_CONTEXT('','3D')
);
#6173=(
LENGTH_UNIT()
NAMED_UNIT(*)
SI_UNIT(.CENTI.,.METRE.)
);
#6174=(
LENGTH_UNIT()
NAMED_UNIT(*)
SI_UNIT($,.METRE.)
);
#6175=(
NAMED_UNIT(*)
PLANE_ANGLE_UNIT()
SI_UNIT($,.RADIAN.)
);
#6176=(
NAMED_UNIT(*)
SI_UNIT($,.STERADIAN.)
SOLID_ANGLE_UNIT()
);
#6177=SHAPE_DEFINITION_REPRESENTATION(#6179,#6182);
#6178=SHAPE_DEFINITION_REPRESENTATION(#6180,#6183);
#6179=PRODUCT_DEFINITION_SHAPE('',$,#6185);
#6180=PRODUCT_DEFINITION_SHAPE('',$,#6186);
#6181=PRODUCT_DEFINITION_SHAPE($,$,#14);
#6182=SHAPE_REPRESENTATION('',(#3663,#4020),#6170);
#6183=SHAPE_REPRESENTATION('',(#3664),#6171);
#6184=PRODUCT_DEFINITION_CONTEXT('part definition',#6192,'design');
#6185=PRODUCT_DEFINITION('Basic Teeth','Basic Teeth v1',#6187,#6184);
#6186=PRODUCT_DEFINITION('Basic Teeth_1','Basic Teeth',#6188,#6184);
#6187=PRODUCT_DEFINITION_FORMATION('',$,#6194);
#6188=PRODUCT_DEFINITION_FORMATION('',$,#6195);
#6189=PRODUCT_RELATED_PRODUCT_CATEGORY('Basic Teeth v1',
'Basic Teeth v1',(#6194));
#6190=PRODUCT_RELATED_PRODUCT_CATEGORY('Basic Teeth','Basic Teeth',(#6195));
#6191=APPLICATION_PROTOCOL_DEFINITION('international standard',
'automotive_design',2009,#6192);
#6192=APPLICATION_CONTEXT(
'Core Data for Automotive Mechanical Design Process');
#6193=PRODUCT_CONTEXT('part definition',#6192,'mechanical');
#6194=PRODUCT('Basic Teeth','Basic Teeth v1',$,(#6193));
#6195=PRODUCT('Basic Teeth_1','Basic Teeth',$,(#6193));
#6196=PRESENTATION_STYLE_ASSIGNMENT((#6197));
#6197=SURFACE_STYLE_USAGE(.BOTH.,#6198);
#6198=SURFACE_SIDE_STYLE('',(#6199));
#6199=SURFACE_STYLE_FILL_AREA(#6200);
#6200=FILL_AREA_STYLE('Steel - Satin',(#6201));
#6201=FILL_AREA_STYLE_COLOUR('Steel - Satin',#6202);
#6202=COLOUR_RGB('Steel - Satin',0.627450980392157,0.627450980392157,0.627450980392157);
ENDSEC;
END-ISO-10303-21;
