ISO-10303-21;
HEADER;
/* Generated by software containing ST-Developer
 * from STEP Tools, Inc. (www.steptools.com) 
 */

FILE_DESCRIPTION(
/* description */ (''),
/* implementation_level */ '2;1');

FILE_NAME(
/* name */ 'Vortex F65 ESC Harness.step',
/* time_stamp */ '2026-06-02T11:57:59-07:00',
/* author */ (''),
/* organization */ (''),
/* preprocessor_version */ 'ST-DEVELOPER v20.1',
/* originating_system */ 'Autodesk Translation Framework v15.8.0.0',
/* authorisation */ '');

FILE_SCHEMA (('AUTOMOTIVE_DESIGN { 1 0 10303 214 3 1 1 }'));
ENDSEC;

DATA;
#10=MECHANICAL_DESIGN_GEOMETRIC_PRESENTATION_REPRESENTATION('',(#196,#197,
#198,#199,#200,#201,#202,#203,#204,#205,#206,#207,#208),#9605);
#11=ITEM_DEFINED_TRANSFORMATION($,$,#5301,#5835);
#12=ITEM_DEFINED_TRANSFORMATION($,$,#5452,#5836);
#13=(
REPRESENTATION_RELATIONSHIP($,$,#9619,#9618)
REPRESENTATION_RELATIONSHIP_WITH_TRANSFORMATION(#11)
SHAPE_REPRESENTATION_RELATIONSHIP()
);
#14=(
REPRESENTATION_RELATIONSHIP($,$,#9620,#9618)
REPRESENTATION_RELATIONSHIP_WITH_TRANSFORMATION(#12)
SHAPE_REPRESENTATION_RELATIONSHIP()
);
#15=CONTEXT_DEPENDENT_SHAPE_REPRESENTATION(#13,#9616);
#16=CONTEXT_DEPENDENT_SHAPE_REPRESENTATION(#14,#9617);
#17=NEXT_ASSEMBLY_USAGE_OCCURRENCE('Vortex 80A ESC stack v2:1',
'Vortex 80A ESC stack v2:1','Vortex 80A ESC stack v2:1',#9622,#9623,
'Vortex 80A ESC stack v2:1');
#18=NEXT_ASSEMBLY_USAGE_OCCURRENCE('Harness:1','Harness:1','Harness:1',
#9622,#9624,'Harness:1');
#19=ELLIPSE('',#5708,0.16970562748477,0.119999999999999);
#20=ELLIPSE('',#5710,0.169705627484769,0.119999999999998);
#21=B_SPLINE_CURVE_WITH_KNOTS('',3,(#8079,#8080,#8081,#8082,#8083,#8084,
#8085,#8086),.UNSPECIFIED.,.F.,.F.,(4,2,2,4),(-2.21682322174595,-2.07781858401188,
-2.00179919783185,-1.98850498742198),.UNSPECIFIED.);
#22=B_SPLINE_CURVE_WITH_KNOTS('',3,(#8089,#8090,#8091,#8092,#8093,#8094,
#8095,#8096),.UNSPECIFIED.,.F.,.F.,(4,2,2,4),(1.98850498742198,2.00179919783185,
2.07781858401188,2.21682322174595),.UNSPECIFIED.);
#23=B_SPLINE_CURVE_WITH_KNOTS('',3,(#8113,#8114,#8115,#8116),
 .UNSPECIFIED.,.F.,.F.,(4,4),(-0.259930736481736,-0.229013963239913),
 .UNSPECIFIED.);
#24=B_SPLINE_CURVE_WITH_KNOTS('',3,(#8117,#8118,#8119,#8120),
 .UNSPECIFIED.,.F.,.F.,(4,4),(0.229013963239913,0.259930736481736),
 .UNSPECIFIED.);
#25=B_SPLINE_CURVE_WITH_KNOTS('',3,(#8176,#8177,#8178,#8179),
 .UNSPECIFIED.,.F.,.F.,(4,4),(-2.29354977759742,-2.21682322174595),
 .UNSPECIFIED.);
#26=B_SPLINE_CURVE_WITH_KNOTS('',3,(#8180,#8181,#8182,#8183),
 .UNSPECIFIED.,.F.,.F.,(4,4),(2.21682322174595,2.29354977759742),
 .UNSPECIFIED.);
#27=B_SPLINE_CURVE_WITH_KNOTS('',3,(#8212,#8213,#8214,#8215,#8216,#8217),
 .UNSPECIFIED.,.F.,.F.,(4,2,4),(0.848522167244894,0.987687984084387,1.07700158067468),
 .UNSPECIFIED.);
#28=B_SPLINE_CURVE_WITH_KNOTS('',3,(#8220,#8221,#8222,#8223,#8224,#8225),
 .UNSPECIFIED.,.F.,.F.,(4,2,4),(-1.07700158067468,-0.987687984084387,-0.848522167244894),
 .UNSPECIFIED.);
#29=B_SPLINE_CURVE_WITH_KNOTS('',3,(#8242,#8243,#8244,#8245),
 .UNSPECIFIED.,.F.,.F.,(4,4),(-0.848522167132601,-0.766376642024079),
 .UNSPECIFIED.);
#30=B_SPLINE_CURVE_WITH_KNOTS('',3,(#8246,#8247,#8248,#8249),
 .UNSPECIFIED.,.F.,.F.,(4,4),(0.766376642024079,0.848522167132601),
 .UNSPECIFIED.);
#31=B_SPLINE_CURVE_WITH_KNOTS('',3,(#8293,#8294,#8295,#8296),
 .UNSPECIFIED.,.F.,.F.,(4,4),(-0.556384200157527,-0.525467426916801),
 .UNSPECIFIED.);
#32=B_SPLINE_CURVE_WITH_KNOTS('',3,(#8297,#8298,#8299,#8300),
 .UNSPECIFIED.,.F.,.F.,(4,4),(0.525467426916801,0.556384200157527),
 .UNSPECIFIED.);
#33=B_SPLINE_CURVE_WITH_KNOTS('',3,(#8307,#8308,#8309,#8310,#8311,#8312),
 .UNSPECIFIED.,.F.,.F.,(4,2,4),(-0.933859878418648,-0.912781276755031,-0.857856406891241),
 .UNSPECIFIED.);
#34=B_SPLINE_CURVE_WITH_KNOTS('',3,(#8314,#8315,#8316,#8317,#8318,#8319,
#8320,#8321,#8322),.UNSPECIFIED.,.F.,.F.,(4,2,1,2,4),(-1.0418909381403,
-1.02822655834072,-1.00624649374521,-0.973276396851941,-0.933859878418648),
 .UNSPECIFIED.);
#35=B_SPLINE_CURVE_WITH_KNOTS('',3,(#8324,#8325,#8326,#8327),
 .UNSPECIFIED.,.F.,.F.,(4,4),(-0.993496697461599,-0.95777323174327),
 .UNSPECIFIED.);
#36=B_SPLINE_CURVE_WITH_KNOTS('',3,(#8329,#8330,#8331,#8332),
 .UNSPECIFIED.,.F.,.F.,(4,4),(-1.50013724492744,-0.993496697461598),
 .UNSPECIFIED.);
#37=B_SPLINE_CURVE_WITH_KNOTS('',3,(#8358,#8359,#8360,#8361),
 .UNSPECIFIED.,.F.,.F.,(4,4),(0.993496697461616,1.50013724492744),
 .UNSPECIFIED.);
#38=B_SPLINE_CURVE_WITH_KNOTS('',3,(#8363,#8364,#8365,#8366),
 .UNSPECIFIED.,.F.,.F.,(4,4),(0.957773231743292,0.993496697461618),
 .UNSPECIFIED.);
#39=B_SPLINE_CURVE_WITH_KNOTS('',3,(#8368,#8369,#8370,#8371,#8372,#8373,
#8374,#8375,#8376),.UNSPECIFIED.,.F.,.F.,(4,2,1,2,4),(-0.202521663792182,
-0.163105145358892,-0.14112508076338,-0.108154983870112,-0.094490604070527),
 .UNSPECIFIED.);
#40=B_SPLINE_CURVE_WITH_KNOTS('',3,(#8378,#8379,#8380,#8381),
 .UNSPECIFIED.,.F.,.F.,(4,4),(-0.278525135319519,-0.202521663792182),
 .UNSPECIFIED.);
#41=B_SPLINE_CURVE_WITH_KNOTS('',3,(#8490,#8491,#8492,#8493),
 .UNSPECIFIED.,.F.,.F.,(4,4),(0.993496697461598,1.50013724492744),
 .UNSPECIFIED.);
#42=B_SPLINE_CURVE_WITH_KNOTS('',3,(#8510,#8511,#8512,#8513),
 .UNSPECIFIED.,.F.,.F.,(4,4),(1.50013724492744,1.5707963267949),
 .UNSPECIFIED.);
#43=B_SPLINE_CURVE_WITH_KNOTS('',3,(#8514,#8515,#8516,#8517),
 .UNSPECIFIED.,.F.,.F.,(4,4),(-1.5707963267949,-1.50013724492744),
 .UNSPECIFIED.);
#44=B_SPLINE_CURVE_WITH_KNOTS('',3,(#8557,#8558,#8559,#8560,#8561,#8562,
#8563,#8564,#8565),.UNSPECIFIED.,.F.,.F.,(4,2,1,2,4),(0.933859878418648,
0.973276396851941,1.00624649374521,1.02822655834072,1.0418909381403),
 .UNSPECIFIED.);
#45=B_SPLINE_CURVE_WITH_KNOTS('',3,(#8583,#8584,#8585,#8586),
 .UNSPECIFIED.,.F.,.F.,(4,4),(0.95777323174327,0.993496697461599),
 .UNSPECIFIED.);
#46=B_SPLINE_CURVE_WITH_KNOTS('',3,(#8641,#8642,#8643,#8644,#8645,#8646),
 .UNSPECIFIED.,.F.,.F.,(4,2,4),(0.857856406891241,0.912781276755031,0.933859878418648),
 .UNSPECIFIED.);
#47=B_SPLINE_CURVE_WITH_KNOTS('',3,(#8687,#8688,#8689,#8690,#8691,#8692,
#8693,#8694,#8695),.UNSPECIFIED.,.F.,.F.,(4,2,1,2,4),(0.094490604070527,
0.108154983870112,0.14112508076338,0.163105145358892,0.202521663792182),
 .UNSPECIFIED.);
#48=B_SPLINE_CURVE_WITH_KNOTS('',3,(#8712,#8713,#8714,#8715),
 .UNSPECIFIED.,.F.,.F.,(4,4),(0.202521663792182,0.278525135319519),
 .UNSPECIFIED.);
#49=B_SPLINE_CURVE_WITH_KNOTS('',3,(#8735,#8736,#8737,#8738),
 .UNSPECIFIED.,.F.,.F.,(4,4),(-1.50013724492744,-0.993496697461616),
 .UNSPECIFIED.);
#50=B_SPLINE_CURVE_WITH_KNOTS('',3,(#8756,#8757,#8758,#8759),
 .UNSPECIFIED.,.F.,.F.,(4,4),(-0.993496697461618,-0.957773231743292),
 .UNSPECIFIED.);
#51=B_SPLINE_CURVE_WITH_KNOTS('',3,(#8776,#8777,#8778,#8779),
 .UNSPECIFIED.,.F.,.F.,(4,4),(-1.5707963267949,-1.50013724492744),
 .UNSPECIFIED.);
#52=B_SPLINE_CURVE_WITH_KNOTS('',3,(#8780,#8781,#8782,#8783),
 .UNSPECIFIED.,.F.,.F.,(4,4),(1.50013724492744,1.5707963267949),
 .UNSPECIFIED.);
#53=B_SPLINE_CURVE_WITH_KNOTS('',3,(#8835,#8836,#8837,#8838),
 .UNSPECIFIED.,.F.,.F.,(4,4),(0.,0.0299014139246285),.UNSPECIFIED.);
#54=B_SPLINE_CURVE_WITH_KNOTS('',3,(#8846,#8847,#8848,#8849),
 .UNSPECIFIED.,.F.,.F.,(4,4),(0.,0.0299014139246715),.UNSPECIFIED.);
#55=B_SPLINE_CURVE_WITH_KNOTS('',3,(#8879,#8880,#8881,#8882),
 .UNSPECIFIED.,.F.,.F.,(4,4),(0.,0.0299014139246924),.UNSPECIFIED.);
#56=B_SPLINE_CURVE_WITH_KNOTS('',3,(#8890,#8891,#8892,#8893),
 .UNSPECIFIED.,.F.,.F.,(4,4),(0.,0.0299014139246164),.UNSPECIFIED.);
#57=B_SPLINE_CURVE_WITH_KNOTS('',3,(#8962,#8963,#8964,#8965),
 .UNSPECIFIED.,.F.,.F.,(4,4),(0.244298637440332,0.597076408481496),
 .UNSPECIFIED.);
#58=B_SPLINE_CURVE_WITH_KNOTS('',3,(#8971,#8972,#8973,#8974),
 .UNSPECIFIED.,.F.,.F.,(4,4),(-0.597076408481493,-0.244298637440323),
 .UNSPECIFIED.);
#59=B_SPLINE_CURVE_WITH_KNOTS('',3,(#9068,#9069,#9070,#9071),
 .UNSPECIFIED.,.F.,.F.,(4,4),(0.0342757238685565,0.0689897832896061),
 .UNSPECIFIED.);
#60=B_SPLINE_CURVE_WITH_KNOTS('',3,(#9097,#9098,#9099,#9100),
 .UNSPECIFIED.,.F.,.F.,(4,4),(-0.597076408481496,-0.244298637440332),
 .UNSPECIFIED.);
#61=B_SPLINE_CURVE_WITH_KNOTS('',3,(#9102,#9103,#9104,#9105),
 .UNSPECIFIED.,.F.,.F.,(4,4),(-0.785398163400302,-0.597076408481496),
 .UNSPECIFIED.);
#62=B_SPLINE_CURVE_WITH_KNOTS('',3,(#9108,#9109,#9110,#9111),
 .UNSPECIFIED.,.F.,.F.,(4,4),(0.244298637440425,0.785398163397451),
 .UNSPECIFIED.);
#63=B_SPLINE_CURVE_WITH_KNOTS('',3,(#9130,#9131,#9132,#9133),
 .UNSPECIFIED.,.F.,.F.,(4,4),(0.,0.019852910867288),.UNSPECIFIED.);
#64=B_SPLINE_CURVE_WITH_KNOTS('',3,(#9134,#9135,#9136,#9137),
 .UNSPECIFIED.,.F.,.F.,(4,4),(-0.205652173913045,-0.194353262421571),
 .UNSPECIFIED.);
#65=B_SPLINE_CURVE_WITH_KNOTS('',3,(#9155,#9156,#9157,#9158,#9159,#9160),
 .UNSPECIFIED.,.F.,.F.,(4,2,4),(0.00359322191893225,0.0158433170292417,
0.0503513158915118),.UNSPECIFIED.);
#66=B_SPLINE_CURVE_WITH_KNOTS('',3,(#9186,#9187,#9188,#9189),
 .UNSPECIFIED.,.F.,.F.,(4,4),(0.0342170053650139,0.0686077853351045),
 .UNSPECIFIED.);
#67=B_SPLINE_CURVE_WITH_KNOTS('',3,(#9200,#9201,#9202,#9203),
 .UNSPECIFIED.,.F.,.F.,(4,4),(-0.785398163397451,-0.244298637440425),
 .UNSPECIFIED.);
#68=B_SPLINE_CURVE_WITH_KNOTS('',3,(#9204,#9205,#9206,#9207),
 .UNSPECIFIED.,.F.,.F.,(4,4),(-0.0699999999999996,0.151298377217657),
 .UNSPECIFIED.);
#69=B_SPLINE_CURVE_WITH_KNOTS('',3,(#9227,#9228,#9229,#9230),
 .UNSPECIFIED.,.F.,.F.,(4,4),(-0.151298377217657,0.0699999999999996),
 .UNSPECIFIED.);
#70=B_SPLINE_CURVE_WITH_KNOTS('',3,(#9231,#9232,#9233,#9234,#9235,#9236),
 .UNSPECIFIED.,.F.,.F.,(4,2,4),(0.,0.033915791788247,0.0347140594210542),
 .UNSPECIFIED.);
#71=B_SPLINE_CURVE_WITH_KNOTS('',3,(#9299,#9300,#9301,#9302),
 .UNSPECIFIED.,.F.,.F.,(4,4),(-0.78539816339745,-0.244298637440244),
 .UNSPECIFIED.);
#72=B_SPLINE_CURVE_WITH_KNOTS('',3,(#9303,#9304,#9305,#9306),
 .UNSPECIFIED.,.F.,.F.,(4,4),(0.244298637440244,0.78539816339745),
 .UNSPECIFIED.);
#73=B_SPLINE_CURVE_WITH_KNOTS('',3,(#9323,#9324,#9325,#9326),
 .UNSPECIFIED.,.F.,.F.,(4,4),(0.0300000000000027,0.251298911491475),
 .UNSPECIFIED.);
#74=B_SPLINE_CURVE_WITH_KNOTS('',3,(#9328,#9329,#9330,#9331),
 .UNSPECIFIED.,.F.,.F.,(4,4),(-0.251298911491475,-0.0300000000000027),
 .UNSPECIFIED.);
#75=B_SPLINE_CURVE_WITH_KNOTS('',3,(#9332,#9333,#9334,#9335),
 .UNSPECIFIED.,.F.,.F.,(4,4),(0.,0.0343853369516199),.UNSPECIFIED.);
#76=B_SPLINE_CURVE_WITH_KNOTS('',3,(#9363,#9364,#9365,#9366),
 .UNSPECIFIED.,.F.,.F.,(4,4),(0.244298637440323,0.597076408481493),
 .UNSPECIFIED.);
#77=B_SPLINE_CURVE_WITH_KNOTS('',3,(#9384,#9385,#9386,#9387,#9388,#9389,
#9390,#9391,#9392,#9393),.UNSPECIFIED.,.F.,.F.,(4,3,3,4),(0.,0.0161707749271982,
0.0315169433108783,0.0470449626662283),.UNSPECIFIED.);
#78=B_SPLINE_CURVE_WITH_KNOTS('',3,(#9395,#9396,#9397,#9398),
 .UNSPECIFIED.,.F.,.F.,(4,4),(0.597076408486888,0.785398163405208),
 .UNSPECIFIED.);
#79=B_SPLINE_CURVE_WITH_KNOTS('',3,(#9417,#9418,#9419,#9420),
 .UNSPECIFIED.,.F.,.F.,(4,4),(0.,0.0198529108672875),.UNSPECIFIED.);
#80=B_SPLINE_CURVE_WITH_KNOTS('',3,(#9421,#9422,#9423,#9424),
 .UNSPECIFIED.,.F.,.F.,(4,4),(0.194353262421571,0.205652173913044),
 .UNSPECIFIED.);
#81=B_SPLINE_SURFACE_WITH_KNOTS('',3,3,((#8043,#8044,#8045,#8046,#8047,
#8048,#8049,#8050),(#8051,#8052,#8053,#8054,#8055,#8056,#8057,#8058),(#8059,
#8060,#8061,#8062,#8063,#8064,#8065,#8066),(#8067,#8068,#8069,#8070,#8071,
#8072,#8073,#8074)),.UNSPECIFIED.,.F.,.F.,.F.,(4,4),(4,2,2,4),(0.,1.),(1.98850498742198,
2.00179919783185,2.07781858401188,2.21682322174595),.UNSPECIFIED.);
#82=B_SPLINE_SURFACE_WITH_KNOTS('',3,3,((#8097,#8098,#8099,#8100),(#8101,
#8102,#8103,#8104),(#8105,#8106,#8107,#8108),(#8109,#8110,#8111,#8112)),
 .UNSPECIFIED.,.F.,.F.,.F.,(4,4),(4,4),(0.,1.),(0.229013963239913,0.259930736481736),
 .UNSPECIFIED.);
#83=B_SPLINE_SURFACE_WITH_KNOTS('',3,3,((#8160,#8161,#8162,#8163),(#8164,
#8165,#8166,#8167),(#8168,#8169,#8170,#8171),(#8172,#8173,#8174,#8175)),
 .UNSPECIFIED.,.F.,.F.,.F.,(4,4),(4,4),(0.,1.),(2.21682322174595,2.29354977759742),
 .UNSPECIFIED.);
#84=B_SPLINE_SURFACE_WITH_KNOTS('',3,3,((#8184,#8185,#8186,#8187,#8188,
#8189),(#8190,#8191,#8192,#8193,#8194,#8195),(#8196,#8197,#8198,#8199,#8200,
#8201),(#8202,#8203,#8204,#8205,#8206,#8207)),.UNSPECIFIED.,.F.,.F.,.F.,
(4,4),(4,2,4),(0.,1.),(0.848522167244894,0.987687984084387,1.07700158067468),
 .UNSPECIFIED.);
#85=B_SPLINE_SURFACE_WITH_KNOTS('',3,3,((#8226,#8227,#8228,#8229),(#8230,
#8231,#8232,#8233),(#8234,#8235,#8236,#8237),(#8238,#8239,#8240,#8241)),
 .UNSPECIFIED.,.F.,.F.,.F.,(4,4),(4,4),(0.,1.),(0.766376642024079,0.848522167132601),
 .UNSPECIFIED.);
#86=B_SPLINE_SURFACE_WITH_KNOTS('',3,3,((#8277,#8278,#8279,#8280),(#8281,
#8282,#8283,#8284),(#8285,#8286,#8287,#8288),(#8289,#8290,#8291,#8292)),
 .UNSPECIFIED.,.F.,.F.,.F.,(4,4),(4,4),(0.,1.),(0.525467426916801,0.556384200157527),
 .UNSPECIFIED.);
#87=B_SPLINE_SURFACE_WITH_KNOTS('',3,3,((#8470,#8471,#8472,#8473),(#8474,
#8475,#8476,#8477),(#8478,#8479,#8480,#8481),(#8482,#8483,#8484,#8485)),
 .UNSPECIFIED.,.F.,.F.,.F.,(4,4),(4,4),(0.,1.),(-1.50013724492744,-0.993496697461598),
 .UNSPECIFIED.);
#88=B_SPLINE_SURFACE_WITH_KNOTS('',3,3,((#8494,#8495,#8496,#8497),(#8498,
#8499,#8500,#8501),(#8502,#8503,#8504,#8505),(#8506,#8507,#8508,#8509)),
 .UNSPECIFIED.,.F.,.F.,.F.,(4,4),(4,4),(0.,1.),(-1.5707963267949,-1.50013724492744),
 .UNSPECIFIED.);
#89=B_SPLINE_SURFACE_WITH_KNOTS('',3,3,((#8518,#8519,#8520,#8521,#8522,
#8523,#8524,#8525,#8526),(#8527,#8528,#8529,#8530,#8531,#8532,#8533,#8534,
#8535),(#8536,#8537,#8538,#8539,#8540,#8541,#8542,#8543,#8544),(#8545,#8546,
#8547,#8548,#8549,#8550,#8551,#8552,#8553)),.UNSPECIFIED.,.F.,.F.,.F.,(4,
4),(4,2,1,2,4),(0.,1.),(0.933859878418648,0.973276396851941,1.00624649374521,
1.02822655834072,1.0418909381403),.UNSPECIFIED.);
#90=B_SPLINE_SURFACE_WITH_KNOTS('',3,3,((#8567,#8568,#8569,#8570),(#8571,
#8572,#8573,#8574),(#8575,#8576,#8577,#8578),(#8579,#8580,#8581,#8582)),
 .UNSPECIFIED.,.F.,.F.,.F.,(4,4),(4,4),(0.,1.),(-0.993496697461599,-0.95777323174327),
 .UNSPECIFIED.);
#91=B_SPLINE_SURFACE_WITH_KNOTS('',3,3,((#8617,#8618,#8619,#8620,#8621,
#8622),(#8623,#8624,#8625,#8626,#8627,#8628),(#8629,#8630,#8631,#8632,#8633,
#8634),(#8635,#8636,#8637,#8638,#8639,#8640)),.UNSPECIFIED.,.F.,.F.,.F.,
(4,4),(4,2,4),(0.,1.),(-0.933859878418648,-0.912781276755031,-0.857856406891241),
 .UNSPECIFIED.);
#92=B_SPLINE_SURFACE_WITH_KNOTS('',3,3,((#8647,#8648,#8649,#8650,#8651,
#8652,#8653,#8654,#8655),(#8656,#8657,#8658,#8659,#8660,#8661,#8662,#8663,
#8664),(#8665,#8666,#8667,#8668,#8669,#8670,#8671,#8672,#8673),(#8674,#8675,
#8676,#8677,#8678,#8679,#8680,#8681,#8682)),.UNSPECIFIED.,.F.,.F.,.F.,(4,
4),(4,2,1,2,4),(0.,1.),(-0.202521663792182,-0.163105145358892,-0.14112508076338,
-0.108154983870112,-0.094490604070527),.UNSPECIFIED.);
#93=B_SPLINE_SURFACE_WITH_KNOTS('',3,3,((#8696,#8697,#8698,#8699),(#8700,
#8701,#8702,#8703),(#8704,#8705,#8706,#8707),(#8708,#8709,#8710,#8711)),
 .UNSPECIFIED.,.F.,.F.,.F.,(4,4),(4,4),(0.,1.),(-0.278525135319519,-0.202521663792182),
 .UNSPECIFIED.);
#94=B_SPLINE_SURFACE_WITH_KNOTS('',3,3,((#8716,#8717,#8718,#8719),(#8720,
#8721,#8722,#8723),(#8724,#8725,#8726,#8727),(#8728,#8729,#8730,#8731)),
 .UNSPECIFIED.,.F.,.F.,.F.,(4,4),(4,4),(0.,1.),(-1.50013724492744,-0.993496697461616),
 .UNSPECIFIED.);
#95=B_SPLINE_SURFACE_WITH_KNOTS('',3,3,((#8740,#8741,#8742,#8743),(#8744,
#8745,#8746,#8747),(#8748,#8749,#8750,#8751),(#8752,#8753,#8754,#8755)),
 .UNSPECIFIED.,.F.,.F.,.F.,(4,4),(4,4),(0.,1.),(0.957773231743292,0.993496697461618),
 .UNSPECIFIED.);
#96=B_SPLINE_SURFACE_WITH_KNOTS('',3,3,((#8760,#8761,#8762,#8763),(#8764,
#8765,#8766,#8767),(#8768,#8769,#8770,#8771),(#8772,#8773,#8774,#8775)),
 .UNSPECIFIED.,.F.,.F.,.F.,(4,4),(4,4),(0.,1.),(1.50013724492744,1.5707963267949),
 .UNSPECIFIED.);
#97=B_SPLINE_SURFACE_WITH_KNOTS('',3,3,((#9112,#9113,#9114,#9115),(#9116,
#9117,#9118,#9119),(#9120,#9121,#9122,#9123),(#9124,#9125,#9126,#9127)),
 .UNSPECIFIED.,.F.,.F.,.F.,(4,4),(4,4),(0.717279967927453,1.),(-0.205652173913045,
-0.194353262421571),.UNSPECIFIED.);
#98=B_SPLINE_SURFACE_WITH_KNOTS('',3,3,((#9139,#9140,#9141,#9142),(#9143,
#9144,#9145,#9146),(#9147,#9148,#9149,#9150),(#9151,#9152,#9153,#9154)),
 .UNSPECIFIED.,.F.,.F.,.F.,(4,4),(4,4),(0.,1.),(-0.785398163400302,-0.597076408481496),
 .UNSPECIFIED.);
#99=B_SPLINE_SURFACE_WITH_KNOTS('',3,3,((#9162,#9163,#9164,#9165),(#9166,
#9167,#9168,#9169),(#9170,#9171,#9172,#9173),(#9174,#9175,#9176,#9177)),
 .UNSPECIFIED.,.F.,.F.,.F.,(4,4),(4,4),(0.,1.),(-0.597076408481496,-0.244298637440332),
 .UNSPECIFIED.);
#100=B_SPLINE_SURFACE_WITH_KNOTS('',3,3,((#9209,#9210,#9211,#9212),(#9213,
#9214,#9215,#9216),(#9217,#9218,#9219,#9220),(#9221,#9222,#9223,#9224)),
 .UNSPECIFIED.,.F.,.F.,.F.,(4,4),(4,4),(0.,1.),(-0.151298377217657,0.0901254876759101),
 .UNSPECIFIED.);
#101=B_SPLINE_SURFACE_WITH_KNOTS('',3,3,((#9237,#9238,#9239,#9240),(#9241,
#9242,#9243,#9244),(#9245,#9246,#9247,#9248),(#9249,#9250,#9251,#9252)),
 .UNSPECIFIED.,.F.,.F.,.F.,(4,4),(4,4),(0.,1.),(0.244298637440425,0.785398163397451),
 .UNSPECIFIED.);
#102=B_SPLINE_SURFACE_WITH_KNOTS('',3,3,((#9280,#9281,#9282,#9283),(#9284,
#9285,#9286,#9287),(#9288,#9289,#9290,#9291),(#9292,#9293,#9294,#9295)),
 .UNSPECIFIED.,.F.,.F.,.F.,(4,4),(4,4),(0.,1.),(-0.78539816339745,-0.244298637440244),
 .UNSPECIFIED.);
#103=B_SPLINE_SURFACE_WITH_KNOTS('',3,3,((#9307,#9308,#9309,#9310),(#9311,
#9312,#9313,#9314),(#9315,#9316,#9317,#9318),(#9319,#9320,#9321,#9322)),
 .UNSPECIFIED.,.F.,.F.,.F.,(4,4),(4,4),(0.,1.),(0.00987451232409624,0.251298911491475),
 .UNSPECIFIED.);
#104=B_SPLINE_SURFACE_WITH_KNOTS('',3,3,((#9345,#9346,#9347,#9348),(#9349,
#9350,#9351,#9352),(#9353,#9354,#9355,#9356),(#9357,#9358,#9359,#9360)),
 .UNSPECIFIED.,.F.,.F.,.F.,(4,4),(4,4),(0.,1.),(0.244298637440323,0.597076408481493),
 .UNSPECIFIED.);
#105=B_SPLINE_SURFACE_WITH_KNOTS('',3,3,((#9367,#9368,#9369,#9370),(#9371,
#9372,#9373,#9374),(#9375,#9376,#9377,#9378),(#9379,#9380,#9381,#9382)),
 .UNSPECIFIED.,.F.,.F.,.F.,(4,4),(4,4),(0.,1.),(0.597076408486888,0.785398163405208),
 .UNSPECIFIED.);
#106=B_SPLINE_SURFACE_WITH_KNOTS('',3,3,((#9400,#9401,#9402,#9403),(#9404,
#9405,#9406,#9407),(#9408,#9409,#9410,#9411),(#9412,#9413,#9414,#9415)),
 .UNSPECIFIED.,.F.,.F.,.F.,(4,4),(4,4),(0.717279967927454,1.),(0.194353262421571,
0.205652173913044),.UNSPECIFIED.);
#107=(
BOUNDED_CURVE()
B_SPLINE_CURVE(2,(#7681,#7682,#7683),.UNSPECIFIED.,.F.,.F.)
B_SPLINE_CURVE_WITH_KNOTS((3,3),(0.,0.0836714320955695),.UNSPECIFIED.)
CURVE()
GEOMETRIC_REPRESENTATION_ITEM()
RATIONAL_B_SPLINE_CURVE((1.,1.,1.))
REPRESENTATION_ITEM('')
);
#108=(
BOUNDED_CURVE()
B_SPLINE_CURVE(2,(#7700,#7701,#7702),.UNSPECIFIED.,.F.,.F.)
B_SPLINE_CURVE_WITH_KNOTS((3,3),(0.0449798087561253,0.069880027434534),
 .UNSPECIFIED.)
CURVE()
GEOMETRIC_REPRESENTATION_ITEM()
RATIONAL_B_SPLINE_CURVE((1.08859764248389,1.10148289848604,1.10148289848604))
REPRESENTATION_ITEM('')
);
#109=(
BOUNDED_CURVE()
B_SPLINE_CURVE(2,(#7711,#7712,#7713),.UNSPECIFIED.,.F.,.F.)
B_SPLINE_CURVE_WITH_KNOTS((3,3),(0.0698800274345364,0.094780246112945),
 .UNSPECIFIED.)
CURVE()
GEOMETRIC_REPRESENTATION_ITEM()
RATIONAL_B_SPLINE_CURVE((1.10148289848602,1.10148289848602,1.08859764248388))
REPRESENTATION_ITEM('')
);
#110=(
BOUNDED_CURVE()
B_SPLINE_CURVE(2,(#7749,#7750,#7751),.UNSPECIFIED.,.F.,.F.)
B_SPLINE_CURVE_WITH_KNOTS((3,3),(0.00811982554278378,0.0917912576383533),
 .UNSPECIFIED.)
CURVE()
GEOMETRIC_REPRESENTATION_ITEM()
RATIONAL_B_SPLINE_CURVE((1.,1.,1.))
REPRESENTATION_ITEM('')
);
#111=(
BOUNDED_CURVE()
B_SPLINE_CURVE(2,(#7768,#7769,#7770),.UNSPECIFIED.,.F.,.F.)
B_SPLINE_CURVE_WITH_KNOTS((3,3),(0.0449798087561258,0.0698800274345339),
 .UNSPECIFIED.)
CURVE()
GEOMETRIC_REPRESENTATION_ITEM()
RATIONAL_B_SPLINE_CURVE((1.08859764248388,1.10148289848603,1.10148289848603))
REPRESENTATION_ITEM('')
);
#112=(
BOUNDED_CURVE()
B_SPLINE_CURVE(2,(#7777,#7778,#7779),.UNSPECIFIED.,.F.,.F.)
B_SPLINE_CURVE_WITH_KNOTS((3,3),(0.,0.0836714320955684),.UNSPECIFIED.)
CURVE()
GEOMETRIC_REPRESENTATION_ITEM()
RATIONAL_B_SPLINE_CURVE((1.,1.,1.))
REPRESENTATION_ITEM('')
);
#113=(
BOUNDED_CURVE()
B_SPLINE_CURVE(2,(#7842,#7843,#7844),.UNSPECIFIED.,.F.,.F.)
B_SPLINE_CURVE_WITH_KNOTS((3,3),(0.00811982554278344,0.0917912576383523),
 .UNSPECIFIED.)
CURVE()
GEOMETRIC_REPRESENTATION_ITEM()
RATIONAL_B_SPLINE_CURVE((1.,1.,1.))
REPRESENTATION_ITEM('')
);
#114=(
BOUNDED_CURVE()
B_SPLINE_CURVE(2,(#7848,#7849,#7850),.UNSPECIFIED.,.F.,.F.)
B_SPLINE_CURVE_WITH_KNOTS((3,3),(0.0698800274345363,0.0947802461129448),
 .UNSPECIFIED.)
CURVE()
GEOMETRIC_REPRESENTATION_ITEM()
RATIONAL_B_SPLINE_CURVE((1.10148289848603,1.10148289848603,1.08859764248388))
REPRESENTATION_ITEM('')
);
#115=(
BOUNDED_CURVE()
B_SPLINE_CURVE(2,(#9072,#9073,#9074),.UNSPECIFIED.,.F.,.F.)
B_SPLINE_CURVE_WITH_KNOTS((3,3),(0.0339596098708707,0.0693198480988069),
 .UNSPECIFIED.)
CURVE()
GEOMETRIC_REPRESENTATION_ITEM()
RATIONAL_B_SPLINE_CURVE((1.,1.,1.))
REPRESENTATION_ITEM('')
);
#116=(
BOUNDED_CURVE()
B_SPLINE_CURVE(2,(#9190,#9191,#9192),.UNSPECIFIED.,.F.,.F.)
B_SPLINE_CURVE_WITH_KNOTS((3,3),(0.,0.035360238227939),.UNSPECIFIED.)
CURVE()
GEOMETRIC_REPRESENTATION_ITEM()
RATIONAL_B_SPLINE_CURVE((1.,1.,1.))
REPRESENTATION_ITEM('')
);
#117=CONICAL_SURFACE('',#5459,0.33,0.78539816339745);
#118=CONICAL_SURFACE('',#5463,0.17,0.78539816339745);
#119=CONICAL_SURFACE('',#5466,0.12,0.785398163397445);
#120=CONICAL_SURFACE('',#5478,0.33,0.78539816339745);
#121=CONICAL_SURFACE('',#5482,0.12,0.785398163397445);
#122=CONICAL_SURFACE('',#5485,0.17,0.78539816339745);
#123=CONICAL_SURFACE('',#5487,0.120000000000001,0.785398163397448);
#124=CONICAL_SURFACE('',#5491,0.17,0.785398163397448);
#125=CONICAL_SURFACE('',#5496,0.33,0.785398163397448);
#126=CONICAL_SURFACE('',#5502,0.17,0.785398163397448);
#127=CONICAL_SURFACE('',#5506,0.120000000000001,0.785398163397448);
#128=CONICAL_SURFACE('',#5512,0.33,0.785398163397448);
#129=CONICAL_SURFACE('',#5524,0.28,0.785398163397448);
#130=CONICAL_SURFACE('',#5527,0.71,0.785398163397448);
#131=CONICAL_SURFACE('',#5530,0.28,0.785398163397446);
#132=CONICAL_SURFACE('',#5534,0.12,0.785398163397446);
#133=CONICAL_SURFACE('',#5537,0.87,0.785398163397446);
#134=CONICAL_SURFACE('',#5540,0.120000000000001,0.785398163397448);
#135=CONICAL_SURFACE('',#5552,0.28,0.785398163397446);
#136=CONICAL_SURFACE('',#5555,0.71,0.785398163397448);
#137=CONICAL_SURFACE('',#5558,0.28,0.785398163397448);
#138=CONICAL_SURFACE('',#5566,0.120000000000001,0.785398163397448);
#139=CONICAL_SURFACE('',#5567,0.87,0.785398163397446);
#140=CONICAL_SURFACE('',#5568,0.12,0.785398163397446);
#141=CONICAL_SURFACE('',#5578,0.388553451358929,0.785398163397445);
#142=CONICAL_SURFACE('',#5582,0.388553451358927,0.785398163397454);
#143=CONICAL_SURFACE('',#5585,0.21,0.785398163397447);
#144=CONICAL_SURFACE('',#5589,0.2497,0.785398163397449);
#145=CONICAL_SURFACE('',#5593,0.2497,0.785398163397474);
#146=CONICAL_SURFACE('',#5597,0.388553451358928,0.785398163397455);
#147=CONICAL_SURFACE('',#5601,0.388553451358929,0.785398163397452);
#148=CONICAL_SURFACE('',#5625,0.13,0.785398163397454);
#149=CONICAL_SURFACE('',#5629,0.129999999999998,0.785398163397453);
#150=CONICAL_SURFACE('',#5633,0.129999999999999,0.785398163397448);
#151=CONICAL_SURFACE('',#5637,0.129999999999999,0.785398163397448);
#152=CONICAL_SURFACE('',#5641,0.21,0.785398163397471);
#153=CONICAL_SURFACE('',#5644,0.2497,0.785398163397468);
#154=CONICAL_SURFACE('',#5647,0.2497,0.785398163397455);
#155=CONICAL_SURFACE('',#5650,0.21,0.785398163397443);
#156=CONICAL_SURFACE('',#5664,0.21,0.785398163397468);
#157=CONICAL_SURFACE('',#5667,0.21,0.78539816339745);
#158=CONICAL_SURFACE('',#5669,0.19,0.785398163397468);
#159=CONICAL_SURFACE('',#5672,0.19,0.785398163397451);
#160=CONICAL_SURFACE('',#5679,0.21,0.78539816339745);
#161=CONICAL_SURFACE('',#5682,0.21,0.785398163397469);
#162=CONICAL_SURFACE('',#5684,0.19,0.78539816339747);
#163=CONICAL_SURFACE('',#5688,0.19,0.785398163397448);
#164=CONICAL_SURFACE('',#5735,0.388553451358926,0.785398163397445);
#165=CONICAL_SURFACE('',#5738,0.388553451358928,0.785398163397448);
#166=CONICAL_SURFACE('',#5743,0.12,0.785398163397448);
#167=CONICAL_SURFACE('',#5745,0.378553451358928,0.785398163397448);
#168=CONICAL_SURFACE('',#5748,0.12,0.785398163397448);
#169=CONICAL_SURFACE('',#5755,0.12,0.785398163397435);
#170=CONICAL_SURFACE('',#5758,0.378553451358926,0.78539816339745);
#171=CONICAL_SURFACE('',#5762,0.12,0.78539816339746);
#172=CONICAL_SURFACE('',#5776,0.12,0.785398163397447);
#173=CONICAL_SURFACE('',#5779,0.12,0.785398163397447);
#174=CONICAL_SURFACE('',#5786,0.12,0.785398163397453);
#175=CONICAL_SURFACE('',#5788,0.12,0.785398163397457);
#176=CONICAL_SURFACE('',#5792,0.378553451358928,0.785398163397445);
#177=CONICAL_SURFACE('',#5794,0.378553451358929,0.785398163397447);
#178=CONICAL_SURFACE('',#5799,0.378553451358928,0.785398163397447);
#179=CONICAL_SURFACE('',#5801,0.378553451358929,0.785398163397448);
#180=CONICAL_SURFACE('',#5816,0.12,0.785398163397494);
#181=CONICAL_SURFACE('',#5818,0.12,0.785398163397486);
#182=CONICAL_SURFACE('',#5819,0.12,0.78539816339745);
#183=CONICAL_SURFACE('',#5821,0.12,0.785398163397447);
#184=SHAPE_REPRESENTATION_RELATIONSHIP('SRR','None',#9619,#186);
#185=SHAPE_REPRESENTATION_RELATIONSHIP('SRR','None',#9620,#187);
#186=ADVANCED_BREP_SHAPE_REPRESENTATION('',(#209,#210,#211,#212,#213,#214,
#215,#216,#217,#218,#219),#9603);
#187=ADVANCED_BREP_SHAPE_REPRESENTATION('',(#220,#221),#9604);
#188=TOROIDAL_SURFACE('',#5341,0.20000000000001,0.15);
#189=TOROIDAL_SURFACE('',#5357,0.20000000000001,0.15);
#190=TOROIDAL_SURFACE('',#5373,0.20000000000001,0.15);
#191=TOROIDAL_SURFACE('',#5385,0.55,0.1);
#192=TOROIDAL_SURFACE('',#5398,0.100000000000001,0.05);
#193=TOROIDAL_SURFACE('',#5405,0.1,0.05);
#194=TOROIDAL_SURFACE('',#5417,0.100000000000001,0.05);
#195=TOROIDAL_SURFACE('',#5424,0.1,0.05);
#196=STYLED_ITEM('',(#9638),#209);
#197=STYLED_ITEM('',(#9639),#210);
#198=STYLED_ITEM('',(#9639),#211);
#199=STYLED_ITEM('',(#9639),#212);
#200=STYLED_ITEM('',(#9640),#213);
#201=STYLED_ITEM('',(#9641),#214);
#202=STYLED_ITEM('',(#9641),#215);
#203=STYLED_ITEM('',(#9642),#216);
#204=STYLED_ITEM('',(#9643),#217);
#205=STYLED_ITEM('',(#9642),#218);
#206=STYLED_ITEM('',(#9644),#219);
#207=STYLED_ITEM('',(#9645),#220);
#208=STYLED_ITEM('',(#9645),#221);
#209=MANIFOLD_SOLID_BREP('Body1',#5264);
#210=MANIFOLD_SOLID_BREP('Body5',#5265);
#211=MANIFOLD_SOLID_BREP('Body6',#5266);
#212=MANIFOLD_SOLID_BREP('Body7',#5267);
#213=MANIFOLD_SOLID_BREP('Body8',#5268);
#214=MANIFOLD_SOLID_BREP('Body9',#5269);
#215=MANIFOLD_SOLID_BREP('Body10',#5270);
#216=MANIFOLD_SOLID_BREP('Body15',#5271);
#217=MANIFOLD_SOLID_BREP('Body14',#5272);
#218=MANIFOLD_SOLID_BREP('Body12',#5273);
#219=MANIFOLD_SOLID_BREP('Body16',#5274);
#220=MANIFOLD_SOLID_BREP('Body1',#5275);
#221=MANIFOLD_SOLID_BREP('Body3',#5276);
#222=FACE_BOUND('',#719,.T.);
#223=FACE_BOUND('',#720,.T.);
#224=FACE_BOUND('',#721,.T.);
#225=FACE_BOUND('',#723,.T.);
#226=FACE_BOUND('',#724,.T.);
#227=FACE_BOUND('',#725,.T.);
#228=FACE_BOUND('',#730,.T.);
#229=FACE_BOUND('',#738,.T.);
#230=FACE_BOUND('',#746,.T.);
#231=FACE_BOUND('',#916,.T.);
#232=FACE_BOUND('',#936,.T.);
#233=PLANE('',#5311);
#234=PLANE('',#5315);
#235=PLANE('',#5319);
#236=PLANE('',#5323);
#237=PLANE('',#5327);
#238=PLANE('',#5331);
#239=PLANE('',#5335);
#240=PLANE('',#5336);
#241=PLANE('',#5347);
#242=PLANE('',#5351);
#243=PLANE('',#5352);
#244=PLANE('',#5363);
#245=PLANE('',#5367);
#246=PLANE('',#5368);
#247=PLANE('',#5379);
#248=PLANE('',#5383);
#249=PLANE('',#5384);
#250=PLANE('',#5392);
#251=PLANE('',#5393);
#252=PLANE('',#5411);
#253=PLANE('',#5412);
#254=PLANE('',#5430);
#255=PLANE('',#5431);
#256=PLANE('',#5432);
#257=PLANE('',#5436);
#258=PLANE('',#5437);
#259=PLANE('',#5441);
#260=PLANE('',#5442);
#261=PLANE('',#5446);
#262=PLANE('',#5447);
#263=PLANE('',#5451);
#264=PLANE('',#5456);
#265=PLANE('',#5457);
#266=PLANE('',#5458);
#267=PLANE('',#5462);
#268=PLANE('',#5465);
#269=PLANE('',#5471);
#270=PLANE('',#5472);
#271=PLANE('',#5473);
#272=PLANE('',#5474);
#273=PLANE('',#5477);
#274=PLANE('',#5480);
#275=PLANE('',#5481);
#276=PLANE('',#5484);
#277=PLANE('',#5490);
#278=PLANE('',#5494);
#279=PLANE('',#5495);
#280=PLANE('',#5499);
#281=PLANE('',#5505);
#282=PLANE('',#5509);
#283=PLANE('',#5510);
#284=PLANE('',#5511);
#285=PLANE('',#5514);
#286=PLANE('',#5515);
#287=PLANE('',#5516);
#288=PLANE('',#5517);
#289=PLANE('',#5520);
#290=PLANE('',#5521);
#291=PLANE('',#5522);
#292=PLANE('',#5523);
#293=PLANE('',#5533);
#294=PLANE('',#5543);
#295=PLANE('',#5544);
#296=PLANE('',#5551);
#297=PLANE('',#5561);
#298=PLANE('',#5565);
#299=PLANE('',#5569);
#300=PLANE('',#5573);
#301=PLANE('',#5574);
#302=PLANE('',#5575);
#303=PLANE('',#5576);
#304=PLANE('',#5577);
#305=PLANE('',#5581);
#306=PLANE('',#5588);
#307=PLANE('',#5592);
#308=PLANE('',#5596);
#309=PLANE('',#5600);
#310=PLANE('',#5604);
#311=PLANE('',#5607);
#312=PLANE('',#5610);
#313=PLANE('',#5613);
#314=PLANE('',#5616);
#315=PLANE('',#5620);
#316=PLANE('',#5623);
#317=PLANE('',#5624);
#318=PLANE('',#5628);
#319=PLANE('',#5632);
#320=PLANE('',#5636);
#321=PLANE('',#5640);
#322=PLANE('',#5643);
#323=PLANE('',#5646);
#324=PLANE('',#5649);
#325=PLANE('',#5652);
#326=PLANE('',#5657);
#327=PLANE('',#5666);
#328=PLANE('',#5671);
#329=PLANE('',#5676);
#330=PLANE('',#5681);
#331=PLANE('',#5687);
#332=PLANE('',#5691);
#333=PLANE('',#5693);
#334=PLANE('',#5694);
#335=PLANE('',#5697);
#336=PLANE('',#5699);
#337=PLANE('',#5702);
#338=PLANE('',#5703);
#339=PLANE('',#5714);
#340=PLANE('',#5715);
#341=PLANE('',#5716);
#342=PLANE('',#5717);
#343=PLANE('',#5718);
#344=PLANE('',#5723);
#345=PLANE('',#5734);
#346=PLANE('',#5737);
#347=PLANE('',#5750);
#348=PLANE('',#5752);
#349=PLANE('',#5753);
#350=PLANE('',#5754);
#351=PLANE('',#5761);
#352=PLANE('',#5765);
#353=PLANE('',#5766);
#354=PLANE('',#5773);
#355=PLANE('',#5774);
#356=PLANE('',#5775);
#357=PLANE('',#5778);
#358=PLANE('',#5783);
#359=PLANE('',#5787);
#360=PLANE('',#5789);
#361=PLANE('',#5793);
#362=PLANE('',#5795);
#363=PLANE('',#5796);
#364=PLANE('',#5797);
#365=PLANE('',#5798);
#366=PLANE('',#5800);
#367=PLANE('',#5802);
#368=PLANE('',#5803);
#369=PLANE('',#5804);
#370=PLANE('',#5805);
#371=PLANE('',#5812);
#372=PLANE('',#5817);
#373=PLANE('',#5820);
#374=PLANE('',#5824);
#375=PLANE('',#5829);
#376=PLANE('',#5830);
#377=PLANE('',#5831);
#378=PLANE('',#5832);
#379=PLANE('',#5833);
#380=PLANE('',#5834);
#381=FACE_OUTER_BOUND('',#703,.T.);
#382=FACE_OUTER_BOUND('',#704,.T.);
#383=FACE_OUTER_BOUND('',#705,.T.);
#384=FACE_OUTER_BOUND('',#706,.T.);
#385=FACE_OUTER_BOUND('',#707,.T.);
#386=FACE_OUTER_BOUND('',#708,.T.);
#387=FACE_OUTER_BOUND('',#709,.T.);
#388=FACE_OUTER_BOUND('',#710,.T.);
#389=FACE_OUTER_BOUND('',#711,.T.);
#390=FACE_OUTER_BOUND('',#712,.T.);
#391=FACE_OUTER_BOUND('',#713,.T.);
#392=FACE_OUTER_BOUND('',#714,.T.);
#393=FACE_OUTER_BOUND('',#715,.T.);
#394=FACE_OUTER_BOUND('',#716,.T.);
#395=FACE_OUTER_BOUND('',#717,.T.);
#396=FACE_OUTER_BOUND('',#718,.T.);
#397=FACE_OUTER_BOUND('',#722,.T.);
#398=FACE_OUTER_BOUND('',#726,.T.);
#399=FACE_OUTER_BOUND('',#727,.T.);
#400=FACE_OUTER_BOUND('',#728,.T.);
#401=FACE_OUTER_BOUND('',#729,.T.);
#402=FACE_OUTER_BOUND('',#731,.T.);
#403=FACE_OUTER_BOUND('',#732,.T.);
#404=FACE_OUTER_BOUND('',#733,.T.);
#405=FACE_OUTER_BOUND('',#734,.T.);
#406=FACE_OUTER_BOUND('',#735,.T.);
#407=FACE_OUTER_BOUND('',#736,.T.);
#408=FACE_OUTER_BOUND('',#737,.T.);
#409=FACE_OUTER_BOUND('',#739,.T.);
#410=FACE_OUTER_BOUND('',#740,.T.);
#411=FACE_OUTER_BOUND('',#741,.T.);
#412=FACE_OUTER_BOUND('',#742,.T.);
#413=FACE_OUTER_BOUND('',#743,.T.);
#414=FACE_OUTER_BOUND('',#744,.T.);
#415=FACE_OUTER_BOUND('',#745,.T.);
#416=FACE_OUTER_BOUND('',#747,.T.);
#417=FACE_OUTER_BOUND('',#748,.T.);
#418=FACE_OUTER_BOUND('',#749,.T.);
#419=FACE_OUTER_BOUND('',#750,.T.);
#420=FACE_OUTER_BOUND('',#751,.T.);
#421=FACE_OUTER_BOUND('',#752,.T.);
#422=FACE_OUTER_BOUND('',#753,.T.);
#423=FACE_OUTER_BOUND('',#754,.T.);
#424=FACE_OUTER_BOUND('',#755,.T.);
#425=FACE_OUTER_BOUND('',#756,.T.);
#426=FACE_OUTER_BOUND('',#757,.T.);
#427=FACE_OUTER_BOUND('',#758,.T.);
#428=FACE_OUTER_BOUND('',#759,.T.);
#429=FACE_OUTER_BOUND('',#760,.T.);
#430=FACE_OUTER_BOUND('',#761,.T.);
#431=FACE_OUTER_BOUND('',#762,.T.);
#432=FACE_OUTER_BOUND('',#763,.T.);
#433=FACE_OUTER_BOUND('',#764,.T.);
#434=FACE_OUTER_BOUND('',#765,.T.);
#435=FACE_OUTER_BOUND('',#766,.T.);
#436=FACE_OUTER_BOUND('',#767,.T.);
#437=FACE_OUTER_BOUND('',#768,.T.);
#438=FACE_OUTER_BOUND('',#769,.T.);
#439=FACE_OUTER_BOUND('',#770,.T.);
#440=FACE_OUTER_BOUND('',#771,.T.);
#441=FACE_OUTER_BOUND('',#772,.T.);
#442=FACE_OUTER_BOUND('',#773,.T.);
#443=FACE_OUTER_BOUND('',#774,.T.);
#444=FACE_OUTER_BOUND('',#775,.T.);
#445=FACE_OUTER_BOUND('',#776,.T.);
#446=FACE_OUTER_BOUND('',#777,.T.);
#447=FACE_OUTER_BOUND('',#778,.T.);
#448=FACE_OUTER_BOUND('',#779,.T.);
#449=FACE_OUTER_BOUND('',#780,.T.);
#450=FACE_OUTER_BOUND('',#781,.T.);
#451=FACE_OUTER_BOUND('',#782,.T.);
#452=FACE_OUTER_BOUND('',#783,.T.);
#453=FACE_OUTER_BOUND('',#784,.T.);
#454=FACE_OUTER_BOUND('',#785,.T.);
#455=FACE_OUTER_BOUND('',#786,.T.);
#456=FACE_OUTER_BOUND('',#787,.T.);
#457=FACE_OUTER_BOUND('',#788,.T.);
#458=FACE_OUTER_BOUND('',#789,.T.);
#459=FACE_OUTER_BOUND('',#790,.T.);
#460=FACE_OUTER_BOUND('',#791,.T.);
#461=FACE_OUTER_BOUND('',#792,.T.);
#462=FACE_OUTER_BOUND('',#793,.T.);
#463=FACE_OUTER_BOUND('',#794,.T.);
#464=FACE_OUTER_BOUND('',#795,.T.);
#465=FACE_OUTER_BOUND('',#796,.T.);
#466=FACE_OUTER_BOUND('',#797,.T.);
#467=FACE_OUTER_BOUND('',#798,.T.);
#468=FACE_OUTER_BOUND('',#799,.T.);
#469=FACE_OUTER_BOUND('',#800,.T.);
#470=FACE_OUTER_BOUND('',#801,.T.);
#471=FACE_OUTER_BOUND('',#802,.T.);
#472=FACE_OUTER_BOUND('',#803,.T.);
#473=FACE_OUTER_BOUND('',#804,.T.);
#474=FACE_OUTER_BOUND('',#805,.T.);
#475=FACE_OUTER_BOUND('',#806,.T.);
#476=FACE_OUTER_BOUND('',#807,.T.);
#477=FACE_OUTER_BOUND('',#808,.T.);
#478=FACE_OUTER_BOUND('',#809,.T.);
#479=FACE_OUTER_BOUND('',#810,.T.);
#480=FACE_OUTER_BOUND('',#811,.T.);
#481=FACE_OUTER_BOUND('',#812,.T.);
#482=FACE_OUTER_BOUND('',#813,.T.);
#483=FACE_OUTER_BOUND('',#814,.T.);
#484=FACE_OUTER_BOUND('',#815,.T.);
#485=FACE_OUTER_BOUND('',#816,.T.);
#486=FACE_OUTER_BOUND('',#817,.T.);
#487=FACE_OUTER_BOUND('',#818,.T.);
#488=FACE_OUTER_BOUND('',#819,.T.);
#489=FACE_OUTER_BOUND('',#820,.T.);
#490=FACE_OUTER_BOUND('',#821,.T.);
#491=FACE_OUTER_BOUND('',#822,.T.);
#492=FACE_OUTER_BOUND('',#823,.T.);
#493=FACE_OUTER_BOUND('',#824,.T.);
#494=FACE_OUTER_BOUND('',#825,.T.);
#495=FACE_OUTER_BOUND('',#826,.T.);
#496=FACE_OUTER_BOUND('',#827,.T.);
#497=FACE_OUTER_BOUND('',#828,.T.);
#498=FACE_OUTER_BOUND('',#829,.T.);
#499=FACE_OUTER_BOUND('',#830,.T.);
#500=FACE_OUTER_BOUND('',#831,.T.);
#501=FACE_OUTER_BOUND('',#832,.T.);
#502=FACE_OUTER_BOUND('',#833,.T.);
#503=FACE_OUTER_BOUND('',#834,.T.);
#504=FACE_OUTER_BOUND('',#835,.T.);
#505=FACE_OUTER_BOUND('',#836,.T.);
#506=FACE_OUTER_BOUND('',#837,.T.);
#507=FACE_OUTER_BOUND('',#838,.T.);
#508=FACE_OUTER_BOUND('',#839,.T.);
#509=FACE_OUTER_BOUND('',#840,.T.);
#510=FACE_OUTER_BOUND('',#841,.T.);
#511=FACE_OUTER_BOUND('',#842,.T.);
#512=FACE_OUTER_BOUND('',#843,.T.);
#513=FACE_OUTER_BOUND('',#844,.T.);
#514=FACE_OUTER_BOUND('',#845,.T.);
#515=FACE_OUTER_BOUND('',#846,.T.);
#516=FACE_OUTER_BOUND('',#847,.T.);
#517=FACE_OUTER_BOUND('',#848,.T.);
#518=FACE_OUTER_BOUND('',#849,.T.);
#519=FACE_OUTER_BOUND('',#850,.T.);
#520=FACE_OUTER_BOUND('',#851,.T.);
#521=FACE_OUTER_BOUND('',#852,.T.);
#522=FACE_OUTER_BOUND('',#853,.T.);
#523=FACE_OUTER_BOUND('',#854,.T.);
#524=FACE_OUTER_BOUND('',#855,.T.);
#525=FACE_OUTER_BOUND('',#856,.T.);
#526=FACE_OUTER_BOUND('',#857,.T.);
#527=FACE_OUTER_BOUND('',#858,.T.);
#528=FACE_OUTER_BOUND('',#859,.T.);
#529=FACE_OUTER_BOUND('',#860,.T.);
#530=FACE_OUTER_BOUND('',#861,.T.);
#531=FACE_OUTER_BOUND('',#862,.T.);
#532=FACE_OUTER_BOUND('',#863,.T.);
#533=FACE_OUTER_BOUND('',#864,.T.);
#534=FACE_OUTER_BOUND('',#865,.T.);
#535=FACE_OUTER_BOUND('',#866,.T.);
#536=FACE_OUTER_BOUND('',#867,.T.);
#537=FACE_OUTER_BOUND('',#868,.T.);
#538=FACE_OUTER_BOUND('',#869,.T.);
#539=FACE_OUTER_BOUND('',#870,.T.);
#540=FACE_OUTER_BOUND('',#871,.T.);
#541=FACE_OUTER_BOUND('',#872,.T.);
#542=FACE_OUTER_BOUND('',#873,.T.);
#543=FACE_OUTER_BOUND('',#874,.T.);
#544=FACE_OUTER_BOUND('',#875,.T.);
#545=FACE_OUTER_BOUND('',#876,.T.);
#546=FACE_OUTER_BOUND('',#877,.T.);
#547=FACE_OUTER_BOUND('',#878,.T.);
#548=FACE_OUTER_BOUND('',#879,.T.);
#549=FACE_OUTER_BOUND('',#880,.T.);
#550=FACE_OUTER_BOUND('',#881,.T.);
#551=FACE_OUTER_BOUND('',#882,.T.);
#552=FACE_OUTER_BOUND('',#883,.T.);
#553=FACE_OUTER_BOUND('',#884,.T.);
#554=FACE_OUTER_BOUND('',#885,.T.);
#555=FACE_OUTER_BOUND('',#886,.T.);
#556=FACE_OUTER_BOUND('',#887,.T.);
#557=FACE_OUTER_BOUND('',#888,.T.);
#558=FACE_OUTER_BOUND('',#889,.T.);
#559=FACE_OUTER_BOUND('',#890,.T.);
#560=FACE_OUTER_BOUND('',#891,.T.);
#561=FACE_OUTER_BOUND('',#892,.T.);
#562=FACE_OUTER_BOUND('',#893,.T.);
#563=FACE_OUTER_BOUND('',#894,.T.);
#564=FACE_OUTER_BOUND('',#895,.T.);
#565=FACE_OUTER_BOUND('',#896,.T.);
#566=FACE_OUTER_BOUND('',#897,.T.);
#567=FACE_OUTER_BOUND('',#898,.T.);
#568=FACE_OUTER_BOUND('',#899,.T.);
#569=FACE_OUTER_BOUND('',#900,.T.);
#570=FACE_OUTER_BOUND('',#901,.T.);
#571=FACE_OUTER_BOUND('',#902,.T.);
#572=FACE_OUTER_BOUND('',#903,.T.);
#573=FACE_OUTER_BOUND('',#904,.T.);
#574=FACE_OUTER_BOUND('',#905,.T.);
#575=FACE_OUTER_BOUND('',#906,.T.);
#576=FACE_OUTER_BOUND('',#907,.T.);
#577=FACE_OUTER_BOUND('',#908,.T.);
#578=FACE_OUTER_BOUND('',#909,.T.);
#579=FACE_OUTER_BOUND('',#910,.T.);
#580=FACE_OUTER_BOUND('',#911,.T.);
#581=FACE_OUTER_BOUND('',#912,.T.);
#582=FACE_OUTER_BOUND('',#913,.T.);
#583=FACE_OUTER_BOUND('',#914,.T.);
#584=FACE_OUTER_BOUND('',#915,.T.);
#585=FACE_OUTER_BOUND('',#917,.T.);
#586=FACE_OUTER_BOUND('',#918,.T.);
#587=FACE_OUTER_BOUND('',#919,.T.);
#588=FACE_OUTER_BOUND('',#920,.T.);
#589=FACE_OUTER_BOUND('',#921,.T.);
#590=FACE_OUTER_BOUND('',#922,.T.);
#591=FACE_OUTER_BOUND('',#923,.T.);
#592=FACE_OUTER_BOUND('',#924,.T.);
#593=FACE_OUTER_BOUND('',#925,.T.);
#594=FACE_OUTER_BOUND('',#926,.T.);
#595=FACE_OUTER_BOUND('',#927,.T.);
#596=FACE_OUTER_BOUND('',#928,.T.);
#597=FACE_OUTER_BOUND('',#929,.T.);
#598=FACE_OUTER_BOUND('',#930,.T.);
#599=FACE_OUTER_BOUND('',#931,.T.);
#600=FACE_OUTER_BOUND('',#932,.T.);
#601=FACE_OUTER_BOUND('',#933,.T.);
#602=FACE_OUTER_BOUND('',#934,.T.);
#603=FACE_OUTER_BOUND('',#935,.T.);
#604=FACE_OUTER_BOUND('',#937,.T.);
#605=FACE_OUTER_BOUND('',#938,.T.);
#606=FACE_OUTER_BOUND('',#939,.T.);
#607=FACE_OUTER_BOUND('',#940,.T.);
#608=FACE_OUTER_BOUND('',#941,.T.);
#609=FACE_OUTER_BOUND('',#942,.T.);
#610=FACE_OUTER_BOUND('',#943,.T.);
#611=FACE_OUTER_BOUND('',#944,.T.);
#612=FACE_OUTER_BOUND('',#945,.T.);
#613=FACE_OUTER_BOUND('',#946,.T.);
#614=FACE_OUTER_BOUND('',#947,.T.);
#615=FACE_OUTER_BOUND('',#948,.T.);
#616=FACE_OUTER_BOUND('',#949,.T.);
#617=FACE_OUTER_BOUND('',#950,.T.);
#618=FACE_OUTER_BOUND('',#951,.T.);
#619=FACE_OUTER_BOUND('',#952,.T.);
#620=FACE_OUTER_BOUND('',#953,.T.);
#621=FACE_OUTER_BOUND('',#954,.T.);
#622=FACE_OUTER_BOUND('',#955,.T.);
#623=FACE_OUTER_BOUND('',#956,.T.);
#624=FACE_OUTER_BOUND('',#957,.T.);
#625=FACE_OUTER_BOUND('',#958,.T.);
#626=FACE_OUTER_BOUND('',#959,.T.);
#627=FACE_OUTER_BOUND('',#960,.T.);
#628=FACE_OUTER_BOUND('',#961,.T.);
#629=FACE_OUTER_BOUND('',#962,.T.);
#630=FACE_OUTER_BOUND('',#963,.T.);
#631=FACE_OUTER_BOUND('',#964,.T.);
#632=FACE_OUTER_BOUND('',#965,.T.);
#633=FACE_OUTER_BOUND('',#966,.T.);
#634=FACE_OUTER_BOUND('',#967,.T.);
#635=FACE_OUTER_BOUND('',#968,.T.);
#636=FACE_OUTER_BOUND('',#969,.T.);
#637=FACE_OUTER_BOUND('',#970,.T.);
#638=FACE_OUTER_BOUND('',#971,.T.);
#639=FACE_OUTER_BOUND('',#972,.T.);
#640=FACE_OUTER_BOUND('',#973,.T.);
#641=FACE_OUTER_BOUND('',#974,.T.);
#642=FACE_OUTER_BOUND('',#975,.T.);
#643=FACE_OUTER_BOUND('',#976,.T.);
#644=FACE_OUTER_BOUND('',#977,.T.);
#645=FACE_OUTER_BOUND('',#978,.T.);
#646=FACE_OUTER_BOUND('',#979,.T.);
#647=FACE_OUTER_BOUND('',#980,.T.);
#648=FACE_OUTER_BOUND('',#981,.T.);
#649=FACE_OUTER_BOUND('',#982,.T.);
#650=FACE_OUTER_BOUND('',#983,.T.);
#651=FACE_OUTER_BOUND('',#984,.T.);
#652=FACE_OUTER_BOUND('',#985,.T.);
#653=FACE_OUTER_BOUND('',#986,.T.);
#654=FACE_OUTER_BOUND('',#987,.T.);
#655=FACE_OUTER_BOUND('',#988,.T.);
#656=FACE_OUTER_BOUND('',#989,.T.);
#657=FACE_OUTER_BOUND('',#990,.T.);
#658=FACE_OUTER_BOUND('',#991,.T.);
#659=FACE_OUTER_BOUND('',#992,.T.);
#660=FACE_OUTER_BOUND('',#993,.T.);
#661=FACE_OUTER_BOUND('',#994,.T.);
#662=FACE_OUTER_BOUND('',#995,.T.);
#663=FACE_OUTER_BOUND('',#996,.T.);
#664=FACE_OUTER_BOUND('',#997,.T.);
#665=FACE_OUTER_BOUND('',#998,.T.);
#666=FACE_OUTER_BOUND('',#999,.T.);
#667=FACE_OUTER_BOUND('',#1000,.T.);
#668=FACE_OUTER_BOUND('',#1001,.T.);
#669=FACE_OUTER_BOUND('',#1002,.T.);
#670=FACE_OUTER_BOUND('',#1003,.T.);
#671=FACE_OUTER_BOUND('',#1004,.T.);
#672=FACE_OUTER_BOUND('',#1005,.T.);
#673=FACE_OUTER_BOUND('',#1006,.T.);
#674=FACE_OUTER_BOUND('',#1007,.T.);
#675=FACE_OUTER_BOUND('',#1008,.T.);
#676=FACE_OUTER_BOUND('',#1009,.T.);
#677=FACE_OUTER_BOUND('',#1010,.T.);
#678=FACE_OUTER_BOUND('',#1011,.T.);
#679=FACE_OUTER_BOUND('',#1012,.T.);
#680=FACE_OUTER_BOUND('',#1013,.T.);
#681=FACE_OUTER_BOUND('',#1014,.T.);
#682=FACE_OUTER_BOUND('',#1015,.T.);
#683=FACE_OUTER_BOUND('',#1016,.T.);
#684=FACE_OUTER_BOUND('',#1017,.T.);
#685=FACE_OUTER_BOUND('',#1018,.T.);
#686=FACE_OUTER_BOUND('',#1019,.T.);
#687=FACE_OUTER_BOUND('',#1020,.T.);
#688=FACE_OUTER_BOUND('',#1021,.T.);
#689=FACE_OUTER_BOUND('',#1022,.T.);
#690=FACE_OUTER_BOUND('',#1023,.T.);
#691=FACE_OUTER_BOUND('',#1024,.T.);
#692=FACE_OUTER_BOUND('',#1025,.T.);
#693=FACE_OUTER_BOUND('',#1026,.T.);
#694=FACE_OUTER_BOUND('',#1027,.T.);
#695=FACE_OUTER_BOUND('',#1028,.T.);
#696=FACE_OUTER_BOUND('',#1029,.T.);
#697=FACE_OUTER_BOUND('',#1030,.T.);
#698=FACE_OUTER_BOUND('',#1031,.T.);
#699=FACE_OUTER_BOUND('',#1032,.T.);
#700=FACE_OUTER_BOUND('',#1033,.T.);
#701=FACE_OUTER_BOUND('',#1034,.T.);
#702=FACE_OUTER_BOUND('',#1035,.T.);
#703=EDGE_LOOP('',(#3367,#3368,#3369,#3370));
#704=EDGE_LOOP('',(#3371,#3372,#3373,#3374));
#705=EDGE_LOOP('',(#3375,#3376,#3377,#3378));
#706=EDGE_LOOP('',(#3379,#3380,#3381,#3382));
#707=EDGE_LOOP('',(#3383,#3384,#3385,#3386));
#708=EDGE_LOOP('',(#3387,#3388,#3389,#3390));
#709=EDGE_LOOP('',(#3391,#3392,#3393,#3394));
#710=EDGE_LOOP('',(#3395,#3396,#3397,#3398));
#711=EDGE_LOOP('',(#3399,#3400,#3401,#3402));
#712=EDGE_LOOP('',(#3403,#3404,#3405,#3406));
#713=EDGE_LOOP('',(#3407,#3408,#3409,#3410));
#714=EDGE_LOOP('',(#3411,#3412,#3413,#3414));
#715=EDGE_LOOP('',(#3415,#3416,#3417,#3418));
#716=EDGE_LOOP('',(#3419,#3420,#3421,#3422));
#717=EDGE_LOOP('',(#3423,#3424,#3425,#3426));
#718=EDGE_LOOP('',(#3427,#3428,#3429,#3430,#3431,#3432,#3433,#3434,#3435,
#3436,#3437,#3438));
#719=EDGE_LOOP('',(#3439));
#720=EDGE_LOOP('',(#3440));
#721=EDGE_LOOP('',(#3441));
#722=EDGE_LOOP('',(#3442,#3443,#3444,#3445,#3446,#3447,#3448,#3449,#3450,
#3451,#3452,#3453));
#723=EDGE_LOOP('',(#3454));
#724=EDGE_LOOP('',(#3455));
#725=EDGE_LOOP('',(#3456));
#726=EDGE_LOOP('',(#3457,#3458,#3459,#3460,#3461));
#727=EDGE_LOOP('',(#3462,#3463,#3464,#3465,#3466,#3467));
#728=EDGE_LOOP('',(#3468,#3469,#3470,#3471,#3472));
#729=EDGE_LOOP('',(#3473));
#730=EDGE_LOOP('',(#3474));
#731=EDGE_LOOP('',(#3475,#3476,#3477,#3478));
#732=EDGE_LOOP('',(#3479));
#733=EDGE_LOOP('',(#3480));
#734=EDGE_LOOP('',(#3481,#3482,#3483,#3484,#3485));
#735=EDGE_LOOP('',(#3486,#3487,#3488,#3489,#3490,#3491));
#736=EDGE_LOOP('',(#3492,#3493,#3494,#3495,#3496));
#737=EDGE_LOOP('',(#3497));
#738=EDGE_LOOP('',(#3498));
#739=EDGE_LOOP('',(#3499,#3500,#3501,#3502));
#740=EDGE_LOOP('',(#3503));
#741=EDGE_LOOP('',(#3504));
#742=EDGE_LOOP('',(#3505,#3506,#3507,#3508,#3509));
#743=EDGE_LOOP('',(#3510,#3511,#3512,#3513,#3514,#3515));
#744=EDGE_LOOP('',(#3516,#3517,#3518,#3519,#3520));
#745=EDGE_LOOP('',(#3521));
#746=EDGE_LOOP('',(#3522));
#747=EDGE_LOOP('',(#3523,#3524,#3525,#3526));
#748=EDGE_LOOP('',(#3527));
#749=EDGE_LOOP('',(#3528));
#750=EDGE_LOOP('',(#3529,#3530,#3531,#3532,#3533));
#751=EDGE_LOOP('',(#3534,#3535,#3536,#3537,#3538));
#752=EDGE_LOOP('',(#3539));
#753=EDGE_LOOP('',(#3540));
#754=EDGE_LOOP('',(#3541,#3542,#3543,#3544,#3545));
#755=EDGE_LOOP('',(#3546,#3547,#3548,#3549,#3550,#3551));
#756=EDGE_LOOP('',(#3552,#3553,#3554,#3555,#3556,#3557));
#757=EDGE_LOOP('',(#3558,#3559,#3560,#3561,#3562,#3563));
#758=EDGE_LOOP('',(#3564,#3565,#3566,#3567,#3568));
#759=EDGE_LOOP('',(#3569));
#760=EDGE_LOOP('',(#3570));
#761=EDGE_LOOP('',(#3571,#3572,#3573,#3574,#3575));
#762=EDGE_LOOP('',(#3576,#3577,#3578,#3579,#3580,#3581));
#763=EDGE_LOOP('',(#3582,#3583,#3584,#3585,#3586,#3587));
#764=EDGE_LOOP('',(#3588,#3589,#3590,#3591,#3592,#3593));
#765=EDGE_LOOP('',(#3594,#3595,#3596,#3597,#3598));
#766=EDGE_LOOP('',(#3599));
#767=EDGE_LOOP('',(#3600));
#768=EDGE_LOOP('',(#3601));
#769=EDGE_LOOP('',(#3602,#3603,#3604,#3605));
#770=EDGE_LOOP('',(#3606));
#771=EDGE_LOOP('',(#3607));
#772=EDGE_LOOP('',(#3608,#3609,#3610,#3611));
#773=EDGE_LOOP('',(#3612));
#774=EDGE_LOOP('',(#3613));
#775=EDGE_LOOP('',(#3614,#3615,#3616,#3617));
#776=EDGE_LOOP('',(#3618));
#777=EDGE_LOOP('',(#3619));
#778=EDGE_LOOP('',(#3620,#3621,#3622,#3623));
#779=EDGE_LOOP('',(#3624));
#780=EDGE_LOOP('',(#3625,#3626,#3627,#3628));
#781=EDGE_LOOP('',(#3629,#3630,#3631,#3632));
#782=EDGE_LOOP('',(#3633,#3634,#3635,#3636));
#783=EDGE_LOOP('',(#3637,#3638,#3639,#3640));
#784=EDGE_LOOP('',(#3641,#3642,#3643,#3644));
#785=EDGE_LOOP('',(#3645,#3646,#3647,#3648,#3649));
#786=EDGE_LOOP('',(#3650,#3651,#3652,#3653));
#787=EDGE_LOOP('',(#3654,#3655,#3656,#3657));
#788=EDGE_LOOP('',(#3658,#3659,#3660,#3661,#3662));
#789=EDGE_LOOP('',(#3663,#3664,#3665,#3666));
#790=EDGE_LOOP('',(#3667,#3668,#3669,#3670,#3671,#3672));
#791=EDGE_LOOP('',(#3673,#3674,#3675,#3676));
#792=EDGE_LOOP('',(#3677,#3678,#3679,#3680));
#793=EDGE_LOOP('',(#3681,#3682,#3683,#3684));
#794=EDGE_LOOP('',(#3685,#3686,#3687,#3688));
#795=EDGE_LOOP('',(#3689,#3690,#3691,#3692));
#796=EDGE_LOOP('',(#3693,#3694,#3695,#3696));
#797=EDGE_LOOP('',(#3697,#3698,#3699,#3700));
#798=EDGE_LOOP('',(#3701,#3702,#3703,#3704,#3705));
#799=EDGE_LOOP('',(#3706,#3707,#3708,#3709,#3710));
#800=EDGE_LOOP('',(#3711,#3712,#3713,#3714));
#801=EDGE_LOOP('',(#3715,#3716,#3717,#3718));
#802=EDGE_LOOP('',(#3719,#3720,#3721,#3722,#3723));
#803=EDGE_LOOP('',(#3724,#3725,#3726,#3727));
#804=EDGE_LOOP('',(#3728,#3729,#3730,#3731));
#805=EDGE_LOOP('',(#3732,#3733,#3734,#3735,#3736));
#806=EDGE_LOOP('',(#3737,#3738,#3739,#3740));
#807=EDGE_LOOP('',(#3741,#3742,#3743,#3744));
#808=EDGE_LOOP('',(#3745,#3746,#3747,#3748));
#809=EDGE_LOOP('',(#3749,#3750,#3751,#3752));
#810=EDGE_LOOP('',(#3753,#3754,#3755,#3756));
#811=EDGE_LOOP('',(#3757,#3758,#3759,#3760));
#812=EDGE_LOOP('',(#3761,#3762,#3763,#3764,#3765));
#813=EDGE_LOOP('',(#3766,#3767,#3768,#3769,#3770));
#814=EDGE_LOOP('',(#3771,#3772,#3773,#3774));
#815=EDGE_LOOP('',(#3775,#3776,#3777,#3778));
#816=EDGE_LOOP('',(#3779,#3780,#3781,#3782));
#817=EDGE_LOOP('',(#3783,#3784,#3785,#3786));
#818=EDGE_LOOP('',(#3787,#3788,#3789,#3790));
#819=EDGE_LOOP('',(#3791,#3792,#3793,#3794));
#820=EDGE_LOOP('',(#3795,#3796,#3797,#3798,#3799,#3800));
#821=EDGE_LOOP('',(#3801,#3802,#3803,#3804));
#822=EDGE_LOOP('',(#3805,#3806,#3807,#3808));
#823=EDGE_LOOP('',(#3809,#3810,#3811,#3812));
#824=EDGE_LOOP('',(#3813,#3814,#3815,#3816));
#825=EDGE_LOOP('',(#3817,#3818,#3819,#3820));
#826=EDGE_LOOP('',(#3821,#3822,#3823,#3824));
#827=EDGE_LOOP('',(#3825,#3826,#3827,#3828));
#828=EDGE_LOOP('',(#3829,#3830,#3831,#3832));
#829=EDGE_LOOP('',(#3833,#3834,#3835,#3836));
#830=EDGE_LOOP('',(#3837,#3838,#3839,#3840));
#831=EDGE_LOOP('',(#3841,#3842,#3843,#3844));
#832=EDGE_LOOP('',(#3845,#3846,#3847,#3848));
#833=EDGE_LOOP('',(#3849,#3850,#3851,#3852));
#834=EDGE_LOOP('',(#3853,#3854,#3855,#3856));
#835=EDGE_LOOP('',(#3857,#3858,#3859,#3860));
#836=EDGE_LOOP('',(#3861,#3862,#3863,#3864));
#837=EDGE_LOOP('',(#3865,#3866,#3867,#3868));
#838=EDGE_LOOP('',(#3869,#3870,#3871,#3872));
#839=EDGE_LOOP('',(#3873,#3874,#3875,#3876));
#840=EDGE_LOOP('',(#3877,#3878,#3879,#3880));
#841=EDGE_LOOP('',(#3881,#3882,#3883,#3884));
#842=EDGE_LOOP('',(#3885,#3886,#3887,#3888));
#843=EDGE_LOOP('',(#3889,#3890,#3891,#3892,#3893,#3894,#3895,#3896,#3897,
#3898,#3899,#3900,#3901,#3902,#3903,#3904,#3905,#3906,#3907,#3908,#3909,
#3910,#3911,#3912));
#844=EDGE_LOOP('',(#3913,#3914,#3915,#3916));
#845=EDGE_LOOP('',(#3917,#3918,#3919,#3920));
#846=EDGE_LOOP('',(#3921,#3922,#3923,#3924));
#847=EDGE_LOOP('',(#3925,#3926,#3927,#3928));
#848=EDGE_LOOP('',(#3929,#3930,#3931,#3932));
#849=EDGE_LOOP('',(#3933,#3934,#3935,#3936));
#850=EDGE_LOOP('',(#3937,#3938,#3939,#3940));
#851=EDGE_LOOP('',(#3941,#3942,#3943,#3944));
#852=EDGE_LOOP('',(#3945,#3946,#3947,#3948));
#853=EDGE_LOOP('',(#3949,#3950,#3951,#3952));
#854=EDGE_LOOP('',(#3953,#3954,#3955,#3956));
#855=EDGE_LOOP('',(#3957,#3958,#3959,#3960,#3961,#3962,#3963,#3964,#3965,
#3966,#3967,#3968,#3969,#3970,#3971,#3972,#3973,#3974,#3975,#3976,#3977,
#3978,#3979,#3980));
#856=EDGE_LOOP('',(#3981,#3982,#3983,#3984));
#857=EDGE_LOOP('',(#3985,#3986,#3987,#3988));
#858=EDGE_LOOP('',(#3989,#3990,#3991,#3992));
#859=EDGE_LOOP('',(#3993,#3994,#3995,#3996));
#860=EDGE_LOOP('',(#3997,#3998,#3999,#4000));
#861=EDGE_LOOP('',(#4001,#4002,#4003,#4004));
#862=EDGE_LOOP('',(#4005,#4006,#4007,#4008));
#863=EDGE_LOOP('',(#4009,#4010,#4011,#4012));
#864=EDGE_LOOP('',(#4013,#4014,#4015,#4016));
#865=EDGE_LOOP('',(#4017,#4018,#4019,#4020));
#866=EDGE_LOOP('',(#4021,#4022,#4023,#4024));
#867=EDGE_LOOP('',(#4025,#4026,#4027,#4028));
#868=EDGE_LOOP('',(#4029,#4030,#4031,#4032));
#869=EDGE_LOOP('',(#4033,#4034,#4035,#4036));
#870=EDGE_LOOP('',(#4037,#4038,#4039,#4040));
#871=EDGE_LOOP('',(#4041,#4042,#4043,#4044));
#872=EDGE_LOOP('',(#4045,#4046,#4047,#4048));
#873=EDGE_LOOP('',(#4049,#4050,#4051,#4052));
#874=EDGE_LOOP('',(#4053,#4054,#4055,#4056));
#875=EDGE_LOOP('',(#4057,#4058,#4059,#4060));
#876=EDGE_LOOP('',(#4061,#4062,#4063,#4064,#4065,#4066,#4067,#4068,#4069,
#4070,#4071));
#877=EDGE_LOOP('',(#4072,#4073,#4074,#4075));
#878=EDGE_LOOP('',(#4076,#4077,#4078,#4079));
#879=EDGE_LOOP('',(#4080,#4081,#4082,#4083));
#880=EDGE_LOOP('',(#4084,#4085,#4086,#4087));
#881=EDGE_LOOP('',(#4088,#4089,#4090,#4091));
#882=EDGE_LOOP('',(#4092,#4093,#4094,#4095,#4096,#4097,#4098,#4099,#4100,
#4101));
#883=EDGE_LOOP('',(#4102,#4103,#4104,#4105,#4106,#4107,#4108,#4109,#4110,
#4111));
#884=EDGE_LOOP('',(#4112,#4113,#4114,#4115));
#885=EDGE_LOOP('',(#4116,#4117,#4118,#4119));
#886=EDGE_LOOP('',(#4120,#4121,#4122,#4123));
#887=EDGE_LOOP('',(#4124,#4125,#4126,#4127));
#888=EDGE_LOOP('',(#4128,#4129,#4130,#4131));
#889=EDGE_LOOP('',(#4132,#4133,#4134,#4135));
#890=EDGE_LOOP('',(#4136,#4137,#4138,#4139));
#891=EDGE_LOOP('',(#4140,#4141,#4142,#4143));
#892=EDGE_LOOP('',(#4144,#4145,#4146,#4147));
#893=EDGE_LOOP('',(#4148,#4149,#4150,#4151));
#894=EDGE_LOOP('',(#4152,#4153,#4154,#4155));
#895=EDGE_LOOP('',(#4156,#4157,#4158,#4159));
#896=EDGE_LOOP('',(#4160,#4161,#4162,#4163));
#897=EDGE_LOOP('',(#4164,#4165,#4166,#4167));
#898=EDGE_LOOP('',(#4168,#4169,#4170,#4171));
#899=EDGE_LOOP('',(#4172,#4173,#4174,#4175));
#900=EDGE_LOOP('',(#4176,#4177,#4178,#4179));
#901=EDGE_LOOP('',(#4180,#4181,#4182,#4183));
#902=EDGE_LOOP('',(#4184,#4185,#4186,#4187));
#903=EDGE_LOOP('',(#4188,#4189,#4190,#4191));
#904=EDGE_LOOP('',(#4192,#4193,#4194,#4195));
#905=EDGE_LOOP('',(#4196,#4197,#4198,#4199));
#906=EDGE_LOOP('',(#4200,#4201,#4202,#4203));
#907=EDGE_LOOP('',(#4204,#4205,#4206,#4207));
#908=EDGE_LOOP('',(#4208,#4209,#4210,#4211));
#909=EDGE_LOOP('',(#4212,#4213,#4214,#4215));
#910=EDGE_LOOP('',(#4216,#4217,#4218,#4219));
#911=EDGE_LOOP('',(#4220,#4221,#4222,#4223));
#912=EDGE_LOOP('',(#4224,#4225,#4226,#4227));
#913=EDGE_LOOP('',(#4228,#4229,#4230,#4231,#4232,#4233,#4234,#4235,#4236,
#4237,#4238,#4239,#4240,#4241,#4242,#4243,#4244,#4245,#4246,#4247,#4248,
#4249,#4250,#4251,#4252,#4253,#4254,#4255,#4256,#4257,#4258,#4259));
#914=EDGE_LOOP('',(#4260,#4261,#4262,#4263,#4264));
#915=EDGE_LOOP('',(#4265,#4266,#4267,#4268,#4269,#4270,#4271,#4272,#4273,
#4274,#4275,#4276));
#916=EDGE_LOOP('',(#4277,#4278,#4279,#4280,#4281,#4282));
#917=EDGE_LOOP('',(#4283,#4284,#4285,#4286,#4287));
#918=EDGE_LOOP('',(#4288,#4289,#4290,#4291));
#919=EDGE_LOOP('',(#4292,#4293,#4294,#4295));
#920=EDGE_LOOP('',(#4296,#4297,#4298,#4299));
#921=EDGE_LOOP('',(#4300,#4301,#4302,#4303));
#922=EDGE_LOOP('',(#4304,#4305,#4306,#4307));
#923=EDGE_LOOP('',(#4308,#4309,#4310,#4311));
#924=EDGE_LOOP('',(#4312,#4313,#4314,#4315));
#925=EDGE_LOOP('',(#4316,#4317,#4318,#4319));
#926=EDGE_LOOP('',(#4320,#4321,#4322,#4323));
#927=EDGE_LOOP('',(#4324,#4325,#4326,#4327));
#928=EDGE_LOOP('',(#4328,#4329,#4330,#4331));
#929=EDGE_LOOP('',(#4332,#4333,#4334,#4335));
#930=EDGE_LOOP('',(#4336,#4337,#4338,#4339));
#931=EDGE_LOOP('',(#4340,#4341,#4342,#4343));
#932=EDGE_LOOP('',(#4344,#4345,#4346,#4347));
#933=EDGE_LOOP('',(#4348,#4349,#4350,#4351));
#934=EDGE_LOOP('',(#4352,#4353,#4354,#4355));
#935=EDGE_LOOP('',(#4356,#4357,#4358,#4359,#4360,#4361,#4362,#4363,#4364,
#4365,#4366,#4367,#4368));
#936=EDGE_LOOP('',(#4369,#4370,#4371,#4372,#4373,#4374));
#937=EDGE_LOOP('',(#4375,#4376,#4377,#4378,#4379,#4380));
#938=EDGE_LOOP('',(#4381,#4382,#4383,#4384,#4385,#4386));
#939=EDGE_LOOP('',(#4387,#4388,#4389,#4390,#4391,#4392));
#940=EDGE_LOOP('',(#4393,#4394,#4395,#4396));
#941=EDGE_LOOP('',(#4397,#4398,#4399,#4400));
#942=EDGE_LOOP('',(#4401,#4402,#4403,#4404));
#943=EDGE_LOOP('',(#4405,#4406,#4407,#4408));
#944=EDGE_LOOP('',(#4409,#4410,#4411,#4412));
#945=EDGE_LOOP('',(#4413,#4414,#4415,#4416));
#946=EDGE_LOOP('',(#4417,#4418,#4419,#4420,#4421,#4422));
#947=EDGE_LOOP('',(#4423,#4424,#4425,#4426,#4427,#4428));
#948=EDGE_LOOP('',(#4429,#4430,#4431,#4432));
#949=EDGE_LOOP('',(#4433,#4434,#4435,#4436));
#950=EDGE_LOOP('',(#4437,#4438,#4439,#4440));
#951=EDGE_LOOP('',(#4441,#4442,#4443,#4444));
#952=EDGE_LOOP('',(#4445,#4446,#4447,#4448,#4449,#4450,#4451,#4452));
#953=EDGE_LOOP('',(#4453,#4454,#4455,#4456,#4457,#4458,#4459,#4460,#4461,
#4462,#4463,#4464,#4465,#4466,#4467,#4468,#4469,#4470,#4471,#4472));
#954=EDGE_LOOP('',(#4473,#4474,#4475,#4476,#4477,#4478,#4479,#4480,#4481,
#4482,#4483,#4484,#4485,#4486,#4487,#4488,#4489,#4490,#4491,#4492));
#955=EDGE_LOOP('',(#4493,#4494,#4495,#4496,#4497));
#956=EDGE_LOOP('',(#4498,#4499,#4500,#4501));
#957=EDGE_LOOP('',(#4502,#4503,#4504,#4505));
#958=EDGE_LOOP('',(#4506,#4507,#4508,#4509));
#959=EDGE_LOOP('',(#4510,#4511,#4512,#4513,#4514,#4515,#4516));
#960=EDGE_LOOP('',(#4517,#4518,#4519));
#961=EDGE_LOOP('',(#4520,#4521,#4522,#4523));
#962=EDGE_LOOP('',(#4524,#4525,#4526,#4527));
#963=EDGE_LOOP('',(#4528,#4529,#4530,#4531));
#964=EDGE_LOOP('',(#4532,#4533,#4534,#4535,#4536));
#965=EDGE_LOOP('',(#4537,#4538,#4539,#4540,#4541,#4542));
#966=EDGE_LOOP('',(#4543,#4544,#4545,#4546,#4547));
#967=EDGE_LOOP('',(#4548,#4549,#4550,#4551));
#968=EDGE_LOOP('',(#4552,#4553,#4554,#4555));
#969=EDGE_LOOP('',(#4556,#4557,#4558,#4559,#4560,#4561));
#970=EDGE_LOOP('',(#4562,#4563,#4564,#4565));
#971=EDGE_LOOP('',(#4566,#4567,#4568,#4569));
#972=EDGE_LOOP('',(#4570,#4571,#4572,#4573));
#973=EDGE_LOOP('',(#4574,#4575,#4576,#4577));
#974=EDGE_LOOP('',(#4578,#4579,#4580,#4581));
#975=EDGE_LOOP('',(#4582,#4583,#4584,#4585,#4586));
#976=EDGE_LOOP('',(#4587,#4588,#4589,#4590,#4591));
#977=EDGE_LOOP('',(#4592,#4593,#4594,#4595,#4596,#4597));
#978=EDGE_LOOP('',(#4598,#4599,#4600,#4601,#4602,#4603));
#979=EDGE_LOOP('',(#4604,#4605,#4606,#4607));
#980=EDGE_LOOP('',(#4608,#4609,#4610,#4611));
#981=EDGE_LOOP('',(#4612,#4613,#4614,#4615));
#982=EDGE_LOOP('',(#4616,#4617,#4618));
#983=EDGE_LOOP('',(#4619,#4620,#4621,#4622,#4623,#4624,#4625));
#984=EDGE_LOOP('',(#4626,#4627,#4628,#4629,#4630,#4631));
#985=EDGE_LOOP('',(#4632,#4633,#4634,#4635,#4636,#4637));
#986=EDGE_LOOP('',(#4638,#4639,#4640,#4641));
#987=EDGE_LOOP('',(#4642,#4643,#4644,#4645));
#988=EDGE_LOOP('',(#4646,#4647,#4648,#4649));
#989=EDGE_LOOP('',(#4650,#4651,#4652,#4653));
#990=EDGE_LOOP('',(#4654,#4655,#4656,#4657));
#991=EDGE_LOOP('',(#4658,#4659,#4660,#4661));
#992=EDGE_LOOP('',(#4662,#4663,#4664,#4665));
#993=EDGE_LOOP('',(#4666,#4667,#4668,#4669));
#994=EDGE_LOOP('',(#4670,#4671,#4672,#4673));
#995=EDGE_LOOP('',(#4674,#4675,#4676,#4677));
#996=EDGE_LOOP('',(#4678,#4679,#4680,#4681));
#997=EDGE_LOOP('',(#4682,#4683,#4684,#4685));
#998=EDGE_LOOP('',(#4686,#4687,#4688,#4689));
#999=EDGE_LOOP('',(#4690,#4691,#4692,#4693));
#1000=EDGE_LOOP('',(#4694,#4695,#4696,#4697));
#1001=EDGE_LOOP('',(#4698,#4699,#4700,#4701,#4702,#4703,#4704,#4705,#4706,
#4707));
#1002=EDGE_LOOP('',(#4708,#4709,#4710,#4711,#4712,#4713,#4714,#4715));
#1003=EDGE_LOOP('',(#4716,#4717,#4718,#4719));
#1004=EDGE_LOOP('',(#4720,#4721,#4722,#4723));
#1005=EDGE_LOOP('',(#4724,#4725,#4726,#4727));
#1006=EDGE_LOOP('',(#4728,#4729,#4730,#4731));
#1007=EDGE_LOOP('',(#4732,#4733,#4734,#4735));
#1008=EDGE_LOOP('',(#4736,#4737,#4738,#4739));
#1009=EDGE_LOOP('',(#4740,#4741,#4742,#4743));
#1010=EDGE_LOOP('',(#4744,#4745,#4746,#4747));
#1011=EDGE_LOOP('',(#4748,#4749,#4750,#4751));
#1012=EDGE_LOOP('',(#4752,#4753,#4754,#4755));
#1013=EDGE_LOOP('',(#4756,#4757,#4758,#4759,#4760,#4761,#4762,#4763));
#1014=EDGE_LOOP('',(#4764,#4765,#4766,#4767));
#1015=EDGE_LOOP('',(#4768,#4769,#4770,#4771));
#1016=EDGE_LOOP('',(#4772,#4773,#4774,#4775,#4776,#4777,#4778,#4779,#4780,
#4781));
#1017=EDGE_LOOP('',(#4782,#4783,#4784,#4785));
#1018=EDGE_LOOP('',(#4786,#4787,#4788,#4789));
#1019=EDGE_LOOP('',(#4790,#4791,#4792,#4793));
#1020=EDGE_LOOP('',(#4794,#4795,#4796,#4797));
#1021=EDGE_LOOP('',(#4798,#4799,#4800,#4801));
#1022=EDGE_LOOP('',(#4802,#4803,#4804,#4805));
#1023=EDGE_LOOP('',(#4806,#4807,#4808,#4809));
#1024=EDGE_LOOP('',(#4810,#4811,#4812,#4813));
#1025=EDGE_LOOP('',(#4814,#4815,#4816,#4817));
#1026=EDGE_LOOP('',(#4818,#4819,#4820,#4821));
#1027=EDGE_LOOP('',(#4822,#4823,#4824,#4825));
#1028=EDGE_LOOP('',(#4826,#4827,#4828,#4829));
#1029=EDGE_LOOP('',(#4830,#4831,#4832,#4833));
#1030=EDGE_LOOP('',(#4834,#4835,#4836,#4837));
#1031=EDGE_LOOP('',(#4838,#4839,#4840,#4841,#4842,#4843,#4844,#4845,#4846,
#4847));
#1032=EDGE_LOOP('',(#4848,#4849,#4850,#4851));
#1033=EDGE_LOOP('',(#4852,#4853,#4854,#4855,#4856,#4857));
#1034=EDGE_LOOP('',(#4858,#4859,#4860,#4861,#4862,#4863));
#1035=EDGE_LOOP('',(#4864,#4865,#4866,#4867,#4868));
#1036=LINE('',#7362,#1481);
#1037=LINE('',#7368,#1482);
#1038=LINE('',#7374,#1483);
#1039=LINE('',#7379,#1484);
#1040=LINE('',#7381,#1485);
#1041=LINE('',#7383,#1486);
#1042=LINE('',#7384,#1487);
#1043=LINE('',#7390,#1488);
#1044=LINE('',#7393,#1489);
#1045=LINE('',#7395,#1490);
#1046=LINE('',#7396,#1491);
#1047=LINE('',#7402,#1492);
#1048=LINE('',#7405,#1493);
#1049=LINE('',#7407,#1494);
#1050=LINE('',#7408,#1495);
#1051=LINE('',#7414,#1496);
#1052=LINE('',#7417,#1497);
#1053=LINE('',#7419,#1498);
#1054=LINE('',#7420,#1499);
#1055=LINE('',#7426,#1500);
#1056=LINE('',#7429,#1501);
#1057=LINE('',#7431,#1502);
#1058=LINE('',#7432,#1503);
#1059=LINE('',#7438,#1504);
#1060=LINE('',#7441,#1505);
#1061=LINE('',#7443,#1506);
#1062=LINE('',#7444,#1507);
#1063=LINE('',#7454,#1508);
#1064=LINE('',#7466,#1509);
#1065=LINE('',#7473,#1510);
#1066=LINE('',#7481,#1511);
#1067=LINE('',#7493,#1512);
#1068=LINE('',#7500,#1513);
#1069=LINE('',#7508,#1514);
#1070=LINE('',#7520,#1515);
#1071=LINE('',#7527,#1516);
#1072=LINE('',#7541,#1517);
#1073=LINE('',#7549,#1518);
#1074=LINE('',#7561,#1519);
#1075=LINE('',#7573,#1520);
#1076=LINE('',#7581,#1521);
#1077=LINE('',#7593,#1522);
#1078=LINE('',#7605,#1523);
#1079=LINE('',#7615,#1524);
#1080=LINE('',#7623,#1525);
#1081=LINE('',#7631,#1526);
#1082=LINE('',#7639,#1527);
#1083=LINE('',#7647,#1528);
#1084=LINE('',#7650,#1529);
#1085=LINE('',#7653,#1530);
#1086=LINE('',#7655,#1531);
#1087=LINE('',#7656,#1532);
#1088=LINE('',#7660,#1533);
#1089=LINE('',#7662,#1534);
#1090=LINE('',#7664,#1535);
#1091=LINE('',#7665,#1536);
#1092=LINE('',#7668,#1537);
#1093=LINE('',#7670,#1538);
#1094=LINE('',#7671,#1539);
#1095=LINE('',#7676,#1540);
#1096=LINE('',#7684,#1541);
#1097=LINE('',#7686,#1542);
#1098=LINE('',#7687,#1543);
#1099=LINE('',#7690,#1544);
#1100=LINE('',#7692,#1545);
#1101=LINE('',#7696,#1546);
#1102=LINE('',#7697,#1547);
#1103=LINE('',#7708,#1548);
#1104=LINE('',#7715,#1549);
#1105=LINE('',#7716,#1550);
#1106=LINE('',#7719,#1551);
#1107=LINE('',#7720,#1552);
#1108=LINE('',#7723,#1553);
#1109=LINE('',#7724,#1554);
#1110=LINE('',#7727,#1555);
#1111=LINE('',#7728,#1556);
#1112=LINE('',#7732,#1557);
#1113=LINE('',#7735,#1558);
#1114=LINE('',#7737,#1559);
#1115=LINE('',#7738,#1560);
#1116=LINE('',#7741,#1561);
#1117=LINE('',#7744,#1562);
#1118=LINE('',#7746,#1563);
#1119=LINE('',#7752,#1564);
#1120=LINE('',#7756,#1565);
#1121=LINE('',#7759,#1566);
#1122=LINE('',#7760,#1567);
#1123=LINE('',#7764,#1568);
#1124=LINE('',#7774,#1569);
#1125=LINE('',#7783,#1570);
#1126=LINE('',#7784,#1571);
#1127=LINE('',#7785,#1572);
#1128=LINE('',#7789,#1573);
#1129=LINE('',#7794,#1574);
#1130=LINE('',#7796,#1575);
#1131=LINE('',#7798,#1576);
#1132=LINE('',#7799,#1577);
#1133=LINE('',#7802,#1578);
#1134=LINE('',#7804,#1579);
#1135=LINE('',#7805,#1580);
#1136=LINE('',#7809,#1581);
#1137=LINE('',#7813,#1582);
#1138=LINE('',#7816,#1583);
#1139=LINE('',#7817,#1584);
#1140=LINE('',#7820,#1585);
#1141=LINE('',#7823,#1586);
#1142=LINE('',#7827,#1587);
#1143=LINE('',#7831,#1588);
#1144=LINE('',#7836,#1589);
#1145=LINE('',#7837,#1590);
#1146=LINE('',#7838,#1591);
#1147=LINE('',#7853,#1592);
#1148=LINE('',#7855,#1593);
#1149=LINE('',#7857,#1594);
#1150=LINE('',#7858,#1595);
#1151=LINE('',#7861,#1596);
#1152=LINE('',#7863,#1597);
#1153=LINE('',#7864,#1598);
#1154=LINE('',#7866,#1599);
#1155=LINE('',#7868,#1600);
#1156=LINE('',#7869,#1601);
#1157=LINE('',#7872,#1602);
#1158=LINE('',#7875,#1603);
#1159=LINE('',#7877,#1604);
#1160=LINE('',#7879,#1605);
#1161=LINE('',#7881,#1606);
#1162=LINE('',#7883,#1607);
#1163=LINE('',#7885,#1608);
#1164=LINE('',#7886,#1609);
#1165=LINE('',#7890,#1610);
#1166=LINE('',#7892,#1611);
#1167=LINE('',#7893,#1612);
#1168=LINE('',#7896,#1613);
#1169=LINE('',#7897,#1614);
#1170=LINE('',#7900,#1615);
#1171=LINE('',#7901,#1616);
#1172=LINE('',#7905,#1617);
#1173=LINE('',#7911,#1618);
#1174=LINE('',#7917,#1619);
#1175=LINE('',#7921,#1620);
#1176=LINE('',#7922,#1621);
#1177=LINE('',#7926,#1622);
#1178=LINE('',#7930,#1623);
#1179=LINE('',#7935,#1624);
#1180=LINE('',#7941,#1625);
#1181=LINE('',#7945,#1626);
#1182=LINE('',#7946,#1627);
#1183=LINE('',#7949,#1628);
#1184=LINE('',#7950,#1629);
#1185=LINE('',#7953,#1630);
#1186=LINE('',#7957,#1631);
#1187=LINE('',#7961,#1632);
#1188=LINE('',#7965,#1633);
#1189=LINE('',#7967,#1634);
#1190=LINE('',#7968,#1635);
#1191=LINE('',#7972,#1636);
#1192=LINE('',#7979,#1637);
#1193=LINE('',#7986,#1638);
#1194=LINE('',#7993,#1639);
#1195=LINE('',#7995,#1640);
#1196=LINE('',#7997,#1641);
#1197=LINE('',#7999,#1642);
#1198=LINE('',#8001,#1643);
#1199=LINE('',#8003,#1644);
#1200=LINE('',#8005,#1645);
#1201=LINE('',#8007,#1646);
#1202=LINE('',#8010,#1647);
#1203=LINE('',#8012,#1648);
#1204=LINE('',#8014,#1649);
#1205=LINE('',#8019,#1650);
#1206=LINE('',#8021,#1651);
#1207=LINE('',#8023,#1652);
#1208=LINE('',#8024,#1653);
#1209=LINE('',#8028,#1654);
#1210=LINE('',#8034,#1655);
#1211=LINE('',#8035,#1656);
#1212=LINE('',#8036,#1657);
#1213=LINE('',#8040,#1658);
#1214=LINE('',#8077,#1659);
#1215=LINE('',#8088,#1660);
#1216=LINE('',#8124,#1661);
#1217=LINE('',#8128,#1662);
#1218=LINE('',#8132,#1663);
#1219=LINE('',#8134,#1664);
#1220=LINE('',#8135,#1665);
#1221=LINE('',#8140,#1666);
#1222=LINE('',#8144,#1667);
#1223=LINE('',#8146,#1668);
#1224=LINE('',#8147,#1669);
#1225=LINE('',#8152,#1670);
#1226=LINE('',#8156,#1671);
#1227=LINE('',#8158,#1672);
#1228=LINE('',#8159,#1673);
#1229=LINE('',#8210,#1674);
#1230=LINE('',#8219,#1675);
#1231=LINE('',#8253,#1676);
#1232=LINE('',#8257,#1677);
#1233=LINE('',#8262,#1678);
#1234=LINE('',#8263,#1679);
#1235=LINE('',#8264,#1680);
#1236=LINE('',#8268,#1681);
#1237=LINE('',#8274,#1682);
#1238=LINE('',#8275,#1683);
#1239=LINE('',#8276,#1684);
#1240=LINE('',#8303,#1685);
#1241=LINE('',#8333,#1686);
#1242=LINE('',#8336,#1687);
#1243=LINE('',#8337,#1688);
#1244=LINE('',#8340,#1689);
#1245=LINE('',#8344,#1690);
#1246=LINE('',#8345,#1691);
#1247=LINE('',#8348,#1692);
#1248=LINE('',#8352,#1693);
#1249=LINE('',#8353,#1694);
#1250=LINE('',#8356,#1695);
#1251=LINE('',#8385,#1696);
#1252=LINE('',#8387,#1697);
#1253=LINE('',#8389,#1698);
#1254=LINE('',#8393,#1699);
#1255=LINE('',#8397,#1700);
#1256=LINE('',#8400,#1701);
#1257=LINE('',#8403,#1702);
#1258=LINE('',#8404,#1703);
#1259=LINE('',#8407,#1704);
#1260=LINE('',#8411,#1705);
#1261=LINE('',#8412,#1706);
#1262=LINE('',#8416,#1707);
#1263=LINE('',#8418,#1708);
#1264=LINE('',#8420,#1709);
#1265=LINE('',#8421,#1710);
#1266=LINE('',#8426,#1711);
#1267=LINE('',#8430,#1712);
#1268=LINE('',#8432,#1713);
#1269=LINE('',#8433,#1714);
#1270=LINE('',#8438,#1715);
#1271=LINE('',#8442,#1716);
#1272=LINE('',#8444,#1717);
#1273=LINE('',#8445,#1718);
#1274=LINE('',#8450,#1719);
#1275=LINE('',#8454,#1720);
#1276=LINE('',#8456,#1721);
#1277=LINE('',#8457,#1722);
#1278=LINE('',#8462,#1723);
#1279=LINE('',#8466,#1724);
#1280=LINE('',#8468,#1725);
#1281=LINE('',#8469,#1726);
#1282=LINE('',#8487,#1727);
#1283=LINE('',#8489,#1728);
#1284=LINE('',#8555,#1729);
#1285=LINE('',#8566,#1730);
#1286=LINE('',#8589,#1731);
#1287=LINE('',#8592,#1732);
#1288=LINE('',#8595,#1733);
#1289=LINE('',#8596,#1734);
#1290=LINE('',#8599,#1735);
#1291=LINE('',#8603,#1736);
#1292=LINE('',#8604,#1737);
#1293=LINE('',#8607,#1738);
#1294=LINE('',#8611,#1739);
#1295=LINE('',#8612,#1740);
#1296=LINE('',#8615,#1741);
#1297=LINE('',#8684,#1742);
#1298=LINE('',#8686,#1743);
#1299=LINE('',#8733,#1744);
#1300=LINE('',#8739,#1745);
#1301=LINE('',#8786,#1746);
#1302=LINE('',#8788,#1747);
#1303=LINE('',#8790,#1748);
#1304=LINE('',#8794,#1749);
#1305=LINE('',#8798,#1750);
#1306=LINE('',#8800,#1751);
#1307=LINE('',#8802,#1752);
#1308=LINE('',#8803,#1753);
#1309=LINE('',#8806,#1754);
#1310=LINE('',#8809,#1755);
#1311=LINE('',#8812,#1756);
#1312=LINE('',#8813,#1757);
#1313=LINE('',#8818,#1758);
#1314=LINE('',#8824,#1759);
#1315=LINE('',#8828,#1760);
#1316=LINE('',#8834,#1761);
#1317=LINE('',#8841,#1762);
#1318=LINE('',#8842,#1763);
#1319=LINE('',#8852,#1764);
#1320=LINE('',#8856,#1765);
#1321=LINE('',#8857,#1766);
#1322=LINE('',#8862,#1767);
#1323=LINE('',#8865,#1768);
#1324=LINE('',#8868,#1769);
#1325=LINE('',#8869,#1770);
#1326=LINE('',#8872,#1771);
#1327=LINE('',#8878,#1772);
#1328=LINE('',#8885,#1773);
#1329=LINE('',#8886,#1774);
#1330=LINE('',#8898,#1775);
#1331=LINE('',#8902,#1776);
#1332=LINE('',#8904,#1777);
#1333=LINE('',#8905,#1778);
#1334=LINE('',#8910,#1779);
#1335=LINE('',#8911,#1780);
#1336=LINE('',#8915,#1781);
#1337=LINE('',#8917,#1782);
#1338=LINE('',#8919,#1783);
#1339=LINE('',#8921,#1784);
#1340=LINE('',#8922,#1785);
#1341=LINE('',#8925,#1786);
#1342=LINE('',#8926,#1787);
#1343=LINE('',#8929,#1788);
#1344=LINE('',#8933,#1789);
#1345=LINE('',#8934,#1790);
#1346=LINE('',#8938,#1791);
#1347=LINE('',#8940,#1792);
#1348=LINE('',#8941,#1793);
#1349=LINE('',#8945,#1794);
#1350=LINE('',#8947,#1795);
#1351=LINE('',#8950,#1796);
#1352=LINE('',#8952,#1797);
#1353=LINE('',#8953,#1798);
#1354=LINE('',#8966,#1799);
#1355=LINE('',#8969,#1800);
#1356=LINE('',#8979,#1801);
#1357=LINE('',#8982,#1802);
#1358=LINE('',#8985,#1803);
#1359=LINE('',#8989,#1804);
#1360=LINE('',#8990,#1805);
#1361=LINE('',#8991,#1806);
#1362=LINE('',#8995,#1807);
#1363=LINE('',#8996,#1808);
#1364=LINE('',#8997,#1809);
#1365=LINE('',#9001,#1810);
#1366=LINE('',#9002,#1811);
#1367=LINE('',#9004,#1812);
#1368=LINE('',#9005,#1813);
#1369=LINE('',#9006,#1814);
#1370=LINE('',#9009,#1815);
#1371=LINE('',#9013,#1816);
#1372=LINE('',#9017,#1817);
#1373=LINE('',#9021,#1818);
#1374=LINE('',#9024,#1819);
#1375=LINE('',#9028,#1820);
#1376=LINE('',#9033,#1821);
#1377=LINE('',#9037,#1822);
#1378=LINE('',#9041,#1823);
#1379=LINE('',#9045,#1824);
#1380=LINE('',#9049,#1825);
#1381=LINE('',#9053,#1826);
#1382=LINE('',#9057,#1827);
#1383=LINE('',#9061,#1828);
#1384=LINE('',#9066,#1829);
#1385=LINE('',#9075,#1830);
#1386=LINE('',#9078,#1831);
#1387=LINE('',#9082,#1832);
#1388=LINE('',#9083,#1833);
#1389=LINE('',#9086,#1834);
#1390=LINE('',#9093,#1835);
#1391=LINE('',#9107,#1836);
#1392=LINE('',#9138,#1837);
#1393=LINE('',#9161,#1838);
#1394=LINE('',#9178,#1839);
#1395=LINE('',#9181,#1840);
#1396=LINE('',#9194,#1841);
#1397=LINE('',#9198,#1842);
#1398=LINE('',#9208,#1843);
#1399=LINE('',#9225,#1844);
#1400=LINE('',#9253,#1845);
#1401=LINE('',#9257,#1846);
#1402=LINE('',#9260,#1847);
#1403=LINE('',#9264,#1848);
#1404=LINE('',#9265,#1849);
#1405=LINE('',#9268,#1850);
#1406=LINE('',#9269,#1851);
#1407=LINE('',#9272,#1852);
#1408=LINE('',#9273,#1853);
#1409=LINE('',#9277,#1854);
#1410=LINE('',#9298,#1855);
#1411=LINE('',#9339,#1856);
#1412=LINE('',#9343,#1857);
#1413=LINE('',#9362,#1858);
#1414=LINE('',#9399,#1859);
#1415=LINE('',#9426,#1860);
#1416=LINE('',#9429,#1861);
#1417=LINE('',#9430,#1862);
#1418=LINE('',#9432,#1863);
#1419=LINE('',#9435,#1864);
#1420=LINE('',#9438,#1865);
#1421=LINE('',#9441,#1866);
#1422=LINE('',#9444,#1867);
#1423=LINE('',#9447,#1868);
#1424=LINE('',#9450,#1869);
#1425=LINE('',#9452,#1870);
#1426=LINE('',#9454,#1871);
#1427=LINE('',#9457,#1872);
#1428=LINE('',#9461,#1873);
#1429=LINE('',#9462,#1874);
#1430=LINE('',#9465,#1875);
#1431=LINE('',#9469,#1876);
#1432=LINE('',#9473,#1877);
#1433=LINE('',#9474,#1878);
#1434=LINE('',#9477,#1879);
#1435=LINE('',#9480,#1880);
#1436=LINE('',#9482,#1881);
#1437=LINE('',#9484,#1882);
#1438=LINE('',#9489,#1883);
#1439=LINE('',#9490,#1884);
#1440=LINE('',#9492,#1885);
#1441=LINE('',#9496,#1886);
#1442=LINE('',#9497,#1887);
#1443=LINE('',#9500,#1888);
#1444=LINE('',#9501,#1889);
#1445=LINE('',#9503,#1890);
#1446=LINE('',#9505,#1891);
#1447=LINE('',#9507,#1892);
#1448=LINE('',#9509,#1893);
#1449=LINE('',#9511,#1894);
#1450=LINE('',#9514,#1895);
#1451=LINE('',#9516,#1896);
#1452=LINE('',#9518,#1897);
#1453=LINE('',#9519,#1898);
#1454=LINE('',#9522,#1899);
#1455=LINE('',#9523,#1900);
#1456=LINE('',#9526,#1901);
#1457=LINE('',#9528,#1902);
#1458=LINE('',#9529,#1903);
#1459=LINE('',#9534,#1904);
#1460=LINE('',#9538,#1905);
#1461=LINE('',#9544,#1906);
#1462=LINE('',#9548,#1907);
#1463=LINE('',#9550,#1908);
#1464=LINE('',#9551,#1909);
#1465=LINE('',#9556,#1910);
#1466=LINE('',#9559,#1911);
#1467=LINE('',#9560,#1912);
#1468=LINE('',#9562,#1913);
#1469=LINE('',#9565,#1914);
#1470=LINE('',#9566,#1915);
#1471=LINE('',#9568,#1916);
#1472=LINE('',#9572,#1917);
#1473=LINE('',#9576,#1918);
#1474=LINE('',#9577,#1919);
#1475=LINE('',#9581,#1920);
#1476=LINE('',#9584,#1921);
#1477=LINE('',#9587,#1922);
#1478=LINE('',#9589,#1923);
#1479=LINE('',#9592,#1924);
#1480=LINE('',#9594,#1925);
#1481=VECTOR('',#5845,0.0750000000000001);
#1482=VECTOR('',#5852,0.0750000000000002);
#1483=VECTOR('',#5859,0.075);
#1484=VECTOR('',#5864,1.);
#1485=VECTOR('',#5865,1.);
#1486=VECTOR('',#5866,1.);
#1487=VECTOR('',#5867,1.);
#1488=VECTOR('',#5874,1.);
#1489=VECTOR('',#5877,1.);
#1490=VECTOR('',#5878,1.);
#1491=VECTOR('',#5879,1.);
#1492=VECTOR('',#5886,1.);
#1493=VECTOR('',#5889,1.);
#1494=VECTOR('',#5890,1.);
#1495=VECTOR('',#5891,1.);
#1496=VECTOR('',#5898,1.);
#1497=VECTOR('',#5901,1.);
#1498=VECTOR('',#5902,1.);
#1499=VECTOR('',#5903,1.);
#1500=VECTOR('',#5910,1.);
#1501=VECTOR('',#5913,1.);
#1502=VECTOR('',#5914,1.);
#1503=VECTOR('',#5915,1.);
#1504=VECTOR('',#5922,1.);
#1505=VECTOR('',#5925,1.);
#1506=VECTOR('',#5926,1.);
#1507=VECTOR('',#5927,1.);
#1508=VECTOR('',#5942,0.15);
#1509=VECTOR('',#5957,0.15);
#1510=VECTOR('',#5966,0.075);
#1511=VECTOR('',#5977,0.15);
#1512=VECTOR('',#5992,0.15);
#1513=VECTOR('',#6001,0.075);
#1514=VECTOR('',#6012,0.15);
#1515=VECTOR('',#6027,0.15);
#1516=VECTOR('',#6036,0.075);
#1517=VECTOR('',#6055,0.65);
#1518=VECTOR('',#6066,0.05);
#1519=VECTOR('',#6081,0.05);
#1520=VECTOR('',#6096,0.05);
#1521=VECTOR('',#6107,0.05);
#1522=VECTOR('',#6122,0.05);
#1523=VECTOR('',#6137,0.05);
#1524=VECTOR('',#6152,0.05);
#1525=VECTOR('',#6163,0.05);
#1526=VECTOR('',#6174,0.15);
#1527=VECTOR('',#6185,0.15);
#1528=VECTOR('',#6194,1.);
#1529=VECTOR('',#6197,1.);
#1530=VECTOR('',#6200,1.);
#1531=VECTOR('',#6201,1.);
#1532=VECTOR('',#6202,1.);
#1533=VECTOR('',#6205,1.);
#1534=VECTOR('',#6206,1.);
#1535=VECTOR('',#6207,1.);
#1536=VECTOR('',#6208,1.);
#1537=VECTOR('',#6211,1.);
#1538=VECTOR('',#6212,1.);
#1539=VECTOR('',#6213,1.);
#1540=VECTOR('',#6218,1.);
#1541=VECTOR('',#6223,1.);
#1542=VECTOR('',#6224,1.);
#1543=VECTOR('',#6225,1.);
#1544=VECTOR('',#6228,1.);
#1545=VECTOR('',#6229,1.);
#1546=VECTOR('',#6234,1.);
#1547=VECTOR('',#6235,1.);
#1548=VECTOR('',#6246,1.);
#1549=VECTOR('',#6249,1.);
#1550=VECTOR('',#6250,1.);
#1551=VECTOR('',#6253,1.);
#1552=VECTOR('',#6254,1.);
#1553=VECTOR('',#6257,1.);
#1554=VECTOR('',#6258,1.);
#1555=VECTOR('',#6261,1.);
#1556=VECTOR('',#6262,1.);
#1557=VECTOR('',#6267,1.);
#1558=VECTOR('',#6270,1.);
#1559=VECTOR('',#6271,1.);
#1560=VECTOR('',#6272,1.);
#1561=VECTOR('',#6275,1.);
#1562=VECTOR('',#6278,1.);
#1563=VECTOR('',#6281,1.);
#1564=VECTOR('',#6284,1.);
#1565=VECTOR('',#6289,1.);
#1566=VECTOR('',#6292,1.);
#1567=VECTOR('',#6293,1.);
#1568=VECTOR('',#6298,1.);
#1569=VECTOR('',#6303,1.);
#1570=VECTOR('',#6308,1.);
#1571=VECTOR('',#6309,1.);
#1572=VECTOR('',#6310,1.);
#1573=VECTOR('',#6313,1.);
#1574=VECTOR('',#6320,1.);
#1575=VECTOR('',#6321,1.);
#1576=VECTOR('',#6322,1.);
#1577=VECTOR('',#6323,1.);
#1578=VECTOR('',#6326,1.);
#1579=VECTOR('',#6327,1.);
#1580=VECTOR('',#6328,1.);
#1581=VECTOR('',#6331,1.);
#1582=VECTOR('',#6334,1.);
#1583=VECTOR('',#6339,1.);
#1584=VECTOR('',#6340,1.);
#1585=VECTOR('',#6343,1.);
#1586=VECTOR('',#6346,1.);
#1587=VECTOR('',#6349,1.);
#1588=VECTOR('',#6352,1.);
#1589=VECTOR('',#6357,1.);
#1590=VECTOR('',#6358,1.);
#1591=VECTOR('',#6359,1.);
#1592=VECTOR('',#6368,1.);
#1593=VECTOR('',#6369,1.);
#1594=VECTOR('',#6370,1.);
#1595=VECTOR('',#6371,1.);
#1596=VECTOR('',#6374,1.);
#1597=VECTOR('',#6375,1.);
#1598=VECTOR('',#6376,1.);
#1599=VECTOR('',#6379,1.);
#1600=VECTOR('',#6380,1.);
#1601=VECTOR('',#6381,1.);
#1602=VECTOR('',#6384,1.);
#1603=VECTOR('',#6389,1.);
#1604=VECTOR('',#6392,1.);
#1605=VECTOR('',#6395,1.);
#1606=VECTOR('',#6398,1.);
#1607=VECTOR('',#6401,1.);
#1608=VECTOR('',#6404,1.);
#1609=VECTOR('',#6405,1.);
#1610=VECTOR('',#6410,1.);
#1611=VECTOR('',#6411,1.);
#1612=VECTOR('',#6412,1.);
#1613=VECTOR('',#6415,1.);
#1614=VECTOR('',#6416,1.);
#1615=VECTOR('',#6419,1.);
#1616=VECTOR('',#6420,1.);
#1617=VECTOR('',#6423,1.);
#1618=VECTOR('',#6430,1.);
#1619=VECTOR('',#6437,1.);
#1620=VECTOR('',#6444,1.);
#1621=VECTOR('',#6445,1.);
#1622=VECTOR('',#6448,1.);
#1623=VECTOR('',#6451,1.);
#1624=VECTOR('',#6456,1.);
#1625=VECTOR('',#6463,1.);
#1626=VECTOR('',#6470,1.);
#1627=VECTOR('',#6471,1.);
#1628=VECTOR('',#6474,1.);
#1629=VECTOR('',#6475,1.);
#1630=VECTOR('',#6478,1.);
#1631=VECTOR('',#6483,1.);
#1632=VECTOR('',#6488,1.);
#1633=VECTOR('',#6493,1.);
#1634=VECTOR('',#6494,1.);
#1635=VECTOR('',#6495,1.);
#1636=VECTOR('',#6498,1.);
#1637=VECTOR('',#6507,1.);
#1638=VECTOR('',#6518,1.);
#1639=VECTOR('',#6525,1.);
#1640=VECTOR('',#6528,1.);
#1641=VECTOR('',#6531,1.);
#1642=VECTOR('',#6534,1.);
#1643=VECTOR('',#6537,1.);
#1644=VECTOR('',#6540,1.);
#1645=VECTOR('',#6543,1.);
#1646=VECTOR('',#6546,1.);
#1647=VECTOR('',#6551,1.);
#1648=VECTOR('',#6554,1.);
#1649=VECTOR('',#6557,1.);
#1650=VECTOR('',#6562,1.);
#1651=VECTOR('',#6563,1.);
#1652=VECTOR('',#6564,1.);
#1653=VECTOR('',#6565,1.);
#1654=VECTOR('',#6568,1.);
#1655=VECTOR('',#6575,1.);
#1656=VECTOR('',#6576,1.);
#1657=VECTOR('',#6577,1.);
#1658=VECTOR('',#6580,1.);
#1659=VECTOR('',#6585,1.);
#1660=VECTOR('',#6586,1.);
#1661=VECTOR('',#6589,1.);
#1662=VECTOR('',#6592,1.);
#1663=VECTOR('',#6597,1.);
#1664=VECTOR('',#6598,1.);
#1665=VECTOR('',#6599,1.);
#1666=VECTOR('',#6604,1.);
#1667=VECTOR('',#6609,1.);
#1668=VECTOR('',#6610,1.);
#1669=VECTOR('',#6611,1.);
#1670=VECTOR('',#6616,1.);
#1671=VECTOR('',#6621,1.);
#1672=VECTOR('',#6622,1.);
#1673=VECTOR('',#6623,1.);
#1674=VECTOR('',#6624,1.);
#1675=VECTOR('',#6625,1.);
#1676=VECTOR('',#6628,1.);
#1677=VECTOR('',#6631,1.);
#1678=VECTOR('',#6636,1.);
#1679=VECTOR('',#6637,1.);
#1680=VECTOR('',#6638,1.);
#1681=VECTOR('',#6641,1.);
#1682=VECTOR('',#6648,1.);
#1683=VECTOR('',#6649,1.);
#1684=VECTOR('',#6650,1.);
#1685=VECTOR('',#6653,1.);
#1686=VECTOR('',#6656,1.);
#1687=VECTOR('',#6659,0.2597);
#1688=VECTOR('',#6660,1.);
#1689=VECTOR('',#6663,0.2597);
#1690=VECTOR('',#6668,1.);
#1691=VECTOR('',#6669,1.);
#1692=VECTOR('',#6672,0.2597);
#1693=VECTOR('',#6677,1.);
#1694=VECTOR('',#6678,1.);
#1695=VECTOR('',#6681,1.);
#1696=VECTOR('',#6686,1.);
#1697=VECTOR('',#6687,1.);
#1698=VECTOR('',#6688,1.);
#1699=VECTOR('',#6691,1.);
#1700=VECTOR('',#6694,1.);
#1701=VECTOR('',#6697,1.);
#1702=VECTOR('',#6700,0.398553451358929);
#1703=VECTOR('',#6701,1.);
#1704=VECTOR('',#6704,1.);
#1705=VECTOR('',#6709,0.398553451358928);
#1706=VECTOR('',#6710,1.);
#1707=VECTOR('',#6713,1.);
#1708=VECTOR('',#6714,1.);
#1709=VECTOR('',#6715,1.);
#1710=VECTOR('',#6716,1.);
#1711=VECTOR('',#6721,1.);
#1712=VECTOR('',#6726,1.);
#1713=VECTOR('',#6727,1.);
#1714=VECTOR('',#6728,1.);
#1715=VECTOR('',#6733,1.);
#1716=VECTOR('',#6738,1.);
#1717=VECTOR('',#6739,1.);
#1718=VECTOR('',#6740,1.);
#1719=VECTOR('',#6745,1.);
#1720=VECTOR('',#6750,1.);
#1721=VECTOR('',#6751,1.);
#1722=VECTOR('',#6752,1.);
#1723=VECTOR('',#6757,1.);
#1724=VECTOR('',#6762,1.);
#1725=VECTOR('',#6763,1.);
#1726=VECTOR('',#6764,1.);
#1727=VECTOR('',#6765,1.);
#1728=VECTOR('',#6766,1.);
#1729=VECTOR('',#6767,1.);
#1730=VECTOR('',#6768,1.);
#1731=VECTOR('',#6771,1.);
#1732=VECTOR('',#6774,1.);
#1733=VECTOR('',#6777,1.);
#1734=VECTOR('',#6778,1.);
#1735=VECTOR('',#6781,1.);
#1736=VECTOR('',#6786,1.);
#1737=VECTOR('',#6787,1.);
#1738=VECTOR('',#6790,1.);
#1739=VECTOR('',#6795,1.);
#1740=VECTOR('',#6796,1.);
#1741=VECTOR('',#6799,1.);
#1742=VECTOR('',#6802,1.);
#1743=VECTOR('',#6803,1.);
#1744=VECTOR('',#6804,1.);
#1745=VECTOR('',#6805,1.);
#1746=VECTOR('',#6808,1.);
#1747=VECTOR('',#6809,1.);
#1748=VECTOR('',#6810,1.);
#1749=VECTOR('',#6813,1.);
#1750=VECTOR('',#6816,1.);
#1751=VECTOR('',#6817,1.);
#1752=VECTOR('',#6818,1.);
#1753=VECTOR('',#6819,1.);
#1754=VECTOR('',#6822,1.);
#1755=VECTOR('',#6825,1.);
#1756=VECTOR('',#6828,1.);
#1757=VECTOR('',#6829,1.);
#1758=VECTOR('',#6832,1.);
#1759=VECTOR('',#6837,1.);
#1760=VECTOR('',#6842,1.);
#1761=VECTOR('',#6849,1.);
#1762=VECTOR('',#6852,1.);
#1763=VECTOR('',#6853,1.);
#1764=VECTOR('',#6860,1.);
#1765=VECTOR('',#6865,1.);
#1766=VECTOR('',#6866,1.);
#1767=VECTOR('',#6873,0.2);
#1768=VECTOR('',#6876,1.);
#1769=VECTOR('',#6879,0.2);
#1770=VECTOR('',#6880,1.);
#1771=VECTOR('',#6883,1.);
#1772=VECTOR('',#6890,1.);
#1773=VECTOR('',#6893,1.);
#1774=VECTOR('',#6894,1.);
#1775=VECTOR('',#6903,1.);
#1776=VECTOR('',#6908,1.);
#1777=VECTOR('',#6909,1.);
#1778=VECTOR('',#6910,1.);
#1779=VECTOR('',#6919,1.);
#1780=VECTOR('',#6920,1.);
#1781=VECTOR('',#6925,0.398553451358928);
#1782=VECTOR('',#6926,1.);
#1783=VECTOR('',#6927,1.);
#1784=VECTOR('',#6928,1.);
#1785=VECTOR('',#6929,1.);
#1786=VECTOR('',#6932,1.);
#1787=VECTOR('',#6933,1.);
#1788=VECTOR('',#6936,1.);
#1789=VECTOR('',#6941,1.);
#1790=VECTOR('',#6942,1.);
#1791=VECTOR('',#6947,1.);
#1792=VECTOR('',#6948,1.);
#1793=VECTOR('',#6949,1.);
#1794=VECTOR('',#6954,0.398553451358929);
#1795=VECTOR('',#6957,1.);
#1796=VECTOR('',#6960,1.);
#1797=VECTOR('',#6961,1.);
#1798=VECTOR('',#6962,1.);
#1799=VECTOR('',#6973,1.);
#1800=VECTOR('',#6976,1.);
#1801=VECTOR('',#6981,1.);
#1802=VECTOR('',#6984,1.);
#1803=VECTOR('',#6989,1.);
#1804=VECTOR('',#6992,1.);
#1805=VECTOR('',#6993,1.);
#1806=VECTOR('',#6994,1.);
#1807=VECTOR('',#6997,1.);
#1808=VECTOR('',#6998,1.);
#1809=VECTOR('',#6999,1.);
#1810=VECTOR('',#7002,1.);
#1811=VECTOR('',#7003,1.);
#1812=VECTOR('',#7004,1.);
#1813=VECTOR('',#7005,1.);
#1814=VECTOR('',#7006,1.);
#1815=VECTOR('',#7009,1.);
#1816=VECTOR('',#7012,1.);
#1817=VECTOR('',#7015,1.);
#1818=VECTOR('',#7018,1.);
#1819=VECTOR('',#7021,1.);
#1820=VECTOR('',#7024,1.);
#1821=VECTOR('',#7029,1.);
#1822=VECTOR('',#7032,1.);
#1823=VECTOR('',#7035,1.);
#1824=VECTOR('',#7038,1.);
#1825=VECTOR('',#7041,1.);
#1826=VECTOR('',#7044,1.);
#1827=VECTOR('',#7047,1.);
#1828=VECTOR('',#7050,1.);
#1829=VECTOR('',#7055,1.);
#1830=VECTOR('',#7056,1.);
#1831=VECTOR('',#7059,1.);
#1832=VECTOR('',#7064,1.);
#1833=VECTOR('',#7065,1.);
#1834=VECTOR('',#7068,1.);
#1835=VECTOR('',#7075,1.);
#1836=VECTOR('',#7078,1.);
#1837=VECTOR('',#7079,1.);
#1838=VECTOR('',#7080,1.);
#1839=VECTOR('',#7081,1.);
#1840=VECTOR('',#7084,1.);
#1841=VECTOR('',#7089,1.);
#1842=VECTOR('',#7094,1.);
#1843=VECTOR('',#7095,1.);
#1844=VECTOR('',#7096,1.);
#1845=VECTOR('',#7097,1.);
#1846=VECTOR('',#7102,1.);
#1847=VECTOR('',#7105,1.);
#1848=VECTOR('',#7110,1.);
#1849=VECTOR('',#7111,1.);
#1850=VECTOR('',#7114,1.);
#1851=VECTOR('',#7115,1.);
#1852=VECTOR('',#7118,1.);
#1853=VECTOR('',#7119,1.);
#1854=VECTOR('',#7122,1.);
#1855=VECTOR('',#7127,1.);
#1856=VECTOR('',#7134,1.);
#1857=VECTOR('',#7139,1.);
#1858=VECTOR('',#7142,1.);
#1859=VECTOR('',#7143,1.);
#1860=VECTOR('',#7146,1.);
#1861=VECTOR('',#7149,1.);
#1862=VECTOR('',#7150,1.);
#1863=VECTOR('',#7153,1.);
#1864=VECTOR('',#7156,1.);
#1865=VECTOR('',#7159,1.);
#1866=VECTOR('',#7162,1.);
#1867=VECTOR('',#7165,1.);
#1868=VECTOR('',#7168,1.);
#1869=VECTOR('',#7173,1.);
#1870=VECTOR('',#7176,1.);
#1871=VECTOR('',#7179,1.);
#1872=VECTOR('',#7182,1.);
#1873=VECTOR('',#7187,1.);
#1874=VECTOR('',#7188,1.);
#1875=VECTOR('',#7191,1.);
#1876=VECTOR('',#7196,1.);
#1877=VECTOR('',#7201,1.);
#1878=VECTOR('',#7202,1.);
#1879=VECTOR('',#7205,1.);
#1880=VECTOR('',#7210,1.);
#1881=VECTOR('',#7213,1.);
#1882=VECTOR('',#7216,1.);
#1883=VECTOR('',#7225,1.);
#1884=VECTOR('',#7226,1.);
#1885=VECTOR('',#7229,1.);
#1886=VECTOR('',#7234,1.);
#1887=VECTOR('',#7235,1.);
#1888=VECTOR('',#7238,1.);
#1889=VECTOR('',#7239,1.);
#1890=VECTOR('',#7242,1.);
#1891=VECTOR('',#7245,1.);
#1892=VECTOR('',#7248,1.);
#1893=VECTOR('',#7251,1.);
#1894=VECTOR('',#7254,1.);
#1895=VECTOR('',#7257,1.);
#1896=VECTOR('',#7258,1.);
#1897=VECTOR('',#7259,1.);
#1898=VECTOR('',#7260,1.);
#1899=VECTOR('',#7263,1.);
#1900=VECTOR('',#7264,1.);
#1901=VECTOR('',#7267,1.);
#1902=VECTOR('',#7268,1.);
#1903=VECTOR('',#7269,1.);
#1904=VECTOR('',#7274,1.);
#1905=VECTOR('',#7277,1.);
#1906=VECTOR('',#7284,1.);
#1907=VECTOR('',#7289,1.);
#1908=VECTOR('',#7290,1.);
#1909=VECTOR('',#7291,1.);
#1910=VECTOR('',#7296,1.);
#1911=VECTOR('',#7301,1.);
#1912=VECTOR('',#7302,1.);
#1913=VECTOR('',#7305,1.);
#1914=VECTOR('',#7310,1.);
#1915=VECTOR('',#7311,1.);
#1916=VECTOR('',#7314,1.);
#1917=VECTOR('',#7319,1.);
#1918=VECTOR('',#7324,1.);
#1919=VECTOR('',#7325,1.);
#1920=VECTOR('',#7330,1.);
#1921=VECTOR('',#7333,1.);
#1922=VECTOR('',#7338,1.);
#1923=VECTOR('',#7341,1.);
#1924=VECTOR('',#7346,1.);
#1925=VECTOR('',#7349,1.);
#1926=CIRCLE('',#5303,0.0750000000000001);
#1927=CIRCLE('',#5304,0.0750000000000001);
#1928=CIRCLE('',#5306,0.0750000000000002);
#1929=CIRCLE('',#5307,0.0750000000000002);
#1930=CIRCLE('',#5309,0.075);
#1931=CIRCLE('',#5310,0.075);
#1932=CIRCLE('',#5313,0.100000000000001);
#1933=CIRCLE('',#5314,0.100000000000001);
#1934=CIRCLE('',#5317,0.100000000000002);
#1935=CIRCLE('',#5318,0.100000000000002);
#1936=CIRCLE('',#5321,0.0999999999999996);
#1937=CIRCLE('',#5322,0.0999999999999996);
#1938=CIRCLE('',#5325,0.1);
#1939=CIRCLE('',#5326,0.1);
#1940=CIRCLE('',#5329,0.0999999999999996);
#1941=CIRCLE('',#5330,0.0999999999999996);
#1942=CIRCLE('',#5333,0.1);
#1943=CIRCLE('',#5334,0.1);
#1944=CIRCLE('',#5338,0.15);
#1945=CIRCLE('',#5339,0.15);
#1946=CIRCLE('',#5340,0.15);
#1947=CIRCLE('',#5342,0.0500000000000105);
#1948=CIRCLE('',#5343,0.15);
#1949=CIRCLE('',#5344,0.15);
#1950=CIRCLE('',#5346,0.15);
#1951=CIRCLE('',#5348,0.075);
#1952=CIRCLE('',#5350,0.075);
#1953=CIRCLE('',#5354,0.15);
#1954=CIRCLE('',#5355,0.15);
#1955=CIRCLE('',#5356,0.15);
#1956=CIRCLE('',#5358,0.0500000000000105);
#1957=CIRCLE('',#5359,0.15);
#1958=CIRCLE('',#5360,0.15);
#1959=CIRCLE('',#5362,0.15);
#1960=CIRCLE('',#5364,0.075);
#1961=CIRCLE('',#5366,0.075);
#1962=CIRCLE('',#5370,0.15);
#1963=CIRCLE('',#5371,0.15);
#1964=CIRCLE('',#5372,0.15);
#1965=CIRCLE('',#5374,0.0500000000000105);
#1966=CIRCLE('',#5375,0.15);
#1967=CIRCLE('',#5376,0.15);
#1968=CIRCLE('',#5378,0.15);
#1969=CIRCLE('',#5380,0.075);
#1970=CIRCLE('',#5382,0.075);
#1971=CIRCLE('',#5386,0.55);
#1972=CIRCLE('',#5387,0.1);
#1973=CIRCLE('',#5388,0.65);
#1974=CIRCLE('',#5389,0.65);
#1975=CIRCLE('',#5391,0.65);
#1976=CIRCLE('',#5395,0.05);
#1977=CIRCLE('',#5396,0.05);
#1978=CIRCLE('',#5397,0.05);
#1979=CIRCLE('',#5399,0.0500000000000005);
#1980=CIRCLE('',#5400,0.05);
#1981=CIRCLE('',#5401,0.05);
#1982=CIRCLE('',#5403,0.05);
#1983=CIRCLE('',#5404,0.05);
#1984=CIRCLE('',#5406,0.05);
#1985=CIRCLE('',#5407,0.05);
#1986=CIRCLE('',#5408,0.05);
#1987=CIRCLE('',#5410,0.05);
#1988=CIRCLE('',#5414,0.05);
#1989=CIRCLE('',#5415,0.05);
#1990=CIRCLE('',#5416,0.05);
#1991=CIRCLE('',#5418,0.0500000000000005);
#1992=CIRCLE('',#5419,0.05);
#1993=CIRCLE('',#5420,0.05);
#1994=CIRCLE('',#5422,0.05);
#1995=CIRCLE('',#5423,0.05);
#1996=CIRCLE('',#5425,0.05);
#1997=CIRCLE('',#5426,0.05);
#1998=CIRCLE('',#5427,0.05);
#1999=CIRCLE('',#5429,0.05);
#2000=CIRCLE('',#5433,0.05);
#2001=CIRCLE('',#5435,0.05);
#2002=CIRCLE('',#5438,0.05);
#2003=CIRCLE('',#5440,0.05);
#2004=CIRCLE('',#5443,0.15);
#2005=CIRCLE('',#5445,0.15);
#2006=CIRCLE('',#5448,0.15);
#2007=CIRCLE('',#5450,0.15);
#2008=CIRCLE('',#5454,0.15);
#2009=CIRCLE('',#5455,0.15);
#2010=CIRCLE('',#5460,0.31);
#2011=CIRCLE('',#5461,0.35);
#2012=CIRCLE('',#5464,0.19);
#2013=CIRCLE('',#5467,0.100000000000001);
#2014=CIRCLE('',#5468,0.14);
#2015=CIRCLE('',#5470,0.100000000000001);
#2016=CIRCLE('',#5476,0.35);
#2017=CIRCLE('',#5479,0.31);
#2018=CIRCLE('',#5483,0.14);
#2019=CIRCLE('',#5486,0.19);
#2020=CIRCLE('',#5488,0.100000000000001);
#2021=CIRCLE('',#5489,0.140000000000001);
#2022=CIRCLE('',#5492,0.19);
#2023=CIRCLE('',#5493,0.15);
#2024=CIRCLE('',#5497,0.31);
#2025=CIRCLE('',#5498,0.35);
#2026=CIRCLE('',#5501,0.35);
#2027=CIRCLE('',#5503,0.15);
#2028=CIRCLE('',#5504,0.19);
#2029=CIRCLE('',#5507,0.140000000000001);
#2030=CIRCLE('',#5508,0.100000000000001);
#2031=CIRCLE('',#5513,0.31);
#2032=CIRCLE('',#5525,0.26);
#2033=CIRCLE('',#5526,0.3);
#2034=CIRCLE('',#5528,0.73);
#2035=CIRCLE('',#5529,0.69);
#2036=CIRCLE('',#5531,0.26);
#2037=CIRCLE('',#5532,0.3);
#2038=CIRCLE('',#5535,0.14);
#2039=CIRCLE('',#5536,0.0999999999999998);
#2040=CIRCLE('',#5538,0.85);
#2041=CIRCLE('',#5539,0.89);
#2042=CIRCLE('',#5541,0.140000000000001);
#2043=CIRCLE('',#5542,0.100000000000001);
#2044=CIRCLE('',#5546,0.100000000000001);
#2045=CIRCLE('',#5548,0.89);
#2046=CIRCLE('',#5550,0.0999999999999998);
#2047=CIRCLE('',#5553,0.26);
#2048=CIRCLE('',#5554,0.3);
#2049=CIRCLE('',#5556,0.69);
#2050=CIRCLE('',#5557,0.73);
#2051=CIRCLE('',#5559,0.26);
#2052=CIRCLE('',#5560,0.3);
#2053=CIRCLE('',#5562,0.140000000000001);
#2054=CIRCLE('',#5563,0.85);
#2055=CIRCLE('',#5564,0.14);
#2056=CIRCLE('',#5579,0.378553451358929);
#2057=CIRCLE('',#5580,0.398553451358929);
#2058=CIRCLE('',#5583,0.378553451358927);
#2059=CIRCLE('',#5584,0.398553451358928);
#2060=CIRCLE('',#5586,0.22);
#2061=CIRCLE('',#5587,0.2);
#2062=CIRCLE('',#5590,0.2397);
#2063=CIRCLE('',#5591,0.2597);
#2064=CIRCLE('',#5594,0.2397);
#2065=CIRCLE('',#5595,0.2597);
#2066=CIRCLE('',#5598,0.398553451358928);
#2067=CIRCLE('',#5599,0.378553451358928);
#2068=CIRCLE('',#5602,0.378553451358929);
#2069=CIRCLE('',#5603,0.398553451358929);
#2070=CIRCLE('',#5606,0.2);
#2071=CIRCLE('',#5609,0.2597);
#2072=CIRCLE('',#5612,0.2597);
#2073=CIRCLE('',#5615,0.2);
#2074=CIRCLE('',#5617,0.0150000000000003);
#2075=CIRCLE('',#5618,0.0850000000000004);
#2076=CIRCLE('',#5619,0.135);
#2077=CIRCLE('',#5622,0.398553451358929);
#2078=CIRCLE('',#5626,0.14);
#2079=CIRCLE('',#5627,0.12);
#2080=CIRCLE('',#5630,0.139999999999998);
#2081=CIRCLE('',#5631,0.119999999999998);
#2082=CIRCLE('',#5634,0.139999999999999);
#2083=CIRCLE('',#5635,0.119999999999999);
#2084=CIRCLE('',#5638,0.139999999999999);
#2085=CIRCLE('',#5639,0.119999999999999);
#2086=CIRCLE('',#5642,0.22);
#2087=CIRCLE('',#5645,0.2397);
#2088=CIRCLE('',#5648,0.2397);
#2089=CIRCLE('',#5651,0.22);
#2090=CIRCLE('',#5653,0.378553451358926);
#2091=CIRCLE('',#5654,0.378553451358928);
#2092=CIRCLE('',#5656,0.119999999999997);
#2093=CIRCLE('',#5658,0.22);
#2094=CIRCLE('',#5659,0.22);
#2095=CIRCLE('',#5660,0.2);
#2096=CIRCLE('',#5661,0.2);
#2097=CIRCLE('',#5663,0.119999999999998);
#2098=CIRCLE('',#5665,0.2);
#2099=CIRCLE('',#5668,0.2);
#2100=CIRCLE('',#5670,0.18);
#2101=CIRCLE('',#5673,0.179999999999999);
#2102=CIRCLE('',#5675,0.2);
#2103=CIRCLE('',#5678,0.2);
#2104=CIRCLE('',#5680,0.22);
#2105=CIRCLE('',#5683,0.22);
#2106=CIRCLE('',#5685,0.2);
#2107=CIRCLE('',#5686,0.179999999999999);
#2108=CIRCLE('',#5689,0.18);
#2109=CIRCLE('',#5690,0.2);
#2110=CIRCLE('',#5696,0.398553451358928);
#2111=CIRCLE('',#5701,0.398553451358929);
#2112=CIRCLE('',#5705,0.119999999999997);
#2113=CIRCLE('',#5707,0.119999999999999);
#2114=CIRCLE('',#5711,0.119999999999998);
#2115=CIRCLE('',#5713,0.119999999999999);
#2116=CIRCLE('',#5719,0.14);
#2117=CIRCLE('',#5720,0.14);
#2118=CIRCLE('',#5721,0.14);
#2119=CIRCLE('',#5722,0.14);
#2120=CIRCLE('',#5724,0.358553451358926);
#2121=CIRCLE('',#5725,0.358553451358929);
#2122=CIRCLE('',#5726,0.358553451358928);
#2123=CIRCLE('',#5727,0.358553451358928);
#2124=CIRCLE('',#5728,0.358553451358929);
#2125=CIRCLE('',#5729,0.358553451358928);
#2126=CIRCLE('',#5730,0.14);
#2127=CIRCLE('',#5731,0.14);
#2128=CIRCLE('',#5732,0.14);
#2129=CIRCLE('',#5733,0.14);
#2130=CIRCLE('',#5736,0.398553451358926);
#2131=CIRCLE('',#5739,0.398553451358928);
#2132=CIRCLE('',#5741,0.1);
#2133=CIRCLE('',#5742,0.1);
#2134=CIRCLE('',#5744,0.14);
#2135=CIRCLE('',#5746,0.398553451358928);
#2136=CIRCLE('',#5749,0.14);
#2137=CIRCLE('',#5751,0.14);
#2138=CIRCLE('',#5756,0.1);
#2139=CIRCLE('',#5757,0.14);
#2140=CIRCLE('',#5759,0.398553451358926);
#2141=CIRCLE('',#5763,0.1);
#2142=CIRCLE('',#5768,0.0850000000000004);
#2143=CIRCLE('',#5770,0.0150000000000003);
#2144=CIRCLE('',#5772,0.135);
#2145=CIRCLE('',#5777,0.1);
#2146=CIRCLE('',#5780,0.1);
#2147=CIRCLE('',#5782,0.1);
#2148=CIRCLE('',#5785,0.1);
#2149=CIRCLE('',#5791,0.398553451358928);
#2150=CIRCLE('',#5806,0.135);
#2151=CIRCLE('',#5807,0.0850000000000005);
#2152=CIRCLE('',#5808,0.0150000000000003);
#2153=CIRCLE('',#5810,0.1);
#2154=CIRCLE('',#5811,0.1);
#2155=CIRCLE('',#5814,0.1);
#2156=CIRCLE('',#5815,0.1);
#2157=CIRCLE('',#5823,0.0150000000000003);
#2158=CIRCLE('',#5826,0.135);
#2159=CIRCLE('',#5828,0.0850000000000005);
#2160=VERTEX_POINT('',#7359);
#2161=VERTEX_POINT('',#7361);
#2162=VERTEX_POINT('',#7365);
#2163=VERTEX_POINT('',#7367);
#2164=VERTEX_POINT('',#7371);
#2165=VERTEX_POINT('',#7373);
#2166=VERTEX_POINT('',#7377);
#2167=VERTEX_POINT('',#7378);
#2168=VERTEX_POINT('',#7380);
#2169=VERTEX_POINT('',#7382);
#2170=VERTEX_POINT('',#7386);
#2171=VERTEX_POINT('',#7388);
#2172=VERTEX_POINT('',#7392);
#2173=VERTEX_POINT('',#7394);
#2174=VERTEX_POINT('',#7398);
#2175=VERTEX_POINT('',#7400);
#2176=VERTEX_POINT('',#7404);
#2177=VERTEX_POINT('',#7406);
#2178=VERTEX_POINT('',#7410);
#2179=VERTEX_POINT('',#7412);
#2180=VERTEX_POINT('',#7416);
#2181=VERTEX_POINT('',#7418);
#2182=VERTEX_POINT('',#7422);
#2183=VERTEX_POINT('',#7424);
#2184=VERTEX_POINT('',#7428);
#2185=VERTEX_POINT('',#7430);
#2186=VERTEX_POINT('',#7434);
#2187=VERTEX_POINT('',#7436);
#2188=VERTEX_POINT('',#7440);
#2189=VERTEX_POINT('',#7442);
#2190=VERTEX_POINT('',#7451);
#2191=VERTEX_POINT('',#7453);
#2192=VERTEX_POINT('',#7455);
#2193=VERTEX_POINT('',#7459);
#2194=VERTEX_POINT('',#7461);
#2195=VERTEX_POINT('',#7465);
#2196=VERTEX_POINT('',#7469);
#2197=VERTEX_POINT('',#7472);
#2198=VERTEX_POINT('',#7478);
#2199=VERTEX_POINT('',#7480);
#2200=VERTEX_POINT('',#7482);
#2201=VERTEX_POINT('',#7486);
#2202=VERTEX_POINT('',#7488);
#2203=VERTEX_POINT('',#7492);
#2204=VERTEX_POINT('',#7496);
#2205=VERTEX_POINT('',#7499);
#2206=VERTEX_POINT('',#7505);
#2207=VERTEX_POINT('',#7507);
#2208=VERTEX_POINT('',#7509);
#2209=VERTEX_POINT('',#7513);
#2210=VERTEX_POINT('',#7515);
#2211=VERTEX_POINT('',#7519);
#2212=VERTEX_POINT('',#7523);
#2213=VERTEX_POINT('',#7526);
#2214=VERTEX_POINT('',#7532);
#2215=VERTEX_POINT('',#7534);
#2216=VERTEX_POINT('',#7536);
#2217=VERTEX_POINT('',#7540);
#2218=VERTEX_POINT('',#7546);
#2219=VERTEX_POINT('',#7548);
#2220=VERTEX_POINT('',#7550);
#2221=VERTEX_POINT('',#7554);
#2222=VERTEX_POINT('',#7556);
#2223=VERTEX_POINT('',#7560);
#2224=VERTEX_POINT('',#7562);
#2225=VERTEX_POINT('',#7566);
#2226=VERTEX_POINT('',#7568);
#2227=VERTEX_POINT('',#7572);
#2228=VERTEX_POINT('',#7578);
#2229=VERTEX_POINT('',#7580);
#2230=VERTEX_POINT('',#7582);
#2231=VERTEX_POINT('',#7586);
#2232=VERTEX_POINT('',#7588);
#2233=VERTEX_POINT('',#7592);
#2234=VERTEX_POINT('',#7594);
#2235=VERTEX_POINT('',#7598);
#2236=VERTEX_POINT('',#7600);
#2237=VERTEX_POINT('',#7604);
#2238=VERTEX_POINT('',#7610);
#2239=VERTEX_POINT('',#7613);
#2240=VERTEX_POINT('',#7618);
#2241=VERTEX_POINT('',#7621);
#2242=VERTEX_POINT('',#7626);
#2243=VERTEX_POINT('',#7629);
#2244=VERTEX_POINT('',#7634);
#2245=VERTEX_POINT('',#7637);
#2246=VERTEX_POINT('',#7643);
#2247=VERTEX_POINT('',#7644);
#2248=VERTEX_POINT('',#7646);
#2249=VERTEX_POINT('',#7648);
#2250=VERTEX_POINT('',#7652);
#2251=VERTEX_POINT('',#7654);
#2252=VERTEX_POINT('',#7658);
#2253=VERTEX_POINT('',#7659);
#2254=VERTEX_POINT('',#7661);
#2255=VERTEX_POINT('',#7663);
#2256=VERTEX_POINT('',#7667);
#2257=VERTEX_POINT('',#7669);
#2258=VERTEX_POINT('',#7673);
#2259=VERTEX_POINT('',#7675);
#2260=VERTEX_POINT('',#7679);
#2261=VERTEX_POINT('',#7680);
#2262=VERTEX_POINT('',#7685);
#2263=VERTEX_POINT('',#7689);
#2264=VERTEX_POINT('',#7691);
#2265=VERTEX_POINT('',#7695);
#2266=VERTEX_POINT('',#7699);
#2267=VERTEX_POINT('',#7706);
#2268=VERTEX_POINT('',#7710);
#2269=VERTEX_POINT('',#7714);
#2270=VERTEX_POINT('',#7718);
#2271=VERTEX_POINT('',#7722);
#2272=VERTEX_POINT('',#7726);
#2273=VERTEX_POINT('',#7730);
#2274=VERTEX_POINT('',#7734);
#2275=VERTEX_POINT('',#7736);
#2276=VERTEX_POINT('',#7740);
#2277=VERTEX_POINT('',#7742);
#2278=VERTEX_POINT('',#7748);
#2279=VERTEX_POINT('',#7754);
#2280=VERTEX_POINT('',#7758);
#2281=VERTEX_POINT('',#7762);
#2282=VERTEX_POINT('',#7766);
#2283=VERTEX_POINT('',#7767);
#2284=VERTEX_POINT('',#7771);
#2285=VERTEX_POINT('',#7773);
#2286=VERTEX_POINT('',#7775);
#2287=VERTEX_POINT('',#7781);
#2288=VERTEX_POINT('',#7782);
#2289=VERTEX_POINT('',#7787);
#2290=VERTEX_POINT('',#7788);
#2291=VERTEX_POINT('',#7793);
#2292=VERTEX_POINT('',#7795);
#2293=VERTEX_POINT('',#7797);
#2294=VERTEX_POINT('',#7801);
#2295=VERTEX_POINT('',#7803);
#2296=VERTEX_POINT('',#7807);
#2297=VERTEX_POINT('',#7808);
#2298=VERTEX_POINT('',#7810);
#2299=VERTEX_POINT('',#7812);
#2300=VERTEX_POINT('',#7819);
#2301=VERTEX_POINT('',#7821);
#2302=VERTEX_POINT('',#7825);
#2303=VERTEX_POINT('',#7826);
#2304=VERTEX_POINT('',#7828);
#2305=VERTEX_POINT('',#7830);
#2306=VERTEX_POINT('',#7834);
#2307=VERTEX_POINT('',#7835);
#2308=VERTEX_POINT('',#7840);
#2309=VERTEX_POINT('',#7841);
#2310=VERTEX_POINT('',#7846);
#2311=VERTEX_POINT('',#7852);
#2312=VERTEX_POINT('',#7854);
#2313=VERTEX_POINT('',#7856);
#2314=VERTEX_POINT('',#7860);
#2315=VERTEX_POINT('',#7862);
#2316=VERTEX_POINT('',#7867);
#2317=VERTEX_POINT('',#7871);
#2318=VERTEX_POINT('',#7889);
#2319=VERTEX_POINT('',#7891);
#2320=VERTEX_POINT('',#7895);
#2321=VERTEX_POINT('',#7899);
#2322=VERTEX_POINT('',#7903);
#2323=VERTEX_POINT('',#7904);
#2324=VERTEX_POINT('',#7909);
#2325=VERTEX_POINT('',#7910);
#2326=VERTEX_POINT('',#7915);
#2327=VERTEX_POINT('',#7916);
#2328=VERTEX_POINT('',#7924);
#2329=VERTEX_POINT('',#7925);
#2330=VERTEX_POINT('',#7927);
#2331=VERTEX_POINT('',#7929);
#2332=VERTEX_POINT('',#7933);
#2333=VERTEX_POINT('',#7934);
#2334=VERTEX_POINT('',#7939);
#2335=VERTEX_POINT('',#7940);
#2336=VERTEX_POINT('',#7948);
#2337=VERTEX_POINT('',#7952);
#2338=VERTEX_POINT('',#7956);
#2339=VERTEX_POINT('',#7960);
#2340=VERTEX_POINT('',#7964);
#2341=VERTEX_POINT('',#7966);
#2342=VERTEX_POINT('',#7970);
#2343=VERTEX_POINT('',#7971);
#2344=VERTEX_POINT('',#7976);
#2345=VERTEX_POINT('',#7978);
#2346=VERTEX_POINT('',#7985);
#2347=VERTEX_POINT('',#7987);
#2348=VERTEX_POINT('',#7989);
#2349=VERTEX_POINT('',#7991);
#2350=VERTEX_POINT('',#8017);
#2351=VERTEX_POINT('',#8018);
#2352=VERTEX_POINT('',#8020);
#2353=VERTEX_POINT('',#8022);
#2354=VERTEX_POINT('',#8026);
#2355=VERTEX_POINT('',#8027);
#2356=VERTEX_POINT('',#8032);
#2357=VERTEX_POINT('',#8033);
#2358=VERTEX_POINT('',#8038);
#2359=VERTEX_POINT('',#8039);
#2360=VERTEX_POINT('',#8075);
#2361=VERTEX_POINT('',#8076);
#2362=VERTEX_POINT('',#8078);
#2363=VERTEX_POINT('',#8087);
#2364=VERTEX_POINT('',#8122);
#2365=VERTEX_POINT('',#8123);
#2366=VERTEX_POINT('',#8125);
#2367=VERTEX_POINT('',#8127);
#2368=VERTEX_POINT('',#8131);
#2369=VERTEX_POINT('',#8133);
#2370=VERTEX_POINT('',#8137);
#2371=VERTEX_POINT('',#8139);
#2372=VERTEX_POINT('',#8143);
#2373=VERTEX_POINT('',#8145);
#2374=VERTEX_POINT('',#8149);
#2375=VERTEX_POINT('',#8151);
#2376=VERTEX_POINT('',#8155);
#2377=VERTEX_POINT('',#8157);
#2378=VERTEX_POINT('',#8208);
#2379=VERTEX_POINT('',#8209);
#2380=VERTEX_POINT('',#8211);
#2381=VERTEX_POINT('',#8218);
#2382=VERTEX_POINT('',#8251);
#2383=VERTEX_POINT('',#8252);
#2384=VERTEX_POINT('',#8254);
#2385=VERTEX_POINT('',#8256);
#2386=VERTEX_POINT('',#8260);
#2387=VERTEX_POINT('',#8261);
#2388=VERTEX_POINT('',#8266);
#2389=VERTEX_POINT('',#8267);
#2390=VERTEX_POINT('',#8272);
#2391=VERTEX_POINT('',#8273);
#2392=VERTEX_POINT('',#8302);
#2393=VERTEX_POINT('',#8304);
#2394=VERTEX_POINT('',#8306);
#2395=VERTEX_POINT('',#8313);
#2396=VERTEX_POINT('',#8323);
#2397=VERTEX_POINT('',#8328);
#2398=VERTEX_POINT('',#8335);
#2399=VERTEX_POINT('',#8339);
#2400=VERTEX_POINT('',#8343);
#2401=VERTEX_POINT('',#8347);
#2402=VERTEX_POINT('',#8351);
#2403=VERTEX_POINT('',#8355);
#2404=VERTEX_POINT('',#8357);
#2405=VERTEX_POINT('',#8362);
#2406=VERTEX_POINT('',#8367);
#2407=VERTEX_POINT('',#8377);
#2408=VERTEX_POINT('',#8384);
#2409=VERTEX_POINT('',#8386);
#2410=VERTEX_POINT('',#8388);
#2411=VERTEX_POINT('',#8390);
#2412=VERTEX_POINT('',#8392);
#2413=VERTEX_POINT('',#8394);
#2414=VERTEX_POINT('',#8396);
#2415=VERTEX_POINT('',#8398);
#2416=VERTEX_POINT('',#8402);
#2417=VERTEX_POINT('',#8406);
#2418=VERTEX_POINT('',#8410);
#2419=VERTEX_POINT('',#8414);
#2420=VERTEX_POINT('',#8415);
#2421=VERTEX_POINT('',#8417);
#2422=VERTEX_POINT('',#8419);
#2423=VERTEX_POINT('',#8423);
#2424=VERTEX_POINT('',#8425);
#2425=VERTEX_POINT('',#8429);
#2426=VERTEX_POINT('',#8431);
#2427=VERTEX_POINT('',#8435);
#2428=VERTEX_POINT('',#8437);
#2429=VERTEX_POINT('',#8441);
#2430=VERTEX_POINT('',#8443);
#2431=VERTEX_POINT('',#8447);
#2432=VERTEX_POINT('',#8449);
#2433=VERTEX_POINT('',#8453);
#2434=VERTEX_POINT('',#8455);
#2435=VERTEX_POINT('',#8459);
#2436=VERTEX_POINT('',#8461);
#2437=VERTEX_POINT('',#8465);
#2438=VERTEX_POINT('',#8467);
#2439=VERTEX_POINT('',#8486);
#2440=VERTEX_POINT('',#8488);
#2441=VERTEX_POINT('',#8554);
#2442=VERTEX_POINT('',#8556);
#2443=VERTEX_POINT('',#8588);
#2444=VERTEX_POINT('',#8590);
#2445=VERTEX_POINT('',#8594);
#2446=VERTEX_POINT('',#8598);
#2447=VERTEX_POINT('',#8602);
#2448=VERTEX_POINT('',#8606);
#2449=VERTEX_POINT('',#8610);
#2450=VERTEX_POINT('',#8614);
#2451=VERTEX_POINT('',#8683);
#2452=VERTEX_POINT('',#8685);
#2453=VERTEX_POINT('',#8732);
#2454=VERTEX_POINT('',#8734);
#2455=VERTEX_POINT('',#8785);
#2456=VERTEX_POINT('',#8787);
#2457=VERTEX_POINT('',#8789);
#2458=VERTEX_POINT('',#8791);
#2459=VERTEX_POINT('',#8793);
#2460=VERTEX_POINT('',#8795);
#2461=VERTEX_POINT('',#8797);
#2462=VERTEX_POINT('',#8799);
#2463=VERTEX_POINT('',#8801);
#2464=VERTEX_POINT('',#8805);
#2465=VERTEX_POINT('',#8807);
#2466=VERTEX_POINT('',#8811);
#2467=VERTEX_POINT('',#8814);
#2468=VERTEX_POINT('',#8815);
#2469=VERTEX_POINT('',#8817);
#2470=VERTEX_POINT('',#8819);
#2471=VERTEX_POINT('',#8821);
#2472=VERTEX_POINT('',#8823);
#2473=VERTEX_POINT('',#8827);
#2474=VERTEX_POINT('',#8831);
#2475=VERTEX_POINT('',#8832);
#2476=VERTEX_POINT('',#8840);
#2477=VERTEX_POINT('',#8844);
#2478=VERTEX_POINT('',#8851);
#2479=VERTEX_POINT('',#8855);
#2480=VERTEX_POINT('',#8861);
#2481=VERTEX_POINT('',#8863);
#2482=VERTEX_POINT('',#8867);
#2483=VERTEX_POINT('',#8871);
#2484=VERTEX_POINT('',#8875);
#2485=VERTEX_POINT('',#8876);
#2486=VERTEX_POINT('',#8884);
#2487=VERTEX_POINT('',#8888);
#2488=VERTEX_POINT('',#8895);
#2489=VERTEX_POINT('',#8897);
#2490=VERTEX_POINT('',#8901);
#2491=VERTEX_POINT('',#8903);
#2492=VERTEX_POINT('',#8914);
#2493=VERTEX_POINT('',#8916);
#2494=VERTEX_POINT('',#8918);
#2495=VERTEX_POINT('',#8920);
#2496=VERTEX_POINT('',#8924);
#2497=VERTEX_POINT('',#8928);
#2498=VERTEX_POINT('',#8932);
#2499=VERTEX_POINT('',#8937);
#2500=VERTEX_POINT('',#8939);
#2501=VERTEX_POINT('',#8943);
#2502=VERTEX_POINT('',#8949);
#2503=VERTEX_POINT('',#8951);
#2504=VERTEX_POINT('',#8957);
#2505=VERTEX_POINT('',#8959);
#2506=VERTEX_POINT('',#8961);
#2507=VERTEX_POINT('',#8968);
#2508=VERTEX_POINT('',#8970);
#2509=VERTEX_POINT('',#8975);
#2510=VERTEX_POINT('',#8977);
#2511=VERTEX_POINT('',#8981);
#2512=VERTEX_POINT('',#8987);
#2513=VERTEX_POINT('',#8988);
#2514=VERTEX_POINT('',#8993);
#2515=VERTEX_POINT('',#8994);
#2516=VERTEX_POINT('',#8999);
#2517=VERTEX_POINT('',#9000);
#2518=VERTEX_POINT('',#9003);
#2519=VERTEX_POINT('',#9008);
#2520=VERTEX_POINT('',#9010);
#2521=VERTEX_POINT('',#9012);
#2522=VERTEX_POINT('',#9014);
#2523=VERTEX_POINT('',#9016);
#2524=VERTEX_POINT('',#9018);
#2525=VERTEX_POINT('',#9020);
#2526=VERTEX_POINT('',#9022);
#2527=VERTEX_POINT('',#9026);
#2528=VERTEX_POINT('',#9027);
#2529=VERTEX_POINT('',#9030);
#2530=VERTEX_POINT('',#9032);
#2531=VERTEX_POINT('',#9034);
#2532=VERTEX_POINT('',#9036);
#2533=VERTEX_POINT('',#9038);
#2534=VERTEX_POINT('',#9040);
#2535=VERTEX_POINT('',#9042);
#2536=VERTEX_POINT('',#9044);
#2537=VERTEX_POINT('',#9046);
#2538=VERTEX_POINT('',#9048);
#2539=VERTEX_POINT('',#9050);
#2540=VERTEX_POINT('',#9052);
#2541=VERTEX_POINT('',#9054);
#2542=VERTEX_POINT('',#9056);
#2543=VERTEX_POINT('',#9058);
#2544=VERTEX_POINT('',#9060);
#2545=VERTEX_POINT('',#9064);
#2546=VERTEX_POINT('',#9065);
#2547=VERTEX_POINT('',#9067);
#2548=VERTEX_POINT('',#9077);
#2549=VERTEX_POINT('',#9081);
#2550=VERTEX_POINT('',#9085);
#2551=VERTEX_POINT('',#9089);
#2552=VERTEX_POINT('',#9090);
#2553=VERTEX_POINT('',#9092);
#2554=VERTEX_POINT('',#9094);
#2555=VERTEX_POINT('',#9096);
#2556=VERTEX_POINT('',#9101);
#2557=VERTEX_POINT('',#9106);
#2558=VERTEX_POINT('',#9128);
#2559=VERTEX_POINT('',#9129);
#2560=VERTEX_POINT('',#9180);
#2561=VERTEX_POINT('',#9184);
#2562=VERTEX_POINT('',#9185);
#2563=VERTEX_POINT('',#9193);
#2564=VERTEX_POINT('',#9197);
#2565=VERTEX_POINT('',#9199);
#2566=VERTEX_POINT('',#9226);
#2567=VERTEX_POINT('',#9255);
#2568=VERTEX_POINT('',#9259);
#2569=VERTEX_POINT('',#9263);
#2570=VERTEX_POINT('',#9267);
#2571=VERTEX_POINT('',#9271);
#2572=VERTEX_POINT('',#9275);
#2573=VERTEX_POINT('',#9276);
#2574=VERTEX_POINT('',#9296);
#2575=VERTEX_POINT('',#9297);
#2576=VERTEX_POINT('',#9327);
#2577=VERTEX_POINT('',#9342);
#2578=VERTEX_POINT('',#9361);
#2579=VERTEX_POINT('',#9383);
#2580=VERTEX_POINT('',#9394);
#2581=VERTEX_POINT('',#9416);
#2582=VERTEX_POINT('',#9428);
#2583=VERTEX_POINT('',#9434);
#2584=VERTEX_POINT('',#9436);
#2585=VERTEX_POINT('',#9440);
#2586=VERTEX_POINT('',#9442);
#2587=VERTEX_POINT('',#9446);
#2588=VERTEX_POINT('',#9456);
#2589=VERTEX_POINT('',#9460);
#2590=VERTEX_POINT('',#9464);
#2591=VERTEX_POINT('',#9468);
#2592=VERTEX_POINT('',#9472);
#2593=VERTEX_POINT('',#9476);
#2594=VERTEX_POINT('',#9495);
#2595=VERTEX_POINT('',#9499);
#2596=VERTEX_POINT('',#9513);
#2597=VERTEX_POINT('',#9515);
#2598=VERTEX_POINT('',#9517);
#2599=VERTEX_POINT('',#9521);
#2600=VERTEX_POINT('',#9525);
#2601=VERTEX_POINT('',#9527);
#2602=VERTEX_POINT('',#9531);
#2603=VERTEX_POINT('',#9533);
#2604=VERTEX_POINT('',#9535);
#2605=VERTEX_POINT('',#9537);
#2606=VERTEX_POINT('',#9541);
#2607=VERTEX_POINT('',#9543);
#2608=VERTEX_POINT('',#9547);
#2609=VERTEX_POINT('',#9549);
#2610=VERTEX_POINT('',#9553);
#2611=VERTEX_POINT('',#9555);
#2612=VERTEX_POINT('',#9571);
#2613=VERTEX_POINT('',#9575);
#2614=VERTEX_POINT('',#9579);
#2615=VERTEX_POINT('',#9583);
#2616=EDGE_CURVE('',#2160,#2160,#1926,.T.);
#2617=EDGE_CURVE('',#2160,#2161,#1036,.T.);
#2618=EDGE_CURVE('',#2161,#2161,#1927,.T.);
#2619=EDGE_CURVE('',#2162,#2162,#1928,.T.);
#2620=EDGE_CURVE('',#2162,#2163,#1037,.T.);
#2621=EDGE_CURVE('',#2163,#2163,#1929,.T.);
#2622=EDGE_CURVE('',#2164,#2164,#1930,.T.);
#2623=EDGE_CURVE('',#2164,#2165,#1038,.T.);
#2624=EDGE_CURVE('',#2165,#2165,#1931,.T.);
#2625=EDGE_CURVE('',#2166,#2167,#1039,.T.);
#2626=EDGE_CURVE('',#2166,#2168,#1040,.T.);
#2627=EDGE_CURVE('',#2169,#2168,#1041,.T.);
#2628=EDGE_CURVE('',#2167,#2169,#1042,.T.);
#2629=EDGE_CURVE('',#2170,#2167,#1932,.T.);
#2630=EDGE_CURVE('',#2171,#2169,#1933,.T.);
#2631=EDGE_CURVE('',#2170,#2171,#1043,.T.);
#2632=EDGE_CURVE('',#2170,#2172,#1044,.T.);
#2633=EDGE_CURVE('',#2173,#2171,#1045,.T.);
#2634=EDGE_CURVE('',#2172,#2173,#1046,.T.);
#2635=EDGE_CURVE('',#2174,#2172,#1934,.T.);
#2636=EDGE_CURVE('',#2175,#2173,#1935,.T.);
#2637=EDGE_CURVE('',#2174,#2175,#1047,.T.);
#2638=EDGE_CURVE('',#2174,#2176,#1048,.T.);
#2639=EDGE_CURVE('',#2177,#2175,#1049,.T.);
#2640=EDGE_CURVE('',#2176,#2177,#1050,.T.);
#2641=EDGE_CURVE('',#2178,#2176,#1936,.T.);
#2642=EDGE_CURVE('',#2179,#2177,#1937,.T.);
#2643=EDGE_CURVE('',#2178,#2179,#1051,.T.);
#2644=EDGE_CURVE('',#2178,#2180,#1052,.T.);
#2645=EDGE_CURVE('',#2181,#2179,#1053,.T.);
#2646=EDGE_CURVE('',#2180,#2181,#1054,.T.);
#2647=EDGE_CURVE('',#2182,#2180,#1938,.T.);
#2648=EDGE_CURVE('',#2183,#2181,#1939,.T.);
#2649=EDGE_CURVE('',#2182,#2183,#1055,.T.);
#2650=EDGE_CURVE('',#2182,#2184,#1056,.T.);
#2651=EDGE_CURVE('',#2185,#2183,#1057,.T.);
#2652=EDGE_CURVE('',#2184,#2185,#1058,.T.);
#2653=EDGE_CURVE('',#2186,#2184,#1940,.T.);
#2654=EDGE_CURVE('',#2187,#2185,#1941,.T.);
#2655=EDGE_CURVE('',#2186,#2187,#1059,.T.);
#2656=EDGE_CURVE('',#2186,#2188,#1060,.T.);
#2657=EDGE_CURVE('',#2189,#2187,#1061,.T.);
#2658=EDGE_CURVE('',#2188,#2189,#1062,.T.);
#2659=EDGE_CURVE('',#2166,#2188,#1942,.T.);
#2660=EDGE_CURVE('',#2168,#2189,#1943,.T.);
#2661=EDGE_CURVE('',#2190,#2190,#1944,.T.);
#2662=EDGE_CURVE('',#2190,#2191,#1063,.T.);
#2663=EDGE_CURVE('',#2192,#2191,#1945,.T.);
#2664=EDGE_CURVE('',#2191,#2192,#1946,.T.);
#2665=EDGE_CURVE('',#2192,#2193,#1947,.T.);
#2666=EDGE_CURVE('',#2194,#2193,#1948,.T.);
#2667=EDGE_CURVE('',#2193,#2194,#1949,.T.);
#2668=EDGE_CURVE('',#2194,#2195,#1064,.T.);
#2669=EDGE_CURVE('',#2195,#2195,#1950,.T.);
#2670=EDGE_CURVE('',#2196,#2196,#1951,.T.);
#2671=EDGE_CURVE('',#2196,#2197,#1065,.T.);
#2672=EDGE_CURVE('',#2197,#2197,#1952,.T.);
#2673=EDGE_CURVE('',#2198,#2198,#1953,.T.);
#2674=EDGE_CURVE('',#2198,#2199,#1066,.T.);
#2675=EDGE_CURVE('',#2200,#2199,#1954,.T.);
#2676=EDGE_CURVE('',#2199,#2200,#1955,.T.);
#2677=EDGE_CURVE('',#2200,#2201,#1956,.T.);
#2678=EDGE_CURVE('',#2202,#2201,#1957,.T.);
#2679=EDGE_CURVE('',#2201,#2202,#1958,.T.);
#2680=EDGE_CURVE('',#2202,#2203,#1067,.T.);
#2681=EDGE_CURVE('',#2203,#2203,#1959,.T.);
#2682=EDGE_CURVE('',#2204,#2204,#1960,.T.);
#2683=EDGE_CURVE('',#2204,#2205,#1068,.T.);
#2684=EDGE_CURVE('',#2205,#2205,#1961,.T.);
#2685=EDGE_CURVE('',#2206,#2206,#1962,.T.);
#2686=EDGE_CURVE('',#2206,#2207,#1069,.T.);
#2687=EDGE_CURVE('',#2207,#2208,#1963,.T.);
#2688=EDGE_CURVE('',#2208,#2207,#1964,.T.);
#2689=EDGE_CURVE('',#2208,#2209,#1965,.T.);
#2690=EDGE_CURVE('',#2209,#2210,#1966,.T.);
#2691=EDGE_CURVE('',#2210,#2209,#1967,.T.);
#2692=EDGE_CURVE('',#2210,#2211,#1070,.T.);
#2693=EDGE_CURVE('',#2211,#2211,#1968,.T.);
#2694=EDGE_CURVE('',#2212,#2212,#1969,.T.);
#2695=EDGE_CURVE('',#2212,#2213,#1071,.T.);
#2696=EDGE_CURVE('',#2213,#2213,#1970,.T.);
#2697=EDGE_CURVE('',#2214,#2214,#1971,.T.);
#2698=EDGE_CURVE('',#2214,#2215,#1972,.T.);
#2699=EDGE_CURVE('',#2215,#2216,#1973,.T.);
#2700=EDGE_CURVE('',#2216,#2215,#1974,.T.);
#2701=EDGE_CURVE('',#2216,#2217,#1072,.T.);
#2702=EDGE_CURVE('',#2217,#2217,#1975,.T.);
#2703=EDGE_CURVE('',#2218,#2218,#1976,.T.);
#2704=EDGE_CURVE('',#2218,#2219,#1073,.T.);
#2705=EDGE_CURVE('',#2219,#2220,#1977,.T.);
#2706=EDGE_CURVE('',#2220,#2219,#1978,.T.);
#2707=EDGE_CURVE('',#2220,#2221,#1979,.T.);
#2708=EDGE_CURVE('',#2221,#2222,#1980,.T.);
#2709=EDGE_CURVE('',#2222,#2221,#1981,.T.);
#2710=EDGE_CURVE('',#2222,#2223,#1074,.T.);
#2711=EDGE_CURVE('',#2223,#2224,#1982,.T.);
#2712=EDGE_CURVE('',#2224,#2223,#1983,.T.);
#2713=EDGE_CURVE('',#2224,#2225,#1984,.T.);
#2714=EDGE_CURVE('',#2225,#2226,#1985,.T.);
#2715=EDGE_CURVE('',#2226,#2225,#1986,.T.);
#2716=EDGE_CURVE('',#2226,#2227,#1075,.T.);
#2717=EDGE_CURVE('',#2227,#2227,#1987,.T.);
#2718=EDGE_CURVE('',#2228,#2228,#1988,.T.);
#2719=EDGE_CURVE('',#2228,#2229,#1076,.T.);
#2720=EDGE_CURVE('',#2230,#2229,#1989,.T.);
#2721=EDGE_CURVE('',#2229,#2230,#1990,.T.);
#2722=EDGE_CURVE('',#2230,#2231,#1991,.T.);
#2723=EDGE_CURVE('',#2232,#2231,#1992,.T.);
#2724=EDGE_CURVE('',#2231,#2232,#1993,.T.);
#2725=EDGE_CURVE('',#2232,#2233,#1077,.T.);
#2726=EDGE_CURVE('',#2234,#2233,#1994,.T.);
#2727=EDGE_CURVE('',#2233,#2234,#1995,.T.);
#2728=EDGE_CURVE('',#2234,#2235,#1996,.T.);
#2729=EDGE_CURVE('',#2236,#2235,#1997,.T.);
#2730=EDGE_CURVE('',#2235,#2236,#1998,.T.);
#2731=EDGE_CURVE('',#2236,#2237,#1078,.T.);
#2732=EDGE_CURVE('',#2237,#2237,#1999,.T.);
#2733=EDGE_CURVE('',#2238,#2238,#2000,.T.);
#2734=EDGE_CURVE('',#2239,#2239,#2001,.T.);
#2735=EDGE_CURVE('',#2239,#2238,#1079,.T.);
#2736=EDGE_CURVE('',#2240,#2240,#2002,.T.);
#2737=EDGE_CURVE('',#2241,#2241,#2003,.T.);
#2738=EDGE_CURVE('',#2241,#2240,#1080,.T.);
#2739=EDGE_CURVE('',#2242,#2242,#2004,.T.);
#2740=EDGE_CURVE('',#2243,#2243,#2005,.T.);
#2741=EDGE_CURVE('',#2243,#2242,#1081,.T.);
#2742=EDGE_CURVE('',#2244,#2244,#2006,.T.);
#2743=EDGE_CURVE('',#2245,#2245,#2007,.T.);
#2744=EDGE_CURVE('',#2245,#2244,#1082,.T.);
#2745=EDGE_CURVE('',#2246,#2247,#2008,.T.);
#2746=EDGE_CURVE('',#2248,#2246,#1083,.T.);
#2747=EDGE_CURVE('',#2249,#2248,#2009,.T.);
#2748=EDGE_CURVE('',#2249,#2247,#1084,.T.);
#2749=EDGE_CURVE('',#2247,#2250,#1085,.T.);
#2750=EDGE_CURVE('',#2251,#2249,#1086,.T.);
#2751=EDGE_CURVE('',#2251,#2250,#1087,.T.);
#2752=EDGE_CURVE('',#2252,#2253,#1088,.T.);
#2753=EDGE_CURVE('',#2253,#2254,#1089,.T.);
#2754=EDGE_CURVE('',#2254,#2255,#1090,.T.);
#2755=EDGE_CURVE('',#2252,#2255,#1091,.T.);
#2756=EDGE_CURVE('',#2255,#2256,#1092,.T.);
#2757=EDGE_CURVE('',#2257,#2256,#1093,.T.);
#2758=EDGE_CURVE('',#2257,#2252,#1094,.T.);
#2759=EDGE_CURVE('',#2256,#2258,#2010,.T.);
#2760=EDGE_CURVE('',#2259,#2258,#1095,.T.);
#2761=EDGE_CURVE('',#2259,#2257,#2011,.T.);
#2762=EDGE_CURVE('',#2260,#2261,#107,.T.);
#2763=EDGE_CURVE('',#2260,#2254,#1096,.T.);
#2764=EDGE_CURVE('',#2253,#2262,#1097,.T.);
#2765=EDGE_CURVE('',#2262,#2261,#1098,.T.);
#2766=EDGE_CURVE('',#2249,#2263,#1099,.T.);
#2767=EDGE_CURVE('',#2248,#2264,#1100,.T.);
#2768=EDGE_CURVE('',#2264,#2263,#2012,.T.);
#2769=EDGE_CURVE('',#2251,#2265,#1101,.T.);
#2770=EDGE_CURVE('',#2263,#2265,#1102,.T.);
#2771=EDGE_CURVE('',#2261,#2266,#108,.T.);
#2772=EDGE_CURVE('',#2266,#2251,#2013,.T.);
#2773=EDGE_CURVE('',#2265,#2260,#2014,.T.);
#2774=EDGE_CURVE('',#2250,#2267,#2015,.T.);
#2775=EDGE_CURVE('',#2266,#2267,#1103,.T.);
#2776=EDGE_CURVE('',#2267,#2268,#109,.T.);
#2777=EDGE_CURVE('',#2262,#2269,#1104,.T.);
#2778=EDGE_CURVE('',#2268,#2269,#1105,.T.);
#2779=EDGE_CURVE('',#2269,#2270,#1106,.T.);
#2780=EDGE_CURVE('',#2253,#2270,#1107,.T.);
#2781=EDGE_CURVE('',#2270,#2271,#1108,.T.);
#2782=EDGE_CURVE('',#2252,#2271,#1109,.T.);
#2783=EDGE_CURVE('',#2271,#2272,#1110,.T.);
#2784=EDGE_CURVE('',#2257,#2272,#1111,.T.);
#2785=EDGE_CURVE('',#2272,#2273,#2016,.T.);
#2786=EDGE_CURVE('',#2259,#2273,#1112,.T.);
#2787=EDGE_CURVE('',#2274,#2271,#1113,.T.);
#2788=EDGE_CURVE('',#2274,#2275,#1114,.T.);
#2789=EDGE_CURVE('',#2275,#2270,#1115,.T.);
#2790=EDGE_CURVE('',#2273,#2276,#1116,.T.);
#2791=EDGE_CURVE('',#2276,#2277,#2017,.T.);
#2792=EDGE_CURVE('',#2272,#2277,#1117,.T.);
#2793=EDGE_CURVE('',#2277,#2274,#1118,.T.);
#2794=EDGE_CURVE('',#2268,#2278,#110,.T.);
#2795=EDGE_CURVE('',#2275,#2278,#1119,.T.);
#2796=EDGE_CURVE('',#2278,#2279,#2018,.T.);
#2797=EDGE_CURVE('',#2250,#2279,#1120,.T.);
#2798=EDGE_CURVE('',#2279,#2280,#1121,.T.);
#2799=EDGE_CURVE('',#2247,#2280,#1122,.T.);
#2800=EDGE_CURVE('',#2280,#2281,#2019,.T.);
#2801=EDGE_CURVE('',#2246,#2281,#1123,.T.);
#2802=EDGE_CURVE('',#2282,#2283,#111,.T.);
#2803=EDGE_CURVE('',#2283,#2284,#2020,.T.);
#2804=EDGE_CURVE('',#2284,#2285,#1124,.T.);
#2805=EDGE_CURVE('',#2285,#2286,#2021,.T.);
#2806=EDGE_CURVE('',#2286,#2282,#112,.T.);
#2807=EDGE_CURVE('',#2287,#2288,#1125,.T.);
#2808=EDGE_CURVE('',#2288,#2285,#1126,.T.);
#2809=EDGE_CURVE('',#2284,#2287,#1127,.T.);
#2810=EDGE_CURVE('',#2289,#2290,#1128,.T.);
#2811=EDGE_CURVE('',#2290,#2288,#2022,.T.);
#2812=EDGE_CURVE('',#2287,#2289,#2023,.T.);
#2813=EDGE_CURVE('',#2286,#2291,#1129,.T.);
#2814=EDGE_CURVE('',#2291,#2292,#1130,.T.);
#2815=EDGE_CURVE('',#2292,#2293,#1131,.T.);
#2816=EDGE_CURVE('',#2293,#2282,#1132,.T.);
#2817=EDGE_CURVE('',#2294,#2292,#1133,.T.);
#2818=EDGE_CURVE('',#2291,#2295,#1134,.T.);
#2819=EDGE_CURVE('',#2295,#2294,#1135,.T.);
#2820=EDGE_CURVE('',#2296,#2297,#1136,.T.);
#2821=EDGE_CURVE('',#2297,#2298,#2024,.T.);
#2822=EDGE_CURVE('',#2299,#2298,#1137,.T.);
#2823=EDGE_CURVE('',#2299,#2296,#2025,.T.);
#2824=EDGE_CURVE('',#2295,#2297,#1138,.T.);
#2825=EDGE_CURVE('',#2296,#2294,#1139,.T.);
#2826=EDGE_CURVE('',#2300,#2299,#1140,.T.);
#2827=EDGE_CURVE('',#2301,#2300,#2026,.T.);
#2828=EDGE_CURVE('',#2301,#2296,#1141,.T.);
#2829=EDGE_CURVE('',#2302,#2303,#1142,.T.);
#2830=EDGE_CURVE('',#2302,#2304,#2027,.T.);
#2831=EDGE_CURVE('',#2304,#2305,#1143,.T.);
#2832=EDGE_CURVE('',#2305,#2303,#2028,.T.);
#2833=EDGE_CURVE('',#2306,#2307,#1144,.T.);
#2834=EDGE_CURVE('',#2307,#2305,#1145,.T.);
#2835=EDGE_CURVE('',#2304,#2306,#1146,.T.);
#2836=EDGE_CURVE('',#2308,#2309,#113,.T.);
#2837=EDGE_CURVE('',#2309,#2307,#2029,.T.);
#2838=EDGE_CURVE('',#2306,#2310,#2030,.T.);
#2839=EDGE_CURVE('',#2310,#2308,#114,.T.);
#2840=EDGE_CURVE('',#2308,#2311,#1147,.T.);
#2841=EDGE_CURVE('',#2311,#2312,#1148,.T.);
#2842=EDGE_CURVE('',#2312,#2313,#1149,.T.);
#2843=EDGE_CURVE('',#2313,#2309,#1150,.T.);
#2844=EDGE_CURVE('',#2312,#2314,#1151,.T.);
#2845=EDGE_CURVE('',#2314,#2315,#1152,.T.);
#2846=EDGE_CURVE('',#2315,#2313,#1153,.T.);
#2847=EDGE_CURVE('',#2314,#2301,#1154,.T.);
#2848=EDGE_CURVE('',#2301,#2316,#1155,.T.);
#2849=EDGE_CURVE('',#2316,#2315,#1156,.T.);
#2850=EDGE_CURVE('',#2300,#2317,#1157,.T.);
#2851=EDGE_CURVE('',#2317,#2316,#2031,.T.);
#2852=EDGE_CURVE('',#2314,#2294,#1158,.T.);
#2853=EDGE_CURVE('',#2312,#2292,#1159,.T.);
#2854=EDGE_CURVE('',#2311,#2293,#1160,.T.);
#2855=EDGE_CURVE('',#2310,#2283,#1161,.T.);
#2856=EDGE_CURVE('',#2306,#2284,#1162,.T.);
#2857=EDGE_CURVE('',#2304,#2287,#1163,.T.);
#2858=EDGE_CURVE('',#2302,#2289,#1164,.T.);
#2859=EDGE_CURVE('',#2289,#2318,#1165,.T.);
#2860=EDGE_CURVE('',#2318,#2319,#1166,.T.);
#2861=EDGE_CURVE('',#2319,#2290,#1167,.T.);
#2862=EDGE_CURVE('',#2320,#2302,#1168,.T.);
#2863=EDGE_CURVE('',#2320,#2318,#1169,.T.);
#2864=EDGE_CURVE('',#2303,#2321,#1170,.T.);
#2865=EDGE_CURVE('',#2320,#2321,#1171,.T.);
#2866=EDGE_CURVE('',#2322,#2323,#1172,.T.);
#2867=EDGE_CURVE('',#2323,#2319,#2032,.T.);
#2868=EDGE_CURVE('',#2318,#2322,#2033,.T.);
#2869=EDGE_CURVE('',#2324,#2325,#1173,.T.);
#2870=EDGE_CURVE('',#2325,#2323,#2034,.T.);
#2871=EDGE_CURVE('',#2322,#2324,#2035,.T.);
#2872=EDGE_CURVE('',#2326,#2327,#1174,.T.);
#2873=EDGE_CURVE('',#2327,#2325,#2036,.T.);
#2874=EDGE_CURVE('',#2324,#2326,#2037,.T.);
#2875=EDGE_CURVE('',#2281,#2327,#1175,.T.);
#2876=EDGE_CURVE('',#2326,#2246,#1176,.T.);
#2877=EDGE_CURVE('',#2328,#2329,#1177,.T.);
#2878=EDGE_CURVE('',#2329,#2330,#2038,.T.);
#2879=EDGE_CURVE('',#2331,#2330,#1178,.T.);
#2880=EDGE_CURVE('',#2331,#2328,#2039,.T.);
#2881=EDGE_CURVE('',#2332,#2333,#1179,.T.);
#2882=EDGE_CURVE('',#2333,#2329,#2040,.T.);
#2883=EDGE_CURVE('',#2328,#2332,#2041,.T.);
#2884=EDGE_CURVE('',#2334,#2335,#1180,.T.);
#2885=EDGE_CURVE('',#2335,#2333,#2042,.T.);
#2886=EDGE_CURVE('',#2332,#2334,#2043,.T.);
#2887=EDGE_CURVE('',#2298,#2335,#1181,.T.);
#2888=EDGE_CURVE('',#2334,#2299,#1182,.T.);
#2889=EDGE_CURVE('',#2336,#2334,#1183,.T.);
#2890=EDGE_CURVE('',#2300,#2336,#1184,.T.);
#2891=EDGE_CURVE('',#2337,#2332,#1185,.T.);
#2892=EDGE_CURVE('',#2336,#2337,#2044,.T.);
#2893=EDGE_CURVE('',#2338,#2328,#1186,.T.);
#2894=EDGE_CURVE('',#2337,#2338,#2045,.T.);
#2895=EDGE_CURVE('',#2339,#2331,#1187,.T.);
#2896=EDGE_CURVE('',#2338,#2339,#2046,.T.);
#2897=EDGE_CURVE('',#2248,#2340,#1188,.T.);
#2898=EDGE_CURVE('',#2340,#2341,#1189,.T.);
#2899=EDGE_CURVE('',#2341,#2264,#1190,.T.);
#2900=EDGE_CURVE('',#2342,#2343,#1191,.T.);
#2901=EDGE_CURVE('',#2343,#2341,#2047,.T.);
#2902=EDGE_CURVE('',#2340,#2342,#2048,.T.);
#2903=EDGE_CURVE('',#2342,#2344,#2049,.T.);
#2904=EDGE_CURVE('',#2344,#2345,#1192,.T.);
#2905=EDGE_CURVE('',#2345,#2343,#2050,.T.);
#2906=EDGE_CURVE('',#2321,#2345,#2051,.T.);
#2907=EDGE_CURVE('',#2344,#2320,#2052,.T.);
#2908=EDGE_CURVE('',#2346,#2317,#1193,.T.);
#2909=EDGE_CURVE('',#2347,#2346,#2053,.T.);
#2910=EDGE_CURVE('',#2348,#2347,#2054,.T.);
#2911=EDGE_CURVE('',#2349,#2348,#2055,.T.);
#2912=EDGE_CURVE('',#2258,#2349,#1194,.T.);
#2913=EDGE_CURVE('',#2336,#2346,#1195,.T.);
#2914=EDGE_CURVE('',#2337,#2347,#1196,.T.);
#2915=EDGE_CURVE('',#2338,#2348,#1197,.T.);
#2916=EDGE_CURVE('',#2339,#2349,#1198,.T.);
#2917=EDGE_CURVE('',#2340,#2326,#1199,.T.);
#2918=EDGE_CURVE('',#2342,#2324,#1200,.T.);
#2919=EDGE_CURVE('',#2344,#2322,#1201,.T.);
#2920=EDGE_CURVE('',#2339,#2259,#1202,.T.);
#2921=EDGE_CURVE('',#2273,#2331,#1203,.T.);
#2922=EDGE_CURVE('',#2330,#2276,#1204,.T.);
#2923=EDGE_CURVE('',#2350,#2351,#1205,.T.);
#2924=EDGE_CURVE('',#2351,#2352,#1206,.T.);
#2925=EDGE_CURVE('',#2352,#2353,#1207,.T.);
#2926=EDGE_CURVE('',#2353,#2350,#1208,.T.);
#2927=EDGE_CURVE('',#2354,#2355,#1209,.T.);
#2928=EDGE_CURVE('',#2355,#2353,#2056,.T.);
#2929=EDGE_CURVE('',#2352,#2354,#2057,.T.);
#2930=EDGE_CURVE('',#2356,#2357,#1210,.T.);
#2931=EDGE_CURVE('',#2357,#2355,#1211,.T.);
#2932=EDGE_CURVE('',#2354,#2356,#1212,.T.);
#2933=EDGE_CURVE('',#2358,#2359,#1213,.T.);
#2934=EDGE_CURVE('',#2359,#2357,#2058,.T.);
#2935=EDGE_CURVE('',#2356,#2358,#2059,.T.);
#2936=EDGE_CURVE('',#2360,#2361,#1214,.T.);
#2937=EDGE_CURVE('',#2361,#2362,#21,.T.);
#2938=EDGE_CURVE('',#2362,#2363,#1215,.T.);
#2939=EDGE_CURVE('',#2363,#2360,#22,.T.);
#2940=EDGE_CURVE('',#2362,#2359,#23,.T.);
#2941=EDGE_CURVE('',#2358,#2363,#24,.T.);
#2942=EDGE_CURVE('',#2364,#2365,#1216,.T.);
#2943=EDGE_CURVE('',#2365,#2366,#2060,.T.);
#2944=EDGE_CURVE('',#2366,#2367,#1217,.T.);
#2945=EDGE_CURVE('',#2367,#2364,#2061,.T.);
#2946=EDGE_CURVE('',#2366,#2368,#1218,.T.);
#2947=EDGE_CURVE('',#2368,#2369,#1219,.T.);
#2948=EDGE_CURVE('',#2369,#2367,#1220,.T.);
#2949=EDGE_CURVE('',#2368,#2370,#2062,.T.);
#2950=EDGE_CURVE('',#2370,#2371,#1221,.T.);
#2951=EDGE_CURVE('',#2371,#2369,#2063,.T.);
#2952=EDGE_CURVE('',#2370,#2372,#1222,.T.);
#2953=EDGE_CURVE('',#2372,#2373,#1223,.T.);
#2954=EDGE_CURVE('',#2373,#2371,#1224,.T.);
#2955=EDGE_CURVE('',#2372,#2374,#2064,.T.);
#2956=EDGE_CURVE('',#2374,#2375,#1225,.T.);
#2957=EDGE_CURVE('',#2375,#2373,#2065,.T.);
#2958=EDGE_CURVE('',#2374,#2376,#1226,.T.);
#2959=EDGE_CURVE('',#2376,#2377,#1227,.T.);
#2960=EDGE_CURVE('',#2377,#2375,#1228,.T.);
#2961=EDGE_CURVE('',#2364,#2361,#25,.T.);
#2962=EDGE_CURVE('',#2360,#2365,#26,.T.);
#2963=EDGE_CURVE('',#2378,#2379,#1229,.T.);
#2964=EDGE_CURVE('',#2379,#2380,#27,.T.);
#2965=EDGE_CURVE('',#2380,#2381,#1230,.T.);
#2966=EDGE_CURVE('',#2381,#2378,#28,.T.);
#2967=EDGE_CURVE('',#2378,#2377,#29,.T.);
#2968=EDGE_CURVE('',#2376,#2379,#30,.T.);
#2969=EDGE_CURVE('',#2382,#2383,#1231,.T.);
#2970=EDGE_CURVE('',#2383,#2384,#2066,.T.);
#2971=EDGE_CURVE('',#2384,#2385,#1232,.T.);
#2972=EDGE_CURVE('',#2385,#2382,#2067,.T.);
#2973=EDGE_CURVE('',#2386,#2387,#1233,.T.);
#2974=EDGE_CURVE('',#2387,#2385,#1234,.T.);
#2975=EDGE_CURVE('',#2384,#2386,#1235,.T.);
#2976=EDGE_CURVE('',#2388,#2389,#1236,.T.);
#2977=EDGE_CURVE('',#2389,#2387,#2068,.T.);
#2978=EDGE_CURVE('',#2386,#2388,#2069,.T.);
#2979=EDGE_CURVE('',#2390,#2391,#1237,.T.);
#2980=EDGE_CURVE('',#2391,#2389,#1238,.T.);
#2981=EDGE_CURVE('',#2388,#2390,#1239,.T.);
#2982=EDGE_CURVE('',#2382,#2381,#31,.T.);
#2983=EDGE_CURVE('',#2380,#2383,#32,.T.);
#2984=EDGE_CURVE('',#2367,#2392,#1240,.T.);
#2985=EDGE_CURVE('',#2393,#2392,#2070,.T.);
#2986=EDGE_CURVE('',#2394,#2393,#33,.T.);
#2987=EDGE_CURVE('',#2395,#2394,#34,.T.);
#2988=EDGE_CURVE('',#2396,#2395,#35,.T.);
#2989=EDGE_CURVE('',#2397,#2396,#36,.T.);
#2990=EDGE_CURVE('',#2397,#2359,#1241,.T.);
#2991=EDGE_CURVE('',#2369,#2398,#1242,.T.);
#2992=EDGE_CURVE('',#2392,#2398,#1243,.T.);
#2993=EDGE_CURVE('',#2371,#2399,#1244,.T.);
#2994=EDGE_CURVE('',#2398,#2399,#2071,.T.);
#2995=EDGE_CURVE('',#2373,#2400,#1245,.T.);
#2996=EDGE_CURVE('',#2399,#2400,#1246,.T.);
#2997=EDGE_CURVE('',#2375,#2401,#1247,.T.);
#2998=EDGE_CURVE('',#2400,#2401,#2072,.T.);
#2999=EDGE_CURVE('',#2402,#2377,#1248,.T.);
#3000=EDGE_CURVE('',#2401,#2402,#1249,.T.);
#3001=EDGE_CURVE('',#2382,#2403,#1250,.T.);
#3002=EDGE_CURVE('',#2404,#2403,#37,.T.);
#3003=EDGE_CURVE('',#2405,#2404,#38,.T.);
#3004=EDGE_CURVE('',#2406,#2405,#39,.T.);
#3005=EDGE_CURVE('',#2407,#2406,#40,.T.);
#3006=EDGE_CURVE('',#2402,#2407,#2073,.T.);
#3007=EDGE_CURVE('',#2390,#2408,#1251,.T.);
#3008=EDGE_CURVE('',#2409,#2408,#1252,.T.);
#3009=EDGE_CURVE('',#2409,#2410,#1253,.T.);
#3010=EDGE_CURVE('',#2410,#2411,#2074,.T.);
#3011=EDGE_CURVE('',#2411,#2412,#1254,.T.);
#3012=EDGE_CURVE('',#2412,#2413,#2075,.T.);
#3013=EDGE_CURVE('',#2413,#2414,#1255,.T.);
#3014=EDGE_CURVE('',#2414,#2415,#2076,.T.);
#3015=EDGE_CURVE('',#2391,#2415,#1256,.T.);
#3016=EDGE_CURVE('',#2416,#2388,#1257,.T.);
#3017=EDGE_CURVE('',#2408,#2416,#1258,.T.);
#3018=EDGE_CURVE('',#2386,#2417,#1259,.T.);
#3019=EDGE_CURVE('',#2416,#2417,#2077,.T.);
#3020=EDGE_CURVE('',#2418,#2384,#1260,.T.);
#3021=EDGE_CURVE('',#2417,#2418,#1261,.T.);
#3022=EDGE_CURVE('',#2419,#2420,#1262,.T.);
#3023=EDGE_CURVE('',#2420,#2421,#1263,.T.);
#3024=EDGE_CURVE('',#2421,#2422,#1264,.T.);
#3025=EDGE_CURVE('',#2422,#2419,#1265,.T.);
#3026=EDGE_CURVE('',#2421,#2423,#2078,.T.);
#3027=EDGE_CURVE('',#2423,#2424,#1266,.T.);
#3028=EDGE_CURVE('',#2424,#2422,#2079,.T.);
#3029=EDGE_CURVE('',#2423,#2425,#1267,.T.);
#3030=EDGE_CURVE('',#2425,#2426,#1268,.T.);
#3031=EDGE_CURVE('',#2426,#2424,#1269,.T.);
#3032=EDGE_CURVE('',#2425,#2427,#2080,.T.);
#3033=EDGE_CURVE('',#2427,#2428,#1270,.T.);
#3034=EDGE_CURVE('',#2428,#2426,#2081,.T.);
#3035=EDGE_CURVE('',#2427,#2429,#1271,.T.);
#3036=EDGE_CURVE('',#2429,#2430,#1272,.T.);
#3037=EDGE_CURVE('',#2430,#2428,#1273,.T.);
#3038=EDGE_CURVE('',#2429,#2431,#2082,.T.);
#3039=EDGE_CURVE('',#2431,#2432,#1274,.T.);
#3040=EDGE_CURVE('',#2432,#2430,#2083,.T.);
#3041=EDGE_CURVE('',#2431,#2433,#1275,.T.);
#3042=EDGE_CURVE('',#2433,#2434,#1276,.T.);
#3043=EDGE_CURVE('',#2434,#2432,#1277,.T.);
#3044=EDGE_CURVE('',#2433,#2435,#2084,.T.);
#3045=EDGE_CURVE('',#2435,#2436,#1278,.T.);
#3046=EDGE_CURVE('',#2436,#2434,#2085,.T.);
#3047=EDGE_CURVE('',#2435,#2437,#1279,.T.);
#3048=EDGE_CURVE('',#2437,#2438,#1280,.T.);
#3049=EDGE_CURVE('',#2438,#2436,#1281,.T.);
#3050=EDGE_CURVE('',#2439,#2397,#1282,.T.);
#3051=EDGE_CURVE('',#2396,#2440,#1283,.T.);
#3052=EDGE_CURVE('',#2440,#2439,#41,.T.);
#3053=EDGE_CURVE('',#2439,#2438,#42,.T.);
#3054=EDGE_CURVE('',#2437,#2397,#43,.T.);
#3055=EDGE_CURVE('',#2394,#2441,#1284,.T.);
#3056=EDGE_CURVE('',#2441,#2442,#44,.T.);
#3057=EDGE_CURVE('',#2442,#2395,#1285,.T.);
#3058=EDGE_CURVE('',#2442,#2440,#45,.T.);
#3059=EDGE_CURVE('',#2392,#2443,#1286,.T.);
#3060=EDGE_CURVE('',#2443,#2444,#2086,.T.);
#3061=EDGE_CURVE('',#2444,#2393,#1287,.T.);
#3062=EDGE_CURVE('',#2398,#2445,#1288,.T.);
#3063=EDGE_CURVE('',#2445,#2443,#1289,.T.);
#3064=EDGE_CURVE('',#2399,#2446,#1290,.T.);
#3065=EDGE_CURVE('',#2446,#2445,#2087,.T.);
#3066=EDGE_CURVE('',#2400,#2447,#1291,.T.);
#3067=EDGE_CURVE('',#2447,#2446,#1292,.T.);
#3068=EDGE_CURVE('',#2401,#2448,#1293,.T.);
#3069=EDGE_CURVE('',#2448,#2447,#2088,.T.);
#3070=EDGE_CURVE('',#2402,#2449,#1294,.T.);
#3071=EDGE_CURVE('',#2449,#2448,#1295,.T.);
#3072=EDGE_CURVE('',#2407,#2450,#1296,.T.);
#3073=EDGE_CURVE('',#2450,#2449,#2089,.T.);
#3074=EDGE_CURVE('',#2444,#2441,#46,.T.);
#3075=EDGE_CURVE('',#2451,#2406,#1297,.T.);
#3076=EDGE_CURVE('',#2405,#2452,#1298,.T.);
#3077=EDGE_CURVE('',#2452,#2451,#47,.T.);
#3078=EDGE_CURVE('',#2451,#2450,#48,.T.);
#3079=EDGE_CURVE('',#2403,#2453,#1299,.T.);
#3080=EDGE_CURVE('',#2453,#2454,#49,.T.);
#3081=EDGE_CURVE('',#2454,#2404,#1300,.T.);
#3082=EDGE_CURVE('',#2454,#2452,#50,.T.);
#3083=EDGE_CURVE('',#2419,#2453,#51,.T.);
#3084=EDGE_CURVE('',#2403,#2420,#52,.T.);
#3085=EDGE_CURVE('',#2455,#2415,#1301,.T.);
#3086=EDGE_CURVE('',#2456,#2455,#1302,.T.);
#3087=EDGE_CURVE('',#2457,#2456,#1303,.T.);
#3088=EDGE_CURVE('',#2458,#2457,#2090,.T.);
#3089=EDGE_CURVE('',#2459,#2458,#1304,.T.);
#3090=EDGE_CURVE('',#2460,#2459,#2091,.T.);
#3091=EDGE_CURVE('',#2461,#2460,#1305,.T.);
#3092=EDGE_CURVE('',#2461,#2462,#1306,.T.);
#3093=EDGE_CURVE('',#2463,#2462,#1307,.T.);
#3094=EDGE_CURVE('',#2463,#2350,#1308,.T.);
#3095=EDGE_CURVE('',#2441,#2464,#1309,.T.);
#3096=EDGE_CURVE('',#2464,#2465,#2092,.T.);
#3097=EDGE_CURVE('',#2440,#2465,#1310,.T.);
#3098=EDGE_CURVE('',#2451,#2466,#1311,.T.);
#3099=EDGE_CURVE('',#2466,#2464,#1312,.T.);
#3100=EDGE_CURVE('',#2467,#2468,#2093,.T.);
#3101=EDGE_CURVE('',#2469,#2467,#1313,.T.);
#3102=EDGE_CURVE('',#2470,#2469,#2094,.T.);
#3103=EDGE_CURVE('',#2471,#2470,#2095,.T.);
#3104=EDGE_CURVE('',#2472,#2471,#1314,.T.);
#3105=EDGE_CURVE('',#2468,#2472,#2096,.T.);
#3106=EDGE_CURVE('',#2454,#2473,#1315,.T.);
#3107=EDGE_CURVE('',#2473,#2466,#2097,.T.);
#3108=EDGE_CURVE('',#2474,#2475,#2098,.T.);
#3109=EDGE_CURVE('',#2475,#2467,#1316,.T.);
#3110=EDGE_CURVE('',#2468,#2474,#53,.T.);
#3111=EDGE_CURVE('',#2476,#2469,#1317,.T.);
#3112=EDGE_CURVE('',#2475,#2476,#1318,.T.);
#3113=EDGE_CURVE('',#2476,#2477,#2099,.T.);
#3114=EDGE_CURVE('',#2470,#2477,#54,.T.);
#3115=EDGE_CURVE('',#2472,#2478,#1319,.T.);
#3116=EDGE_CURVE('',#2478,#2474,#2100,.T.);
#3117=EDGE_CURVE('',#2471,#2479,#1320,.T.);
#3118=EDGE_CURVE('',#2479,#2478,#1321,.T.);
#3119=EDGE_CURVE('',#2477,#2479,#2101,.T.);
#3120=EDGE_CURVE('',#2476,#2480,#1322,.T.);
#3121=EDGE_CURVE('',#2481,#2480,#2102,.T.);
#3122=EDGE_CURVE('',#2477,#2481,#1323,.T.);
#3123=EDGE_CURVE('',#2482,#2475,#1324,.T.);
#3124=EDGE_CURVE('',#2480,#2482,#1325,.T.);
#3125=EDGE_CURVE('',#2483,#2474,#1326,.T.);
#3126=EDGE_CURVE('',#2482,#2483,#2103,.T.);
#3127=EDGE_CURVE('',#2484,#2485,#2104,.T.);
#3128=EDGE_CURVE('',#2485,#2482,#1327,.T.);
#3129=EDGE_CURVE('',#2484,#2483,#55,.T.);
#3130=EDGE_CURVE('',#2485,#2486,#1328,.T.);
#3131=EDGE_CURVE('',#2486,#2480,#1329,.T.);
#3132=EDGE_CURVE('',#2486,#2487,#2105,.T.);
#3133=EDGE_CURVE('',#2487,#2481,#56,.T.);
#3134=EDGE_CURVE('',#2487,#2488,#2106,.T.);
#3135=EDGE_CURVE('',#2488,#2489,#1330,.T.);
#3136=EDGE_CURVE('',#2489,#2481,#2107,.T.);
#3137=EDGE_CURVE('',#2488,#2490,#1331,.T.);
#3138=EDGE_CURVE('',#2490,#2491,#1332,.T.);
#3139=EDGE_CURVE('',#2491,#2489,#1333,.T.);
#3140=EDGE_CURVE('',#2483,#2491,#2108,.T.);
#3141=EDGE_CURVE('',#2490,#2484,#2109,.T.);
#3142=EDGE_CURVE('',#2489,#2479,#1334,.T.);
#3143=EDGE_CURVE('',#2478,#2491,#1335,.T.);
#3144=EDGE_CURVE('',#2492,#2360,#1336,.T.);
#3145=EDGE_CURVE('',#2493,#2492,#1337,.T.);
#3146=EDGE_CURVE('',#2493,#2494,#1338,.T.);
#3147=EDGE_CURVE('',#2495,#2494,#1339,.T.);
#3148=EDGE_CURVE('',#2495,#2379,#1340,.T.);
#3149=EDGE_CURVE('',#2465,#2496,#1341,.T.);
#3150=EDGE_CURVE('',#2436,#2496,#1342,.T.);
#3151=EDGE_CURVE('',#2356,#2497,#1343,.T.);
#3152=EDGE_CURVE('',#2492,#2497,#2110,.T.);
#3153=EDGE_CURVE('',#2422,#2498,#1344,.T.);
#3154=EDGE_CURVE('',#2498,#2473,#1345,.T.);
#3155=EDGE_CURVE('',#2351,#2499,#1346,.T.);
#3156=EDGE_CURVE('',#2500,#2499,#1347,.T.);
#3157=EDGE_CURVE('',#2352,#2500,#1348,.T.);
#3158=EDGE_CURVE('',#2501,#2500,#2111,.T.);
#3159=EDGE_CURVE('',#2501,#2354,#1349,.T.);
#3160=EDGE_CURVE('',#2497,#2501,#1350,.T.);
#3161=EDGE_CURVE('',#2434,#2502,#1351,.T.);
#3162=EDGE_CURVE('',#2502,#2503,#1352,.T.);
#3163=EDGE_CURVE('',#2432,#2503,#1353,.T.);
#3164=EDGE_CURVE('',#2496,#2502,#2112,.T.);
#3165=EDGE_CURVE('',#2503,#2504,#2113,.T.);
#3166=EDGE_CURVE('',#2505,#2504,#19,.F.);
#3167=EDGE_CURVE('',#2506,#2505,#57,.T.);
#3168=EDGE_CURVE('',#2430,#2506,#1354,.T.);
#3169=EDGE_CURVE('',#2428,#2507,#1355,.T.);
#3170=EDGE_CURVE('',#2508,#2507,#58,.T.);
#3171=EDGE_CURVE('',#2508,#2509,#20,.T.);
#3172=EDGE_CURVE('',#2509,#2510,#2114,.T.);
#3173=EDGE_CURVE('',#2426,#2510,#1356,.T.);
#3174=EDGE_CURVE('',#2424,#2511,#1357,.T.);
#3175=EDGE_CURVE('',#2511,#2498,#2115,.T.);
#3176=EDGE_CURVE('',#2510,#2511,#1358,.T.);
#3177=EDGE_CURVE('',#2512,#2513,#1359,.T.);
#3178=EDGE_CURVE('',#2513,#2457,#1360,.T.);
#3179=EDGE_CURVE('',#2456,#2512,#1361,.T.);
#3180=EDGE_CURVE('',#2514,#2515,#1362,.T.);
#3181=EDGE_CURVE('',#2514,#2513,#1363,.T.);
#3182=EDGE_CURVE('',#2515,#2512,#1364,.T.);
#3183=EDGE_CURVE('',#2516,#2517,#1365,.T.);
#3184=EDGE_CURVE('',#2514,#2517,#1366,.T.);
#3185=EDGE_CURVE('',#2515,#2518,#1367,.T.);
#3186=EDGE_CURVE('',#2518,#2409,#1368,.T.);
#3187=EDGE_CURVE('',#2416,#2516,#1369,.T.);
#3188=EDGE_CURVE('',#2519,#2509,#1370,.T.);
#3189=EDGE_CURVE('',#2520,#2519,#2116,.T.);
#3190=EDGE_CURVE('',#2521,#2520,#1371,.T.);
#3191=EDGE_CURVE('',#2522,#2521,#2117,.T.);
#3192=EDGE_CURVE('',#2523,#2522,#1372,.T.);
#3193=EDGE_CURVE('',#2524,#2523,#2118,.T.);
#3194=EDGE_CURVE('',#2525,#2524,#1373,.T.);
#3195=EDGE_CURVE('',#2526,#2525,#2119,.T.);
#3196=EDGE_CURVE('',#2504,#2526,#1374,.T.);
#3197=EDGE_CURVE('',#2527,#2528,#1375,.T.);
#3198=EDGE_CURVE('',#2517,#2527,#2120,.T.);
#3199=EDGE_CURVE('',#2529,#2516,#2121,.T.);
#3200=EDGE_CURVE('',#2530,#2529,#1376,.T.);
#3201=EDGE_CURVE('',#2531,#2530,#2122,.T.);
#3202=EDGE_CURVE('',#2532,#2531,#1377,.T.);
#3203=EDGE_CURVE('',#2533,#2532,#2123,.T.);
#3204=EDGE_CURVE('',#2534,#2533,#1378,.T.);
#3205=EDGE_CURVE('',#2535,#2534,#2124,.T.);
#3206=EDGE_CURVE('',#2536,#2535,#1379,.T.);
#3207=EDGE_CURVE('',#2537,#2536,#2125,.T.);
#3208=EDGE_CURVE('',#2538,#2537,#1380,.T.);
#3209=EDGE_CURVE('',#2539,#2538,#2126,.T.);
#3210=EDGE_CURVE('',#2540,#2539,#1381,.T.);
#3211=EDGE_CURVE('',#2541,#2540,#2127,.T.);
#3212=EDGE_CURVE('',#2542,#2541,#1382,.T.);
#3213=EDGE_CURVE('',#2543,#2542,#2128,.T.);
#3214=EDGE_CURVE('',#2544,#2543,#1383,.T.);
#3215=EDGE_CURVE('',#2528,#2544,#2129,.T.);
#3216=EDGE_CURVE('',#2545,#2546,#1384,.T.);
#3217=EDGE_CURVE('',#2547,#2546,#59,.T.);
#3218=EDGE_CURVE('',#2547,#2527,#115,.T.);
#3219=EDGE_CURVE('',#2528,#2545,#1385,.T.);
#3220=EDGE_CURVE('',#2548,#2458,#1386,.T.);
#3221=EDGE_CURVE('',#2513,#2548,#2130,.T.);
#3222=EDGE_CURVE('',#2549,#2459,#1387,.T.);
#3223=EDGE_CURVE('',#2548,#2549,#1388,.T.);
#3224=EDGE_CURVE('',#2550,#2460,#1389,.T.);
#3225=EDGE_CURVE('',#2549,#2550,#2131,.T.);
#3226=EDGE_CURVE('',#2551,#2552,#2132,.T.);
#3227=EDGE_CURVE('',#2551,#2553,#1390,.T.);
#3228=EDGE_CURVE('',#2554,#2553,#2133,.T.);
#3229=EDGE_CURVE('',#2555,#2554,#60,.T.);
#3230=EDGE_CURVE('',#2556,#2555,#61,.T.);
#3231=EDGE_CURVE('',#2556,#2557,#1391,.T.);
#3232=EDGE_CURVE('',#2552,#2557,#62,.T.);
#3233=EDGE_CURVE('',#2558,#2559,#63,.F.);
#3234=EDGE_CURVE('',#2559,#2556,#64,.T.);
#3235=EDGE_CURVE('',#2558,#2556,#1392,.T.);
#3236=EDGE_CURVE('',#2505,#2558,#65,.F.);
#3237=EDGE_CURVE('',#2505,#2555,#1393,.T.);
#3238=EDGE_CURVE('',#2506,#2554,#1394,.T.);
#3239=EDGE_CURVE('',#2553,#2560,#1395,.T.);
#3240=EDGE_CURVE('',#2560,#2506,#2134,.T.);
#3241=EDGE_CURVE('',#2561,#2562,#66,.T.);
#3242=EDGE_CURVE('',#2537,#2561,#116,.T.);
#3243=EDGE_CURVE('',#2563,#2536,#1396,.T.);
#3244=EDGE_CURVE('',#2563,#2562,#2135,.T.);
#3245=EDGE_CURVE('',#2564,#2549,#1397,.T.);
#3246=EDGE_CURVE('',#2565,#2564,#67,.T.);
#3247=EDGE_CURVE('',#2562,#2565,#68,.T.);
#3248=EDGE_CURVE('',#2563,#2550,#1398,.T.);
#3249=EDGE_CURVE('',#2557,#2565,#1399,.T.);
#3250=EDGE_CURVE('',#2557,#2566,#69,.T.);
#3251=EDGE_CURVE('',#2566,#2561,#70,.T.);
#3252=EDGE_CURVE('',#2552,#2564,#1400,.T.);
#3253=EDGE_CURVE('',#2564,#2567,#2136,.T.);
#3254=EDGE_CURVE('',#2551,#2567,#1401,.T.);
#3255=EDGE_CURVE('',#2568,#2560,#1402,.T.);
#3256=EDGE_CURVE('',#2507,#2568,#2137,.T.);
#3257=EDGE_CURVE('',#2553,#2569,#1403,.T.);
#3258=EDGE_CURVE('',#2569,#2568,#1404,.T.);
#3259=EDGE_CURVE('',#2570,#2551,#1405,.T.);
#3260=EDGE_CURVE('',#2569,#2570,#1406,.T.);
#3261=EDGE_CURVE('',#2567,#2571,#1407,.T.);
#3262=EDGE_CURVE('',#2570,#2571,#1408,.T.);
#3263=EDGE_CURVE('',#2572,#2573,#1409,.T.);
#3264=EDGE_CURVE('',#2573,#2570,#2138,.T.);
#3265=EDGE_CURVE('',#2571,#2572,#2139,.T.);
#3266=EDGE_CURVE('',#2574,#2575,#1410,.T.);
#3267=EDGE_CURVE('',#2575,#2573,#71,.T.);
#3268=EDGE_CURVE('',#2572,#2574,#72,.T.);
#3269=EDGE_CURVE('',#2546,#2575,#73,.T.);
#3270=EDGE_CURVE('',#2574,#2576,#74,.T.);
#3271=EDGE_CURVE('',#2576,#2547,#75,.T.);
#3272=EDGE_CURVE('',#2576,#2514,#2140,.T.);
#3273=EDGE_CURVE('',#2572,#2548,#1411,.T.);
#3274=EDGE_CURVE('',#2577,#2507,#1412,.T.);
#3275=EDGE_CURVE('',#2569,#2577,#2141,.T.);
#3276=EDGE_CURVE('',#2578,#2508,#1413,.T.);
#3277=EDGE_CURVE('',#2577,#2578,#76,.T.);
#3278=EDGE_CURVE('',#2579,#2508,#77,.F.);
#3279=EDGE_CURVE('',#2578,#2580,#78,.T.);
#3280=EDGE_CURVE('',#2580,#2579,#1414,.T.);
#3281=EDGE_CURVE('',#2581,#2579,#79,.F.);
#3282=EDGE_CURVE('',#2580,#2581,#80,.T.);
#3283=EDGE_CURVE('',#2575,#2580,#1415,.T.);
#3284=EDGE_CURVE('',#2581,#2582,#1416,.T.);
#3285=EDGE_CURVE('',#2582,#2545,#1417,.T.);
#3286=EDGE_CURVE('',#2582,#2519,#1418,.T.);
#3287=EDGE_CURVE('',#2583,#2412,#1419,.T.);
#3288=EDGE_CURVE('',#2584,#2583,#2142,.T.);
#3289=EDGE_CURVE('',#2584,#2413,#1420,.T.);
#3290=EDGE_CURVE('',#2585,#2410,#1421,.T.);
#3291=EDGE_CURVE('',#2586,#2585,#2143,.T.);
#3292=EDGE_CURVE('',#2586,#2411,#1422,.T.);
#3293=EDGE_CURVE('',#2587,#2414,#1423,.T.);
#3294=EDGE_CURVE('',#2455,#2587,#2144,.T.);
#3295=EDGE_CURVE('',#2587,#2584,#1424,.T.);
#3296=EDGE_CURVE('',#2585,#2518,#1425,.T.);
#3297=EDGE_CURVE('',#2583,#2586,#1426,.T.);
#3298=EDGE_CURVE('',#2544,#2588,#1427,.T.);
#3299=EDGE_CURVE('',#2588,#2545,#2145,.T.);
#3300=EDGE_CURVE('',#2543,#2589,#1428,.T.);
#3301=EDGE_CURVE('',#2589,#2588,#1429,.T.);
#3302=EDGE_CURVE('',#2590,#2542,#1430,.T.);
#3303=EDGE_CURVE('',#2590,#2589,#2146,.T.);
#3304=EDGE_CURVE('',#2588,#2591,#1431,.T.);
#3305=EDGE_CURVE('',#2582,#2591,#2147,.T.);
#3306=EDGE_CURVE('',#2592,#2589,#1432,.T.);
#3307=EDGE_CURVE('',#2591,#2592,#1433,.T.);
#3308=EDGE_CURVE('',#2590,#2593,#1434,.T.);
#3309=EDGE_CURVE('',#2592,#2593,#2148,.T.);
#3310=EDGE_CURVE('',#2591,#2520,#1435,.T.);
#3311=EDGE_CURVE('',#2592,#2521,#1436,.T.);
#3312=EDGE_CURVE('',#2522,#2593,#1437,.T.);
#3313=EDGE_CURVE('',#2418,#2493,#2149,.T.);
#3314=EDGE_CURVE('',#2493,#2531,#1438,.T.);
#3315=EDGE_CURVE('',#2418,#2530,#1439,.T.);
#3316=EDGE_CURVE('',#2417,#2529,#1440,.T.);
#3317=EDGE_CURVE('',#2593,#2594,#1441,.T.);
#3318=EDGE_CURVE('',#2594,#2523,#1442,.T.);
#3319=EDGE_CURVE('',#2595,#2590,#1443,.T.);
#3320=EDGE_CURVE('',#2594,#2595,#1444,.T.);
#3321=EDGE_CURVE('',#2541,#2595,#1445,.T.);
#3322=EDGE_CURVE('',#2492,#2532,#1446,.T.);
#3323=EDGE_CURVE('',#2497,#2533,#1447,.T.);
#3324=EDGE_CURVE('',#2501,#2534,#1448,.T.);
#3325=EDGE_CURVE('',#2500,#2535,#1449,.T.);
#3326=EDGE_CURVE('',#2499,#2596,#1450,.T.);
#3327=EDGE_CURVE('',#2596,#2597,#1451,.T.);
#3328=EDGE_CURVE('',#2597,#2598,#1452,.T.);
#3329=EDGE_CURVE('',#2598,#2563,#1453,.T.);
#3330=EDGE_CURVE('',#2599,#2598,#1454,.T.);
#3331=EDGE_CURVE('',#2550,#2599,#1455,.T.);
#3332=EDGE_CURVE('',#2600,#2596,#1456,.T.);
#3333=EDGE_CURVE('',#2600,#2601,#1457,.T.);
#3334=EDGE_CURVE('',#2597,#2601,#1458,.T.);
#3335=EDGE_CURVE('',#2463,#2602,#2150,.T.);
#3336=EDGE_CURVE('',#2602,#2603,#1459,.T.);
#3337=EDGE_CURVE('',#2603,#2604,#2151,.T.);
#3338=EDGE_CURVE('',#2604,#2605,#1460,.T.);
#3339=EDGE_CURVE('',#2605,#2600,#2152,.T.);
#3340=EDGE_CURVE('',#2606,#2595,#2153,.T.);
#3341=EDGE_CURVE('',#2606,#2607,#1461,.T.);
#3342=EDGE_CURVE('',#2594,#2607,#2154,.T.);
#3343=EDGE_CURVE('',#2608,#2606,#1462,.T.);
#3344=EDGE_CURVE('',#2609,#2608,#1463,.T.);
#3345=EDGE_CURVE('',#2607,#2609,#1464,.T.);
#3346=EDGE_CURVE('',#2610,#2608,#2155,.T.);
#3347=EDGE_CURVE('',#2610,#2611,#1465,.T.);
#3348=EDGE_CURVE('',#2609,#2611,#2156,.T.);
#3349=EDGE_CURVE('',#2609,#2525,#1466,.T.);
#3350=EDGE_CURVE('',#2611,#2526,#1467,.T.);
#3351=EDGE_CURVE('',#2607,#2524,#1468,.T.);
#3352=EDGE_CURVE('',#2538,#2610,#1469,.T.);
#3353=EDGE_CURVE('',#2539,#2608,#1470,.T.);
#3354=EDGE_CURVE('',#2540,#2606,#1471,.T.);
#3355=EDGE_CURVE('',#2605,#2612,#1472,.T.);
#3356=EDGE_CURVE('',#2601,#2612,#2157,.T.);
#3357=EDGE_CURVE('',#2604,#2613,#1473,.T.);
#3358=EDGE_CURVE('',#2612,#2613,#1474,.T.);
#3359=EDGE_CURVE('',#2614,#2462,#2158,.T.);
#3360=EDGE_CURVE('',#2602,#2614,#1475,.T.);
#3361=EDGE_CURVE('',#2603,#2615,#1476,.T.);
#3362=EDGE_CURVE('',#2613,#2615,#2159,.T.);
#3363=EDGE_CURVE('',#2615,#2614,#1477,.T.);
#3364=EDGE_CURVE('',#2599,#2461,#1478,.T.);
#3365=EDGE_CURVE('',#2611,#2559,#1479,.T.);
#3366=EDGE_CURVE('',#2566,#2610,#1480,.T.);
#3367=ORIENTED_EDGE('',*,*,#2616,.F.);
#3368=ORIENTED_EDGE('',*,*,#2617,.T.);
#3369=ORIENTED_EDGE('',*,*,#2618,.T.);
#3370=ORIENTED_EDGE('',*,*,#2617,.F.);
#3371=ORIENTED_EDGE('',*,*,#2619,.F.);
#3372=ORIENTED_EDGE('',*,*,#2620,.T.);
#3373=ORIENTED_EDGE('',*,*,#2621,.T.);
#3374=ORIENTED_EDGE('',*,*,#2620,.F.);
#3375=ORIENTED_EDGE('',*,*,#2622,.F.);
#3376=ORIENTED_EDGE('',*,*,#2623,.T.);
#3377=ORIENTED_EDGE('',*,*,#2624,.T.);
#3378=ORIENTED_EDGE('',*,*,#2623,.F.);
#3379=ORIENTED_EDGE('',*,*,#2625,.F.);
#3380=ORIENTED_EDGE('',*,*,#2626,.T.);
#3381=ORIENTED_EDGE('',*,*,#2627,.F.);
#3382=ORIENTED_EDGE('',*,*,#2628,.F.);
#3383=ORIENTED_EDGE('',*,*,#2629,.T.);
#3384=ORIENTED_EDGE('',*,*,#2628,.T.);
#3385=ORIENTED_EDGE('',*,*,#2630,.F.);
#3386=ORIENTED_EDGE('',*,*,#2631,.F.);
#3387=ORIENTED_EDGE('',*,*,#2632,.F.);
#3388=ORIENTED_EDGE('',*,*,#2631,.T.);
#3389=ORIENTED_EDGE('',*,*,#2633,.F.);
#3390=ORIENTED_EDGE('',*,*,#2634,.F.);
#3391=ORIENTED_EDGE('',*,*,#2635,.T.);
#3392=ORIENTED_EDGE('',*,*,#2634,.T.);
#3393=ORIENTED_EDGE('',*,*,#2636,.F.);
#3394=ORIENTED_EDGE('',*,*,#2637,.F.);
#3395=ORIENTED_EDGE('',*,*,#2638,.F.);
#3396=ORIENTED_EDGE('',*,*,#2637,.T.);
#3397=ORIENTED_EDGE('',*,*,#2639,.F.);
#3398=ORIENTED_EDGE('',*,*,#2640,.F.);
#3399=ORIENTED_EDGE('',*,*,#2641,.T.);
#3400=ORIENTED_EDGE('',*,*,#2640,.T.);
#3401=ORIENTED_EDGE('',*,*,#2642,.F.);
#3402=ORIENTED_EDGE('',*,*,#2643,.F.);
#3403=ORIENTED_EDGE('',*,*,#2644,.F.);
#3404=ORIENTED_EDGE('',*,*,#2643,.T.);
#3405=ORIENTED_EDGE('',*,*,#2645,.F.);
#3406=ORIENTED_EDGE('',*,*,#2646,.F.);
#3407=ORIENTED_EDGE('',*,*,#2647,.T.);
#3408=ORIENTED_EDGE('',*,*,#2646,.T.);
#3409=ORIENTED_EDGE('',*,*,#2648,.F.);
#3410=ORIENTED_EDGE('',*,*,#2649,.F.);
#3411=ORIENTED_EDGE('',*,*,#2650,.F.);
#3412=ORIENTED_EDGE('',*,*,#2649,.T.);
#3413=ORIENTED_EDGE('',*,*,#2651,.F.);
#3414=ORIENTED_EDGE('',*,*,#2652,.F.);
#3415=ORIENTED_EDGE('',*,*,#2653,.T.);
#3416=ORIENTED_EDGE('',*,*,#2652,.T.);
#3417=ORIENTED_EDGE('',*,*,#2654,.F.);
#3418=ORIENTED_EDGE('',*,*,#2655,.F.);
#3419=ORIENTED_EDGE('',*,*,#2656,.F.);
#3420=ORIENTED_EDGE('',*,*,#2655,.T.);
#3421=ORIENTED_EDGE('',*,*,#2657,.F.);
#3422=ORIENTED_EDGE('',*,*,#2658,.F.);
#3423=ORIENTED_EDGE('',*,*,#2659,.T.);
#3424=ORIENTED_EDGE('',*,*,#2658,.T.);
#3425=ORIENTED_EDGE('',*,*,#2660,.F.);
#3426=ORIENTED_EDGE('',*,*,#2626,.F.);
#3427=ORIENTED_EDGE('',*,*,#2660,.T.);
#3428=ORIENTED_EDGE('',*,*,#2657,.T.);
#3429=ORIENTED_EDGE('',*,*,#2654,.T.);
#3430=ORIENTED_EDGE('',*,*,#2651,.T.);
#3431=ORIENTED_EDGE('',*,*,#2648,.T.);
#3432=ORIENTED_EDGE('',*,*,#2645,.T.);
#3433=ORIENTED_EDGE('',*,*,#2642,.T.);
#3434=ORIENTED_EDGE('',*,*,#2639,.T.);
#3435=ORIENTED_EDGE('',*,*,#2636,.T.);
#3436=ORIENTED_EDGE('',*,*,#2633,.T.);
#3437=ORIENTED_EDGE('',*,*,#2630,.T.);
#3438=ORIENTED_EDGE('',*,*,#2627,.T.);
#3439=ORIENTED_EDGE('',*,*,#2622,.T.);
#3440=ORIENTED_EDGE('',*,*,#2619,.T.);
#3441=ORIENTED_EDGE('',*,*,#2616,.T.);
#3442=ORIENTED_EDGE('',*,*,#2659,.F.);
#3443=ORIENTED_EDGE('',*,*,#2625,.T.);
#3444=ORIENTED_EDGE('',*,*,#2629,.F.);
#3445=ORIENTED_EDGE('',*,*,#2632,.T.);
#3446=ORIENTED_EDGE('',*,*,#2635,.F.);
#3447=ORIENTED_EDGE('',*,*,#2638,.T.);
#3448=ORIENTED_EDGE('',*,*,#2641,.F.);
#3449=ORIENTED_EDGE('',*,*,#2644,.T.);
#3450=ORIENTED_EDGE('',*,*,#2647,.F.);
#3451=ORIENTED_EDGE('',*,*,#2650,.T.);
#3452=ORIENTED_EDGE('',*,*,#2653,.F.);
#3453=ORIENTED_EDGE('',*,*,#2656,.T.);
#3454=ORIENTED_EDGE('',*,*,#2624,.F.);
#3455=ORIENTED_EDGE('',*,*,#2621,.F.);
#3456=ORIENTED_EDGE('',*,*,#2618,.F.);
#3457=ORIENTED_EDGE('',*,*,#2661,.T.);
#3458=ORIENTED_EDGE('',*,*,#2662,.T.);
#3459=ORIENTED_EDGE('',*,*,#2663,.F.);
#3460=ORIENTED_EDGE('',*,*,#2664,.F.);
#3461=ORIENTED_EDGE('',*,*,#2662,.F.);
#3462=ORIENTED_EDGE('',*,*,#2664,.T.);
#3463=ORIENTED_EDGE('',*,*,#2665,.T.);
#3464=ORIENTED_EDGE('',*,*,#2666,.F.);
#3465=ORIENTED_EDGE('',*,*,#2667,.F.);
#3466=ORIENTED_EDGE('',*,*,#2665,.F.);
#3467=ORIENTED_EDGE('',*,*,#2663,.T.);
#3468=ORIENTED_EDGE('',*,*,#2666,.T.);
#3469=ORIENTED_EDGE('',*,*,#2667,.T.);
#3470=ORIENTED_EDGE('',*,*,#2668,.T.);
#3471=ORIENTED_EDGE('',*,*,#2669,.T.);
#3472=ORIENTED_EDGE('',*,*,#2668,.F.);
#3473=ORIENTED_EDGE('',*,*,#2661,.F.);
#3474=ORIENTED_EDGE('',*,*,#2670,.T.);
#3475=ORIENTED_EDGE('',*,*,#2670,.F.);
#3476=ORIENTED_EDGE('',*,*,#2671,.T.);
#3477=ORIENTED_EDGE('',*,*,#2672,.F.);
#3478=ORIENTED_EDGE('',*,*,#2671,.F.);
#3479=ORIENTED_EDGE('',*,*,#2669,.F.);
#3480=ORIENTED_EDGE('',*,*,#2672,.T.);
#3481=ORIENTED_EDGE('',*,*,#2673,.T.);
#3482=ORIENTED_EDGE('',*,*,#2674,.T.);
#3483=ORIENTED_EDGE('',*,*,#2675,.F.);
#3484=ORIENTED_EDGE('',*,*,#2676,.F.);
#3485=ORIENTED_EDGE('',*,*,#2674,.F.);
#3486=ORIENTED_EDGE('',*,*,#2676,.T.);
#3487=ORIENTED_EDGE('',*,*,#2677,.T.);
#3488=ORIENTED_EDGE('',*,*,#2678,.F.);
#3489=ORIENTED_EDGE('',*,*,#2679,.F.);
#3490=ORIENTED_EDGE('',*,*,#2677,.F.);
#3491=ORIENTED_EDGE('',*,*,#2675,.T.);
#3492=ORIENTED_EDGE('',*,*,#2678,.T.);
#3493=ORIENTED_EDGE('',*,*,#2679,.T.);
#3494=ORIENTED_EDGE('',*,*,#2680,.T.);
#3495=ORIENTED_EDGE('',*,*,#2681,.T.);
#3496=ORIENTED_EDGE('',*,*,#2680,.F.);
#3497=ORIENTED_EDGE('',*,*,#2673,.F.);
#3498=ORIENTED_EDGE('',*,*,#2682,.T.);
#3499=ORIENTED_EDGE('',*,*,#2682,.F.);
#3500=ORIENTED_EDGE('',*,*,#2683,.T.);
#3501=ORIENTED_EDGE('',*,*,#2684,.F.);
#3502=ORIENTED_EDGE('',*,*,#2683,.F.);
#3503=ORIENTED_EDGE('',*,*,#2681,.F.);
#3504=ORIENTED_EDGE('',*,*,#2684,.T.);
#3505=ORIENTED_EDGE('',*,*,#2685,.F.);
#3506=ORIENTED_EDGE('',*,*,#2686,.T.);
#3507=ORIENTED_EDGE('',*,*,#2687,.T.);
#3508=ORIENTED_EDGE('',*,*,#2688,.T.);
#3509=ORIENTED_EDGE('',*,*,#2686,.F.);
#3510=ORIENTED_EDGE('',*,*,#2687,.F.);
#3511=ORIENTED_EDGE('',*,*,#2688,.F.);
#3512=ORIENTED_EDGE('',*,*,#2689,.T.);
#3513=ORIENTED_EDGE('',*,*,#2690,.T.);
#3514=ORIENTED_EDGE('',*,*,#2691,.T.);
#3515=ORIENTED_EDGE('',*,*,#2689,.F.);
#3516=ORIENTED_EDGE('',*,*,#2691,.F.);
#3517=ORIENTED_EDGE('',*,*,#2692,.T.);
#3518=ORIENTED_EDGE('',*,*,#2693,.F.);
#3519=ORIENTED_EDGE('',*,*,#2692,.F.);
#3520=ORIENTED_EDGE('',*,*,#2690,.F.);
#3521=ORIENTED_EDGE('',*,*,#2685,.T.);
#3522=ORIENTED_EDGE('',*,*,#2694,.F.);
#3523=ORIENTED_EDGE('',*,*,#2694,.T.);
#3524=ORIENTED_EDGE('',*,*,#2695,.T.);
#3525=ORIENTED_EDGE('',*,*,#2696,.T.);
#3526=ORIENTED_EDGE('',*,*,#2695,.F.);
#3527=ORIENTED_EDGE('',*,*,#2693,.T.);
#3528=ORIENTED_EDGE('',*,*,#2696,.F.);
#3529=ORIENTED_EDGE('',*,*,#2697,.T.);
#3530=ORIENTED_EDGE('',*,*,#2698,.T.);
#3531=ORIENTED_EDGE('',*,*,#2699,.T.);
#3532=ORIENTED_EDGE('',*,*,#2700,.T.);
#3533=ORIENTED_EDGE('',*,*,#2698,.F.);
#3534=ORIENTED_EDGE('',*,*,#2700,.F.);
#3535=ORIENTED_EDGE('',*,*,#2701,.T.);
#3536=ORIENTED_EDGE('',*,*,#2702,.F.);
#3537=ORIENTED_EDGE('',*,*,#2701,.F.);
#3538=ORIENTED_EDGE('',*,*,#2699,.F.);
#3539=ORIENTED_EDGE('',*,*,#2697,.F.);
#3540=ORIENTED_EDGE('',*,*,#2702,.T.);
#3541=ORIENTED_EDGE('',*,*,#2703,.F.);
#3542=ORIENTED_EDGE('',*,*,#2704,.T.);
#3543=ORIENTED_EDGE('',*,*,#2705,.T.);
#3544=ORIENTED_EDGE('',*,*,#2706,.T.);
#3545=ORIENTED_EDGE('',*,*,#2704,.F.);
#3546=ORIENTED_EDGE('',*,*,#2705,.F.);
#3547=ORIENTED_EDGE('',*,*,#2706,.F.);
#3548=ORIENTED_EDGE('',*,*,#2707,.T.);
#3549=ORIENTED_EDGE('',*,*,#2708,.T.);
#3550=ORIENTED_EDGE('',*,*,#2709,.T.);
#3551=ORIENTED_EDGE('',*,*,#2707,.F.);
#3552=ORIENTED_EDGE('',*,*,#2709,.F.);
#3553=ORIENTED_EDGE('',*,*,#2710,.T.);
#3554=ORIENTED_EDGE('',*,*,#2711,.T.);
#3555=ORIENTED_EDGE('',*,*,#2712,.T.);
#3556=ORIENTED_EDGE('',*,*,#2710,.F.);
#3557=ORIENTED_EDGE('',*,*,#2708,.F.);
#3558=ORIENTED_EDGE('',*,*,#2711,.F.);
#3559=ORIENTED_EDGE('',*,*,#2712,.F.);
#3560=ORIENTED_EDGE('',*,*,#2713,.T.);
#3561=ORIENTED_EDGE('',*,*,#2714,.T.);
#3562=ORIENTED_EDGE('',*,*,#2715,.T.);
#3563=ORIENTED_EDGE('',*,*,#2713,.F.);
#3564=ORIENTED_EDGE('',*,*,#2715,.F.);
#3565=ORIENTED_EDGE('',*,*,#2716,.T.);
#3566=ORIENTED_EDGE('',*,*,#2717,.T.);
#3567=ORIENTED_EDGE('',*,*,#2716,.F.);
#3568=ORIENTED_EDGE('',*,*,#2714,.F.);
#3569=ORIENTED_EDGE('',*,*,#2703,.T.);
#3570=ORIENTED_EDGE('',*,*,#2717,.F.);
#3571=ORIENTED_EDGE('',*,*,#2718,.T.);
#3572=ORIENTED_EDGE('',*,*,#2719,.T.);
#3573=ORIENTED_EDGE('',*,*,#2720,.F.);
#3574=ORIENTED_EDGE('',*,*,#2721,.F.);
#3575=ORIENTED_EDGE('',*,*,#2719,.F.);
#3576=ORIENTED_EDGE('',*,*,#2721,.T.);
#3577=ORIENTED_EDGE('',*,*,#2722,.T.);
#3578=ORIENTED_EDGE('',*,*,#2723,.F.);
#3579=ORIENTED_EDGE('',*,*,#2724,.F.);
#3580=ORIENTED_EDGE('',*,*,#2722,.F.);
#3581=ORIENTED_EDGE('',*,*,#2720,.T.);
#3582=ORIENTED_EDGE('',*,*,#2723,.T.);
#3583=ORIENTED_EDGE('',*,*,#2724,.T.);
#3584=ORIENTED_EDGE('',*,*,#2725,.T.);
#3585=ORIENTED_EDGE('',*,*,#2726,.F.);
#3586=ORIENTED_EDGE('',*,*,#2727,.F.);
#3587=ORIENTED_EDGE('',*,*,#2725,.F.);
#3588=ORIENTED_EDGE('',*,*,#2727,.T.);
#3589=ORIENTED_EDGE('',*,*,#2728,.T.);
#3590=ORIENTED_EDGE('',*,*,#2729,.F.);
#3591=ORIENTED_EDGE('',*,*,#2730,.F.);
#3592=ORIENTED_EDGE('',*,*,#2728,.F.);
#3593=ORIENTED_EDGE('',*,*,#2726,.T.);
#3594=ORIENTED_EDGE('',*,*,#2729,.T.);
#3595=ORIENTED_EDGE('',*,*,#2730,.T.);
#3596=ORIENTED_EDGE('',*,*,#2731,.T.);
#3597=ORIENTED_EDGE('',*,*,#2732,.F.);
#3598=ORIENTED_EDGE('',*,*,#2731,.F.);
#3599=ORIENTED_EDGE('',*,*,#2718,.F.);
#3600=ORIENTED_EDGE('',*,*,#2732,.T.);
#3601=ORIENTED_EDGE('',*,*,#2733,.T.);
#3602=ORIENTED_EDGE('',*,*,#2734,.F.);
#3603=ORIENTED_EDGE('',*,*,#2735,.T.);
#3604=ORIENTED_EDGE('',*,*,#2733,.F.);
#3605=ORIENTED_EDGE('',*,*,#2735,.F.);
#3606=ORIENTED_EDGE('',*,*,#2734,.T.);
#3607=ORIENTED_EDGE('',*,*,#2736,.T.);
#3608=ORIENTED_EDGE('',*,*,#2737,.F.);
#3609=ORIENTED_EDGE('',*,*,#2738,.T.);
#3610=ORIENTED_EDGE('',*,*,#2736,.F.);
#3611=ORIENTED_EDGE('',*,*,#2738,.F.);
#3612=ORIENTED_EDGE('',*,*,#2737,.T.);
#3613=ORIENTED_EDGE('',*,*,#2739,.T.);
#3614=ORIENTED_EDGE('',*,*,#2740,.F.);
#3615=ORIENTED_EDGE('',*,*,#2741,.T.);
#3616=ORIENTED_EDGE('',*,*,#2739,.F.);
#3617=ORIENTED_EDGE('',*,*,#2741,.F.);
#3618=ORIENTED_EDGE('',*,*,#2740,.T.);
#3619=ORIENTED_EDGE('',*,*,#2742,.T.);
#3620=ORIENTED_EDGE('',*,*,#2743,.F.);
#3621=ORIENTED_EDGE('',*,*,#2744,.T.);
#3622=ORIENTED_EDGE('',*,*,#2742,.F.);
#3623=ORIENTED_EDGE('',*,*,#2744,.F.);
#3624=ORIENTED_EDGE('',*,*,#2743,.T.);
#3625=ORIENTED_EDGE('',*,*,#2745,.F.);
#3626=ORIENTED_EDGE('',*,*,#2746,.F.);
#3627=ORIENTED_EDGE('',*,*,#2747,.F.);
#3628=ORIENTED_EDGE('',*,*,#2748,.T.);
#3629=ORIENTED_EDGE('',*,*,#2749,.F.);
#3630=ORIENTED_EDGE('',*,*,#2748,.F.);
#3631=ORIENTED_EDGE('',*,*,#2750,.F.);
#3632=ORIENTED_EDGE('',*,*,#2751,.T.);
#3633=ORIENTED_EDGE('',*,*,#2752,.T.);
#3634=ORIENTED_EDGE('',*,*,#2753,.T.);
#3635=ORIENTED_EDGE('',*,*,#2754,.T.);
#3636=ORIENTED_EDGE('',*,*,#2755,.F.);
#3637=ORIENTED_EDGE('',*,*,#2756,.T.);
#3638=ORIENTED_EDGE('',*,*,#2757,.F.);
#3639=ORIENTED_EDGE('',*,*,#2758,.T.);
#3640=ORIENTED_EDGE('',*,*,#2755,.T.);
#3641=ORIENTED_EDGE('',*,*,#2757,.T.);
#3642=ORIENTED_EDGE('',*,*,#2759,.T.);
#3643=ORIENTED_EDGE('',*,*,#2760,.F.);
#3644=ORIENTED_EDGE('',*,*,#2761,.T.);
#3645=ORIENTED_EDGE('',*,*,#2762,.F.);
#3646=ORIENTED_EDGE('',*,*,#2763,.T.);
#3647=ORIENTED_EDGE('',*,*,#2753,.F.);
#3648=ORIENTED_EDGE('',*,*,#2764,.T.);
#3649=ORIENTED_EDGE('',*,*,#2765,.T.);
#3650=ORIENTED_EDGE('',*,*,#2766,.F.);
#3651=ORIENTED_EDGE('',*,*,#2747,.T.);
#3652=ORIENTED_EDGE('',*,*,#2767,.T.);
#3653=ORIENTED_EDGE('',*,*,#2768,.T.);
#3654=ORIENTED_EDGE('',*,*,#2769,.F.);
#3655=ORIENTED_EDGE('',*,*,#2750,.T.);
#3656=ORIENTED_EDGE('',*,*,#2766,.T.);
#3657=ORIENTED_EDGE('',*,*,#2770,.T.);
#3658=ORIENTED_EDGE('',*,*,#2771,.T.);
#3659=ORIENTED_EDGE('',*,*,#2772,.T.);
#3660=ORIENTED_EDGE('',*,*,#2769,.T.);
#3661=ORIENTED_EDGE('',*,*,#2773,.T.);
#3662=ORIENTED_EDGE('',*,*,#2762,.T.);
#3663=ORIENTED_EDGE('',*,*,#2774,.F.);
#3664=ORIENTED_EDGE('',*,*,#2751,.F.);
#3665=ORIENTED_EDGE('',*,*,#2772,.F.);
#3666=ORIENTED_EDGE('',*,*,#2775,.T.);
#3667=ORIENTED_EDGE('',*,*,#2776,.F.);
#3668=ORIENTED_EDGE('',*,*,#2775,.F.);
#3669=ORIENTED_EDGE('',*,*,#2771,.F.);
#3670=ORIENTED_EDGE('',*,*,#2765,.F.);
#3671=ORIENTED_EDGE('',*,*,#2777,.T.);
#3672=ORIENTED_EDGE('',*,*,#2778,.F.);
#3673=ORIENTED_EDGE('',*,*,#2779,.F.);
#3674=ORIENTED_EDGE('',*,*,#2777,.F.);
#3675=ORIENTED_EDGE('',*,*,#2764,.F.);
#3676=ORIENTED_EDGE('',*,*,#2780,.T.);
#3677=ORIENTED_EDGE('',*,*,#2781,.F.);
#3678=ORIENTED_EDGE('',*,*,#2780,.F.);
#3679=ORIENTED_EDGE('',*,*,#2752,.F.);
#3680=ORIENTED_EDGE('',*,*,#2782,.T.);
#3681=ORIENTED_EDGE('',*,*,#2783,.F.);
#3682=ORIENTED_EDGE('',*,*,#2782,.F.);
#3683=ORIENTED_EDGE('',*,*,#2758,.F.);
#3684=ORIENTED_EDGE('',*,*,#2784,.T.);
#3685=ORIENTED_EDGE('',*,*,#2785,.F.);
#3686=ORIENTED_EDGE('',*,*,#2784,.F.);
#3687=ORIENTED_EDGE('',*,*,#2761,.F.);
#3688=ORIENTED_EDGE('',*,*,#2786,.T.);
#3689=ORIENTED_EDGE('',*,*,#2781,.T.);
#3690=ORIENTED_EDGE('',*,*,#2787,.F.);
#3691=ORIENTED_EDGE('',*,*,#2788,.T.);
#3692=ORIENTED_EDGE('',*,*,#2789,.T.);
#3693=ORIENTED_EDGE('',*,*,#2790,.T.);
#3694=ORIENTED_EDGE('',*,*,#2791,.T.);
#3695=ORIENTED_EDGE('',*,*,#2792,.F.);
#3696=ORIENTED_EDGE('',*,*,#2785,.T.);
#3697=ORIENTED_EDGE('',*,*,#2783,.T.);
#3698=ORIENTED_EDGE('',*,*,#2792,.T.);
#3699=ORIENTED_EDGE('',*,*,#2793,.T.);
#3700=ORIENTED_EDGE('',*,*,#2787,.T.);
#3701=ORIENTED_EDGE('',*,*,#2794,.F.);
#3702=ORIENTED_EDGE('',*,*,#2778,.T.);
#3703=ORIENTED_EDGE('',*,*,#2779,.T.);
#3704=ORIENTED_EDGE('',*,*,#2789,.F.);
#3705=ORIENTED_EDGE('',*,*,#2795,.T.);
#3706=ORIENTED_EDGE('',*,*,#2794,.T.);
#3707=ORIENTED_EDGE('',*,*,#2796,.T.);
#3708=ORIENTED_EDGE('',*,*,#2797,.F.);
#3709=ORIENTED_EDGE('',*,*,#2774,.T.);
#3710=ORIENTED_EDGE('',*,*,#2776,.T.);
#3711=ORIENTED_EDGE('',*,*,#2797,.T.);
#3712=ORIENTED_EDGE('',*,*,#2798,.T.);
#3713=ORIENTED_EDGE('',*,*,#2799,.F.);
#3714=ORIENTED_EDGE('',*,*,#2749,.T.);
#3715=ORIENTED_EDGE('',*,*,#2799,.T.);
#3716=ORIENTED_EDGE('',*,*,#2800,.T.);
#3717=ORIENTED_EDGE('',*,*,#2801,.F.);
#3718=ORIENTED_EDGE('',*,*,#2745,.T.);
#3719=ORIENTED_EDGE('',*,*,#2802,.T.);
#3720=ORIENTED_EDGE('',*,*,#2803,.T.);
#3721=ORIENTED_EDGE('',*,*,#2804,.T.);
#3722=ORIENTED_EDGE('',*,*,#2805,.T.);
#3723=ORIENTED_EDGE('',*,*,#2806,.T.);
#3724=ORIENTED_EDGE('',*,*,#2807,.T.);
#3725=ORIENTED_EDGE('',*,*,#2808,.T.);
#3726=ORIENTED_EDGE('',*,*,#2804,.F.);
#3727=ORIENTED_EDGE('',*,*,#2809,.T.);
#3728=ORIENTED_EDGE('',*,*,#2810,.T.);
#3729=ORIENTED_EDGE('',*,*,#2811,.T.);
#3730=ORIENTED_EDGE('',*,*,#2807,.F.);
#3731=ORIENTED_EDGE('',*,*,#2812,.T.);
#3732=ORIENTED_EDGE('',*,*,#2806,.F.);
#3733=ORIENTED_EDGE('',*,*,#2813,.T.);
#3734=ORIENTED_EDGE('',*,*,#2814,.T.);
#3735=ORIENTED_EDGE('',*,*,#2815,.T.);
#3736=ORIENTED_EDGE('',*,*,#2816,.T.);
#3737=ORIENTED_EDGE('',*,*,#2817,.T.);
#3738=ORIENTED_EDGE('',*,*,#2814,.F.);
#3739=ORIENTED_EDGE('',*,*,#2818,.T.);
#3740=ORIENTED_EDGE('',*,*,#2819,.T.);
#3741=ORIENTED_EDGE('',*,*,#2820,.T.);
#3742=ORIENTED_EDGE('',*,*,#2821,.T.);
#3743=ORIENTED_EDGE('',*,*,#2822,.F.);
#3744=ORIENTED_EDGE('',*,*,#2823,.T.);
#3745=ORIENTED_EDGE('',*,*,#2824,.T.);
#3746=ORIENTED_EDGE('',*,*,#2820,.F.);
#3747=ORIENTED_EDGE('',*,*,#2825,.T.);
#3748=ORIENTED_EDGE('',*,*,#2819,.F.);
#3749=ORIENTED_EDGE('',*,*,#2823,.F.);
#3750=ORIENTED_EDGE('',*,*,#2826,.F.);
#3751=ORIENTED_EDGE('',*,*,#2827,.F.);
#3752=ORIENTED_EDGE('',*,*,#2828,.T.);
#3753=ORIENTED_EDGE('',*,*,#2829,.F.);
#3754=ORIENTED_EDGE('',*,*,#2830,.T.);
#3755=ORIENTED_EDGE('',*,*,#2831,.T.);
#3756=ORIENTED_EDGE('',*,*,#2832,.T.);
#3757=ORIENTED_EDGE('',*,*,#2833,.T.);
#3758=ORIENTED_EDGE('',*,*,#2834,.T.);
#3759=ORIENTED_EDGE('',*,*,#2831,.F.);
#3760=ORIENTED_EDGE('',*,*,#2835,.T.);
#3761=ORIENTED_EDGE('',*,*,#2836,.T.);
#3762=ORIENTED_EDGE('',*,*,#2837,.T.);
#3763=ORIENTED_EDGE('',*,*,#2833,.F.);
#3764=ORIENTED_EDGE('',*,*,#2838,.T.);
#3765=ORIENTED_EDGE('',*,*,#2839,.T.);
#3766=ORIENTED_EDGE('',*,*,#2836,.F.);
#3767=ORIENTED_EDGE('',*,*,#2840,.T.);
#3768=ORIENTED_EDGE('',*,*,#2841,.T.);
#3769=ORIENTED_EDGE('',*,*,#2842,.T.);
#3770=ORIENTED_EDGE('',*,*,#2843,.T.);
#3771=ORIENTED_EDGE('',*,*,#2844,.T.);
#3772=ORIENTED_EDGE('',*,*,#2845,.T.);
#3773=ORIENTED_EDGE('',*,*,#2846,.T.);
#3774=ORIENTED_EDGE('',*,*,#2842,.F.);
#3775=ORIENTED_EDGE('',*,*,#2847,.T.);
#3776=ORIENTED_EDGE('',*,*,#2848,.T.);
#3777=ORIENTED_EDGE('',*,*,#2849,.T.);
#3778=ORIENTED_EDGE('',*,*,#2845,.F.);
#3779=ORIENTED_EDGE('',*,*,#2850,.T.);
#3780=ORIENTED_EDGE('',*,*,#2851,.T.);
#3781=ORIENTED_EDGE('',*,*,#2848,.F.);
#3782=ORIENTED_EDGE('',*,*,#2827,.T.);
#3783=ORIENTED_EDGE('',*,*,#2825,.F.);
#3784=ORIENTED_EDGE('',*,*,#2828,.F.);
#3785=ORIENTED_EDGE('',*,*,#2847,.F.);
#3786=ORIENTED_EDGE('',*,*,#2852,.T.);
#3787=ORIENTED_EDGE('',*,*,#2817,.F.);
#3788=ORIENTED_EDGE('',*,*,#2852,.F.);
#3789=ORIENTED_EDGE('',*,*,#2844,.F.);
#3790=ORIENTED_EDGE('',*,*,#2853,.T.);
#3791=ORIENTED_EDGE('',*,*,#2815,.F.);
#3792=ORIENTED_EDGE('',*,*,#2853,.F.);
#3793=ORIENTED_EDGE('',*,*,#2841,.F.);
#3794=ORIENTED_EDGE('',*,*,#2854,.T.);
#3795=ORIENTED_EDGE('',*,*,#2802,.F.);
#3796=ORIENTED_EDGE('',*,*,#2816,.F.);
#3797=ORIENTED_EDGE('',*,*,#2854,.F.);
#3798=ORIENTED_EDGE('',*,*,#2840,.F.);
#3799=ORIENTED_EDGE('',*,*,#2839,.F.);
#3800=ORIENTED_EDGE('',*,*,#2855,.T.);
#3801=ORIENTED_EDGE('',*,*,#2803,.F.);
#3802=ORIENTED_EDGE('',*,*,#2855,.F.);
#3803=ORIENTED_EDGE('',*,*,#2838,.F.);
#3804=ORIENTED_EDGE('',*,*,#2856,.T.);
#3805=ORIENTED_EDGE('',*,*,#2812,.F.);
#3806=ORIENTED_EDGE('',*,*,#2857,.F.);
#3807=ORIENTED_EDGE('',*,*,#2830,.F.);
#3808=ORIENTED_EDGE('',*,*,#2858,.T.);
#3809=ORIENTED_EDGE('',*,*,#2809,.F.);
#3810=ORIENTED_EDGE('',*,*,#2856,.F.);
#3811=ORIENTED_EDGE('',*,*,#2835,.F.);
#3812=ORIENTED_EDGE('',*,*,#2857,.T.);
#3813=ORIENTED_EDGE('',*,*,#2859,.T.);
#3814=ORIENTED_EDGE('',*,*,#2860,.T.);
#3815=ORIENTED_EDGE('',*,*,#2861,.T.);
#3816=ORIENTED_EDGE('',*,*,#2810,.F.);
#3817=ORIENTED_EDGE('',*,*,#2862,.F.);
#3818=ORIENTED_EDGE('',*,*,#2863,.T.);
#3819=ORIENTED_EDGE('',*,*,#2859,.F.);
#3820=ORIENTED_EDGE('',*,*,#2858,.F.);
#3821=ORIENTED_EDGE('',*,*,#2864,.T.);
#3822=ORIENTED_EDGE('',*,*,#2865,.F.);
#3823=ORIENTED_EDGE('',*,*,#2862,.T.);
#3824=ORIENTED_EDGE('',*,*,#2829,.T.);
#3825=ORIENTED_EDGE('',*,*,#2866,.T.);
#3826=ORIENTED_EDGE('',*,*,#2867,.T.);
#3827=ORIENTED_EDGE('',*,*,#2860,.F.);
#3828=ORIENTED_EDGE('',*,*,#2868,.T.);
#3829=ORIENTED_EDGE('',*,*,#2869,.T.);
#3830=ORIENTED_EDGE('',*,*,#2870,.T.);
#3831=ORIENTED_EDGE('',*,*,#2866,.F.);
#3832=ORIENTED_EDGE('',*,*,#2871,.T.);
#3833=ORIENTED_EDGE('',*,*,#2872,.T.);
#3834=ORIENTED_EDGE('',*,*,#2873,.T.);
#3835=ORIENTED_EDGE('',*,*,#2869,.F.);
#3836=ORIENTED_EDGE('',*,*,#2874,.T.);
#3837=ORIENTED_EDGE('',*,*,#2875,.T.);
#3838=ORIENTED_EDGE('',*,*,#2872,.F.);
#3839=ORIENTED_EDGE('',*,*,#2876,.T.);
#3840=ORIENTED_EDGE('',*,*,#2801,.T.);
#3841=ORIENTED_EDGE('',*,*,#2877,.T.);
#3842=ORIENTED_EDGE('',*,*,#2878,.T.);
#3843=ORIENTED_EDGE('',*,*,#2879,.F.);
#3844=ORIENTED_EDGE('',*,*,#2880,.T.);
#3845=ORIENTED_EDGE('',*,*,#2881,.T.);
#3846=ORIENTED_EDGE('',*,*,#2882,.T.);
#3847=ORIENTED_EDGE('',*,*,#2877,.F.);
#3848=ORIENTED_EDGE('',*,*,#2883,.T.);
#3849=ORIENTED_EDGE('',*,*,#2884,.T.);
#3850=ORIENTED_EDGE('',*,*,#2885,.T.);
#3851=ORIENTED_EDGE('',*,*,#2881,.F.);
#3852=ORIENTED_EDGE('',*,*,#2886,.T.);
#3853=ORIENTED_EDGE('',*,*,#2887,.T.);
#3854=ORIENTED_EDGE('',*,*,#2884,.F.);
#3855=ORIENTED_EDGE('',*,*,#2888,.T.);
#3856=ORIENTED_EDGE('',*,*,#2822,.T.);
#3857=ORIENTED_EDGE('',*,*,#2888,.F.);
#3858=ORIENTED_EDGE('',*,*,#2889,.F.);
#3859=ORIENTED_EDGE('',*,*,#2890,.F.);
#3860=ORIENTED_EDGE('',*,*,#2826,.T.);
#3861=ORIENTED_EDGE('',*,*,#2886,.F.);
#3862=ORIENTED_EDGE('',*,*,#2891,.F.);
#3863=ORIENTED_EDGE('',*,*,#2892,.F.);
#3864=ORIENTED_EDGE('',*,*,#2889,.T.);
#3865=ORIENTED_EDGE('',*,*,#2883,.F.);
#3866=ORIENTED_EDGE('',*,*,#2893,.F.);
#3867=ORIENTED_EDGE('',*,*,#2894,.F.);
#3868=ORIENTED_EDGE('',*,*,#2891,.T.);
#3869=ORIENTED_EDGE('',*,*,#2880,.F.);
#3870=ORIENTED_EDGE('',*,*,#2895,.F.);
#3871=ORIENTED_EDGE('',*,*,#2896,.F.);
#3872=ORIENTED_EDGE('',*,*,#2893,.T.);
#3873=ORIENTED_EDGE('',*,*,#2897,.T.);
#3874=ORIENTED_EDGE('',*,*,#2898,.T.);
#3875=ORIENTED_EDGE('',*,*,#2899,.T.);
#3876=ORIENTED_EDGE('',*,*,#2767,.F.);
#3877=ORIENTED_EDGE('',*,*,#2900,.T.);
#3878=ORIENTED_EDGE('',*,*,#2901,.T.);
#3879=ORIENTED_EDGE('',*,*,#2898,.F.);
#3880=ORIENTED_EDGE('',*,*,#2902,.T.);
#3881=ORIENTED_EDGE('',*,*,#2900,.F.);
#3882=ORIENTED_EDGE('',*,*,#2903,.T.);
#3883=ORIENTED_EDGE('',*,*,#2904,.T.);
#3884=ORIENTED_EDGE('',*,*,#2905,.T.);
#3885=ORIENTED_EDGE('',*,*,#2865,.T.);
#3886=ORIENTED_EDGE('',*,*,#2906,.T.);
#3887=ORIENTED_EDGE('',*,*,#2904,.F.);
#3888=ORIENTED_EDGE('',*,*,#2907,.T.);
#3889=ORIENTED_EDGE('',*,*,#2899,.F.);
#3890=ORIENTED_EDGE('',*,*,#2901,.F.);
#3891=ORIENTED_EDGE('',*,*,#2905,.F.);
#3892=ORIENTED_EDGE('',*,*,#2906,.F.);
#3893=ORIENTED_EDGE('',*,*,#2864,.F.);
#3894=ORIENTED_EDGE('',*,*,#2832,.F.);
#3895=ORIENTED_EDGE('',*,*,#2834,.F.);
#3896=ORIENTED_EDGE('',*,*,#2837,.F.);
#3897=ORIENTED_EDGE('',*,*,#2843,.F.);
#3898=ORIENTED_EDGE('',*,*,#2846,.F.);
#3899=ORIENTED_EDGE('',*,*,#2849,.F.);
#3900=ORIENTED_EDGE('',*,*,#2851,.F.);
#3901=ORIENTED_EDGE('',*,*,#2908,.F.);
#3902=ORIENTED_EDGE('',*,*,#2909,.F.);
#3903=ORIENTED_EDGE('',*,*,#2910,.F.);
#3904=ORIENTED_EDGE('',*,*,#2911,.F.);
#3905=ORIENTED_EDGE('',*,*,#2912,.F.);
#3906=ORIENTED_EDGE('',*,*,#2759,.F.);
#3907=ORIENTED_EDGE('',*,*,#2756,.F.);
#3908=ORIENTED_EDGE('',*,*,#2754,.F.);
#3909=ORIENTED_EDGE('',*,*,#2763,.F.);
#3910=ORIENTED_EDGE('',*,*,#2773,.F.);
#3911=ORIENTED_EDGE('',*,*,#2770,.F.);
#3912=ORIENTED_EDGE('',*,*,#2768,.F.);
#3913=ORIENTED_EDGE('',*,*,#2890,.T.);
#3914=ORIENTED_EDGE('',*,*,#2913,.T.);
#3915=ORIENTED_EDGE('',*,*,#2908,.T.);
#3916=ORIENTED_EDGE('',*,*,#2850,.F.);
#3917=ORIENTED_EDGE('',*,*,#2913,.F.);
#3918=ORIENTED_EDGE('',*,*,#2892,.T.);
#3919=ORIENTED_EDGE('',*,*,#2914,.T.);
#3920=ORIENTED_EDGE('',*,*,#2909,.T.);
#3921=ORIENTED_EDGE('',*,*,#2915,.T.);
#3922=ORIENTED_EDGE('',*,*,#2910,.T.);
#3923=ORIENTED_EDGE('',*,*,#2914,.F.);
#3924=ORIENTED_EDGE('',*,*,#2894,.T.);
#3925=ORIENTED_EDGE('',*,*,#2915,.F.);
#3926=ORIENTED_EDGE('',*,*,#2896,.T.);
#3927=ORIENTED_EDGE('',*,*,#2916,.T.);
#3928=ORIENTED_EDGE('',*,*,#2911,.T.);
#3929=ORIENTED_EDGE('',*,*,#2876,.F.);
#3930=ORIENTED_EDGE('',*,*,#2917,.F.);
#3931=ORIENTED_EDGE('',*,*,#2897,.F.);
#3932=ORIENTED_EDGE('',*,*,#2746,.T.);
#3933=ORIENTED_EDGE('',*,*,#2874,.F.);
#3934=ORIENTED_EDGE('',*,*,#2918,.F.);
#3935=ORIENTED_EDGE('',*,*,#2902,.F.);
#3936=ORIENTED_EDGE('',*,*,#2917,.T.);
#3937=ORIENTED_EDGE('',*,*,#2871,.F.);
#3938=ORIENTED_EDGE('',*,*,#2919,.F.);
#3939=ORIENTED_EDGE('',*,*,#2903,.F.);
#3940=ORIENTED_EDGE('',*,*,#2918,.T.);
#3941=ORIENTED_EDGE('',*,*,#2868,.F.);
#3942=ORIENTED_EDGE('',*,*,#2863,.F.);
#3943=ORIENTED_EDGE('',*,*,#2907,.F.);
#3944=ORIENTED_EDGE('',*,*,#2919,.T.);
#3945=ORIENTED_EDGE('',*,*,#2912,.T.);
#3946=ORIENTED_EDGE('',*,*,#2916,.F.);
#3947=ORIENTED_EDGE('',*,*,#2920,.T.);
#3948=ORIENTED_EDGE('',*,*,#2760,.T.);
#3949=ORIENTED_EDGE('',*,*,#2920,.F.);
#3950=ORIENTED_EDGE('',*,*,#2895,.T.);
#3951=ORIENTED_EDGE('',*,*,#2921,.F.);
#3952=ORIENTED_EDGE('',*,*,#2786,.F.);
#3953=ORIENTED_EDGE('',*,*,#2921,.T.);
#3954=ORIENTED_EDGE('',*,*,#2879,.T.);
#3955=ORIENTED_EDGE('',*,*,#2922,.T.);
#3956=ORIENTED_EDGE('',*,*,#2790,.F.);
#3957=ORIENTED_EDGE('',*,*,#2922,.F.);
#3958=ORIENTED_EDGE('',*,*,#2878,.F.);
#3959=ORIENTED_EDGE('',*,*,#2882,.F.);
#3960=ORIENTED_EDGE('',*,*,#2885,.F.);
#3961=ORIENTED_EDGE('',*,*,#2887,.F.);
#3962=ORIENTED_EDGE('',*,*,#2821,.F.);
#3963=ORIENTED_EDGE('',*,*,#2824,.F.);
#3964=ORIENTED_EDGE('',*,*,#2818,.F.);
#3965=ORIENTED_EDGE('',*,*,#2813,.F.);
#3966=ORIENTED_EDGE('',*,*,#2805,.F.);
#3967=ORIENTED_EDGE('',*,*,#2808,.F.);
#3968=ORIENTED_EDGE('',*,*,#2811,.F.);
#3969=ORIENTED_EDGE('',*,*,#2861,.F.);
#3970=ORIENTED_EDGE('',*,*,#2867,.F.);
#3971=ORIENTED_EDGE('',*,*,#2870,.F.);
#3972=ORIENTED_EDGE('',*,*,#2873,.F.);
#3973=ORIENTED_EDGE('',*,*,#2875,.F.);
#3974=ORIENTED_EDGE('',*,*,#2800,.F.);
#3975=ORIENTED_EDGE('',*,*,#2798,.F.);
#3976=ORIENTED_EDGE('',*,*,#2796,.F.);
#3977=ORIENTED_EDGE('',*,*,#2795,.F.);
#3978=ORIENTED_EDGE('',*,*,#2788,.F.);
#3979=ORIENTED_EDGE('',*,*,#2793,.F.);
#3980=ORIENTED_EDGE('',*,*,#2791,.F.);
#3981=ORIENTED_EDGE('',*,*,#2923,.T.);
#3982=ORIENTED_EDGE('',*,*,#2924,.T.);
#3983=ORIENTED_EDGE('',*,*,#2925,.T.);
#3984=ORIENTED_EDGE('',*,*,#2926,.T.);
#3985=ORIENTED_EDGE('',*,*,#2927,.T.);
#3986=ORIENTED_EDGE('',*,*,#2928,.T.);
#3987=ORIENTED_EDGE('',*,*,#2925,.F.);
#3988=ORIENTED_EDGE('',*,*,#2929,.T.);
#3989=ORIENTED_EDGE('',*,*,#2930,.T.);
#3990=ORIENTED_EDGE('',*,*,#2931,.T.);
#3991=ORIENTED_EDGE('',*,*,#2927,.F.);
#3992=ORIENTED_EDGE('',*,*,#2932,.T.);
#3993=ORIENTED_EDGE('',*,*,#2933,.T.);
#3994=ORIENTED_EDGE('',*,*,#2934,.T.);
#3995=ORIENTED_EDGE('',*,*,#2930,.F.);
#3996=ORIENTED_EDGE('',*,*,#2935,.T.);
#3997=ORIENTED_EDGE('',*,*,#2936,.T.);
#3998=ORIENTED_EDGE('',*,*,#2937,.T.);
#3999=ORIENTED_EDGE('',*,*,#2938,.T.);
#4000=ORIENTED_EDGE('',*,*,#2939,.T.);
#4001=ORIENTED_EDGE('',*,*,#2938,.F.);
#4002=ORIENTED_EDGE('',*,*,#2940,.T.);
#4003=ORIENTED_EDGE('',*,*,#2933,.F.);
#4004=ORIENTED_EDGE('',*,*,#2941,.T.);
#4005=ORIENTED_EDGE('',*,*,#2942,.T.);
#4006=ORIENTED_EDGE('',*,*,#2943,.T.);
#4007=ORIENTED_EDGE('',*,*,#2944,.T.);
#4008=ORIENTED_EDGE('',*,*,#2945,.T.);
#4009=ORIENTED_EDGE('',*,*,#2944,.F.);
#4010=ORIENTED_EDGE('',*,*,#2946,.T.);
#4011=ORIENTED_EDGE('',*,*,#2947,.T.);
#4012=ORIENTED_EDGE('',*,*,#2948,.T.);
#4013=ORIENTED_EDGE('',*,*,#2947,.F.);
#4014=ORIENTED_EDGE('',*,*,#2949,.T.);
#4015=ORIENTED_EDGE('',*,*,#2950,.T.);
#4016=ORIENTED_EDGE('',*,*,#2951,.T.);
#4017=ORIENTED_EDGE('',*,*,#2950,.F.);
#4018=ORIENTED_EDGE('',*,*,#2952,.T.);
#4019=ORIENTED_EDGE('',*,*,#2953,.T.);
#4020=ORIENTED_EDGE('',*,*,#2954,.T.);
#4021=ORIENTED_EDGE('',*,*,#2953,.F.);
#4022=ORIENTED_EDGE('',*,*,#2955,.T.);
#4023=ORIENTED_EDGE('',*,*,#2956,.T.);
#4024=ORIENTED_EDGE('',*,*,#2957,.T.);
#4025=ORIENTED_EDGE('',*,*,#2956,.F.);
#4026=ORIENTED_EDGE('',*,*,#2958,.T.);
#4027=ORIENTED_EDGE('',*,*,#2959,.T.);
#4028=ORIENTED_EDGE('',*,*,#2960,.T.);
#4029=ORIENTED_EDGE('',*,*,#2942,.F.);
#4030=ORIENTED_EDGE('',*,*,#2961,.T.);
#4031=ORIENTED_EDGE('',*,*,#2936,.F.);
#4032=ORIENTED_EDGE('',*,*,#2962,.T.);
#4033=ORIENTED_EDGE('',*,*,#2963,.T.);
#4034=ORIENTED_EDGE('',*,*,#2964,.T.);
#4035=ORIENTED_EDGE('',*,*,#2965,.T.);
#4036=ORIENTED_EDGE('',*,*,#2966,.T.);
#4037=ORIENTED_EDGE('',*,*,#2963,.F.);
#4038=ORIENTED_EDGE('',*,*,#2967,.T.);
#4039=ORIENTED_EDGE('',*,*,#2959,.F.);
#4040=ORIENTED_EDGE('',*,*,#2968,.T.);
#4041=ORIENTED_EDGE('',*,*,#2969,.T.);
#4042=ORIENTED_EDGE('',*,*,#2970,.T.);
#4043=ORIENTED_EDGE('',*,*,#2971,.T.);
#4044=ORIENTED_EDGE('',*,*,#2972,.T.);
#4045=ORIENTED_EDGE('',*,*,#2973,.T.);
#4046=ORIENTED_EDGE('',*,*,#2974,.T.);
#4047=ORIENTED_EDGE('',*,*,#2971,.F.);
#4048=ORIENTED_EDGE('',*,*,#2975,.T.);
#4049=ORIENTED_EDGE('',*,*,#2976,.T.);
#4050=ORIENTED_EDGE('',*,*,#2977,.T.);
#4051=ORIENTED_EDGE('',*,*,#2973,.F.);
#4052=ORIENTED_EDGE('',*,*,#2978,.T.);
#4053=ORIENTED_EDGE('',*,*,#2979,.T.);
#4054=ORIENTED_EDGE('',*,*,#2980,.T.);
#4055=ORIENTED_EDGE('',*,*,#2976,.F.);
#4056=ORIENTED_EDGE('',*,*,#2981,.T.);
#4057=ORIENTED_EDGE('',*,*,#2969,.F.);
#4058=ORIENTED_EDGE('',*,*,#2982,.T.);
#4059=ORIENTED_EDGE('',*,*,#2965,.F.);
#4060=ORIENTED_EDGE('',*,*,#2983,.T.);
#4061=ORIENTED_EDGE('',*,*,#2940,.F.);
#4062=ORIENTED_EDGE('',*,*,#2937,.F.);
#4063=ORIENTED_EDGE('',*,*,#2961,.F.);
#4064=ORIENTED_EDGE('',*,*,#2945,.F.);
#4065=ORIENTED_EDGE('',*,*,#2984,.T.);
#4066=ORIENTED_EDGE('',*,*,#2985,.F.);
#4067=ORIENTED_EDGE('',*,*,#2986,.F.);
#4068=ORIENTED_EDGE('',*,*,#2987,.F.);
#4069=ORIENTED_EDGE('',*,*,#2988,.F.);
#4070=ORIENTED_EDGE('',*,*,#2989,.F.);
#4071=ORIENTED_EDGE('',*,*,#2990,.T.);
#4072=ORIENTED_EDGE('',*,*,#2948,.F.);
#4073=ORIENTED_EDGE('',*,*,#2991,.T.);
#4074=ORIENTED_EDGE('',*,*,#2992,.F.);
#4075=ORIENTED_EDGE('',*,*,#2984,.F.);
#4076=ORIENTED_EDGE('',*,*,#2951,.F.);
#4077=ORIENTED_EDGE('',*,*,#2993,.T.);
#4078=ORIENTED_EDGE('',*,*,#2994,.F.);
#4079=ORIENTED_EDGE('',*,*,#2991,.F.);
#4080=ORIENTED_EDGE('',*,*,#2954,.F.);
#4081=ORIENTED_EDGE('',*,*,#2995,.T.);
#4082=ORIENTED_EDGE('',*,*,#2996,.F.);
#4083=ORIENTED_EDGE('',*,*,#2993,.F.);
#4084=ORIENTED_EDGE('',*,*,#2957,.F.);
#4085=ORIENTED_EDGE('',*,*,#2997,.T.);
#4086=ORIENTED_EDGE('',*,*,#2998,.F.);
#4087=ORIENTED_EDGE('',*,*,#2995,.F.);
#4088=ORIENTED_EDGE('',*,*,#2960,.F.);
#4089=ORIENTED_EDGE('',*,*,#2999,.F.);
#4090=ORIENTED_EDGE('',*,*,#3000,.F.);
#4091=ORIENTED_EDGE('',*,*,#2997,.F.);
#4092=ORIENTED_EDGE('',*,*,#2967,.F.);
#4093=ORIENTED_EDGE('',*,*,#2966,.F.);
#4094=ORIENTED_EDGE('',*,*,#2982,.F.);
#4095=ORIENTED_EDGE('',*,*,#3001,.T.);
#4096=ORIENTED_EDGE('',*,*,#3002,.F.);
#4097=ORIENTED_EDGE('',*,*,#3003,.F.);
#4098=ORIENTED_EDGE('',*,*,#3004,.F.);
#4099=ORIENTED_EDGE('',*,*,#3005,.F.);
#4100=ORIENTED_EDGE('',*,*,#3006,.F.);
#4101=ORIENTED_EDGE('',*,*,#2999,.T.);
#4102=ORIENTED_EDGE('',*,*,#2979,.F.);
#4103=ORIENTED_EDGE('',*,*,#3007,.T.);
#4104=ORIENTED_EDGE('',*,*,#3008,.F.);
#4105=ORIENTED_EDGE('',*,*,#3009,.T.);
#4106=ORIENTED_EDGE('',*,*,#3010,.T.);
#4107=ORIENTED_EDGE('',*,*,#3011,.T.);
#4108=ORIENTED_EDGE('',*,*,#3012,.T.);
#4109=ORIENTED_EDGE('',*,*,#3013,.T.);
#4110=ORIENTED_EDGE('',*,*,#3014,.T.);
#4111=ORIENTED_EDGE('',*,*,#3015,.F.);
#4112=ORIENTED_EDGE('',*,*,#2981,.F.);
#4113=ORIENTED_EDGE('',*,*,#3016,.F.);
#4114=ORIENTED_EDGE('',*,*,#3017,.F.);
#4115=ORIENTED_EDGE('',*,*,#3007,.F.);
#4116=ORIENTED_EDGE('',*,*,#2978,.F.);
#4117=ORIENTED_EDGE('',*,*,#3018,.T.);
#4118=ORIENTED_EDGE('',*,*,#3019,.F.);
#4119=ORIENTED_EDGE('',*,*,#3016,.T.);
#4120=ORIENTED_EDGE('',*,*,#2975,.F.);
#4121=ORIENTED_EDGE('',*,*,#3020,.F.);
#4122=ORIENTED_EDGE('',*,*,#3021,.F.);
#4123=ORIENTED_EDGE('',*,*,#3018,.F.);
#4124=ORIENTED_EDGE('',*,*,#3022,.T.);
#4125=ORIENTED_EDGE('',*,*,#3023,.T.);
#4126=ORIENTED_EDGE('',*,*,#3024,.T.);
#4127=ORIENTED_EDGE('',*,*,#3025,.T.);
#4128=ORIENTED_EDGE('',*,*,#3024,.F.);
#4129=ORIENTED_EDGE('',*,*,#3026,.T.);
#4130=ORIENTED_EDGE('',*,*,#3027,.T.);
#4131=ORIENTED_EDGE('',*,*,#3028,.T.);
#4132=ORIENTED_EDGE('',*,*,#3027,.F.);
#4133=ORIENTED_EDGE('',*,*,#3029,.T.);
#4134=ORIENTED_EDGE('',*,*,#3030,.T.);
#4135=ORIENTED_EDGE('',*,*,#3031,.T.);
#4136=ORIENTED_EDGE('',*,*,#3030,.F.);
#4137=ORIENTED_EDGE('',*,*,#3032,.T.);
#4138=ORIENTED_EDGE('',*,*,#3033,.T.);
#4139=ORIENTED_EDGE('',*,*,#3034,.T.);
#4140=ORIENTED_EDGE('',*,*,#3033,.F.);
#4141=ORIENTED_EDGE('',*,*,#3035,.T.);
#4142=ORIENTED_EDGE('',*,*,#3036,.T.);
#4143=ORIENTED_EDGE('',*,*,#3037,.T.);
#4144=ORIENTED_EDGE('',*,*,#3036,.F.);
#4145=ORIENTED_EDGE('',*,*,#3038,.T.);
#4146=ORIENTED_EDGE('',*,*,#3039,.T.);
#4147=ORIENTED_EDGE('',*,*,#3040,.T.);
#4148=ORIENTED_EDGE('',*,*,#3039,.F.);
#4149=ORIENTED_EDGE('',*,*,#3041,.T.);
#4150=ORIENTED_EDGE('',*,*,#3042,.T.);
#4151=ORIENTED_EDGE('',*,*,#3043,.T.);
#4152=ORIENTED_EDGE('',*,*,#3042,.F.);
#4153=ORIENTED_EDGE('',*,*,#3044,.T.);
#4154=ORIENTED_EDGE('',*,*,#3045,.T.);
#4155=ORIENTED_EDGE('',*,*,#3046,.T.);
#4156=ORIENTED_EDGE('',*,*,#3045,.F.);
#4157=ORIENTED_EDGE('',*,*,#3047,.T.);
#4158=ORIENTED_EDGE('',*,*,#3048,.T.);
#4159=ORIENTED_EDGE('',*,*,#3049,.T.);
#4160=ORIENTED_EDGE('',*,*,#3050,.T.);
#4161=ORIENTED_EDGE('',*,*,#2989,.T.);
#4162=ORIENTED_EDGE('',*,*,#3051,.T.);
#4163=ORIENTED_EDGE('',*,*,#3052,.T.);
#4164=ORIENTED_EDGE('',*,*,#3050,.F.);
#4165=ORIENTED_EDGE('',*,*,#3053,.T.);
#4166=ORIENTED_EDGE('',*,*,#3048,.F.);
#4167=ORIENTED_EDGE('',*,*,#3054,.T.);
#4168=ORIENTED_EDGE('',*,*,#3055,.T.);
#4169=ORIENTED_EDGE('',*,*,#3056,.T.);
#4170=ORIENTED_EDGE('',*,*,#3057,.T.);
#4171=ORIENTED_EDGE('',*,*,#2987,.T.);
#4172=ORIENTED_EDGE('',*,*,#3057,.F.);
#4173=ORIENTED_EDGE('',*,*,#3058,.T.);
#4174=ORIENTED_EDGE('',*,*,#3051,.F.);
#4175=ORIENTED_EDGE('',*,*,#2988,.T.);
#4176=ORIENTED_EDGE('',*,*,#3059,.T.);
#4177=ORIENTED_EDGE('',*,*,#3060,.T.);
#4178=ORIENTED_EDGE('',*,*,#3061,.T.);
#4179=ORIENTED_EDGE('',*,*,#2985,.T.);
#4180=ORIENTED_EDGE('',*,*,#3062,.T.);
#4181=ORIENTED_EDGE('',*,*,#3063,.T.);
#4182=ORIENTED_EDGE('',*,*,#3059,.F.);
#4183=ORIENTED_EDGE('',*,*,#2992,.T.);
#4184=ORIENTED_EDGE('',*,*,#3064,.T.);
#4185=ORIENTED_EDGE('',*,*,#3065,.T.);
#4186=ORIENTED_EDGE('',*,*,#3062,.F.);
#4187=ORIENTED_EDGE('',*,*,#2994,.T.);
#4188=ORIENTED_EDGE('',*,*,#3066,.T.);
#4189=ORIENTED_EDGE('',*,*,#3067,.T.);
#4190=ORIENTED_EDGE('',*,*,#3064,.F.);
#4191=ORIENTED_EDGE('',*,*,#2996,.T.);
#4192=ORIENTED_EDGE('',*,*,#3068,.T.);
#4193=ORIENTED_EDGE('',*,*,#3069,.T.);
#4194=ORIENTED_EDGE('',*,*,#3066,.F.);
#4195=ORIENTED_EDGE('',*,*,#2998,.T.);
#4196=ORIENTED_EDGE('',*,*,#3070,.T.);
#4197=ORIENTED_EDGE('',*,*,#3071,.T.);
#4198=ORIENTED_EDGE('',*,*,#3068,.F.);
#4199=ORIENTED_EDGE('',*,*,#3000,.T.);
#4200=ORIENTED_EDGE('',*,*,#3070,.F.);
#4201=ORIENTED_EDGE('',*,*,#3006,.T.);
#4202=ORIENTED_EDGE('',*,*,#3072,.T.);
#4203=ORIENTED_EDGE('',*,*,#3073,.T.);
#4204=ORIENTED_EDGE('',*,*,#3061,.F.);
#4205=ORIENTED_EDGE('',*,*,#3074,.T.);
#4206=ORIENTED_EDGE('',*,*,#3055,.F.);
#4207=ORIENTED_EDGE('',*,*,#2986,.T.);
#4208=ORIENTED_EDGE('',*,*,#3075,.T.);
#4209=ORIENTED_EDGE('',*,*,#3004,.T.);
#4210=ORIENTED_EDGE('',*,*,#3076,.T.);
#4211=ORIENTED_EDGE('',*,*,#3077,.T.);
#4212=ORIENTED_EDGE('',*,*,#3075,.F.);
#4213=ORIENTED_EDGE('',*,*,#3078,.T.);
#4214=ORIENTED_EDGE('',*,*,#3072,.F.);
#4215=ORIENTED_EDGE('',*,*,#3005,.T.);
#4216=ORIENTED_EDGE('',*,*,#3079,.T.);
#4217=ORIENTED_EDGE('',*,*,#3080,.T.);
#4218=ORIENTED_EDGE('',*,*,#3081,.T.);
#4219=ORIENTED_EDGE('',*,*,#3002,.T.);
#4220=ORIENTED_EDGE('',*,*,#3081,.F.);
#4221=ORIENTED_EDGE('',*,*,#3082,.T.);
#4222=ORIENTED_EDGE('',*,*,#3076,.F.);
#4223=ORIENTED_EDGE('',*,*,#3003,.T.);
#4224=ORIENTED_EDGE('',*,*,#3022,.F.);
#4225=ORIENTED_EDGE('',*,*,#3083,.T.);
#4226=ORIENTED_EDGE('',*,*,#3079,.F.);
#4227=ORIENTED_EDGE('',*,*,#3084,.T.);
#4228=ORIENTED_EDGE('',*,*,#2934,.F.);
#4229=ORIENTED_EDGE('',*,*,#2990,.F.);
#4230=ORIENTED_EDGE('',*,*,#3054,.F.);
#4231=ORIENTED_EDGE('',*,*,#3047,.F.);
#4232=ORIENTED_EDGE('',*,*,#3044,.F.);
#4233=ORIENTED_EDGE('',*,*,#3041,.F.);
#4234=ORIENTED_EDGE('',*,*,#3038,.F.);
#4235=ORIENTED_EDGE('',*,*,#3035,.F.);
#4236=ORIENTED_EDGE('',*,*,#3032,.F.);
#4237=ORIENTED_EDGE('',*,*,#3029,.F.);
#4238=ORIENTED_EDGE('',*,*,#3026,.F.);
#4239=ORIENTED_EDGE('',*,*,#3023,.F.);
#4240=ORIENTED_EDGE('',*,*,#3084,.F.);
#4241=ORIENTED_EDGE('',*,*,#3001,.F.);
#4242=ORIENTED_EDGE('',*,*,#2972,.F.);
#4243=ORIENTED_EDGE('',*,*,#2974,.F.);
#4244=ORIENTED_EDGE('',*,*,#2977,.F.);
#4245=ORIENTED_EDGE('',*,*,#2980,.F.);
#4246=ORIENTED_EDGE('',*,*,#3015,.T.);
#4247=ORIENTED_EDGE('',*,*,#3085,.F.);
#4248=ORIENTED_EDGE('',*,*,#3086,.F.);
#4249=ORIENTED_EDGE('',*,*,#3087,.F.);
#4250=ORIENTED_EDGE('',*,*,#3088,.F.);
#4251=ORIENTED_EDGE('',*,*,#3089,.F.);
#4252=ORIENTED_EDGE('',*,*,#3090,.F.);
#4253=ORIENTED_EDGE('',*,*,#3091,.F.);
#4254=ORIENTED_EDGE('',*,*,#3092,.T.);
#4255=ORIENTED_EDGE('',*,*,#3093,.F.);
#4256=ORIENTED_EDGE('',*,*,#3094,.T.);
#4257=ORIENTED_EDGE('',*,*,#2926,.F.);
#4258=ORIENTED_EDGE('',*,*,#2928,.F.);
#4259=ORIENTED_EDGE('',*,*,#2931,.F.);
#4260=ORIENTED_EDGE('',*,*,#3058,.F.);
#4261=ORIENTED_EDGE('',*,*,#3056,.F.);
#4262=ORIENTED_EDGE('',*,*,#3095,.T.);
#4263=ORIENTED_EDGE('',*,*,#3096,.T.);
#4264=ORIENTED_EDGE('',*,*,#3097,.F.);
#4265=ORIENTED_EDGE('',*,*,#3074,.F.);
#4266=ORIENTED_EDGE('',*,*,#3060,.F.);
#4267=ORIENTED_EDGE('',*,*,#3063,.F.);
#4268=ORIENTED_EDGE('',*,*,#3065,.F.);
#4269=ORIENTED_EDGE('',*,*,#3067,.F.);
#4270=ORIENTED_EDGE('',*,*,#3069,.F.);
#4271=ORIENTED_EDGE('',*,*,#3071,.F.);
#4272=ORIENTED_EDGE('',*,*,#3073,.F.);
#4273=ORIENTED_EDGE('',*,*,#3078,.F.);
#4274=ORIENTED_EDGE('',*,*,#3098,.T.);
#4275=ORIENTED_EDGE('',*,*,#3099,.T.);
#4276=ORIENTED_EDGE('',*,*,#3095,.F.);
#4277=ORIENTED_EDGE('',*,*,#3100,.F.);
#4278=ORIENTED_EDGE('',*,*,#3101,.F.);
#4279=ORIENTED_EDGE('',*,*,#3102,.F.);
#4280=ORIENTED_EDGE('',*,*,#3103,.F.);
#4281=ORIENTED_EDGE('',*,*,#3104,.F.);
#4282=ORIENTED_EDGE('',*,*,#3105,.F.);
#4283=ORIENTED_EDGE('',*,*,#3077,.F.);
#4284=ORIENTED_EDGE('',*,*,#3082,.F.);
#4285=ORIENTED_EDGE('',*,*,#3106,.T.);
#4286=ORIENTED_EDGE('',*,*,#3107,.T.);
#4287=ORIENTED_EDGE('',*,*,#3098,.F.);
#4288=ORIENTED_EDGE('',*,*,#3108,.T.);
#4289=ORIENTED_EDGE('',*,*,#3109,.T.);
#4290=ORIENTED_EDGE('',*,*,#3100,.T.);
#4291=ORIENTED_EDGE('',*,*,#3110,.T.);
#4292=ORIENTED_EDGE('',*,*,#3111,.T.);
#4293=ORIENTED_EDGE('',*,*,#3101,.T.);
#4294=ORIENTED_EDGE('',*,*,#3109,.F.);
#4295=ORIENTED_EDGE('',*,*,#3112,.T.);
#4296=ORIENTED_EDGE('',*,*,#3102,.T.);
#4297=ORIENTED_EDGE('',*,*,#3111,.F.);
#4298=ORIENTED_EDGE('',*,*,#3113,.T.);
#4299=ORIENTED_EDGE('',*,*,#3114,.F.);
#4300=ORIENTED_EDGE('',*,*,#3105,.T.);
#4301=ORIENTED_EDGE('',*,*,#3115,.T.);
#4302=ORIENTED_EDGE('',*,*,#3116,.T.);
#4303=ORIENTED_EDGE('',*,*,#3110,.F.);
#4304=ORIENTED_EDGE('',*,*,#3115,.F.);
#4305=ORIENTED_EDGE('',*,*,#3104,.T.);
#4306=ORIENTED_EDGE('',*,*,#3117,.T.);
#4307=ORIENTED_EDGE('',*,*,#3118,.T.);
#4308=ORIENTED_EDGE('',*,*,#3119,.T.);
#4309=ORIENTED_EDGE('',*,*,#3117,.F.);
#4310=ORIENTED_EDGE('',*,*,#3103,.T.);
#4311=ORIENTED_EDGE('',*,*,#3114,.T.);
#4312=ORIENTED_EDGE('',*,*,#3113,.F.);
#4313=ORIENTED_EDGE('',*,*,#3120,.T.);
#4314=ORIENTED_EDGE('',*,*,#3121,.F.);
#4315=ORIENTED_EDGE('',*,*,#3122,.F.);
#4316=ORIENTED_EDGE('',*,*,#3112,.F.);
#4317=ORIENTED_EDGE('',*,*,#3123,.F.);
#4318=ORIENTED_EDGE('',*,*,#3124,.F.);
#4319=ORIENTED_EDGE('',*,*,#3120,.F.);
#4320=ORIENTED_EDGE('',*,*,#3108,.F.);
#4321=ORIENTED_EDGE('',*,*,#3125,.F.);
#4322=ORIENTED_EDGE('',*,*,#3126,.F.);
#4323=ORIENTED_EDGE('',*,*,#3123,.T.);
#4324=ORIENTED_EDGE('',*,*,#3127,.T.);
#4325=ORIENTED_EDGE('',*,*,#3128,.T.);
#4326=ORIENTED_EDGE('',*,*,#3126,.T.);
#4327=ORIENTED_EDGE('',*,*,#3129,.F.);
#4328=ORIENTED_EDGE('',*,*,#3128,.F.);
#4329=ORIENTED_EDGE('',*,*,#3130,.T.);
#4330=ORIENTED_EDGE('',*,*,#3131,.T.);
#4331=ORIENTED_EDGE('',*,*,#3124,.T.);
#4332=ORIENTED_EDGE('',*,*,#3121,.T.);
#4333=ORIENTED_EDGE('',*,*,#3131,.F.);
#4334=ORIENTED_EDGE('',*,*,#3132,.T.);
#4335=ORIENTED_EDGE('',*,*,#3133,.T.);
#4336=ORIENTED_EDGE('',*,*,#3134,.T.);
#4337=ORIENTED_EDGE('',*,*,#3135,.T.);
#4338=ORIENTED_EDGE('',*,*,#3136,.T.);
#4339=ORIENTED_EDGE('',*,*,#3133,.F.);
#4340=ORIENTED_EDGE('',*,*,#3135,.F.);
#4341=ORIENTED_EDGE('',*,*,#3137,.T.);
#4342=ORIENTED_EDGE('',*,*,#3138,.T.);
#4343=ORIENTED_EDGE('',*,*,#3139,.T.);
#4344=ORIENTED_EDGE('',*,*,#3140,.T.);
#4345=ORIENTED_EDGE('',*,*,#3138,.F.);
#4346=ORIENTED_EDGE('',*,*,#3141,.T.);
#4347=ORIENTED_EDGE('',*,*,#3129,.T.);
#4348=ORIENTED_EDGE('',*,*,#3118,.F.);
#4349=ORIENTED_EDGE('',*,*,#3142,.F.);
#4350=ORIENTED_EDGE('',*,*,#3139,.F.);
#4351=ORIENTED_EDGE('',*,*,#3143,.F.);
#4352=ORIENTED_EDGE('',*,*,#3116,.F.);
#4353=ORIENTED_EDGE('',*,*,#3143,.T.);
#4354=ORIENTED_EDGE('',*,*,#3140,.F.);
#4355=ORIENTED_EDGE('',*,*,#3125,.T.);
#4356=ORIENTED_EDGE('',*,*,#2962,.F.);
#4357=ORIENTED_EDGE('',*,*,#3144,.F.);
#4358=ORIENTED_EDGE('',*,*,#3145,.F.);
#4359=ORIENTED_EDGE('',*,*,#3146,.T.);
#4360=ORIENTED_EDGE('',*,*,#3147,.F.);
#4361=ORIENTED_EDGE('',*,*,#3148,.T.);
#4362=ORIENTED_EDGE('',*,*,#2968,.F.);
#4363=ORIENTED_EDGE('',*,*,#2958,.F.);
#4364=ORIENTED_EDGE('',*,*,#2955,.F.);
#4365=ORIENTED_EDGE('',*,*,#2952,.F.);
#4366=ORIENTED_EDGE('',*,*,#2949,.F.);
#4367=ORIENTED_EDGE('',*,*,#2946,.F.);
#4368=ORIENTED_EDGE('',*,*,#2943,.F.);
#4369=ORIENTED_EDGE('',*,*,#3127,.F.);
#4370=ORIENTED_EDGE('',*,*,#3141,.F.);
#4371=ORIENTED_EDGE('',*,*,#3137,.F.);
#4372=ORIENTED_EDGE('',*,*,#3134,.F.);
#4373=ORIENTED_EDGE('',*,*,#3132,.F.);
#4374=ORIENTED_EDGE('',*,*,#3130,.F.);
#4375=ORIENTED_EDGE('',*,*,#3052,.F.);
#4376=ORIENTED_EDGE('',*,*,#3097,.T.);
#4377=ORIENTED_EDGE('',*,*,#3149,.T.);
#4378=ORIENTED_EDGE('',*,*,#3150,.F.);
#4379=ORIENTED_EDGE('',*,*,#3049,.F.);
#4380=ORIENTED_EDGE('',*,*,#3053,.F.);
#4381=ORIENTED_EDGE('',*,*,#2935,.F.);
#4382=ORIENTED_EDGE('',*,*,#3151,.T.);
#4383=ORIENTED_EDGE('',*,*,#3152,.F.);
#4384=ORIENTED_EDGE('',*,*,#3144,.T.);
#4385=ORIENTED_EDGE('',*,*,#2939,.F.);
#4386=ORIENTED_EDGE('',*,*,#2941,.F.);
#4387=ORIENTED_EDGE('',*,*,#3025,.F.);
#4388=ORIENTED_EDGE('',*,*,#3153,.T.);
#4389=ORIENTED_EDGE('',*,*,#3154,.T.);
#4390=ORIENTED_EDGE('',*,*,#3106,.F.);
#4391=ORIENTED_EDGE('',*,*,#3080,.F.);
#4392=ORIENTED_EDGE('',*,*,#3083,.F.);
#4393=ORIENTED_EDGE('',*,*,#3119,.F.);
#4394=ORIENTED_EDGE('',*,*,#3122,.T.);
#4395=ORIENTED_EDGE('',*,*,#3136,.F.);
#4396=ORIENTED_EDGE('',*,*,#3142,.T.);
#4397=ORIENTED_EDGE('',*,*,#2924,.F.);
#4398=ORIENTED_EDGE('',*,*,#3155,.T.);
#4399=ORIENTED_EDGE('',*,*,#3156,.F.);
#4400=ORIENTED_EDGE('',*,*,#3157,.F.);
#4401=ORIENTED_EDGE('',*,*,#2929,.F.);
#4402=ORIENTED_EDGE('',*,*,#3157,.T.);
#4403=ORIENTED_EDGE('',*,*,#3158,.F.);
#4404=ORIENTED_EDGE('',*,*,#3159,.T.);
#4405=ORIENTED_EDGE('',*,*,#2932,.F.);
#4406=ORIENTED_EDGE('',*,*,#3159,.F.);
#4407=ORIENTED_EDGE('',*,*,#3160,.F.);
#4408=ORIENTED_EDGE('',*,*,#3151,.F.);
#4409=ORIENTED_EDGE('',*,*,#3043,.F.);
#4410=ORIENTED_EDGE('',*,*,#3161,.T.);
#4411=ORIENTED_EDGE('',*,*,#3162,.T.);
#4412=ORIENTED_EDGE('',*,*,#3163,.F.);
#4413=ORIENTED_EDGE('',*,*,#3046,.F.);
#4414=ORIENTED_EDGE('',*,*,#3150,.T.);
#4415=ORIENTED_EDGE('',*,*,#3164,.T.);
#4416=ORIENTED_EDGE('',*,*,#3161,.F.);
#4417=ORIENTED_EDGE('',*,*,#3040,.F.);
#4418=ORIENTED_EDGE('',*,*,#3163,.T.);
#4419=ORIENTED_EDGE('',*,*,#3165,.T.);
#4420=ORIENTED_EDGE('',*,*,#3166,.F.);
#4421=ORIENTED_EDGE('',*,*,#3167,.F.);
#4422=ORIENTED_EDGE('',*,*,#3168,.F.);
#4423=ORIENTED_EDGE('',*,*,#3034,.F.);
#4424=ORIENTED_EDGE('',*,*,#3169,.T.);
#4425=ORIENTED_EDGE('',*,*,#3170,.F.);
#4426=ORIENTED_EDGE('',*,*,#3171,.T.);
#4427=ORIENTED_EDGE('',*,*,#3172,.T.);
#4428=ORIENTED_EDGE('',*,*,#3173,.F.);
#4429=ORIENTED_EDGE('',*,*,#3028,.F.);
#4430=ORIENTED_EDGE('',*,*,#3174,.T.);
#4431=ORIENTED_EDGE('',*,*,#3175,.T.);
#4432=ORIENTED_EDGE('',*,*,#3153,.F.);
#4433=ORIENTED_EDGE('',*,*,#3031,.F.);
#4434=ORIENTED_EDGE('',*,*,#3173,.T.);
#4435=ORIENTED_EDGE('',*,*,#3176,.T.);
#4436=ORIENTED_EDGE('',*,*,#3174,.F.);
#4437=ORIENTED_EDGE('',*,*,#3177,.T.);
#4438=ORIENTED_EDGE('',*,*,#3178,.T.);
#4439=ORIENTED_EDGE('',*,*,#3087,.T.);
#4440=ORIENTED_EDGE('',*,*,#3179,.T.);
#4441=ORIENTED_EDGE('',*,*,#3180,.F.);
#4442=ORIENTED_EDGE('',*,*,#3181,.T.);
#4443=ORIENTED_EDGE('',*,*,#3177,.F.);
#4444=ORIENTED_EDGE('',*,*,#3182,.F.);
#4445=ORIENTED_EDGE('',*,*,#3183,.T.);
#4446=ORIENTED_EDGE('',*,*,#3184,.F.);
#4447=ORIENTED_EDGE('',*,*,#3180,.T.);
#4448=ORIENTED_EDGE('',*,*,#3185,.T.);
#4449=ORIENTED_EDGE('',*,*,#3186,.T.);
#4450=ORIENTED_EDGE('',*,*,#3008,.T.);
#4451=ORIENTED_EDGE('',*,*,#3017,.T.);
#4452=ORIENTED_EDGE('',*,*,#3187,.T.);
#4453=ORIENTED_EDGE('',*,*,#3176,.F.);
#4454=ORIENTED_EDGE('',*,*,#3172,.F.);
#4455=ORIENTED_EDGE('',*,*,#3188,.F.);
#4456=ORIENTED_EDGE('',*,*,#3189,.F.);
#4457=ORIENTED_EDGE('',*,*,#3190,.F.);
#4458=ORIENTED_EDGE('',*,*,#3191,.F.);
#4459=ORIENTED_EDGE('',*,*,#3192,.F.);
#4460=ORIENTED_EDGE('',*,*,#3193,.F.);
#4461=ORIENTED_EDGE('',*,*,#3194,.F.);
#4462=ORIENTED_EDGE('',*,*,#3195,.F.);
#4463=ORIENTED_EDGE('',*,*,#3196,.F.);
#4464=ORIENTED_EDGE('',*,*,#3165,.F.);
#4465=ORIENTED_EDGE('',*,*,#3162,.F.);
#4466=ORIENTED_EDGE('',*,*,#3164,.F.);
#4467=ORIENTED_EDGE('',*,*,#3149,.F.);
#4468=ORIENTED_EDGE('',*,*,#3096,.F.);
#4469=ORIENTED_EDGE('',*,*,#3099,.F.);
#4470=ORIENTED_EDGE('',*,*,#3107,.F.);
#4471=ORIENTED_EDGE('',*,*,#3154,.F.);
#4472=ORIENTED_EDGE('',*,*,#3175,.F.);
#4473=ORIENTED_EDGE('',*,*,#3197,.F.);
#4474=ORIENTED_EDGE('',*,*,#3198,.F.);
#4475=ORIENTED_EDGE('',*,*,#3183,.F.);
#4476=ORIENTED_EDGE('',*,*,#3199,.F.);
#4477=ORIENTED_EDGE('',*,*,#3200,.F.);
#4478=ORIENTED_EDGE('',*,*,#3201,.F.);
#4479=ORIENTED_EDGE('',*,*,#3202,.F.);
#4480=ORIENTED_EDGE('',*,*,#3203,.F.);
#4481=ORIENTED_EDGE('',*,*,#3204,.F.);
#4482=ORIENTED_EDGE('',*,*,#3205,.F.);
#4483=ORIENTED_EDGE('',*,*,#3206,.F.);
#4484=ORIENTED_EDGE('',*,*,#3207,.F.);
#4485=ORIENTED_EDGE('',*,*,#3208,.F.);
#4486=ORIENTED_EDGE('',*,*,#3209,.F.);
#4487=ORIENTED_EDGE('',*,*,#3210,.F.);
#4488=ORIENTED_EDGE('',*,*,#3211,.F.);
#4489=ORIENTED_EDGE('',*,*,#3212,.F.);
#4490=ORIENTED_EDGE('',*,*,#3213,.F.);
#4491=ORIENTED_EDGE('',*,*,#3214,.F.);
#4492=ORIENTED_EDGE('',*,*,#3215,.F.);
#4493=ORIENTED_EDGE('',*,*,#3216,.T.);
#4494=ORIENTED_EDGE('',*,*,#3217,.F.);
#4495=ORIENTED_EDGE('',*,*,#3218,.T.);
#4496=ORIENTED_EDGE('',*,*,#3197,.T.);
#4497=ORIENTED_EDGE('',*,*,#3219,.T.);
#4498=ORIENTED_EDGE('',*,*,#3220,.T.);
#4499=ORIENTED_EDGE('',*,*,#3088,.T.);
#4500=ORIENTED_EDGE('',*,*,#3178,.F.);
#4501=ORIENTED_EDGE('',*,*,#3221,.T.);
#4502=ORIENTED_EDGE('',*,*,#3222,.T.);
#4503=ORIENTED_EDGE('',*,*,#3089,.T.);
#4504=ORIENTED_EDGE('',*,*,#3220,.F.);
#4505=ORIENTED_EDGE('',*,*,#3223,.T.);
#4506=ORIENTED_EDGE('',*,*,#3224,.T.);
#4507=ORIENTED_EDGE('',*,*,#3090,.T.);
#4508=ORIENTED_EDGE('',*,*,#3222,.F.);
#4509=ORIENTED_EDGE('',*,*,#3225,.T.);
#4510=ORIENTED_EDGE('',*,*,#3226,.F.);
#4511=ORIENTED_EDGE('',*,*,#3227,.T.);
#4512=ORIENTED_EDGE('',*,*,#3228,.F.);
#4513=ORIENTED_EDGE('',*,*,#3229,.F.);
#4514=ORIENTED_EDGE('',*,*,#3230,.F.);
#4515=ORIENTED_EDGE('',*,*,#3231,.T.);
#4516=ORIENTED_EDGE('',*,*,#3232,.F.);
#4517=ORIENTED_EDGE('',*,*,#3233,.T.);
#4518=ORIENTED_EDGE('',*,*,#3234,.T.);
#4519=ORIENTED_EDGE('',*,*,#3235,.F.);
#4520=ORIENTED_EDGE('',*,*,#3236,.T.);
#4521=ORIENTED_EDGE('',*,*,#3235,.T.);
#4522=ORIENTED_EDGE('',*,*,#3230,.T.);
#4523=ORIENTED_EDGE('',*,*,#3237,.F.);
#4524=ORIENTED_EDGE('',*,*,#3237,.T.);
#4525=ORIENTED_EDGE('',*,*,#3229,.T.);
#4526=ORIENTED_EDGE('',*,*,#3238,.F.);
#4527=ORIENTED_EDGE('',*,*,#3167,.T.);
#4528=ORIENTED_EDGE('',*,*,#3238,.T.);
#4529=ORIENTED_EDGE('',*,*,#3228,.T.);
#4530=ORIENTED_EDGE('',*,*,#3239,.T.);
#4531=ORIENTED_EDGE('',*,*,#3240,.T.);
#4532=ORIENTED_EDGE('',*,*,#3241,.F.);
#4533=ORIENTED_EDGE('',*,*,#3242,.F.);
#4534=ORIENTED_EDGE('',*,*,#3207,.T.);
#4535=ORIENTED_EDGE('',*,*,#3243,.F.);
#4536=ORIENTED_EDGE('',*,*,#3244,.T.);
#4537=ORIENTED_EDGE('',*,*,#3225,.F.);
#4538=ORIENTED_EDGE('',*,*,#3245,.F.);
#4539=ORIENTED_EDGE('',*,*,#3246,.F.);
#4540=ORIENTED_EDGE('',*,*,#3247,.F.);
#4541=ORIENTED_EDGE('',*,*,#3244,.F.);
#4542=ORIENTED_EDGE('',*,*,#3248,.T.);
#4543=ORIENTED_EDGE('',*,*,#3241,.T.);
#4544=ORIENTED_EDGE('',*,*,#3247,.T.);
#4545=ORIENTED_EDGE('',*,*,#3249,.F.);
#4546=ORIENTED_EDGE('',*,*,#3250,.T.);
#4547=ORIENTED_EDGE('',*,*,#3251,.T.);
#4548=ORIENTED_EDGE('',*,*,#3249,.T.);
#4549=ORIENTED_EDGE('',*,*,#3246,.T.);
#4550=ORIENTED_EDGE('',*,*,#3252,.F.);
#4551=ORIENTED_EDGE('',*,*,#3232,.T.);
#4552=ORIENTED_EDGE('',*,*,#3252,.T.);
#4553=ORIENTED_EDGE('',*,*,#3253,.T.);
#4554=ORIENTED_EDGE('',*,*,#3254,.F.);
#4555=ORIENTED_EDGE('',*,*,#3226,.T.);
#4556=ORIENTED_EDGE('',*,*,#3037,.F.);
#4557=ORIENTED_EDGE('',*,*,#3168,.T.);
#4558=ORIENTED_EDGE('',*,*,#3240,.F.);
#4559=ORIENTED_EDGE('',*,*,#3255,.F.);
#4560=ORIENTED_EDGE('',*,*,#3256,.F.);
#4561=ORIENTED_EDGE('',*,*,#3169,.F.);
#4562=ORIENTED_EDGE('',*,*,#3257,.T.);
#4563=ORIENTED_EDGE('',*,*,#3258,.T.);
#4564=ORIENTED_EDGE('',*,*,#3255,.T.);
#4565=ORIENTED_EDGE('',*,*,#3239,.F.);
#4566=ORIENTED_EDGE('',*,*,#3259,.F.);
#4567=ORIENTED_EDGE('',*,*,#3260,.F.);
#4568=ORIENTED_EDGE('',*,*,#3257,.F.);
#4569=ORIENTED_EDGE('',*,*,#3227,.F.);
#4570=ORIENTED_EDGE('',*,*,#3261,.T.);
#4571=ORIENTED_EDGE('',*,*,#3262,.F.);
#4572=ORIENTED_EDGE('',*,*,#3259,.T.);
#4573=ORIENTED_EDGE('',*,*,#3254,.T.);
#4574=ORIENTED_EDGE('',*,*,#3263,.T.);
#4575=ORIENTED_EDGE('',*,*,#3264,.T.);
#4576=ORIENTED_EDGE('',*,*,#3262,.T.);
#4577=ORIENTED_EDGE('',*,*,#3265,.T.);
#4578=ORIENTED_EDGE('',*,*,#3266,.T.);
#4579=ORIENTED_EDGE('',*,*,#3267,.T.);
#4580=ORIENTED_EDGE('',*,*,#3263,.F.);
#4581=ORIENTED_EDGE('',*,*,#3268,.T.);
#4582=ORIENTED_EDGE('',*,*,#3217,.T.);
#4583=ORIENTED_EDGE('',*,*,#3269,.T.);
#4584=ORIENTED_EDGE('',*,*,#3266,.F.);
#4585=ORIENTED_EDGE('',*,*,#3270,.T.);
#4586=ORIENTED_EDGE('',*,*,#3271,.T.);
#4587=ORIENTED_EDGE('',*,*,#3271,.F.);
#4588=ORIENTED_EDGE('',*,*,#3272,.T.);
#4589=ORIENTED_EDGE('',*,*,#3184,.T.);
#4590=ORIENTED_EDGE('',*,*,#3198,.T.);
#4591=ORIENTED_EDGE('',*,*,#3218,.F.);
#4592=ORIENTED_EDGE('',*,*,#3221,.F.);
#4593=ORIENTED_EDGE('',*,*,#3181,.F.);
#4594=ORIENTED_EDGE('',*,*,#3272,.F.);
#4595=ORIENTED_EDGE('',*,*,#3270,.F.);
#4596=ORIENTED_EDGE('',*,*,#3268,.F.);
#4597=ORIENTED_EDGE('',*,*,#3273,.T.);
#4598=ORIENTED_EDGE('',*,*,#3223,.F.);
#4599=ORIENTED_EDGE('',*,*,#3273,.F.);
#4600=ORIENTED_EDGE('',*,*,#3265,.F.);
#4601=ORIENTED_EDGE('',*,*,#3261,.F.);
#4602=ORIENTED_EDGE('',*,*,#3253,.F.);
#4603=ORIENTED_EDGE('',*,*,#3245,.T.);
#4604=ORIENTED_EDGE('',*,*,#3274,.T.);
#4605=ORIENTED_EDGE('',*,*,#3256,.T.);
#4606=ORIENTED_EDGE('',*,*,#3258,.F.);
#4607=ORIENTED_EDGE('',*,*,#3275,.T.);
#4608=ORIENTED_EDGE('',*,*,#3276,.T.);
#4609=ORIENTED_EDGE('',*,*,#3170,.T.);
#4610=ORIENTED_EDGE('',*,*,#3274,.F.);
#4611=ORIENTED_EDGE('',*,*,#3277,.T.);
#4612=ORIENTED_EDGE('',*,*,#3278,.T.);
#4613=ORIENTED_EDGE('',*,*,#3276,.F.);
#4614=ORIENTED_EDGE('',*,*,#3279,.T.);
#4615=ORIENTED_EDGE('',*,*,#3280,.T.);
#4616=ORIENTED_EDGE('',*,*,#3281,.T.);
#4617=ORIENTED_EDGE('',*,*,#3280,.F.);
#4618=ORIENTED_EDGE('',*,*,#3282,.T.);
#4619=ORIENTED_EDGE('',*,*,#3267,.F.);
#4620=ORIENTED_EDGE('',*,*,#3283,.T.);
#4621=ORIENTED_EDGE('',*,*,#3279,.F.);
#4622=ORIENTED_EDGE('',*,*,#3277,.F.);
#4623=ORIENTED_EDGE('',*,*,#3275,.F.);
#4624=ORIENTED_EDGE('',*,*,#3260,.T.);
#4625=ORIENTED_EDGE('',*,*,#3264,.F.);
#4626=ORIENTED_EDGE('',*,*,#3284,.F.);
#4627=ORIENTED_EDGE('',*,*,#3282,.F.);
#4628=ORIENTED_EDGE('',*,*,#3283,.F.);
#4629=ORIENTED_EDGE('',*,*,#3269,.F.);
#4630=ORIENTED_EDGE('',*,*,#3216,.F.);
#4631=ORIENTED_EDGE('',*,*,#3285,.F.);
#4632=ORIENTED_EDGE('',*,*,#3188,.T.);
#4633=ORIENTED_EDGE('',*,*,#3171,.F.);
#4634=ORIENTED_EDGE('',*,*,#3278,.F.);
#4635=ORIENTED_EDGE('',*,*,#3281,.F.);
#4636=ORIENTED_EDGE('',*,*,#3284,.T.);
#4637=ORIENTED_EDGE('',*,*,#3286,.T.);
#4638=ORIENTED_EDGE('',*,*,#3012,.F.);
#4639=ORIENTED_EDGE('',*,*,#3287,.F.);
#4640=ORIENTED_EDGE('',*,*,#3288,.F.);
#4641=ORIENTED_EDGE('',*,*,#3289,.T.);
#4642=ORIENTED_EDGE('',*,*,#3010,.F.);
#4643=ORIENTED_EDGE('',*,*,#3290,.F.);
#4644=ORIENTED_EDGE('',*,*,#3291,.F.);
#4645=ORIENTED_EDGE('',*,*,#3292,.T.);
#4646=ORIENTED_EDGE('',*,*,#3014,.F.);
#4647=ORIENTED_EDGE('',*,*,#3293,.F.);
#4648=ORIENTED_EDGE('',*,*,#3294,.F.);
#4649=ORIENTED_EDGE('',*,*,#3085,.T.);
#4650=ORIENTED_EDGE('',*,*,#3013,.F.);
#4651=ORIENTED_EDGE('',*,*,#3289,.F.);
#4652=ORIENTED_EDGE('',*,*,#3295,.F.);
#4653=ORIENTED_EDGE('',*,*,#3293,.T.);
#4654=ORIENTED_EDGE('',*,*,#3186,.F.);
#4655=ORIENTED_EDGE('',*,*,#3296,.F.);
#4656=ORIENTED_EDGE('',*,*,#3290,.T.);
#4657=ORIENTED_EDGE('',*,*,#3009,.F.);
#4658=ORIENTED_EDGE('',*,*,#3011,.F.);
#4659=ORIENTED_EDGE('',*,*,#3292,.F.);
#4660=ORIENTED_EDGE('',*,*,#3297,.F.);
#4661=ORIENTED_EDGE('',*,*,#3287,.T.);
#4662=ORIENTED_EDGE('',*,*,#3298,.T.);
#4663=ORIENTED_EDGE('',*,*,#3299,.T.);
#4664=ORIENTED_EDGE('',*,*,#3219,.F.);
#4665=ORIENTED_EDGE('',*,*,#3215,.T.);
#4666=ORIENTED_EDGE('',*,*,#3300,.T.);
#4667=ORIENTED_EDGE('',*,*,#3301,.T.);
#4668=ORIENTED_EDGE('',*,*,#3298,.F.);
#4669=ORIENTED_EDGE('',*,*,#3214,.T.);
#4670=ORIENTED_EDGE('',*,*,#3302,.F.);
#4671=ORIENTED_EDGE('',*,*,#3303,.T.);
#4672=ORIENTED_EDGE('',*,*,#3300,.F.);
#4673=ORIENTED_EDGE('',*,*,#3213,.T.);
#4674=ORIENTED_EDGE('',*,*,#3299,.F.);
#4675=ORIENTED_EDGE('',*,*,#3304,.T.);
#4676=ORIENTED_EDGE('',*,*,#3305,.F.);
#4677=ORIENTED_EDGE('',*,*,#3285,.T.);
#4678=ORIENTED_EDGE('',*,*,#3301,.F.);
#4679=ORIENTED_EDGE('',*,*,#3306,.F.);
#4680=ORIENTED_EDGE('',*,*,#3307,.F.);
#4681=ORIENTED_EDGE('',*,*,#3304,.F.);
#4682=ORIENTED_EDGE('',*,*,#3303,.F.);
#4683=ORIENTED_EDGE('',*,*,#3308,.T.);
#4684=ORIENTED_EDGE('',*,*,#3309,.F.);
#4685=ORIENTED_EDGE('',*,*,#3306,.T.);
#4686=ORIENTED_EDGE('',*,*,#3286,.F.);
#4687=ORIENTED_EDGE('',*,*,#3305,.T.);
#4688=ORIENTED_EDGE('',*,*,#3310,.T.);
#4689=ORIENTED_EDGE('',*,*,#3189,.T.);
#4690=ORIENTED_EDGE('',*,*,#3311,.T.);
#4691=ORIENTED_EDGE('',*,*,#3190,.T.);
#4692=ORIENTED_EDGE('',*,*,#3310,.F.);
#4693=ORIENTED_EDGE('',*,*,#3307,.T.);
#4694=ORIENTED_EDGE('',*,*,#3311,.F.);
#4695=ORIENTED_EDGE('',*,*,#3309,.T.);
#4696=ORIENTED_EDGE('',*,*,#3312,.F.);
#4697=ORIENTED_EDGE('',*,*,#3191,.T.);
#4698=ORIENTED_EDGE('',*,*,#3179,.F.);
#4699=ORIENTED_EDGE('',*,*,#3086,.T.);
#4700=ORIENTED_EDGE('',*,*,#3294,.T.);
#4701=ORIENTED_EDGE('',*,*,#3295,.T.);
#4702=ORIENTED_EDGE('',*,*,#3288,.T.);
#4703=ORIENTED_EDGE('',*,*,#3297,.T.);
#4704=ORIENTED_EDGE('',*,*,#3291,.T.);
#4705=ORIENTED_EDGE('',*,*,#3296,.T.);
#4706=ORIENTED_EDGE('',*,*,#3185,.F.);
#4707=ORIENTED_EDGE('',*,*,#3182,.T.);
#4708=ORIENTED_EDGE('',*,*,#2964,.F.);
#4709=ORIENTED_EDGE('',*,*,#3148,.F.);
#4710=ORIENTED_EDGE('',*,*,#3147,.T.);
#4711=ORIENTED_EDGE('',*,*,#3146,.F.);
#4712=ORIENTED_EDGE('',*,*,#3313,.F.);
#4713=ORIENTED_EDGE('',*,*,#3020,.T.);
#4714=ORIENTED_EDGE('',*,*,#2970,.F.);
#4715=ORIENTED_EDGE('',*,*,#2983,.F.);
#4716=ORIENTED_EDGE('',*,*,#3314,.T.);
#4717=ORIENTED_EDGE('',*,*,#3201,.T.);
#4718=ORIENTED_EDGE('',*,*,#3315,.F.);
#4719=ORIENTED_EDGE('',*,*,#3313,.T.);
#4720=ORIENTED_EDGE('',*,*,#3315,.T.);
#4721=ORIENTED_EDGE('',*,*,#3200,.T.);
#4722=ORIENTED_EDGE('',*,*,#3316,.F.);
#4723=ORIENTED_EDGE('',*,*,#3021,.T.);
#4724=ORIENTED_EDGE('',*,*,#3316,.T.);
#4725=ORIENTED_EDGE('',*,*,#3199,.T.);
#4726=ORIENTED_EDGE('',*,*,#3187,.F.);
#4727=ORIENTED_EDGE('',*,*,#3019,.T.);
#4728=ORIENTED_EDGE('',*,*,#3317,.T.);
#4729=ORIENTED_EDGE('',*,*,#3318,.T.);
#4730=ORIENTED_EDGE('',*,*,#3192,.T.);
#4731=ORIENTED_EDGE('',*,*,#3312,.T.);
#4732=ORIENTED_EDGE('',*,*,#3319,.F.);
#4733=ORIENTED_EDGE('',*,*,#3320,.F.);
#4734=ORIENTED_EDGE('',*,*,#3317,.F.);
#4735=ORIENTED_EDGE('',*,*,#3308,.F.);
#4736=ORIENTED_EDGE('',*,*,#3212,.T.);
#4737=ORIENTED_EDGE('',*,*,#3321,.T.);
#4738=ORIENTED_EDGE('',*,*,#3319,.T.);
#4739=ORIENTED_EDGE('',*,*,#3302,.T.);
#4740=ORIENTED_EDGE('',*,*,#3145,.T.);
#4741=ORIENTED_EDGE('',*,*,#3322,.T.);
#4742=ORIENTED_EDGE('',*,*,#3202,.T.);
#4743=ORIENTED_EDGE('',*,*,#3314,.F.);
#4744=ORIENTED_EDGE('',*,*,#3323,.T.);
#4745=ORIENTED_EDGE('',*,*,#3203,.T.);
#4746=ORIENTED_EDGE('',*,*,#3322,.F.);
#4747=ORIENTED_EDGE('',*,*,#3152,.T.);
#4748=ORIENTED_EDGE('',*,*,#3323,.F.);
#4749=ORIENTED_EDGE('',*,*,#3160,.T.);
#4750=ORIENTED_EDGE('',*,*,#3324,.T.);
#4751=ORIENTED_EDGE('',*,*,#3204,.T.);
#4752=ORIENTED_EDGE('',*,*,#3325,.T.);
#4753=ORIENTED_EDGE('',*,*,#3205,.T.);
#4754=ORIENTED_EDGE('',*,*,#3324,.F.);
#4755=ORIENTED_EDGE('',*,*,#3158,.T.);
#4756=ORIENTED_EDGE('',*,*,#3206,.T.);
#4757=ORIENTED_EDGE('',*,*,#3325,.F.);
#4758=ORIENTED_EDGE('',*,*,#3156,.T.);
#4759=ORIENTED_EDGE('',*,*,#3326,.T.);
#4760=ORIENTED_EDGE('',*,*,#3327,.T.);
#4761=ORIENTED_EDGE('',*,*,#3328,.T.);
#4762=ORIENTED_EDGE('',*,*,#3329,.T.);
#4763=ORIENTED_EDGE('',*,*,#3243,.T.);
#4764=ORIENTED_EDGE('',*,*,#3329,.F.);
#4765=ORIENTED_EDGE('',*,*,#3330,.F.);
#4766=ORIENTED_EDGE('',*,*,#3331,.F.);
#4767=ORIENTED_EDGE('',*,*,#3248,.F.);
#4768=ORIENTED_EDGE('',*,*,#3327,.F.);
#4769=ORIENTED_EDGE('',*,*,#3332,.F.);
#4770=ORIENTED_EDGE('',*,*,#3333,.T.);
#4771=ORIENTED_EDGE('',*,*,#3334,.F.);
#4772=ORIENTED_EDGE('',*,*,#2923,.F.);
#4773=ORIENTED_EDGE('',*,*,#3094,.F.);
#4774=ORIENTED_EDGE('',*,*,#3335,.T.);
#4775=ORIENTED_EDGE('',*,*,#3336,.T.);
#4776=ORIENTED_EDGE('',*,*,#3337,.T.);
#4777=ORIENTED_EDGE('',*,*,#3338,.T.);
#4778=ORIENTED_EDGE('',*,*,#3339,.T.);
#4779=ORIENTED_EDGE('',*,*,#3332,.T.);
#4780=ORIENTED_EDGE('',*,*,#3326,.F.);
#4781=ORIENTED_EDGE('',*,*,#3155,.F.);
#4782=ORIENTED_EDGE('',*,*,#3340,.F.);
#4783=ORIENTED_EDGE('',*,*,#3341,.T.);
#4784=ORIENTED_EDGE('',*,*,#3342,.F.);
#4785=ORIENTED_EDGE('',*,*,#3320,.T.);
#4786=ORIENTED_EDGE('',*,*,#3343,.F.);
#4787=ORIENTED_EDGE('',*,*,#3344,.F.);
#4788=ORIENTED_EDGE('',*,*,#3345,.F.);
#4789=ORIENTED_EDGE('',*,*,#3341,.F.);
#4790=ORIENTED_EDGE('',*,*,#3346,.F.);
#4791=ORIENTED_EDGE('',*,*,#3347,.T.);
#4792=ORIENTED_EDGE('',*,*,#3348,.F.);
#4793=ORIENTED_EDGE('',*,*,#3344,.T.);
#4794=ORIENTED_EDGE('',*,*,#3349,.F.);
#4795=ORIENTED_EDGE('',*,*,#3348,.T.);
#4796=ORIENTED_EDGE('',*,*,#3350,.T.);
#4797=ORIENTED_EDGE('',*,*,#3195,.T.);
#4798=ORIENTED_EDGE('',*,*,#3349,.T.);
#4799=ORIENTED_EDGE('',*,*,#3194,.T.);
#4800=ORIENTED_EDGE('',*,*,#3351,.F.);
#4801=ORIENTED_EDGE('',*,*,#3345,.T.);
#4802=ORIENTED_EDGE('',*,*,#3318,.F.);
#4803=ORIENTED_EDGE('',*,*,#3342,.T.);
#4804=ORIENTED_EDGE('',*,*,#3351,.T.);
#4805=ORIENTED_EDGE('',*,*,#3193,.T.);
#4806=ORIENTED_EDGE('',*,*,#3352,.T.);
#4807=ORIENTED_EDGE('',*,*,#3346,.T.);
#4808=ORIENTED_EDGE('',*,*,#3353,.F.);
#4809=ORIENTED_EDGE('',*,*,#3209,.T.);
#4810=ORIENTED_EDGE('',*,*,#3353,.T.);
#4811=ORIENTED_EDGE('',*,*,#3343,.T.);
#4812=ORIENTED_EDGE('',*,*,#3354,.F.);
#4813=ORIENTED_EDGE('',*,*,#3210,.T.);
#4814=ORIENTED_EDGE('',*,*,#3354,.T.);
#4815=ORIENTED_EDGE('',*,*,#3340,.T.);
#4816=ORIENTED_EDGE('',*,*,#3321,.F.);
#4817=ORIENTED_EDGE('',*,*,#3211,.T.);
#4818=ORIENTED_EDGE('',*,*,#3339,.F.);
#4819=ORIENTED_EDGE('',*,*,#3355,.T.);
#4820=ORIENTED_EDGE('',*,*,#3356,.F.);
#4821=ORIENTED_EDGE('',*,*,#3333,.F.);
#4822=ORIENTED_EDGE('',*,*,#3338,.F.);
#4823=ORIENTED_EDGE('',*,*,#3357,.T.);
#4824=ORIENTED_EDGE('',*,*,#3358,.F.);
#4825=ORIENTED_EDGE('',*,*,#3355,.F.);
#4826=ORIENTED_EDGE('',*,*,#3335,.F.);
#4827=ORIENTED_EDGE('',*,*,#3093,.T.);
#4828=ORIENTED_EDGE('',*,*,#3359,.F.);
#4829=ORIENTED_EDGE('',*,*,#3360,.F.);
#4830=ORIENTED_EDGE('',*,*,#3337,.F.);
#4831=ORIENTED_EDGE('',*,*,#3361,.T.);
#4832=ORIENTED_EDGE('',*,*,#3362,.F.);
#4833=ORIENTED_EDGE('',*,*,#3357,.F.);
#4834=ORIENTED_EDGE('',*,*,#3336,.F.);
#4835=ORIENTED_EDGE('',*,*,#3360,.T.);
#4836=ORIENTED_EDGE('',*,*,#3363,.F.);
#4837=ORIENTED_EDGE('',*,*,#3361,.F.);
#4838=ORIENTED_EDGE('',*,*,#3364,.F.);
#4839=ORIENTED_EDGE('',*,*,#3330,.T.);
#4840=ORIENTED_EDGE('',*,*,#3328,.F.);
#4841=ORIENTED_EDGE('',*,*,#3334,.T.);
#4842=ORIENTED_EDGE('',*,*,#3356,.T.);
#4843=ORIENTED_EDGE('',*,*,#3358,.T.);
#4844=ORIENTED_EDGE('',*,*,#3362,.T.);
#4845=ORIENTED_EDGE('',*,*,#3363,.T.);
#4846=ORIENTED_EDGE('',*,*,#3359,.T.);
#4847=ORIENTED_EDGE('',*,*,#3092,.F.);
#4848=ORIENTED_EDGE('',*,*,#3331,.T.);
#4849=ORIENTED_EDGE('',*,*,#3364,.T.);
#4850=ORIENTED_EDGE('',*,*,#3091,.T.);
#4851=ORIENTED_EDGE('',*,*,#3224,.F.);
#4852=ORIENTED_EDGE('',*,*,#3196,.T.);
#4853=ORIENTED_EDGE('',*,*,#3350,.F.);
#4854=ORIENTED_EDGE('',*,*,#3365,.T.);
#4855=ORIENTED_EDGE('',*,*,#3233,.F.);
#4856=ORIENTED_EDGE('',*,*,#3236,.F.);
#4857=ORIENTED_EDGE('',*,*,#3166,.T.);
#4858=ORIENTED_EDGE('',*,*,#3365,.F.);
#4859=ORIENTED_EDGE('',*,*,#3347,.F.);
#4860=ORIENTED_EDGE('',*,*,#3366,.F.);
#4861=ORIENTED_EDGE('',*,*,#3250,.F.);
#4862=ORIENTED_EDGE('',*,*,#3231,.F.);
#4863=ORIENTED_EDGE('',*,*,#3234,.F.);
#4864=ORIENTED_EDGE('',*,*,#3366,.T.);
#4865=ORIENTED_EDGE('',*,*,#3352,.F.);
#4866=ORIENTED_EDGE('',*,*,#3208,.T.);
#4867=ORIENTED_EDGE('',*,*,#3242,.T.);
#4868=ORIENTED_EDGE('',*,*,#3251,.F.);
#4869=CYLINDRICAL_SURFACE('',#5302,0.0750000000000001);
#4870=CYLINDRICAL_SURFACE('',#5305,0.0750000000000002);
#4871=CYLINDRICAL_SURFACE('',#5308,0.075);
#4872=CYLINDRICAL_SURFACE('',#5312,0.100000000000001);
#4873=CYLINDRICAL_SURFACE('',#5316,0.100000000000002);
#4874=CYLINDRICAL_SURFACE('',#5320,0.0999999999999996);
#4875=CYLINDRICAL_SURFACE('',#5324,0.1);
#4876=CYLINDRICAL_SURFACE('',#5328,0.0999999999999996);
#4877=CYLINDRICAL_SURFACE('',#5332,0.1);
#4878=CYLINDRICAL_SURFACE('',#5337,0.15);
#4879=CYLINDRICAL_SURFACE('',#5345,0.15);
#4880=CYLINDRICAL_SURFACE('',#5349,0.075);
#4881=CYLINDRICAL_SURFACE('',#5353,0.15);
#4882=CYLINDRICAL_SURFACE('',#5361,0.15);
#4883=CYLINDRICAL_SURFACE('',#5365,0.075);
#4884=CYLINDRICAL_SURFACE('',#5369,0.15);
#4885=CYLINDRICAL_SURFACE('',#5377,0.15);
#4886=CYLINDRICAL_SURFACE('',#5381,0.075);
#4887=CYLINDRICAL_SURFACE('',#5390,0.65);
#4888=CYLINDRICAL_SURFACE('',#5394,0.05);
#4889=CYLINDRICAL_SURFACE('',#5402,0.05);
#4890=CYLINDRICAL_SURFACE('',#5409,0.05);
#4891=CYLINDRICAL_SURFACE('',#5413,0.05);
#4892=CYLINDRICAL_SURFACE('',#5421,0.05);
#4893=CYLINDRICAL_SURFACE('',#5428,0.05);
#4894=CYLINDRICAL_SURFACE('',#5434,0.05);
#4895=CYLINDRICAL_SURFACE('',#5439,0.05);
#4896=CYLINDRICAL_SURFACE('',#5444,0.15);
#4897=CYLINDRICAL_SURFACE('',#5449,0.15);
#4898=CYLINDRICAL_SURFACE('',#5453,0.15);
#4899=CYLINDRICAL_SURFACE('',#5469,0.100000000000001);
#4900=CYLINDRICAL_SURFACE('',#5475,0.35);
#4901=CYLINDRICAL_SURFACE('',#5500,0.35);
#4902=CYLINDRICAL_SURFACE('',#5518,0.100000000000001);
#4903=CYLINDRICAL_SURFACE('',#5519,0.15);
#4904=CYLINDRICAL_SURFACE('',#5545,0.100000000000001);
#4905=CYLINDRICAL_SURFACE('',#5547,0.89);
#4906=CYLINDRICAL_SURFACE('',#5549,0.0999999999999998);
#4907=CYLINDRICAL_SURFACE('',#5570,0.3);
#4908=CYLINDRICAL_SURFACE('',#5571,0.69);
#4909=CYLINDRICAL_SURFACE('',#5572,0.3);
#4910=CYLINDRICAL_SURFACE('',#5605,0.2);
#4911=CYLINDRICAL_SURFACE('',#5608,0.2597);
#4912=CYLINDRICAL_SURFACE('',#5611,0.2597);
#4913=CYLINDRICAL_SURFACE('',#5614,0.2);
#4914=CYLINDRICAL_SURFACE('',#5621,0.398553451358929);
#4915=CYLINDRICAL_SURFACE('',#5655,0.119999999999998);
#4916=CYLINDRICAL_SURFACE('',#5662,0.119999999999999);
#4917=CYLINDRICAL_SURFACE('',#5674,0.2);
#4918=CYLINDRICAL_SURFACE('',#5677,0.2);
#4919=CYLINDRICAL_SURFACE('',#5692,0.18);
#4920=CYLINDRICAL_SURFACE('',#5695,0.398553451358928);
#4921=CYLINDRICAL_SURFACE('',#5698,0.179999999999999);
#4922=CYLINDRICAL_SURFACE('',#5700,0.398553451358929);
#4923=CYLINDRICAL_SURFACE('',#5704,0.119999999999999);
#4924=CYLINDRICAL_SURFACE('',#5706,0.119999999999999);
#4925=CYLINDRICAL_SURFACE('',#5709,0.119999999999998);
#4926=CYLINDRICAL_SURFACE('',#5712,0.12);
#4927=CYLINDRICAL_SURFACE('',#5740,0.1);
#4928=CYLINDRICAL_SURFACE('',#5747,0.398553451358928);
#4929=CYLINDRICAL_SURFACE('',#5760,0.398553451358926);
#4930=CYLINDRICAL_SURFACE('',#5764,0.1);
#4931=CYLINDRICAL_SURFACE('',#5767,0.0850000000000004);
#4932=CYLINDRICAL_SURFACE('',#5769,0.0150000000000003);
#4933=CYLINDRICAL_SURFACE('',#5771,0.135);
#4934=CYLINDRICAL_SURFACE('',#5781,0.1);
#4935=CYLINDRICAL_SURFACE('',#5784,0.1);
#4936=CYLINDRICAL_SURFACE('',#5790,0.398553451358928);
#4937=CYLINDRICAL_SURFACE('',#5809,0.1);
#4938=CYLINDRICAL_SURFACE('',#5813,0.1);
#4939=CYLINDRICAL_SURFACE('',#5822,0.0150000000000003);
#4940=CYLINDRICAL_SURFACE('',#5825,0.135);
#4941=CYLINDRICAL_SURFACE('',#5827,0.0850000000000005);
#4942=ADVANCED_FACE('',(#381),#4869,.F.);
#4943=ADVANCED_FACE('',(#382),#4870,.F.);
#4944=ADVANCED_FACE('',(#383),#4871,.F.);
#4945=ADVANCED_FACE('',(#384),#233,.T.);
#4946=ADVANCED_FACE('',(#385),#4872,.T.);
#4947=ADVANCED_FACE('',(#386),#234,.T.);
#4948=ADVANCED_FACE('',(#387),#4873,.T.);
#4949=ADVANCED_FACE('',(#388),#235,.T.);
#4950=ADVANCED_FACE('',(#389),#4874,.T.);
#4951=ADVANCED_FACE('',(#390),#236,.T.);
#4952=ADVANCED_FACE('',(#391),#4875,.T.);
#4953=ADVANCED_FACE('',(#392),#237,.T.);
#4954=ADVANCED_FACE('',(#393),#4876,.T.);
#4955=ADVANCED_FACE('',(#394),#238,.T.);
#4956=ADVANCED_FACE('',(#395),#4877,.T.);
#4957=ADVANCED_FACE('',(#396,#222,#223,#224),#239,.T.);
#4958=ADVANCED_FACE('',(#397,#225,#226,#227),#240,.F.);
#4959=ADVANCED_FACE('',(#398),#4878,.T.);
#4960=ADVANCED_FACE('',(#399),#188,.T.);
#4961=ADVANCED_FACE('',(#400),#4879,.T.);
#4962=ADVANCED_FACE('',(#401,#228),#241,.T.);
#4963=ADVANCED_FACE('',(#402),#4880,.T.);
#4964=ADVANCED_FACE('',(#403),#242,.F.);
#4965=ADVANCED_FACE('',(#404),#243,.T.);
#4966=ADVANCED_FACE('',(#405),#4881,.T.);
#4967=ADVANCED_FACE('',(#406),#189,.T.);
#4968=ADVANCED_FACE('',(#407),#4882,.T.);
#4969=ADVANCED_FACE('',(#408,#229),#244,.T.);
#4970=ADVANCED_FACE('',(#409),#4883,.T.);
#4971=ADVANCED_FACE('',(#410),#245,.F.);
#4972=ADVANCED_FACE('',(#411),#246,.T.);
#4973=ADVANCED_FACE('',(#412),#4884,.T.);
#4974=ADVANCED_FACE('',(#413),#190,.T.);
#4975=ADVANCED_FACE('',(#414),#4885,.T.);
#4976=ADVANCED_FACE('',(#415,#230),#247,.F.);
#4977=ADVANCED_FACE('',(#416),#4886,.T.);
#4978=ADVANCED_FACE('',(#417),#248,.T.);
#4979=ADVANCED_FACE('',(#418),#249,.F.);
#4980=ADVANCED_FACE('',(#419),#191,.T.);
#4981=ADVANCED_FACE('',(#420),#4887,.T.);
#4982=ADVANCED_FACE('',(#421),#250,.F.);
#4983=ADVANCED_FACE('',(#422),#251,.T.);
#4984=ADVANCED_FACE('',(#423),#4888,.T.);
#4985=ADVANCED_FACE('',(#424),#192,.T.);
#4986=ADVANCED_FACE('',(#425),#4889,.T.);
#4987=ADVANCED_FACE('',(#426),#193,.T.);
#4988=ADVANCED_FACE('',(#427),#4890,.T.);
#4989=ADVANCED_FACE('',(#428),#252,.T.);
#4990=ADVANCED_FACE('',(#429),#253,.F.);
#4991=ADVANCED_FACE('',(#430),#4891,.T.);
#4992=ADVANCED_FACE('',(#431),#194,.T.);
#4993=ADVANCED_FACE('',(#432),#4892,.T.);
#4994=ADVANCED_FACE('',(#433),#195,.T.);
#4995=ADVANCED_FACE('',(#434),#4893,.T.);
#4996=ADVANCED_FACE('',(#435),#254,.F.);
#4997=ADVANCED_FACE('',(#436),#255,.T.);
#4998=ADVANCED_FACE('',(#437),#256,.F.);
#4999=ADVANCED_FACE('',(#438),#4894,.T.);
#5000=ADVANCED_FACE('',(#439),#257,.T.);
#5001=ADVANCED_FACE('',(#440),#258,.F.);
#5002=ADVANCED_FACE('',(#441),#4895,.T.);
#5003=ADVANCED_FACE('',(#442),#259,.T.);
#5004=ADVANCED_FACE('',(#443),#260,.F.);
#5005=ADVANCED_FACE('',(#444),#4896,.T.);
#5006=ADVANCED_FACE('',(#445),#261,.T.);
#5007=ADVANCED_FACE('',(#446),#262,.F.);
#5008=ADVANCED_FACE('',(#447),#4897,.T.);
#5009=ADVANCED_FACE('',(#448),#263,.T.);
#5010=ADVANCED_FACE('',(#449),#4898,.F.);
#5011=ADVANCED_FACE('',(#450),#264,.T.);
#5012=ADVANCED_FACE('',(#451),#265,.T.);
#5013=ADVANCED_FACE('',(#452),#266,.T.);
#5014=ADVANCED_FACE('',(#453),#117,.T.);
#5015=ADVANCED_FACE('',(#454),#267,.T.);
#5016=ADVANCED_FACE('',(#455),#118,.F.);
#5017=ADVANCED_FACE('',(#456),#268,.T.);
#5018=ADVANCED_FACE('',(#457),#119,.F.);
#5019=ADVANCED_FACE('',(#458),#4899,.F.);
#5020=ADVANCED_FACE('',(#459),#269,.T.);
#5021=ADVANCED_FACE('',(#460),#270,.T.);
#5022=ADVANCED_FACE('',(#461),#271,.T.);
#5023=ADVANCED_FACE('',(#462),#272,.T.);
#5024=ADVANCED_FACE('',(#463),#4900,.T.);
#5025=ADVANCED_FACE('',(#464),#273,.T.);
#5026=ADVANCED_FACE('',(#465),#120,.T.);
#5027=ADVANCED_FACE('',(#466),#274,.T.);
#5028=ADVANCED_FACE('',(#467),#275,.T.);
#5029=ADVANCED_FACE('',(#468),#121,.F.);
#5030=ADVANCED_FACE('',(#469),#276,.T.);
#5031=ADVANCED_FACE('',(#470),#122,.F.);
#5032=ADVANCED_FACE('',(#471),#123,.F.);
#5033=ADVANCED_FACE('',(#472),#277,.T.);
#5034=ADVANCED_FACE('',(#473),#124,.F.);
#5035=ADVANCED_FACE('',(#474),#278,.T.);
#5036=ADVANCED_FACE('',(#475),#279,.T.);
#5037=ADVANCED_FACE('',(#476),#125,.T.);
#5038=ADVANCED_FACE('',(#477),#280,.T.);
#5039=ADVANCED_FACE('',(#478),#4901,.T.);
#5040=ADVANCED_FACE('',(#479),#126,.F.);
#5041=ADVANCED_FACE('',(#480),#281,.T.);
#5042=ADVANCED_FACE('',(#481),#127,.F.);
#5043=ADVANCED_FACE('',(#482),#282,.T.);
#5044=ADVANCED_FACE('',(#483),#283,.T.);
#5045=ADVANCED_FACE('',(#484),#284,.T.);
#5046=ADVANCED_FACE('',(#485),#128,.T.);
#5047=ADVANCED_FACE('',(#486),#285,.T.);
#5048=ADVANCED_FACE('',(#487),#286,.T.);
#5049=ADVANCED_FACE('',(#488),#287,.T.);
#5050=ADVANCED_FACE('',(#489),#288,.T.);
#5051=ADVANCED_FACE('',(#490),#4902,.F.);
#5052=ADVANCED_FACE('',(#491),#4903,.F.);
#5053=ADVANCED_FACE('',(#492),#289,.T.);
#5054=ADVANCED_FACE('',(#493),#290,.T.);
#5055=ADVANCED_FACE('',(#494),#291,.T.);
#5056=ADVANCED_FACE('',(#495),#292,.T.);
#5057=ADVANCED_FACE('',(#496),#129,.T.);
#5058=ADVANCED_FACE('',(#497),#130,.F.);
#5059=ADVANCED_FACE('',(#498),#131,.T.);
#5060=ADVANCED_FACE('',(#499),#293,.T.);
#5061=ADVANCED_FACE('',(#500),#132,.F.);
#5062=ADVANCED_FACE('',(#501),#133,.T.);
#5063=ADVANCED_FACE('',(#502),#134,.F.);
#5064=ADVANCED_FACE('',(#503),#294,.T.);
#5065=ADVANCED_FACE('',(#504),#295,.T.);
#5066=ADVANCED_FACE('',(#505),#4904,.F.);
#5067=ADVANCED_FACE('',(#506),#4905,.T.);
#5068=ADVANCED_FACE('',(#507),#4906,.F.);
#5069=ADVANCED_FACE('',(#508),#296,.T.);
#5070=ADVANCED_FACE('',(#509),#135,.T.);
#5071=ADVANCED_FACE('',(#510),#136,.F.);
#5072=ADVANCED_FACE('',(#511),#137,.T.);
#5073=ADVANCED_FACE('',(#512),#297,.T.);
#5074=ADVANCED_FACE('',(#513),#298,.T.);
#5075=ADVANCED_FACE('',(#514),#138,.F.);
#5076=ADVANCED_FACE('',(#515),#139,.T.);
#5077=ADVANCED_FACE('',(#516),#140,.F.);
#5078=ADVANCED_FACE('',(#517),#299,.T.);
#5079=ADVANCED_FACE('',(#518),#4907,.T.);
#5080=ADVANCED_FACE('',(#519),#4908,.F.);
#5081=ADVANCED_FACE('',(#520),#4909,.T.);
#5082=ADVANCED_FACE('',(#521),#300,.T.);
#5083=ADVANCED_FACE('',(#522),#301,.T.);
#5084=ADVANCED_FACE('',(#523),#302,.T.);
#5085=ADVANCED_FACE('',(#524),#303,.F.);
#5086=ADVANCED_FACE('',(#525),#304,.T.);
#5087=ADVANCED_FACE('',(#526),#141,.T.);
#5088=ADVANCED_FACE('',(#527),#305,.T.);
#5089=ADVANCED_FACE('',(#528),#142,.T.);
#5090=ADVANCED_FACE('',(#529),#81,.T.);
#5091=ADVANCED_FACE('',(#530),#82,.T.);
#5092=ADVANCED_FACE('',(#531),#143,.F.);
#5093=ADVANCED_FACE('',(#532),#306,.T.);
#5094=ADVANCED_FACE('',(#533),#144,.T.);
#5095=ADVANCED_FACE('',(#534),#307,.T.);
#5096=ADVANCED_FACE('',(#535),#145,.T.);
#5097=ADVANCED_FACE('',(#536),#308,.T.);
#5098=ADVANCED_FACE('',(#537),#83,.T.);
#5099=ADVANCED_FACE('',(#538),#84,.T.);
#5100=ADVANCED_FACE('',(#539),#85,.T.);
#5101=ADVANCED_FACE('',(#540),#146,.T.);
#5102=ADVANCED_FACE('',(#541),#309,.T.);
#5103=ADVANCED_FACE('',(#542),#147,.T.);
#5104=ADVANCED_FACE('',(#543),#310,.T.);
#5105=ADVANCED_FACE('',(#544),#86,.T.);
#5106=ADVANCED_FACE('',(#545),#4910,.F.);
#5107=ADVANCED_FACE('',(#546),#311,.T.);
#5108=ADVANCED_FACE('',(#547),#4911,.T.);
#5109=ADVANCED_FACE('',(#548),#312,.T.);
#5110=ADVANCED_FACE('',(#549),#4912,.T.);
#5111=ADVANCED_FACE('',(#550),#313,.T.);
#5112=ADVANCED_FACE('',(#551),#4913,.F.);
#5113=ADVANCED_FACE('',(#552),#314,.F.);
#5114=ADVANCED_FACE('',(#553),#315,.T.);
#5115=ADVANCED_FACE('',(#554),#4914,.T.);
#5116=ADVANCED_FACE('',(#555),#316,.T.);
#5117=ADVANCED_FACE('',(#556),#317,.T.);
#5118=ADVANCED_FACE('',(#557),#148,.F.);
#5119=ADVANCED_FACE('',(#558),#318,.T.);
#5120=ADVANCED_FACE('',(#559),#149,.F.);
#5121=ADVANCED_FACE('',(#560),#319,.T.);
#5122=ADVANCED_FACE('',(#561),#150,.F.);
#5123=ADVANCED_FACE('',(#562),#320,.T.);
#5124=ADVANCED_FACE('',(#563),#151,.F.);
#5125=ADVANCED_FACE('',(#564),#321,.T.);
#5126=ADVANCED_FACE('',(#565),#87,.T.);
#5127=ADVANCED_FACE('',(#566),#88,.T.);
#5128=ADVANCED_FACE('',(#567),#89,.T.);
#5129=ADVANCED_FACE('',(#568),#90,.T.);
#5130=ADVANCED_FACE('',(#569),#152,.F.);
#5131=ADVANCED_FACE('',(#570),#322,.T.);
#5132=ADVANCED_FACE('',(#571),#153,.T.);
#5133=ADVANCED_FACE('',(#572),#323,.T.);
#5134=ADVANCED_FACE('',(#573),#154,.T.);
#5135=ADVANCED_FACE('',(#574),#324,.T.);
#5136=ADVANCED_FACE('',(#575),#155,.F.);
#5137=ADVANCED_FACE('',(#576),#91,.T.);
#5138=ADVANCED_FACE('',(#577),#92,.T.);
#5139=ADVANCED_FACE('',(#578),#93,.T.);
#5140=ADVANCED_FACE('',(#579),#94,.T.);
#5141=ADVANCED_FACE('',(#580),#95,.T.);
#5142=ADVANCED_FACE('',(#581),#96,.T.);
#5143=ADVANCED_FACE('',(#582),#325,.T.);
#5144=ADVANCED_FACE('',(#583),#4915,.F.);
#5145=ADVANCED_FACE('',(#584,#231),#326,.T.);
#5146=ADVANCED_FACE('',(#585),#4916,.F.);
#5147=ADVANCED_FACE('',(#586),#156,.F.);
#5148=ADVANCED_FACE('',(#587),#327,.T.);
#5149=ADVANCED_FACE('',(#588),#157,.F.);
#5150=ADVANCED_FACE('',(#589),#158,.F.);
#5151=ADVANCED_FACE('',(#590),#328,.T.);
#5152=ADVANCED_FACE('',(#591),#159,.F.);
#5153=ADVANCED_FACE('',(#592),#4917,.F.);
#5154=ADVANCED_FACE('',(#593),#329,.T.);
#5155=ADVANCED_FACE('',(#594),#4918,.F.);
#5156=ADVANCED_FACE('',(#595),#160,.F.);
#5157=ADVANCED_FACE('',(#596),#330,.T.);
#5158=ADVANCED_FACE('',(#597),#161,.F.);
#5159=ADVANCED_FACE('',(#598),#162,.F.);
#5160=ADVANCED_FACE('',(#599),#331,.T.);
#5161=ADVANCED_FACE('',(#600),#163,.F.);
#5162=ADVANCED_FACE('',(#601),#332,.T.);
#5163=ADVANCED_FACE('',(#602),#4919,.F.);
#5164=ADVANCED_FACE('',(#603,#232),#333,.T.);
#5165=ADVANCED_FACE('',(#604),#334,.T.);
#5166=ADVANCED_FACE('',(#605),#4920,.T.);
#5167=ADVANCED_FACE('',(#606),#335,.T.);
#5168=ADVANCED_FACE('',(#607),#4921,.F.);
#5169=ADVANCED_FACE('',(#608),#336,.T.);
#5170=ADVANCED_FACE('',(#609),#4922,.T.);
#5171=ADVANCED_FACE('',(#610),#337,.T.);
#5172=ADVANCED_FACE('',(#611),#338,.T.);
#5173=ADVANCED_FACE('',(#612),#4923,.F.);
#5174=ADVANCED_FACE('',(#613),#4924,.F.);
#5175=ADVANCED_FACE('',(#614),#4925,.F.);
#5176=ADVANCED_FACE('',(#615),#4926,.F.);
#5177=ADVANCED_FACE('',(#616),#339,.T.);
#5178=ADVANCED_FACE('',(#617),#340,.T.);
#5179=ADVANCED_FACE('',(#618),#341,.T.);
#5180=ADVANCED_FACE('',(#619),#342,.T.);
#5181=ADVANCED_FACE('',(#620),#343,.T.);
#5182=ADVANCED_FACE('',(#621),#344,.T.);
#5183=ADVANCED_FACE('',(#622),#345,.T.);
#5184=ADVANCED_FACE('',(#623),#164,.T.);
#5185=ADVANCED_FACE('',(#624),#346,.T.);
#5186=ADVANCED_FACE('',(#625),#165,.T.);
#5187=ADVANCED_FACE('',(#626),#4927,.F.);
#5188=ADVANCED_FACE('',(#627),#97,.T.);
#5189=ADVANCED_FACE('',(#628),#98,.T.);
#5190=ADVANCED_FACE('',(#629),#99,.T.);
#5191=ADVANCED_FACE('',(#630),#166,.F.);
#5192=ADVANCED_FACE('',(#631),#167,.T.);
#5193=ADVANCED_FACE('',(#632),#4928,.T.);
#5194=ADVANCED_FACE('',(#633),#100,.T.);
#5195=ADVANCED_FACE('',(#634),#101,.T.);
#5196=ADVANCED_FACE('',(#635),#168,.F.);
#5197=ADVANCED_FACE('',(#636),#347,.T.);
#5198=ADVANCED_FACE('',(#637),#348,.T.);
#5199=ADVANCED_FACE('',(#638),#349,.F.);
#5200=ADVANCED_FACE('',(#639),#350,.T.);
#5201=ADVANCED_FACE('',(#640),#169,.F.);
#5202=ADVANCED_FACE('',(#641),#102,.T.);
#5203=ADVANCED_FACE('',(#642),#103,.T.);
#5204=ADVANCED_FACE('',(#643),#170,.T.);
#5205=ADVANCED_FACE('',(#644),#4929,.T.);
#5206=ADVANCED_FACE('',(#645),#351,.T.);
#5207=ADVANCED_FACE('',(#646),#171,.F.);
#5208=ADVANCED_FACE('',(#647),#104,.T.);
#5209=ADVANCED_FACE('',(#648),#105,.T.);
#5210=ADVANCED_FACE('',(#649),#106,.T.);
#5211=ADVANCED_FACE('',(#650),#4930,.F.);
#5212=ADVANCED_FACE('',(#651),#352,.T.);
#5213=ADVANCED_FACE('',(#652),#353,.T.);
#5214=ADVANCED_FACE('',(#653),#4931,.T.);
#5215=ADVANCED_FACE('',(#654),#4932,.F.);
#5216=ADVANCED_FACE('',(#655),#4933,.T.);
#5217=ADVANCED_FACE('',(#656),#354,.T.);
#5218=ADVANCED_FACE('',(#657),#355,.T.);
#5219=ADVANCED_FACE('',(#658),#356,.T.);
#5220=ADVANCED_FACE('',(#659),#172,.F.);
#5221=ADVANCED_FACE('',(#660),#357,.T.);
#5222=ADVANCED_FACE('',(#661),#173,.F.);
#5223=ADVANCED_FACE('',(#662),#4934,.F.);
#5224=ADVANCED_FACE('',(#663),#358,.T.);
#5225=ADVANCED_FACE('',(#664),#4935,.F.);
#5226=ADVANCED_FACE('',(#665),#174,.F.);
#5227=ADVANCED_FACE('',(#666),#359,.T.);
#5228=ADVANCED_FACE('',(#667),#175,.F.);
#5229=ADVANCED_FACE('',(#668),#360,.F.);
#5230=ADVANCED_FACE('',(#669),#4936,.T.);
#5231=ADVANCED_FACE('',(#670),#176,.T.);
#5232=ADVANCED_FACE('',(#671),#361,.T.);
#5233=ADVANCED_FACE('',(#672),#177,.T.);
#5234=ADVANCED_FACE('',(#673),#362,.T.);
#5235=ADVANCED_FACE('',(#674),#363,.T.);
#5236=ADVANCED_FACE('',(#675),#364,.T.);
#5237=ADVANCED_FACE('',(#676),#365,.T.);
#5238=ADVANCED_FACE('',(#677),#178,.T.);
#5239=ADVANCED_FACE('',(#678),#366,.T.);
#5240=ADVANCED_FACE('',(#679),#179,.T.);
#5241=ADVANCED_FACE('',(#680),#367,.T.);
#5242=ADVANCED_FACE('',(#681),#368,.T.);
#5243=ADVANCED_FACE('',(#682),#369,.T.);
#5244=ADVANCED_FACE('',(#683),#370,.F.);
#5245=ADVANCED_FACE('',(#684),#4937,.F.);
#5246=ADVANCED_FACE('',(#685),#371,.T.);
#5247=ADVANCED_FACE('',(#686),#4938,.F.);
#5248=ADVANCED_FACE('',(#687),#180,.F.);
#5249=ADVANCED_FACE('',(#688),#372,.T.);
#5250=ADVANCED_FACE('',(#689),#181,.F.);
#5251=ADVANCED_FACE('',(#690),#182,.F.);
#5252=ADVANCED_FACE('',(#691),#373,.T.);
#5253=ADVANCED_FACE('',(#692),#183,.F.);
#5254=ADVANCED_FACE('',(#693),#4939,.F.);
#5255=ADVANCED_FACE('',(#694),#374,.T.);
#5256=ADVANCED_FACE('',(#695),#4940,.T.);
#5257=ADVANCED_FACE('',(#696),#4941,.T.);
#5258=ADVANCED_FACE('',(#697),#375,.T.);
#5259=ADVANCED_FACE('',(#698),#376,.F.);
#5260=ADVANCED_FACE('',(#699),#377,.T.);
#5261=ADVANCED_FACE('',(#700),#378,.T.);
#5262=ADVANCED_FACE('',(#701),#379,.T.);
#5263=ADVANCED_FACE('',(#702),#380,.T.);
#5264=CLOSED_SHELL('',(#4942,#4943,#4944,#4945,#4946,#4947,#4948,#4949,
#4950,#4951,#4952,#4953,#4954,#4955,#4956,#4957,#4958));
#5265=CLOSED_SHELL('',(#4959,#4960,#4961,#4962,#4963,#4964,#4965));
#5266=CLOSED_SHELL('',(#4966,#4967,#4968,#4969,#4970,#4971,#4972));
#5267=CLOSED_SHELL('',(#4973,#4974,#4975,#4976,#4977,#4978,#4979));
#5268=CLOSED_SHELL('',(#4980,#4981,#4982,#4983));
#5269=CLOSED_SHELL('',(#4984,#4985,#4986,#4987,#4988,#4989,#4990));
#5270=CLOSED_SHELL('',(#4991,#4992,#4993,#4994,#4995,#4996,#4997));
#5271=CLOSED_SHELL('',(#4998,#4999,#5000));
#5272=CLOSED_SHELL('',(#5001,#5002,#5003));
#5273=CLOSED_SHELL('',(#5004,#5005,#5006));
#5274=CLOSED_SHELL('',(#5007,#5008,#5009));
#5275=CLOSED_SHELL('',(#5010,#5011,#5012,#5013,#5014,#5015,#5016,#5017,
#5018,#5019,#5020,#5021,#5022,#5023,#5024,#5025,#5026,#5027,#5028,#5029,
#5030,#5031,#5032,#5033,#5034,#5035,#5036,#5037,#5038,#5039,#5040,#5041,
#5042,#5043,#5044,#5045,#5046,#5047,#5048,#5049,#5050,#5051,#5052,#5053,
#5054,#5055,#5056,#5057,#5058,#5059,#5060,#5061,#5062,#5063,#5064,#5065,
#5066,#5067,#5068,#5069,#5070,#5071,#5072,#5073,#5074,#5075,#5076,#5077,
#5078,#5079,#5080,#5081,#5082,#5083,#5084,#5085));
#5276=CLOSED_SHELL('',(#5086,#5087,#5088,#5089,#5090,#5091,#5092,#5093,
#5094,#5095,#5096,#5097,#5098,#5099,#5100,#5101,#5102,#5103,#5104,#5105,
#5106,#5107,#5108,#5109,#5110,#5111,#5112,#5113,#5114,#5115,#5116,#5117,
#5118,#5119,#5120,#5121,#5122,#5123,#5124,#5125,#5126,#5127,#5128,#5129,
#5130,#5131,#5132,#5133,#5134,#5135,#5136,#5137,#5138,#5139,#5140,#5141,
#5142,#5143,#5144,#5145,#5146,#5147,#5148,#5149,#5150,#5151,#5152,#5153,
#5154,#5155,#5156,#5157,#5158,#5159,#5160,#5161,#5162,#5163,#5164,#5165,
#5166,#5167,#5168,#5169,#5170,#5171,#5172,#5173,#5174,#5175,#5176,#5177,
#5178,#5179,#5180,#5181,#5182,#5183,#5184,#5185,#5186,#5187,#5188,#5189,
#5190,#5191,#5192,#5193,#5194,#5195,#5196,#5197,#5198,#5199,#5200,#5201,
#5202,#5203,#5204,#5205,#5206,#5207,#5208,#5209,#5210,#5211,#5212,#5213,
#5214,#5215,#5216,#5217,#5218,#5219,#5220,#5221,#5222,#5223,#5224,#5225,
#5226,#5227,#5228,#5229,#5230,#5231,#5232,#5233,#5234,#5235,#5236,#5237,
#5238,#5239,#5240,#5241,#5242,#5243,#5244,#5245,#5246,#5247,#5248,#5249,
#5250,#5251,#5252,#5253,#5254,#5255,#5256,#5257,#5258,#5259,#5260,#5261,
#5262,#5263));
#5277=DERIVED_UNIT_ELEMENT(#5281,1.);
#5278=DERIVED_UNIT_ELEMENT(#9607,-3.);
#5279=DERIVED_UNIT_ELEMENT(#5281,1.);
#5280=DERIVED_UNIT_ELEMENT(#9607,-3.);
#5281=(
MASS_UNIT()
NAMED_UNIT(*)
SI_UNIT(.KILO.,.GRAM.)
);
#5282=DERIVED_UNIT((#5277,#5278));
#5283=DERIVED_UNIT((#5279,#5280));
#5284=MEASURE_REPRESENTATION_ITEM('density measure',
POSITIVE_RATIO_MEASURE(2700.),#5282);
#5285=MEASURE_REPRESENTATION_ITEM('density measure',
POSITIVE_RATIO_MEASURE(1015.),#5283);
#5286=PROPERTY_DEFINITION_REPRESENTATION(#5296,#5290);
#5287=PROPERTY_DEFINITION_REPRESENTATION(#5297,#5291);
#5288=PROPERTY_DEFINITION_REPRESENTATION(#5298,#5292);
#5289=PROPERTY_DEFINITION_REPRESENTATION(#5299,#5293);
#5290=REPRESENTATION('material name',(#5294),#9603);
#5291=REPRESENTATION('density',(#5284),#9603);
#5292=REPRESENTATION('material name',(#5295),#9604);
#5293=REPRESENTATION('density',(#5285),#9604);
#5294=DESCRIPTIVE_REPRESENTATION_ITEM('Aluminum','Aluminum');
#5295=DESCRIPTIVE_REPRESENTATION_ITEM(
'Nylon 12 (with Formlabs Fuse 1 3D Printer)',
'Nylon 12 (with Formlabs Fuse 1 3D Printer)');
#5296=PROPERTY_DEFINITION('material property','material name',#9623);
#5297=PROPERTY_DEFINITION('material property','density of part',#9623);
#5298=PROPERTY_DEFINITION('material property','material name',#9624);
#5299=PROPERTY_DEFINITION('material property','density of part',#9624);
#5300=AXIS2_PLACEMENT_3D('',#7356,#5837,#5838);
#5301=AXIS2_PLACEMENT_3D('',#7357,#5839,#5840);
#5302=AXIS2_PLACEMENT_3D('',#7358,#5841,#5842);
#5303=AXIS2_PLACEMENT_3D('',#7360,#5843,#5844);
#5304=AXIS2_PLACEMENT_3D('',#7363,#5846,#5847);
#5305=AXIS2_PLACEMENT_3D('',#7364,#5848,#5849);
#5306=AXIS2_PLACEMENT_3D('',#7366,#5850,#5851);
#5307=AXIS2_PLACEMENT_3D('',#7369,#5853,#5854);
#5308=AXIS2_PLACEMENT_3D('',#7370,#5855,#5856);
#5309=AXIS2_PLACEMENT_3D('',#7372,#5857,#5858);
#5310=AXIS2_PLACEMENT_3D('',#7375,#5860,#5861);
#5311=AXIS2_PLACEMENT_3D('',#7376,#5862,#5863);
#5312=AXIS2_PLACEMENT_3D('',#7385,#5868,#5869);
#5313=AXIS2_PLACEMENT_3D('',#7387,#5870,#5871);
#5314=AXIS2_PLACEMENT_3D('',#7389,#5872,#5873);
#5315=AXIS2_PLACEMENT_3D('',#7391,#5875,#5876);
#5316=AXIS2_PLACEMENT_3D('',#7397,#5880,#5881);
#5317=AXIS2_PLACEMENT_3D('',#7399,#5882,#5883);
#5318=AXIS2_PLACEMENT_3D('',#7401,#5884,#5885);
#5319=AXIS2_PLACEMENT_3D('',#7403,#5887,#5888);
#5320=AXIS2_PLACEMENT_3D('',#7409,#5892,#5893);
#5321=AXIS2_PLACEMENT_3D('',#7411,#5894,#5895);
#5322=AXIS2_PLACEMENT_3D('',#7413,#5896,#5897);
#5323=AXIS2_PLACEMENT_3D('',#7415,#5899,#5900);
#5324=AXIS2_PLACEMENT_3D('',#7421,#5904,#5905);
#5325=AXIS2_PLACEMENT_3D('',#7423,#5906,#5907);
#5326=AXIS2_PLACEMENT_3D('',#7425,#5908,#5909);
#5327=AXIS2_PLACEMENT_3D('',#7427,#5911,#5912);
#5328=AXIS2_PLACEMENT_3D('',#7433,#5916,#5917);
#5329=AXIS2_PLACEMENT_3D('',#7435,#5918,#5919);
#5330=AXIS2_PLACEMENT_3D('',#7437,#5920,#5921);
#5331=AXIS2_PLACEMENT_3D('',#7439,#5923,#5924);
#5332=AXIS2_PLACEMENT_3D('',#7445,#5928,#5929);
#5333=AXIS2_PLACEMENT_3D('',#7446,#5930,#5931);
#5334=AXIS2_PLACEMENT_3D('',#7447,#5932,#5933);
#5335=AXIS2_PLACEMENT_3D('',#7448,#5934,#5935);
#5336=AXIS2_PLACEMENT_3D('',#7449,#5936,#5937);
#5337=AXIS2_PLACEMENT_3D('',#7450,#5938,#5939);
#5338=AXIS2_PLACEMENT_3D('',#7452,#5940,#5941);
#5339=AXIS2_PLACEMENT_3D('',#7456,#5943,#5944);
#5340=AXIS2_PLACEMENT_3D('',#7457,#5945,#5946);
#5341=AXIS2_PLACEMENT_3D('',#7458,#5947,#5948);
#5342=AXIS2_PLACEMENT_3D('',#7460,#5949,#5950);
#5343=AXIS2_PLACEMENT_3D('',#7462,#5951,#5952);
#5344=AXIS2_PLACEMENT_3D('',#7463,#5953,#5954);
#5345=AXIS2_PLACEMENT_3D('',#7464,#5955,#5956);
#5346=AXIS2_PLACEMENT_3D('',#7467,#5958,#5959);
#5347=AXIS2_PLACEMENT_3D('',#7468,#5960,#5961);
#5348=AXIS2_PLACEMENT_3D('',#7470,#5962,#5963);
#5349=AXIS2_PLACEMENT_3D('',#7471,#5964,#5965);
#5350=AXIS2_PLACEMENT_3D('',#7474,#5967,#5968);
#5351=AXIS2_PLACEMENT_3D('',#7475,#5969,#5970);
#5352=AXIS2_PLACEMENT_3D('',#7476,#5971,#5972);
#5353=AXIS2_PLACEMENT_3D('',#7477,#5973,#5974);
#5354=AXIS2_PLACEMENT_3D('',#7479,#5975,#5976);
#5355=AXIS2_PLACEMENT_3D('',#7483,#5978,#5979);
#5356=AXIS2_PLACEMENT_3D('',#7484,#5980,#5981);
#5357=AXIS2_PLACEMENT_3D('',#7485,#5982,#5983);
#5358=AXIS2_PLACEMENT_3D('',#7487,#5984,#5985);
#5359=AXIS2_PLACEMENT_3D('',#7489,#5986,#5987);
#5360=AXIS2_PLACEMENT_3D('',#7490,#5988,#5989);
#5361=AXIS2_PLACEMENT_3D('',#7491,#5990,#5991);
#5362=AXIS2_PLACEMENT_3D('',#7494,#5993,#5994);
#5363=AXIS2_PLACEMENT_3D('',#7495,#5995,#5996);
#5364=AXIS2_PLACEMENT_3D('',#7497,#5997,#5998);
#5365=AXIS2_PLACEMENT_3D('',#7498,#5999,#6000);
#5366=AXIS2_PLACEMENT_3D('',#7501,#6002,#6003);
#5367=AXIS2_PLACEMENT_3D('',#7502,#6004,#6005);
#5368=AXIS2_PLACEMENT_3D('',#7503,#6006,#6007);
#5369=AXIS2_PLACEMENT_3D('',#7504,#6008,#6009);
#5370=AXIS2_PLACEMENT_3D('',#7506,#6010,#6011);
#5371=AXIS2_PLACEMENT_3D('',#7510,#6013,#6014);
#5372=AXIS2_PLACEMENT_3D('',#7511,#6015,#6016);
#5373=AXIS2_PLACEMENT_3D('',#7512,#6017,#6018);
#5374=AXIS2_PLACEMENT_3D('',#7514,#6019,#6020);
#5375=AXIS2_PLACEMENT_3D('',#7516,#6021,#6022);
#5376=AXIS2_PLACEMENT_3D('',#7517,#6023,#6024);
#5377=AXIS2_PLACEMENT_3D('',#7518,#6025,#6026);
#5378=AXIS2_PLACEMENT_3D('',#7521,#6028,#6029);
#5379=AXIS2_PLACEMENT_3D('',#7522,#6030,#6031);
#5380=AXIS2_PLACEMENT_3D('',#7524,#6032,#6033);
#5381=AXIS2_PLACEMENT_3D('',#7525,#6034,#6035);
#5382=AXIS2_PLACEMENT_3D('',#7528,#6037,#6038);
#5383=AXIS2_PLACEMENT_3D('',#7529,#6039,#6040);
#5384=AXIS2_PLACEMENT_3D('',#7530,#6041,#6042);
#5385=AXIS2_PLACEMENT_3D('',#7531,#6043,#6044);
#5386=AXIS2_PLACEMENT_3D('',#7533,#6045,#6046);
#5387=AXIS2_PLACEMENT_3D('',#7535,#6047,#6048);
#5388=AXIS2_PLACEMENT_3D('',#7537,#6049,#6050);
#5389=AXIS2_PLACEMENT_3D('',#7538,#6051,#6052);
#5390=AXIS2_PLACEMENT_3D('',#7539,#6053,#6054);
#5391=AXIS2_PLACEMENT_3D('',#7542,#6056,#6057);
#5392=AXIS2_PLACEMENT_3D('',#7543,#6058,#6059);
#5393=AXIS2_PLACEMENT_3D('',#7544,#6060,#6061);
#5394=AXIS2_PLACEMENT_3D('',#7545,#6062,#6063);
#5395=AXIS2_PLACEMENT_3D('',#7547,#6064,#6065);
#5396=AXIS2_PLACEMENT_3D('',#7551,#6067,#6068);
#5397=AXIS2_PLACEMENT_3D('',#7552,#6069,#6070);
#5398=AXIS2_PLACEMENT_3D('',#7553,#6071,#6072);
#5399=AXIS2_PLACEMENT_3D('',#7555,#6073,#6074);
#5400=AXIS2_PLACEMENT_3D('',#7557,#6075,#6076);
#5401=AXIS2_PLACEMENT_3D('',#7558,#6077,#6078);
#5402=AXIS2_PLACEMENT_3D('',#7559,#6079,#6080);
#5403=AXIS2_PLACEMENT_3D('',#7563,#6082,#6083);
#5404=AXIS2_PLACEMENT_3D('',#7564,#6084,#6085);
#5405=AXIS2_PLACEMENT_3D('',#7565,#6086,#6087);
#5406=AXIS2_PLACEMENT_3D('',#7567,#6088,#6089);
#5407=AXIS2_PLACEMENT_3D('',#7569,#6090,#6091);
#5408=AXIS2_PLACEMENT_3D('',#7570,#6092,#6093);
#5409=AXIS2_PLACEMENT_3D('',#7571,#6094,#6095);
#5410=AXIS2_PLACEMENT_3D('',#7574,#6097,#6098);
#5411=AXIS2_PLACEMENT_3D('',#7575,#6099,#6100);
#5412=AXIS2_PLACEMENT_3D('',#7576,#6101,#6102);
#5413=AXIS2_PLACEMENT_3D('',#7577,#6103,#6104);
#5414=AXIS2_PLACEMENT_3D('',#7579,#6105,#6106);
#5415=AXIS2_PLACEMENT_3D('',#7583,#6108,#6109);
#5416=AXIS2_PLACEMENT_3D('',#7584,#6110,#6111);
#5417=AXIS2_PLACEMENT_3D('',#7585,#6112,#6113);
#5418=AXIS2_PLACEMENT_3D('',#7587,#6114,#6115);
#5419=AXIS2_PLACEMENT_3D('',#7589,#6116,#6117);
#5420=AXIS2_PLACEMENT_3D('',#7590,#6118,#6119);
#5421=AXIS2_PLACEMENT_3D('',#7591,#6120,#6121);
#5422=AXIS2_PLACEMENT_3D('',#7595,#6123,#6124);
#5423=AXIS2_PLACEMENT_3D('',#7596,#6125,#6126);
#5424=AXIS2_PLACEMENT_3D('',#7597,#6127,#6128);
#5425=AXIS2_PLACEMENT_3D('',#7599,#6129,#6130);
#5426=AXIS2_PLACEMENT_3D('',#7601,#6131,#6132);
#5427=AXIS2_PLACEMENT_3D('',#7602,#6133,#6134);
#5428=AXIS2_PLACEMENT_3D('',#7603,#6135,#6136);
#5429=AXIS2_PLACEMENT_3D('',#7606,#6138,#6139);
#5430=AXIS2_PLACEMENT_3D('',#7607,#6140,#6141);
#5431=AXIS2_PLACEMENT_3D('',#7608,#6142,#6143);
#5432=AXIS2_PLACEMENT_3D('',#7609,#6144,#6145);
#5433=AXIS2_PLACEMENT_3D('',#7611,#6146,#6147);
#5434=AXIS2_PLACEMENT_3D('',#7612,#6148,#6149);
#5435=AXIS2_PLACEMENT_3D('',#7614,#6150,#6151);
#5436=AXIS2_PLACEMENT_3D('',#7616,#6153,#6154);
#5437=AXIS2_PLACEMENT_3D('',#7617,#6155,#6156);
#5438=AXIS2_PLACEMENT_3D('',#7619,#6157,#6158);
#5439=AXIS2_PLACEMENT_3D('',#7620,#6159,#6160);
#5440=AXIS2_PLACEMENT_3D('',#7622,#6161,#6162);
#5441=AXIS2_PLACEMENT_3D('',#7624,#6164,#6165);
#5442=AXIS2_PLACEMENT_3D('',#7625,#6166,#6167);
#5443=AXIS2_PLACEMENT_3D('',#7627,#6168,#6169);
#5444=AXIS2_PLACEMENT_3D('',#7628,#6170,#6171);
#5445=AXIS2_PLACEMENT_3D('',#7630,#6172,#6173);
#5446=AXIS2_PLACEMENT_3D('',#7632,#6175,#6176);
#5447=AXIS2_PLACEMENT_3D('',#7633,#6177,#6178);
#5448=AXIS2_PLACEMENT_3D('',#7635,#6179,#6180);
#5449=AXIS2_PLACEMENT_3D('',#7636,#6181,#6182);
#5450=AXIS2_PLACEMENT_3D('',#7638,#6183,#6184);
#5451=AXIS2_PLACEMENT_3D('',#7640,#6186,#6187);
#5452=AXIS2_PLACEMENT_3D('',#7641,#6188,#6189);
#5453=AXIS2_PLACEMENT_3D('',#7642,#6190,#6191);
#5454=AXIS2_PLACEMENT_3D('',#7645,#6192,#6193);
#5455=AXIS2_PLACEMENT_3D('',#7649,#6195,#6196);
#5456=AXIS2_PLACEMENT_3D('',#7651,#6198,#6199);
#5457=AXIS2_PLACEMENT_3D('',#7657,#6203,#6204);
#5458=AXIS2_PLACEMENT_3D('',#7666,#6209,#6210);
#5459=AXIS2_PLACEMENT_3D('',#7672,#6214,#6215);
#5460=AXIS2_PLACEMENT_3D('',#7674,#6216,#6217);
#5461=AXIS2_PLACEMENT_3D('',#7677,#6219,#6220);
#5462=AXIS2_PLACEMENT_3D('',#7678,#6221,#6222);
#5463=AXIS2_PLACEMENT_3D('',#7688,#6226,#6227);
#5464=AXIS2_PLACEMENT_3D('',#7693,#6230,#6231);
#5465=AXIS2_PLACEMENT_3D('',#7694,#6232,#6233);
#5466=AXIS2_PLACEMENT_3D('',#7698,#6236,#6237);
#5467=AXIS2_PLACEMENT_3D('',#7703,#6238,#6239);
#5468=AXIS2_PLACEMENT_3D('',#7704,#6240,#6241);
#5469=AXIS2_PLACEMENT_3D('',#7705,#6242,#6243);
#5470=AXIS2_PLACEMENT_3D('',#7707,#6244,#6245);
#5471=AXIS2_PLACEMENT_3D('',#7709,#6247,#6248);
#5472=AXIS2_PLACEMENT_3D('',#7717,#6251,#6252);
#5473=AXIS2_PLACEMENT_3D('',#7721,#6255,#6256);
#5474=AXIS2_PLACEMENT_3D('',#7725,#6259,#6260);
#5475=AXIS2_PLACEMENT_3D('',#7729,#6263,#6264);
#5476=AXIS2_PLACEMENT_3D('',#7731,#6265,#6266);
#5477=AXIS2_PLACEMENT_3D('',#7733,#6268,#6269);
#5478=AXIS2_PLACEMENT_3D('',#7739,#6273,#6274);
#5479=AXIS2_PLACEMENT_3D('',#7743,#6276,#6277);
#5480=AXIS2_PLACEMENT_3D('',#7745,#6279,#6280);
#5481=AXIS2_PLACEMENT_3D('',#7747,#6282,#6283);
#5482=AXIS2_PLACEMENT_3D('',#7753,#6285,#6286);
#5483=AXIS2_PLACEMENT_3D('',#7755,#6287,#6288);
#5484=AXIS2_PLACEMENT_3D('',#7757,#6290,#6291);
#5485=AXIS2_PLACEMENT_3D('',#7761,#6294,#6295);
#5486=AXIS2_PLACEMENT_3D('',#7763,#6296,#6297);
#5487=AXIS2_PLACEMENT_3D('',#7765,#6299,#6300);
#5488=AXIS2_PLACEMENT_3D('',#7772,#6301,#6302);
#5489=AXIS2_PLACEMENT_3D('',#7776,#6304,#6305);
#5490=AXIS2_PLACEMENT_3D('',#7780,#6306,#6307);
#5491=AXIS2_PLACEMENT_3D('',#7786,#6311,#6312);
#5492=AXIS2_PLACEMENT_3D('',#7790,#6314,#6315);
#5493=AXIS2_PLACEMENT_3D('',#7791,#6316,#6317);
#5494=AXIS2_PLACEMENT_3D('',#7792,#6318,#6319);
#5495=AXIS2_PLACEMENT_3D('',#7800,#6324,#6325);
#5496=AXIS2_PLACEMENT_3D('',#7806,#6329,#6330);
#5497=AXIS2_PLACEMENT_3D('',#7811,#6332,#6333);
#5498=AXIS2_PLACEMENT_3D('',#7814,#6335,#6336);
#5499=AXIS2_PLACEMENT_3D('',#7815,#6337,#6338);
#5500=AXIS2_PLACEMENT_3D('',#7818,#6341,#6342);
#5501=AXIS2_PLACEMENT_3D('',#7822,#6344,#6345);
#5502=AXIS2_PLACEMENT_3D('',#7824,#6347,#6348);
#5503=AXIS2_PLACEMENT_3D('',#7829,#6350,#6351);
#5504=AXIS2_PLACEMENT_3D('',#7832,#6353,#6354);
#5505=AXIS2_PLACEMENT_3D('',#7833,#6355,#6356);
#5506=AXIS2_PLACEMENT_3D('',#7839,#6360,#6361);
#5507=AXIS2_PLACEMENT_3D('',#7845,#6362,#6363);
#5508=AXIS2_PLACEMENT_3D('',#7847,#6364,#6365);
#5509=AXIS2_PLACEMENT_3D('',#7851,#6366,#6367);
#5510=AXIS2_PLACEMENT_3D('',#7859,#6372,#6373);
#5511=AXIS2_PLACEMENT_3D('',#7865,#6377,#6378);
#5512=AXIS2_PLACEMENT_3D('',#7870,#6382,#6383);
#5513=AXIS2_PLACEMENT_3D('',#7873,#6385,#6386);
#5514=AXIS2_PLACEMENT_3D('',#7874,#6387,#6388);
#5515=AXIS2_PLACEMENT_3D('',#7876,#6390,#6391);
#5516=AXIS2_PLACEMENT_3D('',#7878,#6393,#6394);
#5517=AXIS2_PLACEMENT_3D('',#7880,#6396,#6397);
#5518=AXIS2_PLACEMENT_3D('',#7882,#6399,#6400);
#5519=AXIS2_PLACEMENT_3D('',#7884,#6402,#6403);
#5520=AXIS2_PLACEMENT_3D('',#7887,#6406,#6407);
#5521=AXIS2_PLACEMENT_3D('',#7888,#6408,#6409);
#5522=AXIS2_PLACEMENT_3D('',#7894,#6413,#6414);
#5523=AXIS2_PLACEMENT_3D('',#7898,#6417,#6418);
#5524=AXIS2_PLACEMENT_3D('',#7902,#6421,#6422);
#5525=AXIS2_PLACEMENT_3D('',#7906,#6424,#6425);
#5526=AXIS2_PLACEMENT_3D('',#7907,#6426,#6427);
#5527=AXIS2_PLACEMENT_3D('',#7908,#6428,#6429);
#5528=AXIS2_PLACEMENT_3D('',#7912,#6431,#6432);
#5529=AXIS2_PLACEMENT_3D('',#7913,#6433,#6434);
#5530=AXIS2_PLACEMENT_3D('',#7914,#6435,#6436);
#5531=AXIS2_PLACEMENT_3D('',#7918,#6438,#6439);
#5532=AXIS2_PLACEMENT_3D('',#7919,#6440,#6441);
#5533=AXIS2_PLACEMENT_3D('',#7920,#6442,#6443);
#5534=AXIS2_PLACEMENT_3D('',#7923,#6446,#6447);
#5535=AXIS2_PLACEMENT_3D('',#7928,#6449,#6450);
#5536=AXIS2_PLACEMENT_3D('',#7931,#6452,#6453);
#5537=AXIS2_PLACEMENT_3D('',#7932,#6454,#6455);
#5538=AXIS2_PLACEMENT_3D('',#7936,#6457,#6458);
#5539=AXIS2_PLACEMENT_3D('',#7937,#6459,#6460);
#5540=AXIS2_PLACEMENT_3D('',#7938,#6461,#6462);
#5541=AXIS2_PLACEMENT_3D('',#7942,#6464,#6465);
#5542=AXIS2_PLACEMENT_3D('',#7943,#6466,#6467);
#5543=AXIS2_PLACEMENT_3D('',#7944,#6468,#6469);
#5544=AXIS2_PLACEMENT_3D('',#7947,#6472,#6473);
#5545=AXIS2_PLACEMENT_3D('',#7951,#6476,#6477);
#5546=AXIS2_PLACEMENT_3D('',#7954,#6479,#6480);
#5547=AXIS2_PLACEMENT_3D('',#7955,#6481,#6482);
#5548=AXIS2_PLACEMENT_3D('',#7958,#6484,#6485);
#5549=AXIS2_PLACEMENT_3D('',#7959,#6486,#6487);
#5550=AXIS2_PLACEMENT_3D('',#7962,#6489,#6490);
#5551=AXIS2_PLACEMENT_3D('',#7963,#6491,#6492);
#5552=AXIS2_PLACEMENT_3D('',#7969,#6496,#6497);
#5553=AXIS2_PLACEMENT_3D('',#7973,#6499,#6500);
#5554=AXIS2_PLACEMENT_3D('',#7974,#6501,#6502);
#5555=AXIS2_PLACEMENT_3D('',#7975,#6503,#6504);
#5556=AXIS2_PLACEMENT_3D('',#7977,#6505,#6506);
#5557=AXIS2_PLACEMENT_3D('',#7980,#6508,#6509);
#5558=AXIS2_PLACEMENT_3D('',#7981,#6510,#6511);
#5559=AXIS2_PLACEMENT_3D('',#7982,#6512,#6513);
#5560=AXIS2_PLACEMENT_3D('',#7983,#6514,#6515);
#5561=AXIS2_PLACEMENT_3D('',#7984,#6516,#6517);
#5562=AXIS2_PLACEMENT_3D('',#7988,#6519,#6520);
#5563=AXIS2_PLACEMENT_3D('',#7990,#6521,#6522);
#5564=AXIS2_PLACEMENT_3D('',#7992,#6523,#6524);
#5565=AXIS2_PLACEMENT_3D('',#7994,#6526,#6527);
#5566=AXIS2_PLACEMENT_3D('',#7996,#6529,#6530);
#5567=AXIS2_PLACEMENT_3D('',#7998,#6532,#6533);
#5568=AXIS2_PLACEMENT_3D('',#8000,#6535,#6536);
#5569=AXIS2_PLACEMENT_3D('',#8002,#6538,#6539);
#5570=AXIS2_PLACEMENT_3D('',#8004,#6541,#6542);
#5571=AXIS2_PLACEMENT_3D('',#8006,#6544,#6545);
#5572=AXIS2_PLACEMENT_3D('',#8008,#6547,#6548);
#5573=AXIS2_PLACEMENT_3D('',#8009,#6549,#6550);
#5574=AXIS2_PLACEMENT_3D('',#8011,#6552,#6553);
#5575=AXIS2_PLACEMENT_3D('',#8013,#6555,#6556);
#5576=AXIS2_PLACEMENT_3D('',#8015,#6558,#6559);
#5577=AXIS2_PLACEMENT_3D('',#8016,#6560,#6561);
#5578=AXIS2_PLACEMENT_3D('',#8025,#6566,#6567);
#5579=AXIS2_PLACEMENT_3D('',#8029,#6569,#6570);
#5580=AXIS2_PLACEMENT_3D('',#8030,#6571,#6572);
#5581=AXIS2_PLACEMENT_3D('',#8031,#6573,#6574);
#5582=AXIS2_PLACEMENT_3D('',#8037,#6578,#6579);
#5583=AXIS2_PLACEMENT_3D('',#8041,#6581,#6582);
#5584=AXIS2_PLACEMENT_3D('',#8042,#6583,#6584);
#5585=AXIS2_PLACEMENT_3D('',#8121,#6587,#6588);
#5586=AXIS2_PLACEMENT_3D('',#8126,#6590,#6591);
#5587=AXIS2_PLACEMENT_3D('',#8129,#6593,#6594);
#5588=AXIS2_PLACEMENT_3D('',#8130,#6595,#6596);
#5589=AXIS2_PLACEMENT_3D('',#8136,#6600,#6601);
#5590=AXIS2_PLACEMENT_3D('',#8138,#6602,#6603);
#5591=AXIS2_PLACEMENT_3D('',#8141,#6605,#6606);
#5592=AXIS2_PLACEMENT_3D('',#8142,#6607,#6608);
#5593=AXIS2_PLACEMENT_3D('',#8148,#6612,#6613);
#5594=AXIS2_PLACEMENT_3D('',#8150,#6614,#6615);
#5595=AXIS2_PLACEMENT_3D('',#8153,#6617,#6618);
#5596=AXIS2_PLACEMENT_3D('',#8154,#6619,#6620);
#5597=AXIS2_PLACEMENT_3D('',#8250,#6626,#6627);
#5598=AXIS2_PLACEMENT_3D('',#8255,#6629,#6630);
#5599=AXIS2_PLACEMENT_3D('',#8258,#6632,#6633);
#5600=AXIS2_PLACEMENT_3D('',#8259,#6634,#6635);
#5601=AXIS2_PLACEMENT_3D('',#8265,#6639,#6640);
#5602=AXIS2_PLACEMENT_3D('',#8269,#6642,#6643);
#5603=AXIS2_PLACEMENT_3D('',#8270,#6644,#6645);
#5604=AXIS2_PLACEMENT_3D('',#8271,#6646,#6647);
#5605=AXIS2_PLACEMENT_3D('',#8301,#6651,#6652);
#5606=AXIS2_PLACEMENT_3D('',#8305,#6654,#6655);
#5607=AXIS2_PLACEMENT_3D('',#8334,#6657,#6658);
#5608=AXIS2_PLACEMENT_3D('',#8338,#6661,#6662);
#5609=AXIS2_PLACEMENT_3D('',#8341,#6664,#6665);
#5610=AXIS2_PLACEMENT_3D('',#8342,#6666,#6667);
#5611=AXIS2_PLACEMENT_3D('',#8346,#6670,#6671);
#5612=AXIS2_PLACEMENT_3D('',#8349,#6673,#6674);
#5613=AXIS2_PLACEMENT_3D('',#8350,#6675,#6676);
#5614=AXIS2_PLACEMENT_3D('',#8354,#6679,#6680);
#5615=AXIS2_PLACEMENT_3D('',#8382,#6682,#6683);
#5616=AXIS2_PLACEMENT_3D('',#8383,#6684,#6685);
#5617=AXIS2_PLACEMENT_3D('',#8391,#6689,#6690);
#5618=AXIS2_PLACEMENT_3D('',#8395,#6692,#6693);
#5619=AXIS2_PLACEMENT_3D('',#8399,#6695,#6696);
#5620=AXIS2_PLACEMENT_3D('',#8401,#6698,#6699);
#5621=AXIS2_PLACEMENT_3D('',#8405,#6702,#6703);
#5622=AXIS2_PLACEMENT_3D('',#8408,#6705,#6706);
#5623=AXIS2_PLACEMENT_3D('',#8409,#6707,#6708);
#5624=AXIS2_PLACEMENT_3D('',#8413,#6711,#6712);
#5625=AXIS2_PLACEMENT_3D('',#8422,#6717,#6718);
#5626=AXIS2_PLACEMENT_3D('',#8424,#6719,#6720);
#5627=AXIS2_PLACEMENT_3D('',#8427,#6722,#6723);
#5628=AXIS2_PLACEMENT_3D('',#8428,#6724,#6725);
#5629=AXIS2_PLACEMENT_3D('',#8434,#6729,#6730);
#5630=AXIS2_PLACEMENT_3D('',#8436,#6731,#6732);
#5631=AXIS2_PLACEMENT_3D('',#8439,#6734,#6735);
#5632=AXIS2_PLACEMENT_3D('',#8440,#6736,#6737);
#5633=AXIS2_PLACEMENT_3D('',#8446,#6741,#6742);
#5634=AXIS2_PLACEMENT_3D('',#8448,#6743,#6744);
#5635=AXIS2_PLACEMENT_3D('',#8451,#6746,#6747);
#5636=AXIS2_PLACEMENT_3D('',#8452,#6748,#6749);
#5637=AXIS2_PLACEMENT_3D('',#8458,#6753,#6754);
#5638=AXIS2_PLACEMENT_3D('',#8460,#6755,#6756);
#5639=AXIS2_PLACEMENT_3D('',#8463,#6758,#6759);
#5640=AXIS2_PLACEMENT_3D('',#8464,#6760,#6761);
#5641=AXIS2_PLACEMENT_3D('',#8587,#6769,#6770);
#5642=AXIS2_PLACEMENT_3D('',#8591,#6772,#6773);
#5643=AXIS2_PLACEMENT_3D('',#8593,#6775,#6776);
#5644=AXIS2_PLACEMENT_3D('',#8597,#6779,#6780);
#5645=AXIS2_PLACEMENT_3D('',#8600,#6782,#6783);
#5646=AXIS2_PLACEMENT_3D('',#8601,#6784,#6785);
#5647=AXIS2_PLACEMENT_3D('',#8605,#6788,#6789);
#5648=AXIS2_PLACEMENT_3D('',#8608,#6791,#6792);
#5649=AXIS2_PLACEMENT_3D('',#8609,#6793,#6794);
#5650=AXIS2_PLACEMENT_3D('',#8613,#6797,#6798);
#5651=AXIS2_PLACEMENT_3D('',#8616,#6800,#6801);
#5652=AXIS2_PLACEMENT_3D('',#8784,#6806,#6807);
#5653=AXIS2_PLACEMENT_3D('',#8792,#6811,#6812);
#5654=AXIS2_PLACEMENT_3D('',#8796,#6814,#6815);
#5655=AXIS2_PLACEMENT_3D('',#8804,#6820,#6821);
#5656=AXIS2_PLACEMENT_3D('',#8808,#6823,#6824);
#5657=AXIS2_PLACEMENT_3D('',#8810,#6826,#6827);
#5658=AXIS2_PLACEMENT_3D('',#8816,#6830,#6831);
#5659=AXIS2_PLACEMENT_3D('',#8820,#6833,#6834);
#5660=AXIS2_PLACEMENT_3D('',#8822,#6835,#6836);
#5661=AXIS2_PLACEMENT_3D('',#8825,#6838,#6839);
#5662=AXIS2_PLACEMENT_3D('',#8826,#6840,#6841);
#5663=AXIS2_PLACEMENT_3D('',#8829,#6843,#6844);
#5664=AXIS2_PLACEMENT_3D('',#8830,#6845,#6846);
#5665=AXIS2_PLACEMENT_3D('',#8833,#6847,#6848);
#5666=AXIS2_PLACEMENT_3D('',#8839,#6850,#6851);
#5667=AXIS2_PLACEMENT_3D('',#8843,#6854,#6855);
#5668=AXIS2_PLACEMENT_3D('',#8845,#6856,#6857);
#5669=AXIS2_PLACEMENT_3D('',#8850,#6858,#6859);
#5670=AXIS2_PLACEMENT_3D('',#8853,#6861,#6862);
#5671=AXIS2_PLACEMENT_3D('',#8854,#6863,#6864);
#5672=AXIS2_PLACEMENT_3D('',#8858,#6867,#6868);
#5673=AXIS2_PLACEMENT_3D('',#8859,#6869,#6870);
#5674=AXIS2_PLACEMENT_3D('',#8860,#6871,#6872);
#5675=AXIS2_PLACEMENT_3D('',#8864,#6874,#6875);
#5676=AXIS2_PLACEMENT_3D('',#8866,#6877,#6878);
#5677=AXIS2_PLACEMENT_3D('',#8870,#6881,#6882);
#5678=AXIS2_PLACEMENT_3D('',#8873,#6884,#6885);
#5679=AXIS2_PLACEMENT_3D('',#8874,#6886,#6887);
#5680=AXIS2_PLACEMENT_3D('',#8877,#6888,#6889);
#5681=AXIS2_PLACEMENT_3D('',#8883,#6891,#6892);
#5682=AXIS2_PLACEMENT_3D('',#8887,#6895,#6896);
#5683=AXIS2_PLACEMENT_3D('',#8889,#6897,#6898);
#5684=AXIS2_PLACEMENT_3D('',#8894,#6899,#6900);
#5685=AXIS2_PLACEMENT_3D('',#8896,#6901,#6902);
#5686=AXIS2_PLACEMENT_3D('',#8899,#6904,#6905);
#5687=AXIS2_PLACEMENT_3D('',#8900,#6906,#6907);
#5688=AXIS2_PLACEMENT_3D('',#8906,#6911,#6912);
#5689=AXIS2_PLACEMENT_3D('',#8907,#6913,#6914);
#5690=AXIS2_PLACEMENT_3D('',#8908,#6915,#6916);
#5691=AXIS2_PLACEMENT_3D('',#8909,#6917,#6918);
#5692=AXIS2_PLACEMENT_3D('',#8912,#6921,#6922);
#5693=AXIS2_PLACEMENT_3D('',#8913,#6923,#6924);
#5694=AXIS2_PLACEMENT_3D('',#8923,#6930,#6931);
#5695=AXIS2_PLACEMENT_3D('',#8927,#6934,#6935);
#5696=AXIS2_PLACEMENT_3D('',#8930,#6937,#6938);
#5697=AXIS2_PLACEMENT_3D('',#8931,#6939,#6940);
#5698=AXIS2_PLACEMENT_3D('',#8935,#6943,#6944);
#5699=AXIS2_PLACEMENT_3D('',#8936,#6945,#6946);
#5700=AXIS2_PLACEMENT_3D('',#8942,#6950,#6951);
#5701=AXIS2_PLACEMENT_3D('',#8944,#6952,#6953);
#5702=AXIS2_PLACEMENT_3D('',#8946,#6955,#6956);
#5703=AXIS2_PLACEMENT_3D('',#8948,#6958,#6959);
#5704=AXIS2_PLACEMENT_3D('',#8954,#6963,#6964);
#5705=AXIS2_PLACEMENT_3D('',#8955,#6965,#6966);
#5706=AXIS2_PLACEMENT_3D('',#8956,#6967,#6968);
#5707=AXIS2_PLACEMENT_3D('',#8958,#6969,#6970);
#5708=AXIS2_PLACEMENT_3D('',#8960,#6971,#6972);
#5709=AXIS2_PLACEMENT_3D('',#8967,#6974,#6975);
#5710=AXIS2_PLACEMENT_3D('',#8976,#6977,#6978);
#5711=AXIS2_PLACEMENT_3D('',#8978,#6979,#6980);
#5712=AXIS2_PLACEMENT_3D('',#8980,#6982,#6983);
#5713=AXIS2_PLACEMENT_3D('',#8983,#6985,#6986);
#5714=AXIS2_PLACEMENT_3D('',#8984,#6987,#6988);
#5715=AXIS2_PLACEMENT_3D('',#8986,#6990,#6991);
#5716=AXIS2_PLACEMENT_3D('',#8992,#6995,#6996);
#5717=AXIS2_PLACEMENT_3D('',#8998,#7000,#7001);
#5718=AXIS2_PLACEMENT_3D('',#9007,#7007,#7008);
#5719=AXIS2_PLACEMENT_3D('',#9011,#7010,#7011);
#5720=AXIS2_PLACEMENT_3D('',#9015,#7013,#7014);
#5721=AXIS2_PLACEMENT_3D('',#9019,#7016,#7017);
#5722=AXIS2_PLACEMENT_3D('',#9023,#7019,#7020);
#5723=AXIS2_PLACEMENT_3D('',#9025,#7022,#7023);
#5724=AXIS2_PLACEMENT_3D('',#9029,#7025,#7026);
#5725=AXIS2_PLACEMENT_3D('',#9031,#7027,#7028);
#5726=AXIS2_PLACEMENT_3D('',#9035,#7030,#7031);
#5727=AXIS2_PLACEMENT_3D('',#9039,#7033,#7034);
#5728=AXIS2_PLACEMENT_3D('',#9043,#7036,#7037);
#5729=AXIS2_PLACEMENT_3D('',#9047,#7039,#7040);
#5730=AXIS2_PLACEMENT_3D('',#9051,#7042,#7043);
#5731=AXIS2_PLACEMENT_3D('',#9055,#7045,#7046);
#5732=AXIS2_PLACEMENT_3D('',#9059,#7048,#7049);
#5733=AXIS2_PLACEMENT_3D('',#9062,#7051,#7052);
#5734=AXIS2_PLACEMENT_3D('',#9063,#7053,#7054);
#5735=AXIS2_PLACEMENT_3D('',#9076,#7057,#7058);
#5736=AXIS2_PLACEMENT_3D('',#9079,#7060,#7061);
#5737=AXIS2_PLACEMENT_3D('',#9080,#7062,#7063);
#5738=AXIS2_PLACEMENT_3D('',#9084,#7066,#7067);
#5739=AXIS2_PLACEMENT_3D('',#9087,#7069,#7070);
#5740=AXIS2_PLACEMENT_3D('',#9088,#7071,#7072);
#5741=AXIS2_PLACEMENT_3D('',#9091,#7073,#7074);
#5742=AXIS2_PLACEMENT_3D('',#9095,#7076,#7077);
#5743=AXIS2_PLACEMENT_3D('',#9179,#7082,#7083);
#5744=AXIS2_PLACEMENT_3D('',#9182,#7085,#7086);
#5745=AXIS2_PLACEMENT_3D('',#9183,#7087,#7088);
#5746=AXIS2_PLACEMENT_3D('',#9195,#7090,#7091);
#5747=AXIS2_PLACEMENT_3D('',#9196,#7092,#7093);
#5748=AXIS2_PLACEMENT_3D('',#9254,#7098,#7099);
#5749=AXIS2_PLACEMENT_3D('',#9256,#7100,#7101);
#5750=AXIS2_PLACEMENT_3D('',#9258,#7103,#7104);
#5751=AXIS2_PLACEMENT_3D('',#9261,#7106,#7107);
#5752=AXIS2_PLACEMENT_3D('',#9262,#7108,#7109);
#5753=AXIS2_PLACEMENT_3D('',#9266,#7112,#7113);
#5754=AXIS2_PLACEMENT_3D('',#9270,#7116,#7117);
#5755=AXIS2_PLACEMENT_3D('',#9274,#7120,#7121);
#5756=AXIS2_PLACEMENT_3D('',#9278,#7123,#7124);
#5757=AXIS2_PLACEMENT_3D('',#9279,#7125,#7126);
#5758=AXIS2_PLACEMENT_3D('',#9336,#7128,#7129);
#5759=AXIS2_PLACEMENT_3D('',#9337,#7130,#7131);
#5760=AXIS2_PLACEMENT_3D('',#9338,#7132,#7133);
#5761=AXIS2_PLACEMENT_3D('',#9340,#7135,#7136);
#5762=AXIS2_PLACEMENT_3D('',#9341,#7137,#7138);
#5763=AXIS2_PLACEMENT_3D('',#9344,#7140,#7141);
#5764=AXIS2_PLACEMENT_3D('',#9425,#7144,#7145);
#5765=AXIS2_PLACEMENT_3D('',#9427,#7147,#7148);
#5766=AXIS2_PLACEMENT_3D('',#9431,#7151,#7152);
#5767=AXIS2_PLACEMENT_3D('',#9433,#7154,#7155);
#5768=AXIS2_PLACEMENT_3D('',#9437,#7157,#7158);
#5769=AXIS2_PLACEMENT_3D('',#9439,#7160,#7161);
#5770=AXIS2_PLACEMENT_3D('',#9443,#7163,#7164);
#5771=AXIS2_PLACEMENT_3D('',#9445,#7166,#7167);
#5772=AXIS2_PLACEMENT_3D('',#9448,#7169,#7170);
#5773=AXIS2_PLACEMENT_3D('',#9449,#7171,#7172);
#5774=AXIS2_PLACEMENT_3D('',#9451,#7174,#7175);
#5775=AXIS2_PLACEMENT_3D('',#9453,#7177,#7178);
#5776=AXIS2_PLACEMENT_3D('',#9455,#7180,#7181);
#5777=AXIS2_PLACEMENT_3D('',#9458,#7183,#7184);
#5778=AXIS2_PLACEMENT_3D('',#9459,#7185,#7186);
#5779=AXIS2_PLACEMENT_3D('',#9463,#7189,#7190);
#5780=AXIS2_PLACEMENT_3D('',#9466,#7192,#7193);
#5781=AXIS2_PLACEMENT_3D('',#9467,#7194,#7195);
#5782=AXIS2_PLACEMENT_3D('',#9470,#7197,#7198);
#5783=AXIS2_PLACEMENT_3D('',#9471,#7199,#7200);
#5784=AXIS2_PLACEMENT_3D('',#9475,#7203,#7204);
#5785=AXIS2_PLACEMENT_3D('',#9478,#7206,#7207);
#5786=AXIS2_PLACEMENT_3D('',#9479,#7208,#7209);
#5787=AXIS2_PLACEMENT_3D('',#9481,#7211,#7212);
#5788=AXIS2_PLACEMENT_3D('',#9483,#7214,#7215);
#5789=AXIS2_PLACEMENT_3D('',#9485,#7217,#7218);
#5790=AXIS2_PLACEMENT_3D('',#9486,#7219,#7220);
#5791=AXIS2_PLACEMENT_3D('',#9487,#7221,#7222);
#5792=AXIS2_PLACEMENT_3D('',#9488,#7223,#7224);
#5793=AXIS2_PLACEMENT_3D('',#9491,#7227,#7228);
#5794=AXIS2_PLACEMENT_3D('',#9493,#7230,#7231);
#5795=AXIS2_PLACEMENT_3D('',#9494,#7232,#7233);
#5796=AXIS2_PLACEMENT_3D('',#9498,#7236,#7237);
#5797=AXIS2_PLACEMENT_3D('',#9502,#7240,#7241);
#5798=AXIS2_PLACEMENT_3D('',#9504,#7243,#7244);
#5799=AXIS2_PLACEMENT_3D('',#9506,#7246,#7247);
#5800=AXIS2_PLACEMENT_3D('',#9508,#7249,#7250);
#5801=AXIS2_PLACEMENT_3D('',#9510,#7252,#7253);
#5802=AXIS2_PLACEMENT_3D('',#9512,#7255,#7256);
#5803=AXIS2_PLACEMENT_3D('',#9520,#7261,#7262);
#5804=AXIS2_PLACEMENT_3D('',#9524,#7265,#7266);
#5805=AXIS2_PLACEMENT_3D('',#9530,#7270,#7271);
#5806=AXIS2_PLACEMENT_3D('',#9532,#7272,#7273);
#5807=AXIS2_PLACEMENT_3D('',#9536,#7275,#7276);
#5808=AXIS2_PLACEMENT_3D('',#9539,#7278,#7279);
#5809=AXIS2_PLACEMENT_3D('',#9540,#7280,#7281);
#5810=AXIS2_PLACEMENT_3D('',#9542,#7282,#7283);
#5811=AXIS2_PLACEMENT_3D('',#9545,#7285,#7286);
#5812=AXIS2_PLACEMENT_3D('',#9546,#7287,#7288);
#5813=AXIS2_PLACEMENT_3D('',#9552,#7292,#7293);
#5814=AXIS2_PLACEMENT_3D('',#9554,#7294,#7295);
#5815=AXIS2_PLACEMENT_3D('',#9557,#7297,#7298);
#5816=AXIS2_PLACEMENT_3D('',#9558,#7299,#7300);
#5817=AXIS2_PLACEMENT_3D('',#9561,#7303,#7304);
#5818=AXIS2_PLACEMENT_3D('',#9563,#7306,#7307);
#5819=AXIS2_PLACEMENT_3D('',#9564,#7308,#7309);
#5820=AXIS2_PLACEMENT_3D('',#9567,#7312,#7313);
#5821=AXIS2_PLACEMENT_3D('',#9569,#7315,#7316);
#5822=AXIS2_PLACEMENT_3D('',#9570,#7317,#7318);
#5823=AXIS2_PLACEMENT_3D('',#9573,#7320,#7321);
#5824=AXIS2_PLACEMENT_3D('',#9574,#7322,#7323);
#5825=AXIS2_PLACEMENT_3D('',#9578,#7326,#7327);
#5826=AXIS2_PLACEMENT_3D('',#9580,#7328,#7329);
#5827=AXIS2_PLACEMENT_3D('',#9582,#7331,#7332);
#5828=AXIS2_PLACEMENT_3D('',#9585,#7334,#7335);
#5829=AXIS2_PLACEMENT_3D('',#9586,#7336,#7337);
#5830=AXIS2_PLACEMENT_3D('',#9588,#7339,#7340);
#5831=AXIS2_PLACEMENT_3D('',#9590,#7342,#7343);
#5832=AXIS2_PLACEMENT_3D('',#9591,#7344,#7345);
#5833=AXIS2_PLACEMENT_3D('',#9593,#7347,#7348);
#5834=AXIS2_PLACEMENT_3D('',#9595,#7350,#7351);
#5835=AXIS2_PLACEMENT_3D('',#9596,#7352,#7353);
#5836=AXIS2_PLACEMENT_3D('',#9597,#7354,#7355);
#5837=DIRECTION('axis',(0.,0.,1.));
#5838=DIRECTION('refdir',(1.,0.,0.));
#5839=DIRECTION('axis',(0.,0.,1.));
#5840=DIRECTION('refdir',(1.,0.,0.));
#5841=DIRECTION('center_axis',(0.,0.,1.));
#5842=DIRECTION('ref_axis',(1.,0.,0.));
#5843=DIRECTION('center_axis',(0.,0.,-1.));
#5844=DIRECTION('ref_axis',(1.,0.,0.));
#5845=DIRECTION('',(0.,0.,-1.));
#5846=DIRECTION('center_axis',(0.,0.,-1.));
#5847=DIRECTION('ref_axis',(1.,0.,0.));
#5848=DIRECTION('center_axis',(0.,0.,1.));
#5849=DIRECTION('ref_axis',(1.,0.,0.));
#5850=DIRECTION('center_axis',(0.,0.,-1.));
#5851=DIRECTION('ref_axis',(1.,0.,0.));
#5852=DIRECTION('',(0.,0.,-1.));
#5853=DIRECTION('center_axis',(0.,0.,-1.));
#5854=DIRECTION('ref_axis',(1.,0.,0.));
#5855=DIRECTION('center_axis',(0.,0.,1.));
#5856=DIRECTION('ref_axis',(1.,0.,0.));
#5857=DIRECTION('center_axis',(0.,0.,-1.));
#5858=DIRECTION('ref_axis',(1.,0.,0.));
#5859=DIRECTION('',(0.,0.,-1.));
#5860=DIRECTION('center_axis',(0.,0.,-1.));
#5861=DIRECTION('ref_axis',(1.,0.,0.));
#5862=DIRECTION('center_axis',(0.,-1.,0.));
#5863=DIRECTION('ref_axis',(1.,0.,0.));
#5864=DIRECTION('',(-1.,0.,0.));
#5865=DIRECTION('',(0.,0.,1.));
#5866=DIRECTION('',(1.,0.,0.));
#5867=DIRECTION('',(0.,0.,1.));
#5868=DIRECTION('center_axis',(0.,0.,1.));
#5869=DIRECTION('ref_axis',(-1.,-4.4408920985006E-15,0.));
#5870=DIRECTION('center_axis',(0.,0.,1.));
#5871=DIRECTION('ref_axis',(-1.,-4.4408920985006E-15,0.));
#5872=DIRECTION('center_axis',(0.,0.,1.));
#5873=DIRECTION('ref_axis',(-1.,-4.4408920985006E-15,0.));
#5874=DIRECTION('',(0.,0.,1.));
#5875=DIRECTION('center_axis',(-1.,1.41945995423648E-16,0.));
#5876=DIRECTION('ref_axis',(-1.41945995423648E-16,-1.,0.));
#5877=DIRECTION('',(1.41945995423648E-16,1.,0.));
#5878=DIRECTION('',(-1.41945995423648E-16,-1.,0.));
#5879=DIRECTION('',(0.,0.,1.));
#5880=DIRECTION('center_axis',(0.,0.,1.));
#5881=DIRECTION('ref_axis',(-0.707106781186552,0.707106781186543,0.));
#5882=DIRECTION('center_axis',(0.,0.,1.));
#5883=DIRECTION('ref_axis',(-0.707106781186552,0.707106781186543,0.));
#5884=DIRECTION('center_axis',(0.,0.,1.));
#5885=DIRECTION('ref_axis',(-0.707106781186552,0.707106781186543,0.));
#5886=DIRECTION('',(0.,0.,1.));
#5887=DIRECTION('center_axis',(-0.707106781186547,0.707106781186548,0.));
#5888=DIRECTION('ref_axis',(-0.707106781186548,-0.707106781186547,0.));
#5889=DIRECTION('',(0.707106781186548,0.707106781186547,0.));
#5890=DIRECTION('',(-0.707106781186548,-0.707106781186547,0.));
#5891=DIRECTION('',(0.,0.,1.));
#5892=DIRECTION('center_axis',(0.,0.,1.));
#5893=DIRECTION('ref_axis',(0.,1.,0.));
#5894=DIRECTION('center_axis',(0.,0.,1.));
#5895=DIRECTION('ref_axis',(0.,1.,0.));
#5896=DIRECTION('center_axis',(0.,0.,1.));
#5897=DIRECTION('ref_axis',(0.,1.,0.));
#5898=DIRECTION('',(0.,0.,1.));
#5899=DIRECTION('center_axis',(0.,1.,0.));
#5900=DIRECTION('ref_axis',(-1.,0.,0.));
#5901=DIRECTION('',(1.,0.,0.));
#5902=DIRECTION('',(-1.,0.,0.));
#5903=DIRECTION('',(0.,0.,1.));
#5904=DIRECTION('center_axis',(0.,0.,1.));
#5905=DIRECTION('ref_axis',(0.707106781186545,0.70710678118655,0.));
#5906=DIRECTION('center_axis',(0.,0.,1.));
#5907=DIRECTION('ref_axis',(0.707106781186545,0.70710678118655,0.));
#5908=DIRECTION('center_axis',(0.,0.,1.));
#5909=DIRECTION('ref_axis',(0.707106781186545,0.70710678118655,0.));
#5910=DIRECTION('',(0.,0.,1.));
#5911=DIRECTION('center_axis',(0.707106781186548,0.707106781186548,0.));
#5912=DIRECTION('ref_axis',(-0.707106781186548,0.707106781186548,0.));
#5913=DIRECTION('',(0.707106781186548,-0.707106781186548,0.));
#5914=DIRECTION('',(-0.707106781186548,0.707106781186548,0.));
#5915=DIRECTION('',(0.,0.,1.));
#5916=DIRECTION('center_axis',(0.,0.,1.));
#5917=DIRECTION('ref_axis',(1.,0.,0.));
#5918=DIRECTION('center_axis',(0.,0.,1.));
#5919=DIRECTION('ref_axis',(1.,0.,0.));
#5920=DIRECTION('center_axis',(0.,0.,1.));
#5921=DIRECTION('ref_axis',(1.,0.,0.));
#5922=DIRECTION('',(0.,0.,1.));
#5923=DIRECTION('center_axis',(1.,1.41945995423648E-16,0.));
#5924=DIRECTION('ref_axis',(-1.41945995423648E-16,1.,0.));
#5925=DIRECTION('',(1.41945995423648E-16,-1.,0.));
#5926=DIRECTION('',(-1.41945995423648E-16,1.,0.));
#5927=DIRECTION('',(0.,0.,1.));
#5928=DIRECTION('center_axis',(0.,0.,1.));
#5929=DIRECTION('ref_axis',(0.,-1.,0.));
#5930=DIRECTION('center_axis',(0.,0.,1.));
#5931=DIRECTION('ref_axis',(0.,-1.,0.));
#5932=DIRECTION('center_axis',(0.,0.,1.));
#5933=DIRECTION('ref_axis',(0.,-1.,0.));
#5934=DIRECTION('center_axis',(0.,0.,1.));
#5935=DIRECTION('ref_axis',(1.,0.,0.));
#5936=DIRECTION('center_axis',(0.,0.,1.));
#5937=DIRECTION('ref_axis',(1.,0.,0.));
#5938=DIRECTION('center_axis',(-8.20517929705043E-46,0.,-1.));
#5939=DIRECTION('ref_axis',(-1.,5.43449995017004E-32,0.));
#5940=DIRECTION('center_axis',(-1.41945995423648E-16,-2.60330291914301E-15,
-1.));
#5941=DIRECTION('ref_axis',(-1.,5.43449995017004E-32,1.41945995423648E-16));
#5942=DIRECTION('',(-8.20517929705043E-46,0.,-1.));
#5943=DIRECTION('center_axis',(-1.41945995423648E-16,-2.60330291914301E-15,
-1.));
#5944=DIRECTION('ref_axis',(-1.,5.43449995017004E-32,1.41945995423648E-16));
#5945=DIRECTION('center_axis',(-1.41945995423648E-16,-2.60330291914301E-15,
-1.));
#5946=DIRECTION('ref_axis',(-1.,5.43449995017004E-32,1.41945995423648E-16));
#5947=DIRECTION('center_axis',(1.,-1.41945995423648E-16,0.));
#5948=DIRECTION('ref_axis',(0.,0.,1.));
#5949=DIRECTION('center_axis',(1.,-1.41945995423648E-16,0.));
#5950=DIRECTION('ref_axis',(0.,0.,1.));
#5951=DIRECTION('center_axis',(0.,1.,0.));
#5952=DIRECTION('ref_axis',(-1.,0.,0.));
#5953=DIRECTION('center_axis',(0.,1.,0.));
#5954=DIRECTION('ref_axis',(-1.,0.,0.));
#5955=DIRECTION('center_axis',(0.,1.,0.));
#5956=DIRECTION('ref_axis',(-1.,0.,0.));
#5957=DIRECTION('',(0.,1.,0.));
#5958=DIRECTION('center_axis',(0.,-1.,0.));
#5959=DIRECTION('ref_axis',(-1.,0.,0.));
#5960=DIRECTION('center_axis',(1.41945995423648E-16,2.60330291914301E-15,
1.));
#5961=DIRECTION('ref_axis',(3.15183424745343E-31,-1.,2.60330291914301E-15));
#5962=DIRECTION('center_axis',(-1.41945995423648E-16,-2.60330291914301E-15,
-1.));
#5963=DIRECTION('ref_axis',(1.,0.,0.));
#5964=DIRECTION('center_axis',(0.,0.,1.));
#5965=DIRECTION('ref_axis',(1.,0.,0.));
#5966=DIRECTION('',(0.,0.,1.));
#5967=DIRECTION('center_axis',(0.,0.,1.));
#5968=DIRECTION('ref_axis',(1.,0.,0.));
#5969=DIRECTION('center_axis',(-1.41945995423648E-16,-1.,-2.60330291914301E-15));
#5970=DIRECTION('ref_axis',(1.,-1.41945995423648E-16,-3.30130496153876E-31));
#5971=DIRECTION('center_axis',(0.,0.,1.));
#5972=DIRECTION('ref_axis',(1.,0.,0.));
#5973=DIRECTION('center_axis',(-8.20517929705043E-46,0.,-1.));
#5974=DIRECTION('ref_axis',(-1.,5.43449995017004E-32,0.));
#5975=DIRECTION('center_axis',(-1.41945995423648E-16,-2.60330291914301E-15,
-1.));
#5976=DIRECTION('ref_axis',(-1.,5.43449995017004E-32,1.41945995423648E-16));
#5977=DIRECTION('',(-8.20517929705043E-46,0.,-1.));
#5978=DIRECTION('center_axis',(-1.41945995423648E-16,-2.60330291914301E-15,
-1.));
#5979=DIRECTION('ref_axis',(-1.,5.43449995017004E-32,1.41945995423648E-16));
#5980=DIRECTION('center_axis',(-1.41945995423648E-16,-2.60330291914301E-15,
-1.));
#5981=DIRECTION('ref_axis',(-1.,5.43449995017004E-32,1.41945995423648E-16));
#5982=DIRECTION('center_axis',(1.,-1.41945995423648E-16,0.));
#5983=DIRECTION('ref_axis',(0.,0.,1.));
#5984=DIRECTION('center_axis',(1.,-1.41945995423648E-16,0.));
#5985=DIRECTION('ref_axis',(0.,0.,1.));
#5986=DIRECTION('center_axis',(0.,1.,0.));
#5987=DIRECTION('ref_axis',(-1.,0.,0.));
#5988=DIRECTION('center_axis',(0.,1.,0.));
#5989=DIRECTION('ref_axis',(-1.,0.,0.));
#5990=DIRECTION('center_axis',(0.,1.,0.));
#5991=DIRECTION('ref_axis',(-1.,0.,0.));
#5992=DIRECTION('',(0.,1.,0.));
#5993=DIRECTION('center_axis',(0.,-1.,0.));
#5994=DIRECTION('ref_axis',(-1.,0.,0.));
#5995=DIRECTION('center_axis',(1.41945995423648E-16,2.60330291914301E-15,
1.));
#5996=DIRECTION('ref_axis',(3.15183424745343E-31,-1.,2.60330291914301E-15));
#5997=DIRECTION('center_axis',(-1.41945995423648E-16,-2.60330291914301E-15,
-1.));
#5998=DIRECTION('ref_axis',(1.,0.,0.));
#5999=DIRECTION('center_axis',(0.,0.,1.));
#6000=DIRECTION('ref_axis',(1.,0.,0.));
#6001=DIRECTION('',(0.,0.,1.));
#6002=DIRECTION('center_axis',(0.,0.,1.));
#6003=DIRECTION('ref_axis',(1.,0.,0.));
#6004=DIRECTION('center_axis',(-1.41945995423648E-16,-1.,-2.60330291914301E-15));
#6005=DIRECTION('ref_axis',(1.,-1.41945995423648E-16,-3.30130496153876E-31));
#6006=DIRECTION('center_axis',(0.,0.,1.));
#6007=DIRECTION('ref_axis',(1.,0.,0.));
#6008=DIRECTION('center_axis',(-8.20517929705043E-46,2.32938468589867E-61,
1.));
#6009=DIRECTION('ref_axis',(1.,-2.83891990847296E-16,0.));
#6010=DIRECTION('center_axis',(-1.41945995423648E-16,2.60330291914301E-15,
1.));
#6011=DIRECTION('ref_axis',(1.,-2.83891990847296E-16,1.41945995423648E-16));
#6012=DIRECTION('',(8.20517929705043E-46,-2.32938468589867E-61,-1.));
#6013=DIRECTION('center_axis',(-1.41945995423648E-16,2.60330291914301E-15,
1.));
#6014=DIRECTION('ref_axis',(1.,-2.83891990847296E-16,1.41945995423648E-16));
#6015=DIRECTION('center_axis',(-1.41945995423648E-16,2.60330291914301E-15,
1.));
#6016=DIRECTION('ref_axis',(1.,-2.83891990847296E-16,1.41945995423648E-16));
#6017=DIRECTION('center_axis',(-1.,1.41945995423648E-16,0.));
#6018=DIRECTION('ref_axis',(0.,0.,1.));
#6019=DIRECTION('center_axis',(1.,-1.41945995423648E-16,0.));
#6020=DIRECTION('ref_axis',(0.,0.,1.));
#6021=DIRECTION('center_axis',(-2.83891990847297E-16,-1.,0.));
#6022=DIRECTION('ref_axis',(1.,-2.83891990847297E-16,0.));
#6023=DIRECTION('center_axis',(-2.83891990847297E-16,-1.,0.));
#6024=DIRECTION('ref_axis',(1.,-2.83891990847297E-16,0.));
#6025=DIRECTION('center_axis',(-2.83891990847297E-16,-1.,0.));
#6026=DIRECTION('ref_axis',(1.,-2.83891990847297E-16,0.));
#6027=DIRECTION('',(2.83891990847297E-16,1.,0.));
#6028=DIRECTION('center_axis',(2.83891990847297E-16,1.,0.));
#6029=DIRECTION('ref_axis',(1.,-2.83891990847297E-16,0.));
#6030=DIRECTION('center_axis',(1.41945995423648E-16,-2.60330291914301E-15,
-1.));
#6031=DIRECTION('ref_axis',(-2.83891990847297E-16,-1.,2.60330291914301E-15));
#6032=DIRECTION('center_axis',(-1.41945995423648E-16,2.60330291914301E-15,
1.));
#6033=DIRECTION('ref_axis',(-1.,2.83891990847297E-16,0.));
#6034=DIRECTION('center_axis',(0.,0.,-1.));
#6035=DIRECTION('ref_axis',(-1.,2.83891990847297E-16,0.));
#6036=DIRECTION('',(0.,0.,1.));
#6037=DIRECTION('center_axis',(0.,0.,-1.));
#6038=DIRECTION('ref_axis',(-1.,2.83891990847297E-16,0.));
#6039=DIRECTION('center_axis',(1.41945995423648E-16,1.,2.60330291914301E-15));
#6040=DIRECTION('ref_axis',(-1.,1.41945995423648E-16,-3.30130496153876E-31));
#6041=DIRECTION('center_axis',(0.,0.,-1.));
#6042=DIRECTION('ref_axis',(-1.,2.83891990847297E-16,0.));
#6043=DIRECTION('center_axis',(0.,1.,0.));
#6044=DIRECTION('ref_axis',(0.,0.,1.));
#6045=DIRECTION('center_axis',(0.,-1.,0.));
#6046=DIRECTION('ref_axis',(-1.,0.,0.));
#6047=DIRECTION('center_axis',(-1.,0.,0.));
#6048=DIRECTION('ref_axis',(0.,0.,-1.));
#6049=DIRECTION('center_axis',(0.,1.,0.));
#6050=DIRECTION('ref_axis',(-1.,0.,0.));
#6051=DIRECTION('center_axis',(0.,1.,0.));
#6052=DIRECTION('ref_axis',(-1.,0.,0.));
#6053=DIRECTION('center_axis',(0.,1.,0.));
#6054=DIRECTION('ref_axis',(-1.,0.,0.));
#6055=DIRECTION('',(0.,-1.,0.));
#6056=DIRECTION('center_axis',(0.,-1.,0.));
#6057=DIRECTION('ref_axis',(-1.,0.,0.));
#6058=DIRECTION('center_axis',(0.,-1.,0.));
#6059=DIRECTION('ref_axis',(-1.,0.,0.));
#6060=DIRECTION('center_axis',(0.,-1.,0.));
#6061=DIRECTION('ref_axis',(-1.,0.,0.));
#6062=DIRECTION('center_axis',(-5.46571335200077E-15,0.,1.));
#6063=DIRECTION('ref_axis',(3.03429157210814E-29,1.,0.));
#6064=DIRECTION('center_axis',(7.83279351233346E-15,-2.28167838920768E-15,
1.));
#6065=DIRECTION('ref_axis',(1.78719156842174E-29,1.,2.28167838920768E-15));
#6066=DIRECTION('',(5.46571335200077E-15,0.,-1.));
#6067=DIRECTION('center_axis',(7.83279351233346E-15,-2.28167838920768E-15,
1.));
#6068=DIRECTION('ref_axis',(1.78719156842174E-29,1.,2.28167838920768E-15));
#6069=DIRECTION('center_axis',(7.83279351233346E-15,-2.28167838920768E-15,
1.));
#6070=DIRECTION('ref_axis',(1.78719156842174E-29,1.,2.28167838920768E-15));
#6071=DIRECTION('center_axis',(0.,-1.,0.));
#6072=DIRECTION('ref_axis',(0.,0.,-1.));
#6073=DIRECTION('center_axis',(0.,1.,0.));
#6074=DIRECTION('ref_axis',(0.,0.,-1.));
#6075=DIRECTION('center_axis',(1.,-2.28167838920768E-15,0.));
#6076=DIRECTION('ref_axis',(2.28167838920768E-15,1.,0.));
#6077=DIRECTION('center_axis',(1.,-2.28167838920768E-15,0.));
#6078=DIRECTION('ref_axis',(2.28167838920768E-15,1.,0.));
#6079=DIRECTION('center_axis',(1.,0.,0.));
#6080=DIRECTION('ref_axis',(0.,1.,0.));
#6081=DIRECTION('',(-1.,0.,0.));
#6082=DIRECTION('center_axis',(1.,-2.28167838920768E-15,0.));
#6083=DIRECTION('ref_axis',(2.28167838920768E-15,1.,0.));
#6084=DIRECTION('center_axis',(1.,-2.28167838920768E-15,0.));
#6085=DIRECTION('ref_axis',(2.28167838920768E-15,1.,0.));
#6086=DIRECTION('center_axis',(0.,0.,1.));
#6087=DIRECTION('ref_axis',(1.,0.,0.));
#6088=DIRECTION('center_axis',(0.,0.,-1.));
#6089=DIRECTION('ref_axis',(1.,0.,0.));
#6090=DIRECTION('center_axis',(0.,-1.,0.));
#6091=DIRECTION('ref_axis',(1.,0.,0.));
#6092=DIRECTION('center_axis',(0.,-1.,0.));
#6093=DIRECTION('ref_axis',(1.,0.,0.));
#6094=DIRECTION('center_axis',(2.22044604925031E-15,-1.,0.));
#6095=DIRECTION('ref_axis',(1.,2.22044604925031E-15,0.));
#6096=DIRECTION('',(-2.22044604925031E-15,1.,0.));
#6097=DIRECTION('center_axis',(0.,-1.,0.));
#6098=DIRECTION('ref_axis',(1.,0.,0.));
#6099=DIRECTION('center_axis',(7.83279351233346E-15,-2.28167838920768E-15,
1.));
#6100=DIRECTION('ref_axis',(1.78719156842174E-29,1.,2.28167838920768E-15));
#6101=DIRECTION('center_axis',(0.,-1.,0.));
#6102=DIRECTION('ref_axis',(1.,0.,0.));
#6103=DIRECTION('center_axis',(-5.46571335200077E-15,1.55167224490015E-30,
-1.));
#6104=DIRECTION('ref_axis',(2.83891990847266E-16,1.,0.));
#6105=DIRECTION('center_axis',(7.83279351233346E-15,2.28167838920768E-15,
-1.));
#6106=DIRECTION('ref_axis',(2.83891990847279E-16,1.,2.28167838920768E-15));
#6107=DIRECTION('',(-5.46571335200077E-15,1.55167224490015E-30,-1.));
#6108=DIRECTION('center_axis',(7.83279351233346E-15,2.28167838920768E-15,
-1.));
#6109=DIRECTION('ref_axis',(2.83891990847279E-16,1.,2.28167838920768E-15));
#6110=DIRECTION('center_axis',(7.83279351233346E-15,2.28167838920768E-15,
-1.));
#6111=DIRECTION('ref_axis',(2.83891990847279E-16,1.,2.28167838920768E-15));
#6112=DIRECTION('center_axis',(-2.83891990847297E-16,-1.,0.));
#6113=DIRECTION('ref_axis',(0.,0.,-1.));
#6114=DIRECTION('center_axis',(-2.83891990847297E-16,-1.,0.));
#6115=DIRECTION('ref_axis',(0.,0.,-1.));
#6116=DIRECTION('center_axis',(1.,1.99778639836038E-15,0.));
#6117=DIRECTION('ref_axis',(-1.99778639836038E-15,1.,0.));
#6118=DIRECTION('center_axis',(1.,1.99778639836038E-15,0.));
#6119=DIRECTION('ref_axis',(-1.99778639836038E-15,1.,0.));
#6120=DIRECTION('center_axis',(1.,-2.83891990847297E-16,0.));
#6121=DIRECTION('ref_axis',(2.83891990847297E-16,1.,0.));
#6122=DIRECTION('',(1.,-2.83891990847297E-16,0.));
#6123=DIRECTION('center_axis',(1.,1.99778639836038E-15,0.));
#6124=DIRECTION('ref_axis',(-1.99778639836038E-15,1.,0.));
#6125=DIRECTION('center_axis',(1.,1.99778639836038E-15,0.));
#6126=DIRECTION('ref_axis',(-1.99778639836038E-15,1.,0.));
#6127=DIRECTION('center_axis',(0.,0.,1.));
#6128=DIRECTION('ref_axis',(-1.,3.70074341541719E-16,0.));
#6129=DIRECTION('center_axis',(0.,0.,1.));
#6130=DIRECTION('ref_axis',(-1.,0.,0.));
#6131=DIRECTION('center_axis',(2.83891990847297E-16,1.,0.));
#6132=DIRECTION('ref_axis',(-1.,2.83891990847297E-16,0.));
#6133=DIRECTION('center_axis',(2.83891990847297E-16,1.,0.));
#6134=DIRECTION('ref_axis',(-1.,2.83891990847297E-16,0.));
#6135=DIRECTION('center_axis',(2.50433804009761E-15,1.,0.));
#6136=DIRECTION('ref_axis',(-1.,2.50433804009761E-15,0.));
#6137=DIRECTION('',(2.50433804009761E-15,1.,0.));
#6138=DIRECTION('center_axis',(2.83891990847297E-16,1.,0.));
#6139=DIRECTION('ref_axis',(-1.,2.83891990847297E-16,0.));
#6140=DIRECTION('center_axis',(7.83279351233346E-15,2.28167838920768E-15,
-1.));
#6141=DIRECTION('ref_axis',(2.83891990847279E-16,1.,2.28167838920768E-15));
#6142=DIRECTION('center_axis',(2.83891990847297E-16,1.,0.));
#6143=DIRECTION('ref_axis',(-1.,2.83891990847297E-16,0.));
#6144=DIRECTION('center_axis',(0.,-1.,0.));
#6145=DIRECTION('ref_axis',(1.,0.,0.));
#6146=DIRECTION('center_axis',(0.,1.,0.));
#6147=DIRECTION('ref_axis',(1.,0.,0.));
#6148=DIRECTION('center_axis',(0.,-1.,0.));
#6149=DIRECTION('ref_axis',(1.,0.,0.));
#6150=DIRECTION('center_axis',(0.,-1.,0.));
#6151=DIRECTION('ref_axis',(1.,0.,0.));
#6152=DIRECTION('',(0.,1.,0.));
#6153=DIRECTION('center_axis',(0.,-1.,0.));
#6154=DIRECTION('ref_axis',(1.,0.,0.));
#6155=DIRECTION('center_axis',(0.,-1.,0.));
#6156=DIRECTION('ref_axis',(1.,0.,0.));
#6157=DIRECTION('center_axis',(0.,1.,0.));
#6158=DIRECTION('ref_axis',(1.,0.,0.));
#6159=DIRECTION('center_axis',(0.,-1.,0.));
#6160=DIRECTION('ref_axis',(1.,0.,0.));
#6161=DIRECTION('center_axis',(0.,-1.,0.));
#6162=DIRECTION('ref_axis',(1.,0.,0.));
#6163=DIRECTION('',(0.,1.,0.));
#6164=DIRECTION('center_axis',(0.,-1.,0.));
#6165=DIRECTION('ref_axis',(1.,0.,0.));
#6166=DIRECTION('center_axis',(0.,-1.,0.));
#6167=DIRECTION('ref_axis',(1.,0.,0.));
#6168=DIRECTION('center_axis',(0.,1.,0.));
#6169=DIRECTION('ref_axis',(1.,0.,0.));
#6170=DIRECTION('center_axis',(0.,-1.,0.));
#6171=DIRECTION('ref_axis',(1.,0.,0.));
#6172=DIRECTION('center_axis',(0.,-1.,0.));
#6173=DIRECTION('ref_axis',(1.,0.,0.));
#6174=DIRECTION('',(0.,1.,0.));
#6175=DIRECTION('center_axis',(0.,-1.,0.));
#6176=DIRECTION('ref_axis',(1.,0.,0.));
#6177=DIRECTION('center_axis',(0.,-1.,0.));
#6178=DIRECTION('ref_axis',(1.,0.,0.));
#6179=DIRECTION('center_axis',(0.,1.,0.));
#6180=DIRECTION('ref_axis',(1.,0.,0.));
#6181=DIRECTION('center_axis',(0.,-1.,0.));
#6182=DIRECTION('ref_axis',(1.,0.,0.));
#6183=DIRECTION('center_axis',(0.,-1.,0.));
#6184=DIRECTION('ref_axis',(1.,0.,0.));
#6185=DIRECTION('',(0.,1.,0.));
#6186=DIRECTION('center_axis',(0.,-1.,0.));
#6187=DIRECTION('ref_axis',(1.,0.,0.));
#6188=DIRECTION('axis',(0.,0.,1.));
#6189=DIRECTION('refdir',(1.,0.,0.));
#6190=DIRECTION('center_axis',(0.,1.,0.));
#6191=DIRECTION('ref_axis',(0.,0.,-1.));
#6192=DIRECTION('center_axis',(0.,-1.,0.));
#6193=DIRECTION('ref_axis',(0.,0.,-1.));
#6194=DIRECTION('',(0.,1.,0.));
#6195=DIRECTION('center_axis',(0.,1.,0.));
#6196=DIRECTION('ref_axis',(0.,0.,-1.));
#6197=DIRECTION('',(0.,1.,0.));
#6198=DIRECTION('center_axis',(-1.,0.,0.));
#6199=DIRECTION('ref_axis',(0.,0.,1.));
#6200=DIRECTION('',(0.,0.,1.));
#6201=DIRECTION('',(0.,0.,-1.));
#6202=DIRECTION('',(0.,1.,0.));
#6203=DIRECTION('center_axis',(0.212631109971601,-0.707106781186548,0.674379723206625));
#6204=DIRECTION('ref_axis',(0.953716950748224,0.,-0.300705799504283));
#6205=DIRECTION('',(-0.953716950748224,0.,0.300705799504283));
#6206=DIRECTION('',(0.250213528116664,-0.627749145470068,-0.737105284683953));
#6207=DIRECTION('',(0.953716950748224,0.,-0.300705799504283));
#6208=DIRECTION('',(-0.627749145470087,-0.627749145470066,-0.460284717021081));
#6209=DIRECTION('center_axis',(0.707106781186551,-0.707106781186544,3.37102698247168E-15));
#6210=DIRECTION('ref_axis',(4.76735207773707E-15,0.,-1.));
#6211=DIRECTION('',(4.76735207773707E-15,0.,-1.));
#6212=DIRECTION('',(-0.707106781186548,-0.707106781186548,2.4532694666934E-16));
#6213=DIRECTION('',(-4.76735207773707E-15,0.,1.));
#6214=DIRECTION('center_axis',(0.,1.,0.));
#6215=DIRECTION('ref_axis',(0.,0.,-1.));
#6216=DIRECTION('center_axis',(0.,1.,0.));
#6217=DIRECTION('ref_axis',(0.,0.,-1.));
#6218=DIRECTION('',(0.,-0.707106781186547,0.707106781186548));
#6219=DIRECTION('center_axis',(0.,-1.,0.));
#6220=DIRECTION('ref_axis',(0.,0.,-1.));
#6221=DIRECTION('center_axis',(-0.579227965339568,-0.707106781186549,0.405579787672638));
#6222=DIRECTION('ref_axis',(0.573576436351047,0.,0.819152044288991));
#6223=DIRECTION('',(0.573576436351047,0.,0.819152044288991));
#6224=DIRECTION('',(-0.573576436351047,0.,-0.819152044288991));
#6225=DIRECTION('',(0.773589321594953,-0.633687274224645,-1.38650789985663E-14));
#6226=DIRECTION('center_axis',(0.,-1.,0.));
#6227=DIRECTION('ref_axis',(0.,0.,-1.));
#6228=DIRECTION('',(0.707106781186548,-0.707106781186548,2.4532694666934E-16));
#6229=DIRECTION('',(0.,-0.707106781186546,-0.707106781186549));
#6230=DIRECTION('center_axis',(0.,-1.,0.));
#6231=DIRECTION('ref_axis',(0.,0.,-1.));
#6232=DIRECTION('center_axis',(-0.707106781186548,-0.707106781186548,0.));
#6233=DIRECTION('ref_axis',(0.,0.,1.));
#6234=DIRECTION('',(0.707106781186544,-0.707106781186551,0.));
#6235=DIRECTION('',(0.,0.,1.));
#6236=DIRECTION('center_axis',(0.,-1.,0.));
#6237=DIRECTION('ref_axis',(1.,0.,0.));
#6238=DIRECTION('center_axis',(0.,1.,0.));
#6239=DIRECTION('ref_axis',(1.,0.,0.));
#6240=DIRECTION('center_axis',(0.,-1.,0.));
#6241=DIRECTION('ref_axis',(1.,0.,0.));
#6242=DIRECTION('center_axis',(0.,1.,0.));
#6243=DIRECTION('ref_axis',(1.,0.,0.));
#6244=DIRECTION('center_axis',(0.,-1.,0.));
#6245=DIRECTION('ref_axis',(1.,0.,0.));
#6246=DIRECTION('',(0.,1.,0.));
#6247=DIRECTION('center_axis',(-1.79230485885972E-14,0.,-1.));
#6248=DIRECTION('ref_axis',(-1.,0.,1.79230485885972E-14));
#6249=DIRECTION('',(0.,1.,0.));
#6250=DIRECTION('',(-0.773589321594951,-0.633687274224647,1.38650789985663E-14));
#6251=DIRECTION('center_axis',(-0.819152044288991,0.,0.573576436351047));
#6252=DIRECTION('ref_axis',(0.573576436351047,0.,0.819152044288991));
#6253=DIRECTION('',(0.573576436351047,0.,0.819152044288991));
#6254=DIRECTION('',(0.,1.,0.));
#6255=DIRECTION('center_axis',(0.300705799504283,0.,0.953716950748224));
#6256=DIRECTION('ref_axis',(0.953716950748224,0.,-0.300705799504283));
#6257=DIRECTION('',(0.953716950748224,0.,-0.300705799504283));
#6258=DIRECTION('',(0.,1.,0.));
#6259=DIRECTION('center_axis',(1.,0.,4.76735207773707E-15));
#6260=DIRECTION('ref_axis',(4.76735207773707E-15,0.,-1.));
#6261=DIRECTION('',(4.76735207773707E-15,0.,-1.));
#6262=DIRECTION('',(0.,1.,0.));
#6263=DIRECTION('center_axis',(0.,1.,0.));
#6264=DIRECTION('ref_axis',(0.,0.,-1.));
#6265=DIRECTION('center_axis',(0.,1.,0.));
#6266=DIRECTION('ref_axis',(0.,0.,-1.));
#6267=DIRECTION('',(0.,1.,0.));
#6268=DIRECTION('center_axis',(0.212631109971602,0.707106781186546,0.674379723206627));
#6269=DIRECTION('ref_axis',(0.953716950748224,0.,-0.300705799504283));
#6270=DIRECTION('',(0.627749145470086,-0.627749145470069,0.46028471702108));
#6271=DIRECTION('',(-0.953716950748224,0.,0.300705799504283));
#6272=DIRECTION('',(-0.250213528116664,-0.627749145470071,0.73710528468395));
#6273=DIRECTION('center_axis',(0.,-1.,0.));
#6274=DIRECTION('ref_axis',(0.,0.,-1.));
#6275=DIRECTION('',(0.,0.707106781186547,0.707106781186549));
#6276=DIRECTION('center_axis',(0.,-1.,0.));
#6277=DIRECTION('ref_axis',(0.,0.,-1.));
#6278=DIRECTION('',(-0.707106781186542,0.707106781186553,-3.43457725337076E-15));
#6279=DIRECTION('center_axis',(0.707106781186553,0.707106781186542,3.37102698247169E-15));
#6280=DIRECTION('ref_axis',(4.76735207773707E-15,0.,-1.));
#6281=DIRECTION('',(-4.76735207773707E-15,0.,1.));
#6282=DIRECTION('center_axis',(-0.579227965339569,0.707106781186547,0.40557978767264));
#6283=DIRECTION('ref_axis',(0.573576436351047,0.,0.819152044288991));
#6284=DIRECTION('',(-0.573576436351047,0.,-0.819152044288991));
#6285=DIRECTION('center_axis',(0.,1.,0.));
#6286=DIRECTION('ref_axis',(1.,0.,0.));
#6287=DIRECTION('center_axis',(0.,1.,0.));
#6288=DIRECTION('ref_axis',(1.,0.,0.));
#6289=DIRECTION('',(0.707106781186546,0.707106781186549,0.));
#6290=DIRECTION('center_axis',(-0.707106781186549,0.707106781186546,0.));
#6291=DIRECTION('ref_axis',(0.,0.,1.));
#6292=DIRECTION('',(0.,0.,-1.));
#6293=DIRECTION('',(0.707106781186551,0.707106781186544,0.));
#6294=DIRECTION('center_axis',(0.,1.,0.));
#6295=DIRECTION('ref_axis',(0.,0.,-1.));
#6296=DIRECTION('center_axis',(0.,1.,0.));
#6297=DIRECTION('ref_axis',(0.,0.,-1.));
#6298=DIRECTION('',(0.,0.70710678118655,-0.707106781186545));
#6299=DIRECTION('center_axis',(0.,1.,0.));
#6300=DIRECTION('ref_axis',(-4.4408920985006E-15,0.,1.));
#6301=DIRECTION('center_axis',(0.,-1.,0.));
#6302=DIRECTION('ref_axis',(-4.4408920985006E-15,0.,1.));
#6303=DIRECTION('',(-0.707106781186548,0.707106781186548,4.90653893338679E-16));
#6304=DIRECTION('center_axis',(0.,1.,0.));
#6305=DIRECTION('ref_axis',(-4.4408920985006E-15,0.,1.));
#6306=DIRECTION('center_axis',(0.707106781186549,0.707106781186546,0.));
#6307=DIRECTION('ref_axis',(0.,0.,-1.));
#6308=DIRECTION('',(-0.707106781186546,0.707106781186549,0.));
#6309=DIRECTION('',(0.,0.,1.));
#6310=DIRECTION('',(0.,0.,-1.));
#6311=DIRECTION('center_axis',(0.,1.,0.));
#6312=DIRECTION('ref_axis',(-1.,0.,0.));
#6313=DIRECTION('',(0.,0.707106781186548,-0.707106781186548));
#6314=DIRECTION('center_axis',(0.,1.,0.));
#6315=DIRECTION('ref_axis',(-1.,0.,0.));
#6316=DIRECTION('center_axis',(0.,-1.,0.));
#6317=DIRECTION('ref_axis',(-1.,0.,0.));
#6318=DIRECTION('center_axis',(0.579227965339571,0.707106781186546,0.40557978767264));
#6319=DIRECTION('ref_axis',(0.573576436351047,0.,-0.819152044288991));
#6320=DIRECTION('',(-0.573576436351047,0.,0.819152044288991));
#6321=DIRECTION('',(0.250213528116665,-0.627749145470074,0.737105284683947));
#6322=DIRECTION('',(0.573576436351047,0.,-0.819152044288991));
#6323=DIRECTION('',(-0.77358932159495,0.633687274224649,-1.38650789985662E-14));
#6324=DIRECTION('center_axis',(-0.212631109971603,0.707106781186543,0.67437972320663));
#6325=DIRECTION('ref_axis',(0.953716950748224,0.,0.300705799504283));
#6326=DIRECTION('',(0.953716950748224,0.,0.300705799504283));
#6327=DIRECTION('',(-0.953716950748224,0.,-0.300705799504283));
#6328=DIRECTION('',(-0.627749145470074,-0.627749145470076,0.460284717021086));
#6329=DIRECTION('center_axis',(0.,-1.,0.));
#6330=DIRECTION('ref_axis',(-1.,0.,-7.93016446160826E-17));
#6331=DIRECTION('',(0.707106781186548,0.707106781186548,0.));
#6332=DIRECTION('center_axis',(0.,-1.,0.));
#6333=DIRECTION('ref_axis',(-1.,0.,-7.93016446160826E-17));
#6334=DIRECTION('',(0.,0.70710678118655,0.707106781186545));
#6335=DIRECTION('center_axis',(0.,1.,0.));
#6336=DIRECTION('ref_axis',(-1.,0.,-7.93016446160826E-17));
#6337=DIRECTION('center_axis',(-0.707106781186549,0.707106781186546,-2.38045715121492E-15));
#6338=DIRECTION('ref_axis',(-3.36647478789616E-15,0.,1.));
#6339=DIRECTION('',(3.36647478789616E-15,0.,-1.));
#6340=DIRECTION('',(-3.36647478789616E-15,0.,1.));
#6341=DIRECTION('center_axis',(0.,1.,0.));
#6342=DIRECTION('ref_axis',(-1.,0.,-7.93016446160826E-17));
#6343=DIRECTION('',(0.,1.,0.));
#6344=DIRECTION('center_axis',(0.,-1.,0.));
#6345=DIRECTION('ref_axis',(-1.,0.,-7.93016446160826E-17));
#6346=DIRECTION('',(0.,1.,0.));
#6347=DIRECTION('center_axis',(0.,-1.,0.));
#6348=DIRECTION('ref_axis',(-1.,0.,0.));
#6349=DIRECTION('',(2.45326946669339E-16,-0.707106781186546,-0.707106781186549));
#6350=DIRECTION('center_axis',(0.,1.,0.));
#6351=DIRECTION('ref_axis',(-1.,0.,0.));
#6352=DIRECTION('',(-0.707106781186548,-0.707106781186548,0.));
#6353=DIRECTION('center_axis',(0.,-1.,0.));
#6354=DIRECTION('ref_axis',(-1.,0.,0.));
#6355=DIRECTION('center_axis',(0.707106781186548,-0.707106781186548,0.));
#6356=DIRECTION('ref_axis',(0.,0.,-1.));
#6357=DIRECTION('',(-0.707106781186548,-0.707106781186548,0.));
#6358=DIRECTION('',(0.,0.,-1.));
#6359=DIRECTION('',(0.,0.,1.));
#6360=DIRECTION('center_axis',(0.,-1.,0.));
#6361=DIRECTION('ref_axis',(-4.4408920985006E-15,0.,1.));
#6362=DIRECTION('center_axis',(0.,-1.,0.));
#6363=DIRECTION('ref_axis',(-4.4408920985006E-15,0.,1.));
#6364=DIRECTION('center_axis',(0.,1.,0.));
#6365=DIRECTION('ref_axis',(-4.4408920985006E-15,0.,1.));
#6366=DIRECTION('center_axis',(0.579227965339569,-0.707106781186548,0.405579787672639));
#6367=DIRECTION('ref_axis',(0.573576436351047,0.,-0.819152044288991));
#6368=DIRECTION('',(0.773589321594952,0.633687274224647,1.38650789985663E-14));
#6369=DIRECTION('',(-0.573576436351047,0.,0.819152044288991));
#6370=DIRECTION('',(-0.250213528116666,-0.627749145470072,-0.737105284683949));
#6371=DIRECTION('',(0.573576436351047,0.,-0.819152044288991));
#6372=DIRECTION('center_axis',(-0.212631109971602,-0.707106781186545,0.674379723206628));
#6373=DIRECTION('ref_axis',(0.953716950748224,0.,0.300705799504283));
#6374=DIRECTION('',(-0.953716950748224,0.,-0.300705799504283));
#6375=DIRECTION('',(0.627749145470076,-0.627749145470074,-0.460284717021087));
#6376=DIRECTION('',(0.953716950748224,0.,0.300705799504283));
#6377=DIRECTION('center_axis',(-0.707106781186547,-0.707106781186548,-2.38045715121492E-15));
#6378=DIRECTION('ref_axis',(-3.36647478789616E-15,0.,1.));
#6379=DIRECTION('',(3.36647478789616E-15,0.,-1.));
#6380=DIRECTION('',(0.707106781186561,-0.707106781186534,1.96261557335468E-15));
#6381=DIRECTION('',(-3.36647478789616E-15,0.,1.));
#6382=DIRECTION('center_axis',(0.,1.,0.));
#6383=DIRECTION('ref_axis',(-1.,0.,-7.93016446160826E-17));
#6384=DIRECTION('',(2.4532694666934E-16,-0.707106781186548,0.707106781186548));
#6385=DIRECTION('center_axis',(0.,1.,0.));
#6386=DIRECTION('ref_axis',(-1.,0.,-7.93016446160826E-17));
#6387=DIRECTION('center_axis',(-1.,0.,-3.36647478789616E-15));
#6388=DIRECTION('ref_axis',(-3.36647478789616E-15,0.,1.));
#6389=DIRECTION('',(0.,1.,0.));
#6390=DIRECTION('center_axis',(-0.300705799504283,0.,0.953716950748224));
#6391=DIRECTION('ref_axis',(0.953716950748224,0.,0.300705799504283));
#6392=DIRECTION('',(0.,1.,0.));
#6393=DIRECTION('center_axis',(0.819152044288991,0.,0.573576436351047));
#6394=DIRECTION('ref_axis',(0.573576436351047,0.,-0.819152044288991));
#6395=DIRECTION('',(0.,1.,0.));
#6396=DIRECTION('center_axis',(1.79230485885972E-14,0.,-1.));
#6397=DIRECTION('ref_axis',(-1.,0.,-1.79230485885972E-14));
#6398=DIRECTION('',(0.,1.,0.));
#6399=DIRECTION('center_axis',(0.,1.,0.));
#6400=DIRECTION('ref_axis',(-4.4408920985006E-15,0.,1.));
#6401=DIRECTION('',(0.,1.,0.));
#6402=DIRECTION('center_axis',(0.,1.,0.));
#6403=DIRECTION('ref_axis',(-1.,0.,0.));
#6404=DIRECTION('',(0.,1.,0.));
#6405=DIRECTION('',(0.,1.,0.));
#6406=DIRECTION('center_axis',(1.,0.,0.));
#6407=DIRECTION('ref_axis',(0.,0.,-1.));
#6408=DIRECTION('center_axis',(-1.00065462282409E-16,0.707106781186545,
0.70710678118655));
#6409=DIRECTION('ref_axis',(1.,0.,1.41513933884916E-16));
#6410=DIRECTION('',(1.,0.,1.41513933884916E-16));
#6411=DIRECTION('',(0.,0.70710678118655,-0.707106781186545));
#6412=DIRECTION('',(-1.,0.,-1.41513933884916E-16));
#6413=DIRECTION('center_axis',(-1.41513933884916E-16,0.,1.));
#6414=DIRECTION('ref_axis',(1.,0.,1.41513933884916E-16));
#6415=DIRECTION('',(-1.,0.,-1.41513933884916E-16));
#6416=DIRECTION('',(0.,1.,0.));
#6417=DIRECTION('center_axis',(-1.00065462282409E-16,-0.707106781186547,
0.707106781186548));
#6418=DIRECTION('ref_axis',(1.,0.,1.41513933884916E-16));
#6419=DIRECTION('',(1.,0.,1.41513933884916E-16));
#6420=DIRECTION('',(0.,-0.707106781186551,-0.707106781186544));
#6421=DIRECTION('center_axis',(0.,-1.,0.));
#6422=DIRECTION('ref_axis',(0.932054213960205,0.,-0.36231884057971));
#6423=DIRECTION('',(-0.659061855124756,0.707106781186549,0.25619810912556));
#6424=DIRECTION('center_axis',(0.,-1.,0.));
#6425=DIRECTION('ref_axis',(0.932054213960205,0.,-0.36231884057971));
#6426=DIRECTION('center_axis',(0.,1.,0.));
#6427=DIRECTION('ref_axis',(0.932054213960205,0.,-0.36231884057971));
#6428=DIRECTION('center_axis',(0.,1.,0.));
#6429=DIRECTION('ref_axis',(-9.65411325761006E-16,0.,-1.));
#6430=DIRECTION('',(0.659061855124752,0.707106781186555,0.256198109125557));
#6431=DIRECTION('center_axis',(0.,1.,0.));
#6432=DIRECTION('ref_axis',(-9.65411325761006E-16,0.,-1.));
#6433=DIRECTION('center_axis',(0.,-1.,0.));
#6434=DIRECTION('ref_axis',(-9.65411325761006E-16,0.,-1.));
#6435=DIRECTION('center_axis',(0.,-1.,0.));
#6436=DIRECTION('ref_axis',(0.,0.,1.));
#6437=DIRECTION('',(0.,0.707106781186549,-0.707106781186546));
#6438=DIRECTION('center_axis',(0.,-1.,0.));
#6439=DIRECTION('ref_axis',(0.,0.,1.));
#6440=DIRECTION('center_axis',(0.,1.,0.));
#6441=DIRECTION('ref_axis',(0.,0.,1.));
#6442=DIRECTION('center_axis',(1.00065462282409E-16,0.707106781186545,0.70710678118655));
#6443=DIRECTION('ref_axis',(1.,0.,-1.41513933884916E-16));
#6444=DIRECTION('',(-1.,0.,1.41513933884916E-16));
#6445=DIRECTION('',(1.,0.,-1.41513933884916E-16));
#6446=DIRECTION('center_axis',(0.,1.,0.));
#6447=DIRECTION('ref_axis',(0.,0.,1.));
#6448=DIRECTION('',(-0.659061855124755,0.70710678118655,-0.256198109125561));
#6449=DIRECTION('center_axis',(0.,1.,0.));
#6450=DIRECTION('ref_axis',(0.,0.,1.));
#6451=DIRECTION('',(0.,0.707106781186549,0.707106781186546));
#6452=DIRECTION('center_axis',(0.,-1.,0.));
#6453=DIRECTION('ref_axis',(0.,0.,1.));
#6454=DIRECTION('center_axis',(0.,-1.,0.));
#6455=DIRECTION('ref_axis',(0.932054213960205,0.,-0.36231884057971));
#6456=DIRECTION('',(0.659061855124757,0.707106781186548,-0.256198109125563));
#6457=DIRECTION('center_axis',(0.,-1.,0.));
#6458=DIRECTION('ref_axis',(0.932054213960204,0.,-0.36231884057971));
#6459=DIRECTION('center_axis',(0.,1.,0.));
#6460=DIRECTION('ref_axis',(0.932054213960205,0.,-0.36231884057971));
#6461=DIRECTION('center_axis',(0.,1.,0.));
#6462=DIRECTION('ref_axis',(0.932054213960204,0.,-0.362318840579711));
#6463=DIRECTION('',(0.,0.707106781186541,0.707106781186554));
#6464=DIRECTION('center_axis',(0.,1.,0.));
#6465=DIRECTION('ref_axis',(0.932054213960204,0.,-0.362318840579711));
#6466=DIRECTION('center_axis',(0.,-1.,0.));
#6467=DIRECTION('ref_axis',(0.932054213960204,0.,-0.362318840579711));
#6468=DIRECTION('center_axis',(1.00065462282409E-16,0.707106781186545,-0.70710678118655));
#6469=DIRECTION('ref_axis',(-1.,0.,-1.41513933884916E-16));
#6470=DIRECTION('',(1.,0.,1.41513933884916E-16));
#6471=DIRECTION('',(-1.,0.,-1.41513933884916E-16));
#6472=DIRECTION('center_axis',(1.41513933884916E-16,0.,-1.));
#6473=DIRECTION('ref_axis',(-1.,0.,-1.41513933884916E-16));
#6474=DIRECTION('',(0.,1.,0.));
#6475=DIRECTION('',(1.,0.,1.41513933884916E-16));
#6476=DIRECTION('center_axis',(0.,1.,0.));
#6477=DIRECTION('ref_axis',(0.932054213960204,0.,-0.362318840579711));
#6478=DIRECTION('',(0.,1.,0.));
#6479=DIRECTION('center_axis',(0.,1.,0.));
#6480=DIRECTION('ref_axis',(0.932054213960204,0.,-0.362318840579711));
#6481=DIRECTION('center_axis',(0.,1.,0.));
#6482=DIRECTION('ref_axis',(0.,0.,-1.));
#6483=DIRECTION('',(0.,1.,0.));
#6484=DIRECTION('center_axis',(0.,-1.,0.));
#6485=DIRECTION('ref_axis',(0.932054213960205,0.,-0.36231884057971));
#6486=DIRECTION('center_axis',(0.,1.,0.));
#6487=DIRECTION('ref_axis',(0.,0.,1.));
#6488=DIRECTION('',(0.,1.,0.));
#6489=DIRECTION('center_axis',(0.,1.,0.));
#6490=DIRECTION('ref_axis',(0.,0.,1.));
#6491=DIRECTION('center_axis',(1.00065462282409E-16,-0.707106781186548,
0.707106781186548));
#6492=DIRECTION('ref_axis',(1.,0.,-1.41513933884916E-16));
#6493=DIRECTION('',(-1.,0.,1.41513933884916E-16));
#6494=DIRECTION('',(0.,-0.707106781186548,-0.707106781186548));
#6495=DIRECTION('',(1.,0.,-1.41513933884916E-16));
#6496=DIRECTION('center_axis',(0.,1.,0.));
#6497=DIRECTION('ref_axis',(0.,0.,1.));
#6498=DIRECTION('',(0.659061855124755,-0.70710678118655,0.25619810912556));
#6499=DIRECTION('center_axis',(0.,1.,0.));
#6500=DIRECTION('ref_axis',(0.,0.,1.));
#6501=DIRECTION('center_axis',(0.,-1.,0.));
#6502=DIRECTION('ref_axis',(0.,0.,1.));
#6503=DIRECTION('center_axis',(0.,-1.,0.));
#6504=DIRECTION('ref_axis',(-9.65411325761006E-16,0.,-1.));
#6505=DIRECTION('center_axis',(0.,1.,0.));
#6506=DIRECTION('ref_axis',(-9.65411325761006E-16,0.,-1.));
#6507=DIRECTION('',(-0.659061855124746,-0.707106781186561,0.256198109125556));
#6508=DIRECTION('center_axis',(0.,-1.,0.));
#6509=DIRECTION('ref_axis',(-9.65411325761006E-16,0.,-1.));
#6510=DIRECTION('center_axis',(0.,1.,0.));
#6511=DIRECTION('ref_axis',(0.932054213960205,0.,-0.36231884057971));
#6512=DIRECTION('center_axis',(0.,1.,0.));
#6513=DIRECTION('ref_axis',(0.932054213960205,0.,-0.36231884057971));
#6514=DIRECTION('center_axis',(0.,-1.,0.));
#6515=DIRECTION('ref_axis',(0.932054213960205,0.,-0.36231884057971));
#6516=DIRECTION('center_axis',(0.,-1.,0.));
#6517=DIRECTION('ref_axis',(-1.,0.,0.));
#6518=DIRECTION('',(-1.,0.,-1.41513933884916E-16));
#6519=DIRECTION('center_axis',(0.,-1.,0.));
#6520=DIRECTION('ref_axis',(0.932054213960204,0.,-0.362318840579711));
#6521=DIRECTION('center_axis',(0.,1.,0.));
#6522=DIRECTION('ref_axis',(0.932054213960204,0.,-0.36231884057971));
#6523=DIRECTION('center_axis',(0.,-1.,0.));
#6524=DIRECTION('ref_axis',(0.,0.,1.));
#6525=DIRECTION('',(-1.,0.,1.41513933884916E-16));
#6526=DIRECTION('center_axis',(1.00065462282409E-16,-0.707106781186547,
-0.707106781186548));
#6527=DIRECTION('ref_axis',(-1.,0.,-1.41513933884916E-16));
#6528=DIRECTION('',(0.,-0.707106781186548,0.707106781186547));
#6529=DIRECTION('center_axis',(0.,-1.,0.));
#6530=DIRECTION('ref_axis',(0.932054213960204,0.,-0.362318840579711));
#6531=DIRECTION('',(0.659061855124758,-0.707106781186547,-0.256198109125561));
#6532=DIRECTION('center_axis',(0.,1.,0.));
#6533=DIRECTION('ref_axis',(0.932054213960205,0.,-0.36231884057971));
#6534=DIRECTION('',(-0.659061855124775,-0.707106781186529,-0.256198109125569));
#6535=DIRECTION('center_axis',(0.,-1.,0.));
#6536=DIRECTION('ref_axis',(0.,0.,1.));
#6537=DIRECTION('',(0.,-0.707106781186549,0.707106781186546));
#6538=DIRECTION('center_axis',(1.41513933884916E-16,0.,1.));
#6539=DIRECTION('ref_axis',(1.,0.,-1.41513933884916E-16));
#6540=DIRECTION('',(0.,1.,0.));
#6541=DIRECTION('center_axis',(0.,1.,0.));
#6542=DIRECTION('ref_axis',(0.,0.,1.));
#6543=DIRECTION('',(0.,1.,0.));
#6544=DIRECTION('center_axis',(0.,1.,0.));
#6545=DIRECTION('ref_axis',(-9.65411325761006E-16,0.,-1.));
#6546=DIRECTION('',(0.,1.,0.));
#6547=DIRECTION('center_axis',(0.,1.,0.));
#6548=DIRECTION('ref_axis',(0.932054213960205,0.,-0.36231884057971));
#6549=DIRECTION('center_axis',(-1.00065462282409E-16,-0.707106781186548,
-0.707106781186548));
#6550=DIRECTION('ref_axis',(-1.,0.,1.41513933884916E-16));
#6551=DIRECTION('',(1.,0.,-1.41513933884916E-16));
#6552=DIRECTION('center_axis',(-1.41513933884916E-16,0.,-1.));
#6553=DIRECTION('ref_axis',(-1.,0.,1.41513933884916E-16));
#6554=DIRECTION('',(-1.,0.,1.41513933884916E-16));
#6555=DIRECTION('center_axis',(-1.00065462282409E-16,0.707106781186546,
-0.707106781186549));
#6556=DIRECTION('ref_axis',(-1.,0.,1.41513933884916E-16));
#6557=DIRECTION('',(1.,0.,-1.41513933884916E-16));
#6558=DIRECTION('center_axis',(0.,-1.,0.));
#6559=DIRECTION('ref_axis',(-1.,0.,0.));
#6560=DIRECTION('center_axis',(-0.707106781186548,-3.56839195155403E-16,
-0.707106781186548));
#6561=DIRECTION('ref_axis',(-0.707106781186548,0.,0.707106781186548));
#6562=DIRECTION('',(-0.707106781186548,0.,0.707106781186548));
#6563=DIRECTION('',(-5.04646829375071E-16,1.,0.));
#6564=DIRECTION('',(0.707106781186528,0.,-0.707106781186567));
#6565=DIRECTION('',(5.04646829375071E-16,-1.,0.));
#6566=DIRECTION('center_axis',(0.,0.,1.));
#6567=DIRECTION('ref_axis',(-1.,1.20430972162729E-14,0.));
#6568=DIRECTION('',(0.499999999999996,-0.500000000000002,-0.707106781186548));
#6569=DIRECTION('center_axis',(0.,0.,1.));
#6570=DIRECTION('ref_axis',(-1.,1.20430972162729E-14,0.));
#6571=DIRECTION('center_axis',(0.,0.,-1.));
#6572=DIRECTION('ref_axis',(-1.,1.20430972162729E-14,0.));
#6573=DIRECTION('center_axis',(-0.499999999999993,0.499999999999995,-0.707106781186556));
#6574=DIRECTION('ref_axis',(-0.816496580927733,0.,0.577350269189616));
#6575=DIRECTION('',(0.499999999999997,-0.500000000000013,-0.707106781186541));
#6576=DIRECTION('',(-0.707106781186549,-0.707106781186546,0.));
#6577=DIRECTION('',(0.707106781186549,0.707106781186546,0.));
#6578=DIRECTION('center_axis',(0.,0.,1.));
#6579=DIRECTION('ref_axis',(-0.707106781186548,0.707106781186547,0.));
#6580=DIRECTION('',(0.37343668692477,-0.600454028930329,-0.707106781186539));
#6581=DIRECTION('center_axis',(0.,0.,1.));
#6582=DIRECTION('ref_axis',(-0.707106781186548,0.707106781186547,0.));
#6583=DIRECTION('center_axis',(0.,0.,-1.));
#6584=DIRECTION('ref_axis',(-0.707106781186548,0.707106781186547,0.));
#6585=DIRECTION('',(-0.630232665842094,-0.714258824248988,-0.304370036120545));
#6586=DIRECTION('',(-0.352457740528254,0.607848727841297,0.711543017113818));
#6587=DIRECTION('center_axis',(0.,1.,0.));
#6588=DIRECTION('ref_axis',(0.707106781186547,-9.68934775724125E-17,0.707106781186548));
#6589=DIRECTION('',(0.70682873349707,0.707106781186548,0.019827796219652));
#6590=DIRECTION('center_axis',(2.69609473978798E-16,1.,-8.01043108276295E-18));
#6591=DIRECTION('ref_axis',(0.707106781186547,-1.84978457183697E-16,0.707106781186548));
#6592=DIRECTION('',(-0.707106781186548,-0.707106781186548,0.));
#6593=DIRECTION('center_axis',(-2.69609473978798E-16,-1.,8.01043108276295E-18));
#6594=DIRECTION('ref_axis',(0.707106781186547,0.,0.707106781186548));
#6595=DIRECTION('center_axis',(-0.707106781186548,0.707106781186548,-1.51748884466218E-16));
#6596=DIRECTION('ref_axis',(-2.14605330487113E-16,0.,1.));
#6597=DIRECTION('',(2.0659489940435E-16,-8.01043108276301E-18,-1.));
#6598=DIRECTION('',(-0.707106781186572,-0.707106781186523,0.));
#6599=DIRECTION('',(-2.0659489940435E-16,8.01043108276301E-18,1.));
#6600=DIRECTION('center_axis',(0.,-1.,0.));
#6601=DIRECTION('ref_axis',(-1.03659839828382E-33,-3.84481443840264E-18,
-1.));
#6602=DIRECTION('center_axis',(-2.69609473978798E-16,-1.,8.01043108276295E-18));
#6603=DIRECTION('ref_axis',(-2.15968811056713E-33,-8.01043108276295E-18,
-1.));
#6604=DIRECTION('',(0.,-0.707106781186548,-0.707106781186548));
#6605=DIRECTION('center_axis',(2.69609473978798E-16,1.,-8.01043108276295E-18));
#6606=DIRECTION('ref_axis',(0.,0.,-1.));
#6607=DIRECTION('center_axis',(-4.12585839632382E-15,0.707106781186555,
-0.70710678118654));
#6608=DIRECTION('ref_axis',(-1.,0.,5.83484490051212E-15));
#6609=DIRECTION('',(1.,-2.69609473978798E-16,-6.10445437449093E-15));
#6610=DIRECTION('',(0.,-0.707106781186555,-0.70710678118654));
#6611=DIRECTION('',(-1.,2.69609473978798E-16,6.10445437449093E-15));
#6612=DIRECTION('center_axis',(0.,-1.,0.));
#6613=DIRECTION('ref_axis',(1.,-1.29406069108366E-16,-6.84003403696669E-15));
#6614=DIRECTION('center_axis',(-2.69609473978798E-16,-1.,8.01043108276295E-18));
#6615=DIRECTION('ref_axis',(1.,-2.69609473978798E-16,-6.84003403696669E-15));
#6616=DIRECTION('',(0.707106781186571,-0.707106781186524,-3.92523114670948E-15));
#6617=DIRECTION('center_axis',(2.69609473978798E-16,1.,-8.01043108276295E-18));
#6618=DIRECTION('ref_axis',(1.,0.,-6.84003403696669E-15));
#6619=DIRECTION('center_axis',(0.707106781186563,0.707106781186532,-4.68037316861464E-15));
#6620=DIRECTION('ref_axis',(-6.61904721202182E-15,0.,-1.));
#6621=DIRECTION('',(6.61103678093906E-15,8.01043108276117E-18,1.));
#6622=DIRECTION('',(0.707106781186532,-0.707106781186563,-3.92523114670935E-15));
#6623=DIRECTION('',(-6.61103678093906E-15,-8.01043108276117E-18,-1.));
#6624=DIRECTION('',(-0.630579206385963,0.714203321997546,0.303781960164388));
#6625=DIRECTION('',(-0.352457740529942,-0.60784872784067,-0.711543017113517));
#6626=DIRECTION('center_axis',(0.,0.,1.));
#6627=DIRECTION('ref_axis',(3.01077430406823E-15,1.,-6.69659868187178E-34));
#6628=DIRECTION('',(0.373436686924767,0.60045402893033,0.70710678118654));
#6629=DIRECTION('center_axis',(0.,0.,-1.));
#6630=DIRECTION('ref_axis',(3.01077430406823E-15,1.,-1.30571521653372E-33));
#6631=DIRECTION('',(-0.499999999999997,-0.500000000000013,-0.707106781186541));
#6632=DIRECTION('center_axis',(0.,0.,1.));
#6633=DIRECTION('ref_axis',(3.01077430406823E-15,1.,0.));
#6634=DIRECTION('center_axis',(0.499999999999999,0.499999999999999,-0.707106781186549));
#6635=DIRECTION('ref_axis',(-0.816496580927727,0.,-0.577350269189624));
#6636=DIRECTION('',(-0.500000000000009,-0.500000000000009,-0.707106781186535));
#6637=DIRECTION('',(-0.707106781186548,0.707106781186547,0.));
#6638=DIRECTION('',(0.707106781186548,-0.707106781186547,0.));
#6639=DIRECTION('center_axis',(0.,0.,1.));
#6640=DIRECTION('ref_axis',(0.707106781186548,0.707106781186547,-6.69659868187177E-34));
#6641=DIRECTION('',(-0.707106781186548,-1.57009245868377E-14,-0.707106781186548));
#6642=DIRECTION('center_axis',(0.,0.,1.));
#6643=DIRECTION('ref_axis',(0.707106781186548,0.707106781186547,0.));
#6644=DIRECTION('center_axis',(0.,0.,-1.));
#6645=DIRECTION('ref_axis',(0.707106781186548,0.707106781186547,-1.30571521653372E-33));
#6646=DIRECTION('center_axis',(0.707106781186547,3.568391951554E-16,-0.707106781186548));
#6647=DIRECTION('ref_axis',(-0.707106781186548,0.,-0.707106781186547));
#6648=DIRECTION('',(-0.707106781186548,0.,-0.707106781186547));
#6649=DIRECTION('',(-5.04646829375067E-16,1.,0.));
#6650=DIRECTION('',(5.04646829375067E-16,-1.,0.));
#6651=DIRECTION('center_axis',(0.,1.,0.));
#6652=DIRECTION('ref_axis',(0.707106781186547,0.,0.707106781186548));
#6653=DIRECTION('',(0.,-1.,0.));
#6654=DIRECTION('center_axis',(2.69609473978799E-16,1.,0.));
#6655=DIRECTION('ref_axis',(0.707106781186547,0.,0.707106781186548));
#6656=DIRECTION('',(0.,1.,0.));
#6657=DIRECTION('center_axis',(-1.,0.,-2.0659489940435E-16));
#6658=DIRECTION('ref_axis',(2.0659489940435E-16,-2.67262454404032E-34,-1.));
#6659=DIRECTION('',(0.,-1.,0.));
#6660=DIRECTION('',(2.0659489940435E-16,-5.56999421551096E-32,-1.));
#6661=DIRECTION('center_axis',(0.,-1.,0.));
#6662=DIRECTION('ref_axis',(0.,0.,-1.));
#6663=DIRECTION('',(0.,-1.,0.));
#6664=DIRECTION('center_axis',(-2.69609473978799E-16,-1.,0.));
#6665=DIRECTION('ref_axis',(0.,0.,-1.));
#6666=DIRECTION('center_axis',(-6.10445437449093E-15,0.,-1.));
#6667=DIRECTION('ref_axis',(1.,-1.28159183294638E-48,-6.10445437449093E-15));
#6668=DIRECTION('',(0.,-1.,0.));
#6669=DIRECTION('',(1.,-2.69609473978799E-16,-6.10445437449093E-15));
#6670=DIRECTION('center_axis',(0.,-1.,0.));
#6671=DIRECTION('ref_axis',(1.,0.,-6.84003403696669E-15));
#6672=DIRECTION('',(0.,-1.,0.));
#6673=DIRECTION('center_axis',(-2.69609473978799E-16,-1.,0.));
#6674=DIRECTION('ref_axis',(1.,0.,-6.84003403696669E-15));
#6675=DIRECTION('center_axis',(1.,0.,-6.61103678093906E-15));
#6676=DIRECTION('ref_axis',(6.61103678093906E-15,0.,1.));
#6677=DIRECTION('',(0.,1.,0.));
#6678=DIRECTION('',(6.61103678093906E-15,-1.78239814896347E-30,1.));
#6679=DIRECTION('center_axis',(0.,-1.,0.));
#6680=DIRECTION('ref_axis',(-0.707106781186545,0.,0.70710678118655));
#6681=DIRECTION('',(0.,-1.,0.));
#6682=DIRECTION('center_axis',(2.69609473978799E-16,1.,0.));
#6683=DIRECTION('ref_axis',(-0.707106781186545,0.,0.70710678118655));
#6684=DIRECTION('center_axis',(0.,1.,0.));
#6685=DIRECTION('ref_axis',(0.,0.,1.));
#6686=DIRECTION('',(2.44374989704923E-18,1.94122075500269E-32,1.));
#6687=DIRECTION('',(0.707106781186548,0.,-0.707106781186548));
#6688=DIRECTION('',(-0.573576436351011,0.,-0.819152044289017));
#6689=DIRECTION('center_axis',(0.,-1.,0.));
#6690=DIRECTION('ref_axis',(-0.819152044289014,0.,0.573576436351014));
#6691=DIRECTION('',(1.,0.,0.));
#6692=DIRECTION('center_axis',(0.,1.,0.));
#6693=DIRECTION('ref_axis',(1.,1.99270154137469E-16,0.));
#6694=DIRECTION('',(0.,0.,-1.));
#6695=DIRECTION('center_axis',(0.,1.,0.));
#6696=DIRECTION('ref_axis',(0.,0.,-1.));
#6697=DIRECTION('',(-1.,0.,0.));
#6698=DIRECTION('center_axis',(1.,5.04646829375067E-16,-2.68112734752637E-18));
#6699=DIRECTION('ref_axis',(-2.68112734752637E-18,1.52774572542837E-31,
-1.));
#6700=DIRECTION('',(7.70371977754894E-34,7.70371977754894E-34,-1.));
#6701=DIRECTION('',(-5.04646829375067E-16,1.,0.));
#6702=DIRECTION('center_axis',(7.70371977754894E-34,7.70371977754894E-34,
-1.));
#6703=DIRECTION('ref_axis',(0.707106781186548,0.707106781186547,-1.30571521653372E-33));
#6704=DIRECTION('',(4.86921160324519E-18,4.86921160324522E-18,1.));
#6705=DIRECTION('center_axis',(0.,0.,1.));
#6706=DIRECTION('ref_axis',(0.707106781186548,0.707106781186547,-1.30571521653372E-33));
#6707=DIRECTION('center_axis',(0.707106781186547,0.707106781186548,-6.88610508737381E-18));
#6708=DIRECTION('ref_axis',(4.86921160324519E-18,4.86921160324522E-18,1.));
#6709=DIRECTION('',(4.35834915575915E-34,1.54074395550979E-33,-1.));
#6710=DIRECTION('',(-0.707106781186548,0.707106781186547,0.));
#6711=DIRECTION('center_axis',(-0.499999999999999,-0.499999999999999,-0.707106781186549));
#6712=DIRECTION('ref_axis',(-0.816496580927727,0.,0.577350269189624));
#6713=DIRECTION('',(0.500000000000001,0.500000000000001,-0.707106781186546));
#6714=DIRECTION('',(0.707106781186548,-0.707106781186548,0.));
#6715=DIRECTION('',(-0.500000000000005,-0.500000000000021,0.70710678118653));
#6716=DIRECTION('',(-0.707106781186548,0.707106781186548,0.));
#6717=DIRECTION('center_axis',(0.,0.,-1.));
#6718=DIRECTION('ref_axis',(1.,0.,0.));
#6719=DIRECTION('center_axis',(0.,0.,-1.));
#6720=DIRECTION('ref_axis',(1.,0.,0.));
#6721=DIRECTION('',(-0.707106781186548,0.,0.707106781186547));
#6722=DIRECTION('center_axis',(0.,0.,1.));
#6723=DIRECTION('ref_axis',(1.,0.,0.));
#6724=DIRECTION('center_axis',(-0.707106781186555,-1.40905277278694E-16,
-0.70710678118654));
#6725=DIRECTION('ref_axis',(-0.70710678118654,0.,0.707106781186555));
#6726=DIRECTION('',(1.99270154137469E-16,-1.,0.));
#6727=DIRECTION('',(-0.707106781186571,3.9252311467093E-15,0.707106781186524));
#6728=DIRECTION('',(-1.99270154137469E-16,1.,0.));
#6729=DIRECTION('center_axis',(0.,0.,-1.));
#6730=DIRECTION('ref_axis',(3.28692043842094E-30,-1.,0.));
#6731=DIRECTION('center_axis',(0.,0.,-1.));
#6732=DIRECTION('ref_axis',(3.28692043842094E-30,-1.,0.));
#6733=DIRECTION('',(0.,0.70710678118656,0.707106781186535));
#6734=DIRECTION('center_axis',(0.,0.,1.));
#6735=DIRECTION('ref_axis',(3.28692043842094E-30,-1.,0.));
#6736=DIRECTION('center_axis',(0.,0.707106781186545,-0.70710678118655));
#6737=DIRECTION('ref_axis',(-1.,0.,0.));
#6738=DIRECTION('',(-1.,0.,0.));
#6739=DIRECTION('',(-1.96261557335468E-15,0.707106781186561,0.707106781186534));
#6740=DIRECTION('',(1.,0.,0.));
#6741=DIRECTION('center_axis',(0.,0.,-1.));
#6742=DIRECTION('ref_axis',(-1.,-4.4408920985006E-15,0.));
#6743=DIRECTION('center_axis',(0.,0.,-1.));
#6744=DIRECTION('ref_axis',(-1.,-4.4408920985006E-15,0.));
#6745=DIRECTION('',(0.707106781186548,1.57009245868378E-14,0.707106781186547));
#6746=DIRECTION('center_axis',(0.,0.,1.));
#6747=DIRECTION('ref_axis',(-1.,-4.4408920985006E-15,0.));
#6748=DIRECTION('center_axis',(0.707106781186548,-1.00370975926337E-16,
-0.707106781186547));
#6749=DIRECTION('ref_axis',(-0.707106781186547,0.,-0.707106781186548));
#6750=DIRECTION('',(1.41945995423649E-16,1.,0.));
#6751=DIRECTION('',(0.707106781186547,0.,0.707106781186548));
#6752=DIRECTION('',(-1.41945995423649E-16,-1.,0.));
#6753=DIRECTION('center_axis',(0.,0.,-1.));
#6754=DIRECTION('ref_axis',(-0.707106781186552,0.707106781186543,0.));
#6755=DIRECTION('center_axis',(0.,0.,-1.));
#6756=DIRECTION('ref_axis',(-0.707106781186552,0.707106781186543,0.));
#6757=DIRECTION('',(0.499999999999997,-0.499999999999993,0.707106781186555));
#6758=DIRECTION('center_axis',(0.,0.,1.));
#6759=DIRECTION('ref_axis',(-0.707106781186552,0.707106781186543,0.));
#6760=DIRECTION('center_axis',(0.500000000000008,-0.500000000000009,-0.707106781186535));
#6761=DIRECTION('ref_axis',(-0.816496580927717,0.,-0.577350269189639));
#6762=DIRECTION('',(0.707106781186548,0.707106781186547,0.));
#6763=DIRECTION('',(0.499999999999987,-0.499999999999995,0.70710678118656));
#6764=DIRECTION('',(-0.707106781186548,-0.707106781186547,0.));
#6765=DIRECTION('',(-0.530885516212293,0.481529603701712,-0.697344828212614));
#6766=DIRECTION('',(0.75098620871377,-0.41811241259403,0.511078980937894));
#6767=DIRECTION('',(0.682667892161323,-0.68090010530448,0.265216129992814));
#6768=DIRECTION('',(-0.764334465860596,0.420410961480378,-0.488924787431299));
#6769=DIRECTION('center_axis',(0.,-1.,0.));
#6770=DIRECTION('ref_axis',(0.707106781186547,-9.98604552641911E-17,0.707106781186548));
#6771=DIRECTION('',(0.707106781186563,-0.707106781186532,0.));
#6772=DIRECTION('center_axis',(-2.69609473978799E-16,-1.,0.));
#6773=DIRECTION('ref_axis',(0.707106781186547,-1.90642687322547E-16,0.707106781186548));
#6774=DIRECTION('',(-0.706828733497085,0.707106781186532,-0.0198277962196525));
#6775=DIRECTION('center_axis',(-0.707106781186532,-0.707106781186563,-1.46084654327365E-16));
#6776=DIRECTION('ref_axis',(-2.0659489940435E-16,0.,1.));
#6777=DIRECTION('',(0.707106781186588,-0.707106781186507,0.));
#6778=DIRECTION('',(-2.0659489940435E-16,5.56999421551096E-32,1.));
#6779=DIRECTION('center_axis',(0.,1.,0.));
#6780=DIRECTION('ref_axis',(0.,0.,-1.));
#6781=DIRECTION('',(0.,-0.707106781186534,0.707106781186561));
#6782=DIRECTION('center_axis',(2.69609473978799E-16,1.,0.));
#6783=DIRECTION('ref_axis',(0.,0.,-1.));
#6784=DIRECTION('center_axis',(-4.50714377096901E-15,-0.70710678118654,
-0.707106781186555));
#6785=DIRECTION('ref_axis',(-1.,0.,6.37406384846972E-15));
#6786=DIRECTION('',(7.85046229341896E-15,-0.707106781186571,0.707106781186524));
#6787=DIRECTION('',(-1.,2.69609473978799E-16,6.10445437449093E-15));
#6788=DIRECTION('center_axis',(0.,1.,0.));
#6789=DIRECTION('ref_axis',(1.,-1.29406069108366E-16,-6.84003403696669E-15));
#6790=DIRECTION('',(-0.707106781186555,-0.70710678118654,3.92523114670939E-15));
#6791=DIRECTION('center_axis',(2.69609473978799E-16,1.,0.));
#6792=DIRECTION('ref_axis',(1.,-2.69609473978799E-16,-6.84003403696669E-15));
#6793=DIRECTION('center_axis',(0.707106781186548,-0.707106781186548,-4.67470893847569E-15));
#6794=DIRECTION('ref_axis',(-6.61103678093906E-15,0.,-1.));
#6795=DIRECTION('',(-0.707106781186548,-0.707106781186548,3.92523114670943E-15));
#6796=DIRECTION('',(-6.61103678093906E-15,1.78239814896347E-30,-1.));
#6797=DIRECTION('center_axis',(0.,-1.,0.));
#6798=DIRECTION('ref_axis',(-0.707106781186545,9.98604552641908E-17,0.70710678118655));
#6799=DIRECTION('',(-0.706828733497059,-0.707106781186551,0.019827796219923));
#6800=DIRECTION('center_axis',(-2.69609473978799E-16,-1.,0.));
#6801=DIRECTION('ref_axis',(-0.707106781186545,1.90642687322546E-16,0.70710678118655));
#6802=DIRECTION('',(0.682667892161321,0.680900105304478,-0.265216129992825));
#6803=DIRECTION('',(-0.764334465860586,-0.420410961480375,0.488924787431318));
#6804=DIRECTION('',(-0.530885516212309,-0.481529603701695,0.697344828212613));
#6805=DIRECTION('',(0.75098620871375,0.418112412594046,-0.511078980937912));
#6806=DIRECTION('center_axis',(0.,0.,-1.));
#6807=DIRECTION('ref_axis',(-1.,0.,0.));
#6808=DIRECTION('',(1.90311642530714E-16,1.,0.));
#6809=DIRECTION('',(-1.,2.27710143822679E-14,-1.3133456817683E-16));
#6810=DIRECTION('',(-5.04646829375067E-16,1.,0.));
#6811=DIRECTION('center_axis',(0.,0.,1.));
#6812=DIRECTION('ref_axis',(-1.05377100642388E-14,-1.,0.));
#6813=DIRECTION('',(1.,-7.46786787864449E-17,0.));
#6814=DIRECTION('center_axis',(0.,0.,1.));
#6815=DIRECTION('ref_axis',(-1.,0.,0.));
#6816=DIRECTION('',(5.04646829375071E-16,-1.,0.));
#6817=DIRECTION('',(1.,0.,0.));
#6818=DIRECTION('',(-1.42222386163418E-16,-1.,0.));
#6819=DIRECTION('',(-1.,0.,0.));
#6820=DIRECTION('center_axis',(0.,0.,1.));
#6821=DIRECTION('ref_axis',(0.,1.,0.));
#6822=DIRECTION('',(0.,0.,1.));
#6823=DIRECTION('center_axis',(0.,0.,1.));
#6824=DIRECTION('ref_axis',(4.95899617665907E-15,1.,0.));
#6825=DIRECTION('',(0.,0.,1.));
#6826=DIRECTION('center_axis',(-2.69609473978799E-16,-1.,0.));
#6827=DIRECTION('ref_axis',(0.,0.,1.));
#6828=DIRECTION('',(0.,0.,1.));
#6829=DIRECTION('',(-1.,1.42920255183654E-16,0.));
#6830=DIRECTION('center_axis',(-2.69609473978799E-16,-1.,0.));
#6831=DIRECTION('ref_axis',(-0.994310373622159,2.68075496803933E-16,0.106521739130384));
#6832=DIRECTION('',(-1.,2.69609473978799E-16,0.));
#6833=DIRECTION('center_axis',(-2.69609473978799E-16,-1.,0.));
#6834=DIRECTION('ref_axis',(0.99431037362216,-2.68075496803933E-16,0.106521739130377));
#6835=DIRECTION('center_axis',(-2.69609473978799E-16,-1.,0.));
#6836=DIRECTION('ref_axis',(0.707106781186545,-1.90642687322546E-16,-0.70710678118655));
#6837=DIRECTION('',(1.,-2.69609473978799E-16,0.));
#6838=DIRECTION('center_axis',(-2.69609473978799E-16,-1.,0.));
#6839=DIRECTION('ref_axis',(-0.707106781186548,1.90642687322547E-16,-0.707106781186547));
#6840=DIRECTION('center_axis',(0.,0.,1.));
#6841=DIRECTION('ref_axis',(0.707106781186545,0.70710678118655,0.));
#6842=DIRECTION('',(0.,0.,1.));
#6843=DIRECTION('center_axis',(0.,0.,1.));
#6844=DIRECTION('ref_axis',(0.707106781186548,0.707106781186547,0.));
#6845=DIRECTION('center_axis',(0.,-1.,0.));
#6846=DIRECTION('ref_axis',(-0.994310373622159,1.4042049832587E-16,0.106521739130384));
#6847=DIRECTION('center_axis',(2.69609473978799E-16,1.,0.));
#6848=DIRECTION('ref_axis',(-0.994310373622159,0.,0.106521739130384));
#6849=DIRECTION('',(3.92523114670953E-15,-0.707106781186533,0.707106781186562));
#6850=DIRECTION('center_axis',(-1.90642687322544E-16,-0.707106781186539,
-0.707106781186556));
#6851=DIRECTION('ref_axis',(-1.,0.,2.69609473978793E-16));
#6852=DIRECTION('',(0.,-0.707106781186556,0.707106781186539));
#6853=DIRECTION('',(1.,-2.69609473978799E-16,0.));
#6854=DIRECTION('center_axis',(0.,-1.,0.));
#6855=DIRECTION('ref_axis',(0.99431037362216,-1.4042049832587E-16,0.106521739130377));
#6856=DIRECTION('center_axis',(2.69609473978799E-16,1.,0.));
#6857=DIRECTION('ref_axis',(0.99431037362216,0.,0.106521739130377));
#6858=DIRECTION('center_axis',(0.,-1.,0.));
#6859=DIRECTION('ref_axis',(-0.707106781186548,1.00338256485551E-16,-0.707106781186547));
#6860=DIRECTION('',(0.,0.707106781186534,0.707106781186561));
#6861=DIRECTION('center_axis',(2.69609473978799E-16,1.,0.));
#6862=DIRECTION('ref_axis',(-0.707106781186548,0.,-0.707106781186547));
#6863=DIRECTION('center_axis',(-1.90642687322545E-16,-0.70710678118654,
0.707106781186555));
#6864=DIRECTION('ref_axis',(1.,0.,2.69609473978793E-16));
#6865=DIRECTION('',(0.,0.707106781186555,0.70710678118654));
#6866=DIRECTION('',(-1.,2.69609473978799E-16,0.));
#6867=DIRECTION('center_axis',(0.,-1.,0.));
#6868=DIRECTION('ref_axis',(0.707106781186545,-1.00338256485551E-16,-0.70710678118655));
#6869=DIRECTION('center_axis',(2.69609473978799E-16,1.,0.));
#6870=DIRECTION('ref_axis',(0.707106781186545,0.,-0.70710678118655));
#6871=DIRECTION('center_axis',(0.,-1.,0.));
#6872=DIRECTION('ref_axis',(0.99431037362216,0.,0.106521739130377));
#6873=DIRECTION('',(0.,1.,0.));
#6874=DIRECTION('center_axis',(-2.69609473978798E-16,-1.,8.01043108276295E-18));
#6875=DIRECTION('ref_axis',(0.99431037362216,0.,0.106521739130377));
#6876=DIRECTION('',(0.,1.,0.));
#6877=DIRECTION('center_axis',(0.,0.,-1.));
#6878=DIRECTION('ref_axis',(-1.,0.,0.));
#6879=DIRECTION('',(0.,-1.,0.));
#6880=DIRECTION('',(-1.,2.69609473978798E-16,0.));
#6881=DIRECTION('center_axis',(0.,1.,0.));
#6882=DIRECTION('ref_axis',(-0.994310373622159,0.,0.106521739130384));
#6883=DIRECTION('',(0.,-1.,0.));
#6884=DIRECTION('center_axis',(-2.69609473978798E-16,-1.,8.01043108276295E-18));
#6885=DIRECTION('ref_axis',(-0.994310373622159,0.,0.106521739130384));
#6886=DIRECTION('center_axis',(0.,1.,0.));
#6887=DIRECTION('ref_axis',(-0.994310373622159,1.40867457161646E-16,0.106521739130384));
#6888=DIRECTION('center_axis',(2.69609473978798E-16,1.,-8.01043108276295E-18));
#6889=DIRECTION('ref_axis',(-0.994310373622159,2.68928781854052E-16,0.106521739130384));
#6890=DIRECTION('',(-3.92523114670944E-15,-0.707106781186548,-0.707106781186547));
#6891=DIRECTION('center_axis',(1.90642687322546E-16,0.707106781186547,-0.707106781186548));
#6892=DIRECTION('ref_axis',(-1.,0.,-2.69609473978797E-16));
#6893=DIRECTION('',(1.,-2.69609473978798E-16,0.));
#6894=DIRECTION('',(0.,-0.707106781186548,-0.707106781186547));
#6895=DIRECTION('center_axis',(0.,1.,0.));
#6896=DIRECTION('ref_axis',(0.99431037362216,-1.39973539490092E-16,0.106521739130377));
#6897=DIRECTION('center_axis',(2.69609473978798E-16,1.,-8.01043108276295E-18));
#6898=DIRECTION('ref_axis',(0.99431037362216,-2.67222211753812E-16,0.106521739130377));
#6899=DIRECTION('center_axis',(0.,1.,0.));
#6900=DIRECTION('ref_axis',(0.707106781186545,-1.03319430242839E-16,-0.70710678118655));
#6901=DIRECTION('center_axis',(2.69609473978798E-16,1.,-8.01043108276295E-18));
#6902=DIRECTION('ref_axis',(0.707106781186545,-1.96306917461394E-16,-0.70710678118655));
#6903=DIRECTION('',(0.,-0.707106781186532,0.707106781186563));
#6904=DIRECTION('center_axis',(-2.69609473978798E-16,-1.,8.01043108276295E-18));
#6905=DIRECTION('ref_axis',(0.707106781186545,0.,-0.70710678118655));
#6906=DIRECTION('center_axis',(1.90642687322548E-16,0.707106781186555,0.70710678118654));
#6907=DIRECTION('ref_axis',(1.,0.,-2.69609473978804E-16));
#6908=DIRECTION('',(-1.,2.69609473978798E-16,0.));
#6909=DIRECTION('',(0.,-0.70710678118654,0.707106781186555));
#6910=DIRECTION('',(1.,-2.69609473978798E-16,0.));
#6911=DIRECTION('center_axis',(0.,1.,0.));
#6912=DIRECTION('ref_axis',(-0.707106781186548,9.73570827282615E-17,-0.707106781186547));
#6913=DIRECTION('center_axis',(-2.69609473978798E-16,-1.,8.01043108276295E-18));
#6914=DIRECTION('ref_axis',(-0.707106781186548,0.,-0.707106781186547));
#6915=DIRECTION('center_axis',(2.69609473978798E-16,1.,-8.01043108276295E-18));
#6916=DIRECTION('ref_axis',(-0.707106781186548,1.84978457183697E-16,-0.707106781186547));
#6917=DIRECTION('center_axis',(0.,0.,1.));
#6918=DIRECTION('ref_axis',(-1.,0.,0.));
#6919=DIRECTION('',(0.,-1.,0.));
#6920=DIRECTION('',(0.,1.,0.));
#6921=DIRECTION('center_axis',(0.,1.,0.));
#6922=DIRECTION('ref_axis',(-0.707106781186548,0.,-0.707106781186547));
#6923=DIRECTION('center_axis',(2.69609473978798E-16,1.,-8.01043108276295E-18));
#6924=DIRECTION('ref_axis',(1.48580591579719E-32,8.01043108276295E-18,1.));
#6925=DIRECTION('',(0.,0.,-1.));
#6926=DIRECTION('',(-1.,2.69609473978798E-16,0.));
#6927=DIRECTION('',(4.35834915575915E-34,1.54074395550979E-33,-1.));
#6928=DIRECTION('',(1.,-2.69609473978798E-16,0.));
#6929=DIRECTION('',(-6.61103678093906E-15,-8.01043108276117E-18,-1.));
#6930=DIRECTION('center_axis',(0.707106781186547,-0.707106781186548,0.));
#6931=DIRECTION('ref_axis',(0.,0.,1.));
#6932=DIRECTION('',(-0.707106781186548,-0.707106781186547,0.));
#6933=DIRECTION('',(0.,0.,1.));
#6934=DIRECTION('center_axis',(0.,0.,-1.));
#6935=DIRECTION('ref_axis',(-0.707106781186548,0.707106781186547,0.));
#6936=DIRECTION('',(-3.64733665472055E-18,3.64733665472055E-18,1.));
#6937=DIRECTION('center_axis',(0.,0.,1.));
#6938=DIRECTION('ref_axis',(-0.707106781186548,0.707106781186547,0.));
#6939=DIRECTION('center_axis',(-0.707106781186548,-0.707106781186548,0.));
#6940=DIRECTION('ref_axis',(0.,0.,1.));
#6941=DIRECTION('',(0.,0.,1.));
#6942=DIRECTION('',(-0.707106781186547,0.707106781186548,0.));
#6943=DIRECTION('center_axis',(0.,-1.,0.));
#6944=DIRECTION('ref_axis',(0.707106781186545,0.,-0.70710678118655));
#6945=DIRECTION('center_axis',(-1.,-5.04646829375071E-16,0.));
#6946=DIRECTION('ref_axis',(0.,0.,-1.));
#6947=DIRECTION('',(0.,0.,1.));
#6948=DIRECTION('',(5.04646829375071E-16,-1.,0.));
#6949=DIRECTION('',(0.,0.,1.));
#6950=DIRECTION('center_axis',(0.,0.,-1.));
#6951=DIRECTION('ref_axis',(-1.,1.20430972162729E-14,0.));
#6952=DIRECTION('center_axis',(0.,0.,1.));
#6953=DIRECTION('ref_axis',(-1.,1.20430972162729E-14,0.));
#6954=DIRECTION('',(0.,0.,-1.));
#6955=DIRECTION('center_axis',(-0.707106781186547,0.707106781186549,-5.15811296364632E-18));
#6956=DIRECTION('ref_axis',(-3.64733665472055E-18,3.64733665472055E-18,
1.));
#6957=DIRECTION('',(-0.707106781186549,-0.707106781186546,0.));
#6958=DIRECTION('center_axis',(1.,-1.41945995423649E-16,0.));
#6959=DIRECTION('ref_axis',(0.,0.,1.));
#6960=DIRECTION('',(0.,0.,1.));
#6961=DIRECTION('',(-1.42222386163418E-16,-1.,0.));
#6962=DIRECTION('',(0.,0.,1.));
#6963=DIRECTION('center_axis',(0.,0.,1.));
#6964=DIRECTION('ref_axis',(-0.707106781186552,0.707106781186543,0.));
#6965=DIRECTION('center_axis',(0.,0.,1.));
#6966=DIRECTION('ref_axis',(-0.707106781186543,0.707106781186552,0.));
#6967=DIRECTION('center_axis',(0.,0.,1.));
#6968=DIRECTION('ref_axis',(-1.,-4.4408920985006E-15,0.));
#6969=DIRECTION('center_axis',(0.,0.,1.));
#6970=DIRECTION('ref_axis',(-1.,4.38538094726931E-15,0.));
#6971=DIRECTION('center_axis',(-0.70710678118655,1.00370975926337E-16,0.707106781186545));
#6972=DIRECTION('ref_axis',(-0.707106781186545,-3.14018491736752E-15,-0.70710678118655));
#6973=DIRECTION('',(0.,0.,1.));
#6974=DIRECTION('center_axis',(0.,0.,1.));
#6975=DIRECTION('ref_axis',(3.28692043842094E-30,-1.,0.));
#6976=DIRECTION('',(0.,0.,1.));
#6977=DIRECTION('center_axis',(0.707106781186549,1.40905277278693E-16,0.707106781186547));
#6978=DIRECTION('ref_axis',(0.707106781186547,2.3242037312281E-30,-0.707106781186549));
#6979=DIRECTION('center_axis',(0.,0.,1.));
#6980=DIRECTION('ref_axis',(-6.85209650724769E-15,-1.,0.));
#6981=DIRECTION('',(0.,0.,1.));
#6982=DIRECTION('center_axis',(0.,0.,1.));
#6983=DIRECTION('ref_axis',(1.,0.,0.));
#6984=DIRECTION('',(0.,0.,1.));
#6985=DIRECTION('center_axis',(0.,0.,1.));
#6986=DIRECTION('ref_axis',(1.,-1.85037170770861E-15,0.));
#6987=DIRECTION('center_axis',(-1.,-1.99270154137469E-16,0.));
#6988=DIRECTION('ref_axis',(0.,0.,1.));
#6989=DIRECTION('',(1.90311642530714E-16,1.,0.));
#6990=DIRECTION('center_axis',(0.707106781186547,3.568391951554E-16,-0.707106781186548));
#6991=DIRECTION('ref_axis',(-0.707106781186548,0.,-0.707106781186547));
#6992=DIRECTION('',(5.04646829375067E-16,-1.,0.));
#6993=DIRECTION('',(-0.707106781186548,0.,-0.707106781186547));
#6994=DIRECTION('',(0.707106781186548,0.,0.707106781186547));
#6995=DIRECTION('center_axis',(1.,5.04646829375067E-16,-2.68112734752637E-18));
#6996=DIRECTION('ref_axis',(-2.68112734752637E-18,1.52774572542837E-31,
-1.));
#6997=DIRECTION('',(-5.04646829375067E-16,1.,0.));
#6998=DIRECTION('',(-2.68112734752637E-18,1.52774572542837E-31,-1.));
#6999=DIRECTION('',(-2.68112734752637E-18,0.,-1.));
#7000=DIRECTION('center_axis',(0.707106781186548,3.568391951554E-16,0.707106781186548));
#7001=DIRECTION('ref_axis',(0.707106781186548,0.,-0.707106781186548));
#7002=DIRECTION('',(5.04646829375067E-16,-1.,0.));
#7003=DIRECTION('',(-0.707106781186548,1.12850395467896E-14,0.707106781186548));
#7004=DIRECTION('',(-0.707106781186548,0.,0.707106781186548));
#7005=DIRECTION('',(-3.25035418194543E-16,1.,-1.79611411180523E-16));
#7006=DIRECTION('',(-0.707106781186583,0.,0.707106781186512));
#7007=DIRECTION('center_axis',(-7.93016446160825E-16,-1.58024509460015E-31,
-1.));
#7008=DIRECTION('ref_axis',(-1.,0.,7.93016446160825E-16));
#7009=DIRECTION('',(1.99270154137469E-16,-1.,0.));
#7010=DIRECTION('center_axis',(-7.93016446160825E-16,-1.58024509460015E-31,
-1.));
#7011=DIRECTION('ref_axis',(0.923879532511287,0.38268343236509,-7.32651663552825E-16));
#7012=DIRECTION('',(0.707106781186548,-0.707106781186548,-5.60747306672776E-16));
#7013=DIRECTION('center_axis',(-7.93016446160825E-16,-1.58024509460015E-31,
-1.));
#7014=DIRECTION('ref_axis',(0.38268343236509,0.923879532511287,-3.0347425553879E-16));
#7015=DIRECTION('',(1.,-2.69609473978799E-16,-7.93016446160825E-16));
#7016=DIRECTION('center_axis',(-7.93016446160825E-16,-1.58024509460015E-31,
-1.));
#7017=DIRECTION('ref_axis',(-0.382683432365088,0.923879532511287,3.03474255538789E-16));
#7018=DIRECTION('',(0.707106781186548,0.707106781186547,-5.60747306672777E-16));
#7019=DIRECTION('center_axis',(-7.93016446160825E-16,-1.58024509460015E-31,
-1.));
#7020=DIRECTION('ref_axis',(-0.923879532511287,0.382683432365089,7.32651663552825E-16));
#7021=DIRECTION('',(1.41945995423649E-16,1.,-2.70590018297638E-31));
#7022=DIRECTION('center_axis',(0.,0.,1.));
#7023=DIRECTION('ref_axis',(1.,0.,0.));
#7024=DIRECTION('',(-1.99270154137469E-16,1.,0.));
#7025=DIRECTION('center_axis',(0.,0.,-1.));
#7026=DIRECTION('ref_axis',(-1.05377100642388E-14,-1.,0.));
#7027=DIRECTION('center_axis',(0.,0.,-1.));
#7028=DIRECTION('ref_axis',(0.707106781186548,0.707106781186547,0.));
#7029=DIRECTION('',(0.707106781186548,-0.707106781186547,0.));
#7030=DIRECTION('center_axis',(0.,0.,-1.));
#7031=DIRECTION('ref_axis',(3.01077430406823E-15,1.,0.));
#7032=DIRECTION('',(1.,-2.69609473978798E-16,0.));
#7033=DIRECTION('center_axis',(0.,0.,-1.));
#7034=DIRECTION('ref_axis',(-0.707106781186548,0.707106781186547,0.));
#7035=DIRECTION('',(0.707106781186549,0.707106781186546,0.));
#7036=DIRECTION('center_axis',(0.,0.,-1.));
#7037=DIRECTION('ref_axis',(-1.,1.20430972162729E-14,0.));
#7038=DIRECTION('',(-5.04646829375071E-16,1.,0.));
#7039=DIRECTION('center_axis',(0.,0.,-1.));
#7040=DIRECTION('ref_axis',(-1.,0.,0.));
#7041=DIRECTION('',(-1.41945995423649E-16,-1.,0.));
#7042=DIRECTION('center_axis',(0.,0.,1.));
#7043=DIRECTION('ref_axis',(-0.923879532511287,0.382683432365089,0.));
#7044=DIRECTION('',(-0.707106781186548,-0.707106781186547,0.));
#7045=DIRECTION('center_axis',(0.,0.,1.));
#7046=DIRECTION('ref_axis',(-0.382683432365088,0.923879532511287,0.));
#7047=DIRECTION('',(-1.,2.69609473978799E-16,0.));
#7048=DIRECTION('center_axis',(0.,0.,1.));
#7049=DIRECTION('ref_axis',(0.38268343236509,0.923879532511287,0.));
#7050=DIRECTION('',(-0.707106781186548,0.707106781186548,0.));
#7051=DIRECTION('center_axis',(0.,0.,1.));
#7052=DIRECTION('ref_axis',(0.923879532511287,0.38268343236509,0.));
#7053=DIRECTION('center_axis',(-0.70710678118654,-1.40905277278691E-16,
0.707106781186555));
#7054=DIRECTION('ref_axis',(0.707106781186555,0.,0.70710678118654));
#7055=DIRECTION('',(1.99270154137469E-16,-1.,0.));
#7056=DIRECTION('',(-0.707106781186555,0.,-0.70710678118654));
#7057=DIRECTION('center_axis',(0.,0.,1.));
#7058=DIRECTION('ref_axis',(-1.05377100642388E-14,-1.,0.));
#7059=DIRECTION('',(1.57009245868378E-14,0.707106781186546,-0.70710678118655));
#7060=DIRECTION('center_axis',(0.,0.,-1.));
#7061=DIRECTION('ref_axis',(-1.05377100642388E-14,-1.,0.));
#7062=DIRECTION('center_axis',(-5.28058001799469E-17,-0.707106781186545,
-0.70710678118655));
#7063=DIRECTION('ref_axis',(-1.,0.,7.46786787864443E-17));
#7064=DIRECTION('',(3.92523114670943E-15,0.707106781186551,-0.707106781186545));
#7065=DIRECTION('',(-1.,7.46786787864449E-17,0.));
#7066=DIRECTION('center_axis',(0.,0.,1.));
#7067=DIRECTION('ref_axis',(-1.,0.,6.36730312685387E-35));
#7068=DIRECTION('',(0.707106781186548,-4.90653893338679E-16,-0.707106781186548));
#7069=DIRECTION('center_axis',(0.,0.,-1.));
#7070=DIRECTION('ref_axis',(-1.,0.,1.24150855919173E-34));
#7071=DIRECTION('center_axis',(1.41945995423649E-16,1.,0.));
#7072=DIRECTION('ref_axis',(-0.707106781186545,0.,-0.70710678118655));
#7073=DIRECTION('center_axis',(7.46786787864449E-17,1.,1.28148798644476E-17));
#7074=DIRECTION('ref_axis',(-0.707106781186545,0.,-0.70710678118655));
#7075=DIRECTION('',(1.41945995423649E-16,1.,0.));
#7076=DIRECTION('center_axis',(0.,-1.,0.));
#7077=DIRECTION('ref_axis',(-0.707106781186545,0.,-0.70710678118655));
#7078=DIRECTION('',(-1.41945995423649E-16,-1.,0.));
#7079=DIRECTION('',(0.692166013224747,-0.721738325251305,-9.61414083350934E-16));
#7080=DIRECTION('',(0.683369463741252,-0.71836244496726,0.130236606553821));
#7081=DIRECTION('',(0.606091526731331,-0.707106781186553,0.364215679542324));
#7082=DIRECTION('center_axis',(0.,1.,0.));
#7083=DIRECTION('ref_axis',(-0.707106781186545,0.,-0.70710678118655));
#7084=DIRECTION('',(9.81307786677358E-16,0.707106781186548,-0.707106781186547));
#7085=DIRECTION('center_axis',(0.,1.,0.));
#7086=DIRECTION('ref_axis',(-0.707106781186545,0.,-0.70710678118655));
#7087=DIRECTION('center_axis',(0.,0.,-1.));
#7088=DIRECTION('ref_axis',(-1.,0.,6.53550402699087E-35));
#7089=DIRECTION('',(0.707106781186547,3.92523114670944E-15,0.707106781186548));
#7090=DIRECTION('center_axis',(0.,0.,1.));
#7091=DIRECTION('ref_axis',(-1.,0.,1.24150855919173E-34));
#7092=DIRECTION('center_axis',(-1.24150855919173E-34,0.,1.));
#7093=DIRECTION('ref_axis',(-1.,0.,1.24150855919173E-34));
#7094=DIRECTION('',(2.51062328650799E-31,1.28148798644476E-17,-1.));
#7095=DIRECTION('',(6.20754279595864E-35,0.,-1.));
#7096=DIRECTION('',(-0.71152980271264,-0.702655918534607,-9.87523725464141E-16));
#7097=DIRECTION('',(-0.60609152673137,-0.707106781186548,-0.36421567954227));
#7098=DIRECTION('center_axis',(0.,-1.,0.));
#7099=DIRECTION('ref_axis',(-0.707106781186545,3.60892517021102E-17,-0.70710678118655));
#7100=DIRECTION('center_axis',(-7.46786787864449E-17,-1.,-1.28148798644476E-17));
#7101=DIRECTION('ref_axis',(-0.707106781186545,6.18672886321889E-17,-0.70710678118655));
#7102=DIRECTION('',(4.90653893338679E-16,-0.707106781186548,-0.707106781186548));
#7103=DIRECTION('center_axis',(0.,1.,0.));
#7104=DIRECTION('ref_axis',(0.,0.,1.));
#7105=DIRECTION('',(-1.,0.,0.));
#7106=DIRECTION('center_axis',(0.,1.,0.));
#7107=DIRECTION('ref_axis',(0.707106781186546,0.,-0.707106781186549));
#7108=DIRECTION('center_axis',(0.,0.707106781186548,0.707106781186547));
#7109=DIRECTION('ref_axis',(1.,0.,0.));
#7110=DIRECTION('',(1.,0.,0.));
#7111=DIRECTION('',(0.,0.707106781186547,-0.707106781186548));
#7112=DIRECTION('center_axis',(0.,0.,-1.));
#7113=DIRECTION('ref_axis',(-1.,0.,0.));
#7114=DIRECTION('',(-1.,7.46786787864449E-17,0.));
#7115=DIRECTION('',(1.99270154137469E-16,-1.,0.));
#7116=DIRECTION('center_axis',(-5.28058001799472E-17,-0.707106781186548,
0.707106781186547));
#7117=DIRECTION('ref_axis',(1.,0.,7.4678678786445E-17));
#7118=DIRECTION('',(1.,-7.46786787864449E-17,0.));
#7119=DIRECTION('',(0.,-0.707106781186557,-0.707106781186538));
#7120=DIRECTION('center_axis',(0.,-1.,0.));
#7121=DIRECTION('ref_axis',(0.707106781186546,-2.55175151744947E-17,-0.707106781186549));
#7122=DIRECTION('',(-0.606091526731294,0.707106781186559,0.364215679542375));
#7123=DIRECTION('center_axis',(7.46786787864449E-17,1.,1.28148798644476E-17));
#7124=DIRECTION('ref_axis',(0.707106781186546,0.,-0.707106781186549));
#7125=DIRECTION('center_axis',(-7.46786787864449E-17,-1.,-1.28148798644476E-17));
#7126=DIRECTION('ref_axis',(0.707106781186546,-4.37443117277052E-17,-0.707106781186549));
#7127=DIRECTION('',(-0.711529802712632,0.702655918534615,9.87523725464133E-16));
#7128=DIRECTION('center_axis',(0.,0.,-1.));
#7129=DIRECTION('ref_axis',(-1.05377100642388E-14,-1.,0.));
#7130=DIRECTION('center_axis',(0.,0.,1.));
#7131=DIRECTION('ref_axis',(-1.05377100642388E-14,-1.,0.));
#7132=DIRECTION('center_axis',(0.,0.,1.));
#7133=DIRECTION('ref_axis',(-1.05377100642388E-14,-1.,0.));
#7134=DIRECTION('',(2.51062328650799E-31,1.28148798644476E-17,-1.));
#7135=DIRECTION('center_axis',(-7.46786787864449E-17,-1.,-1.28148798644476E-17));
#7136=DIRECTION('ref_axis',(2.51062328650799E-31,1.28148798644476E-17,-1.));
#7137=DIRECTION('center_axis',(0.,1.,0.));
#7138=DIRECTION('ref_axis',(0.707106781186546,0.,-0.707106781186549));
#7139=DIRECTION('',(0.606091526731336,0.707106781186543,-0.364215679542334));
#7140=DIRECTION('center_axis',(0.,-1.,0.));
#7141=DIRECTION('ref_axis',(0.707106781186546,0.,-0.707106781186549));
#7142=DIRECTION('',(0.683369463741263,0.718362444967248,-0.130236606553824));
#7143=DIRECTION('',(0.692166013224764,0.721738325251289,9.61414083350945E-16));
#7144=DIRECTION('center_axis',(1.99270154137469E-16,-1.,0.));
#7145=DIRECTION('ref_axis',(0.707106781186546,0.,-0.707106781186549));
#7146=DIRECTION('',(-1.99270154137469E-16,1.,0.));
#7147=DIRECTION('center_axis',(-1.,-1.99270154137469E-16,0.));
#7148=DIRECTION('ref_axis',(0.,0.,1.));
#7149=DIRECTION('',(-1.99270154137469E-16,1.,0.));
#7150=DIRECTION('',(0.,0.,1.));
#7151=DIRECTION('center_axis',(-0.707106781186545,-1.40905277278692E-16,
-0.70710678118655));
#7152=DIRECTION('ref_axis',(-0.707106781186551,0.,0.707106781186545));
#7153=DIRECTION('',(0.707106781186551,0.,-0.707106781186545));
#7154=DIRECTION('center_axis',(-1.99270154137469E-16,1.,0.));
#7155=DIRECTION('ref_axis',(1.,1.99270154137469E-16,0.));
#7156=DIRECTION('',(1.90311642530714E-16,1.,0.));
#7157=DIRECTION('center_axis',(0.,-1.,0.));
#7158=DIRECTION('ref_axis',(1.,1.99270154137469E-16,0.));
#7159=DIRECTION('',(1.90311642530714E-16,1.,0.));
#7160=DIRECTION('center_axis',(0.,1.,0.));
#7161=DIRECTION('ref_axis',(-0.819152044289014,0.,0.573576436351014));
#7162=DIRECTION('',(-1.99270154137469E-16,1.,0.));
#7163=DIRECTION('center_axis',(0.,1.,0.));
#7164=DIRECTION('ref_axis',(-0.819152044289014,0.,0.573576436351014));
#7165=DIRECTION('',(1.90311642530714E-16,1.,0.));
#7166=DIRECTION('center_axis',(-1.99270154137469E-16,1.,0.));
#7167=DIRECTION('ref_axis',(0.,0.,-1.));
#7168=DIRECTION('',(1.90311642530714E-16,1.,0.));
#7169=DIRECTION('center_axis',(0.,-1.,0.));
#7170=DIRECTION('ref_axis',(0.,0.,-1.));
#7171=DIRECTION('center_axis',(1.,1.99270154137469E-16,0.));
#7172=DIRECTION('ref_axis',(0.,0.,-1.));
#7173=DIRECTION('',(0.,0.,1.));
#7174=DIRECTION('center_axis',(0.819152044289017,1.63232554127495E-16,-0.573576436351011));
#7175=DIRECTION('ref_axis',(-0.573576436351011,0.,-0.819152044289017));
#7176=DIRECTION('',(0.573576436351011,0.,0.819152044289017));
#7177=DIRECTION('center_axis',(0.,0.,1.));
#7178=DIRECTION('ref_axis',(1.,0.,0.));
#7179=DIRECTION('',(-1.,0.,0.));
#7180=DIRECTION('center_axis',(0.,0.,1.));
#7181=DIRECTION('ref_axis',(0.923879532511287,0.38268343236509,0.));
#7182=DIRECTION('',(-0.500000000000001,-0.500000000000001,-0.707106781186546));
#7183=DIRECTION('center_axis',(0.,0.,-1.));
#7184=DIRECTION('ref_axis',(0.923879532511287,0.38268343236509,0.));
#7185=DIRECTION('center_axis',(-0.499999999999999,-0.499999999999999,0.707106781186549));
#7186=DIRECTION('ref_axis',(0.816496580927727,0.,0.577350269189625));
#7187=DIRECTION('',(-0.500000000000001,-0.500000000000001,-0.707106781186546));
#7188=DIRECTION('',(0.707106781186548,-0.707106781186548,0.));
#7189=DIRECTION('center_axis',(0.,0.,1.));
#7190=DIRECTION('ref_axis',(0.38268343236509,0.923879532511287,0.));
#7191=DIRECTION('',(0.,0.707106781186551,0.707106781186544));
#7192=DIRECTION('center_axis',(0.,0.,-1.));
#7193=DIRECTION('ref_axis',(0.38268343236509,0.923879532511287,0.));
#7194=DIRECTION('center_axis',(0.,0.,-1.));
#7195=DIRECTION('ref_axis',(0.923879532511287,0.38268343236509,0.));
#7196=DIRECTION('',(0.,0.,-1.));
#7197=DIRECTION('center_axis',(7.93016446160825E-16,1.58024509460015E-31,
1.));
#7198=DIRECTION('ref_axis',(0.923879532511287,0.38268343236509,0.));
#7199=DIRECTION('center_axis',(-0.707106781186548,-0.707106781186548,0.));
#7200=DIRECTION('ref_axis',(0.,0.,1.));
#7201=DIRECTION('',(0.,0.,1.));
#7202=DIRECTION('',(-0.707106781186548,0.707106781186548,5.60747306672776E-16));
#7203=DIRECTION('center_axis',(0.,0.,-1.));
#7204=DIRECTION('ref_axis',(0.38268343236509,0.923879532511287,0.));
#7205=DIRECTION('',(0.,0.,-1.));
#7206=DIRECTION('center_axis',(7.93016446160825E-16,1.58024509460015E-31,
1.));
#7207=DIRECTION('ref_axis',(0.38268343236509,0.923879532511287,0.));
#7208=DIRECTION('center_axis',(0.,0.,-1.));
#7209=DIRECTION('ref_axis',(0.923879532511287,0.38268343236509,-4.27380137072481E-16));
#7210=DIRECTION('',(0.500000000000002,0.500000000000002,-0.707106781186544));
#7211=DIRECTION('center_axis',(-0.499999999999999,-0.499999999999998,-0.70710678118655));
#7212=DIRECTION('ref_axis',(-0.816496580927728,0.,0.577350269189624));
#7213=DIRECTION('',(0.500000000000002,0.500000000000002,-0.707106781186545));
#7214=DIRECTION('center_axis',(0.,0.,-1.));
#7215=DIRECTION('ref_axis',(0.38268343236509,0.923879532511287,-1.77026649064294E-16));
#7216=DIRECTION('',(0.,-0.707106781186551,0.707106781186544));
#7217=DIRECTION('center_axis',(0.,-1.,0.));
#7218=DIRECTION('ref_axis',(0.,0.,-1.));
#7219=DIRECTION('center_axis',(4.35834915575915E-34,1.54074395550979E-33,
-1.));
#7220=DIRECTION('ref_axis',(3.01077430406823E-15,1.,-1.30571521653372E-33));
#7221=DIRECTION('center_axis',(0.,0.,1.));
#7222=DIRECTION('ref_axis',(3.01077430406823E-15,1.,-1.30571521653372E-33));
#7223=DIRECTION('center_axis',(0.,0.,-1.));
#7224=DIRECTION('ref_axis',(3.01077430406822E-15,1.,-6.87349836823924E-34));
#7225=DIRECTION('',(0.,-0.707106781186548,0.707106781186548));
#7226=DIRECTION('',(-0.500000000000005,-0.500000000000005,0.707106781186541));
#7227=DIRECTION('center_axis',(0.499999999999999,0.5,0.707106781186549));
#7228=DIRECTION('ref_axis',(0.816496580927727,0.,-0.577350269189624));
#7229=DIRECTION('',(-0.499999999999995,-0.500000000000003,0.707106781186549));
#7230=DIRECTION('center_axis',(0.,0.,-1.));
#7231=DIRECTION('ref_axis',(0.707106781186548,0.707106781186547,-6.87349836823923E-34));
#7232=DIRECTION('center_axis',(-7.51389993995325E-16,-0.707106781186544,
-0.707106781186551));
#7233=DIRECTION('ref_axis',(-1.,0.,1.06262592013962E-15));
#7234=DIRECTION('',(-1.,2.69609473978799E-16,7.93016446160825E-16));
#7235=DIRECTION('',(-1.96261557335475E-15,0.707106781186551,-0.707106781186544));
#7236=DIRECTION('center_axis',(-2.69609473978799E-16,-1.,0.));
#7237=DIRECTION('ref_axis',(0.,0.,1.));
#7238=DIRECTION('',(1.,-2.69609473978799E-16,0.));
#7239=DIRECTION('',(0.,0.,1.));
#7240=DIRECTION('center_axis',(-1.90642687322546E-16,-0.707106781186544,
0.707106781186551));
#7241=DIRECTION('ref_axis',(1.,0.,2.69609473978796E-16));
#7242=DIRECTION('',(1.96261557335471E-15,-0.707106781186551,-0.707106781186544));
#7243=DIRECTION('center_axis',(1.90642687322545E-16,0.707106781186544,0.707106781186551));
#7244=DIRECTION('ref_axis',(1.,0.,-2.69609473978795E-16));
#7245=DIRECTION('',(0.,-0.707106781186551,0.707106781186544));
#7246=DIRECTION('center_axis',(0.,0.,-1.));
#7247=DIRECTION('ref_axis',(-0.707106781186548,0.707106781186547,0.));
#7248=DIRECTION('',(0.5,-0.500000000000001,0.707106781186547));
#7249=DIRECTION('center_axis',(-0.499999999999998,0.499999999999999,0.70710678118655));
#7250=DIRECTION('ref_axis',(0.816496580927728,0.,0.577350269189623));
#7251=DIRECTION('',(0.499999999999999,-0.500000000000002,0.707106781186547));
#7252=DIRECTION('center_axis',(0.,0.,-1.));
#7253=DIRECTION('ref_axis',(-1.,1.20430972162729E-14,0.));
#7254=DIRECTION('',(0.707106781186547,-7.85046229341887E-15,0.707106781186548));
#7255=DIRECTION('center_axis',(-0.707106781186548,-3.56839195155404E-16,
0.707106781186547));
#7256=DIRECTION('ref_axis',(0.707106781186547,0.,0.707106781186548));
#7257=DIRECTION('',(0.707106781186547,0.,0.707106781186548));
#7258=DIRECTION('',(1.24344536703439E-16,-1.,-3.80302292671633E-16));
#7259=DIRECTION('',(-0.707106781186547,0.,-0.707106781186548));
#7260=DIRECTION('',(5.04646829375071E-16,-1.,0.));
#7261=DIRECTION('center_axis',(-1.,-5.04646829375071E-16,0.));
#7262=DIRECTION('ref_axis',(0.,0.,-1.));
#7263=DIRECTION('',(0.,0.,1.));
#7264=DIRECTION('',(-5.04646829375071E-16,1.,0.));
#7265=DIRECTION('center_axis',(-0.819152044289017,1.16275352329922E-16,
-0.573576436351011));
#7266=DIRECTION('ref_axis',(0.573576436351011,-5.69934000587307E-15,-0.819152044289016));
#7267=DIRECTION('',(-0.573576436351011,0.,0.819152044289017));
#7268=DIRECTION('',(-1.42222386163418E-16,-1.,0.));
#7269=DIRECTION('',(0.573576436351011,0.,-0.819152044289017));
#7270=DIRECTION('center_axis',(0.,1.,0.));
#7271=DIRECTION('ref_axis',(0.,0.,1.));
#7272=DIRECTION('center_axis',(0.,1.,0.));
#7273=DIRECTION('ref_axis',(0.,0.,-1.));
#7274=DIRECTION('',(0.,0.,1.));
#7275=DIRECTION('center_axis',(0.,1.,0.));
#7276=DIRECTION('ref_axis',(-1.,1.41945995423648E-16,0.));
#7277=DIRECTION('',(1.,0.,0.));
#7278=DIRECTION('center_axis',(0.,-1.,0.));
#7279=DIRECTION('ref_axis',(0.819152044289014,-1.16275352329921E-16,0.573576436351014));
#7280=DIRECTION('center_axis',(0.,0.,-1.));
#7281=DIRECTION('ref_axis',(-0.382683432365088,0.923879532511287,0.));
#7282=DIRECTION('center_axis',(0.,0.,-1.));
#7283=DIRECTION('ref_axis',(-0.382683432365088,0.923879532511287,0.));
#7284=DIRECTION('',(0.,0.,-1.));
#7285=DIRECTION('center_axis',(7.93016446160825E-16,1.58024509460015E-31,
1.));
#7286=DIRECTION('ref_axis',(-0.382683432365088,0.923879532511287,0.));
#7287=DIRECTION('center_axis',(0.707106781186547,-0.707106781186548,0.));
#7288=DIRECTION('ref_axis',(0.,0.,1.));
#7289=DIRECTION('',(0.707106781186548,0.707106781186547,0.));
#7290=DIRECTION('',(0.,0.,1.));
#7291=DIRECTION('',(-0.707106781186548,-0.707106781186547,5.60747306672777E-16));
#7292=DIRECTION('center_axis',(0.,0.,-1.));
#7293=DIRECTION('ref_axis',(-0.923879532511287,0.382683432365089,0.));
#7294=DIRECTION('center_axis',(0.,0.,-1.));
#7295=DIRECTION('ref_axis',(-0.923879532511287,0.382683432365089,0.));
#7296=DIRECTION('',(0.,0.,-1.));
#7297=DIRECTION('center_axis',(7.93016446160825E-16,1.58024509460015E-31,
1.));
#7298=DIRECTION('ref_axis',(-0.923879532511287,0.382683432365089,0.));
#7299=DIRECTION('center_axis',(-6.93889390390786E-16,0.,-1.));
#7300=DIRECTION('ref_axis',(-0.923879532511287,0.382683432365089,4.27380137072482E-16));
#7301=DIRECTION('',(-0.500000000000014,0.50000000000001,-0.70710678118653));
#7302=DIRECTION('',(-0.707106781186581,0.,-0.707106781186515));
#7303=DIRECTION('center_axis',(0.499999999999987,-0.499999999999989,-0.707106781186565));
#7304=DIRECTION('ref_axis',(-0.81649658092774,0.,-0.577350269189607));
#7305=DIRECTION('',(-0.500000000000021,0.500000000000022,-0.707106781186518));
#7306=DIRECTION('center_axis',(-1.38777878078156E-15,0.,-1.));
#7307=DIRECTION('ref_axis',(-0.382683432365088,0.923879532511287,1.77026649064293E-16));
#7308=DIRECTION('center_axis',(0.,0.,1.));
#7309=DIRECTION('ref_axis',(-0.923879532511287,0.382683432365089,0.));
#7310=DIRECTION('',(0.707106781186548,0.,-0.707106781186547));
#7311=DIRECTION('',(0.500000000000005,-0.499999999999999,-0.707106781186544));
#7312=DIRECTION('center_axis',(0.499999999999998,-0.499999999999999,0.707106781186549));
#7313=DIRECTION('ref_axis',(0.816496580927728,0.,-0.577350269189623));
#7314=DIRECTION('',(0.500000000000001,-0.500000000000001,-0.707106781186546));
#7315=DIRECTION('center_axis',(0.,0.,1.));
#7316=DIRECTION('ref_axis',(-0.382683432365088,0.923879532511287,0.));
#7317=DIRECTION('center_axis',(-1.41945995423649E-16,-1.,0.));
#7318=DIRECTION('ref_axis',(0.819152044289014,-1.16275352329921E-16,0.573576436351014));
#7319=DIRECTION('',(-1.42222386163418E-16,-1.,0.));
#7320=DIRECTION('center_axis',(0.,1.,0.));
#7321=DIRECTION('ref_axis',(0.819152044289014,-1.16275352329921E-16,0.573576436351014));
#7322=DIRECTION('center_axis',(0.,0.,1.));
#7323=DIRECTION('ref_axis',(1.,0.,0.));
#7324=DIRECTION('',(-1.42222386163418E-16,-1.,0.));
#7325=DIRECTION('',(-1.,0.,0.));
#7326=DIRECTION('center_axis',(-1.41945995423649E-16,-1.,0.));
#7327=DIRECTION('ref_axis',(0.,0.,-1.));
#7328=DIRECTION('center_axis',(0.,-1.,0.));
#7329=DIRECTION('ref_axis',(0.,0.,-1.));
#7330=DIRECTION('',(-1.42222386163418E-16,-1.,0.));
#7331=DIRECTION('center_axis',(-1.41945995423649E-16,-1.,0.));
#7332=DIRECTION('ref_axis',(-1.,1.41945995423648E-16,0.));
#7333=DIRECTION('',(-1.42222386163418E-16,-1.,0.));
#7334=DIRECTION('center_axis',(0.,-1.,0.));
#7335=DIRECTION('ref_axis',(-1.,1.41945995423648E-16,0.));
#7336=DIRECTION('center_axis',(-1.,1.41945995423649E-16,0.));
#7337=DIRECTION('ref_axis',(0.,0.,-1.));
#7338=DIRECTION('',(0.,0.,-1.));
#7339=DIRECTION('center_axis',(0.,-1.,0.));
#7340=DIRECTION('ref_axis',(0.,0.,-1.));
#7341=DIRECTION('',(0.707106781186544,0.,-0.707106781186551));
#7342=DIRECTION('center_axis',(-0.707106781186551,-3.56839195155405E-16,
-0.707106781186544));
#7343=DIRECTION('ref_axis',(-0.707106781186544,0.,0.707106781186551));
#7344=DIRECTION('center_axis',(0.707106781186533,-1.00370975926335E-16,
-0.707106781186563));
#7345=DIRECTION('ref_axis',(-0.707106781186563,0.,-0.707106781186533));
#7346=DIRECTION('',(-1.41945995423649E-16,-1.,2.78904447747362E-31));
#7347=DIRECTION('center_axis',(1.,-1.41945995423649E-16,0.));
#7348=DIRECTION('ref_axis',(0.,0.,1.));
#7349=DIRECTION('',(1.41945995423649E-16,1.,0.));
#7350=DIRECTION('center_axis',(0.707106781186539,-1.00370975926336E-16,
0.707106781186556));
#7351=DIRECTION('ref_axis',(0.707106781186556,0.,-0.707106781186539));
#7352=DIRECTION('',(0.,0.,1.));
#7353=DIRECTION('',(1.,0.,0.));
#7354=DIRECTION('',(0.,0.,1.));
#7355=DIRECTION('',(1.,0.,0.));
#7356=CARTESIAN_POINT('',(0.,0.,0.));
#7357=CARTESIAN_POINT('',(0.,0.,0.));
#7358=CARTESIAN_POINT('Origin',(0.651235013697474,3.40796246101949,0.));
#7359=CARTESIAN_POINT('',(0.576235013697474,3.40796246101949,0.2));
#7360=CARTESIAN_POINT('Origin',(0.651235013697474,3.40796246101949,0.2));
#7361=CARTESIAN_POINT('',(0.576235013697474,3.40796246101949,0.));
#7362=CARTESIAN_POINT('',(0.576235013697474,3.40796246101949,0.));
#7363=CARTESIAN_POINT('Origin',(0.651235013697474,3.40796246101949,0.));
#7364=CARTESIAN_POINT('Origin',(1.77876498630253,3.40796246101949,0.));
#7365=CARTESIAN_POINT('',(1.70376498630253,3.40796246101949,0.2));
#7366=CARTESIAN_POINT('Origin',(1.77876498630253,3.40796246101949,0.2));
#7367=CARTESIAN_POINT('',(1.70376498630253,3.40796246101949,0.));
#7368=CARTESIAN_POINT('',(1.70376498630253,3.40796246101949,0.));
#7369=CARTESIAN_POINT('Origin',(1.77876498630253,3.40796246101949,0.));
#7370=CARTESIAN_POINT('Origin',(1.215,3.40796246101949,0.));
#7371=CARTESIAN_POINT('',(1.14,3.40796246101949,0.2));
#7372=CARTESIAN_POINT('Origin',(1.215,3.40796246101949,0.2));
#7373=CARTESIAN_POINT('',(1.14,3.40796246101949,0.));
#7374=CARTESIAN_POINT('',(1.14,3.40796246101949,0.));
#7375=CARTESIAN_POINT('Origin',(1.215,3.40796246101949,0.));
#7376=CARTESIAN_POINT('Origin',(0.1,0.,0.));
#7377=CARTESIAN_POINT('',(2.33,0.,0.));
#7378=CARTESIAN_POINT('',(0.1,0.,0.));
#7379=CARTESIAN_POINT('',(2.33,0.,0.));
#7380=CARTESIAN_POINT('',(2.33,0.,0.2));
#7381=CARTESIAN_POINT('',(2.33,0.,0.));
#7382=CARTESIAN_POINT('',(0.1,0.,0.2));
#7383=CARTESIAN_POINT('',(2.33,0.,0.2));
#7384=CARTESIAN_POINT('',(0.1,0.,0.));
#7385=CARTESIAN_POINT('Origin',(0.100000000000001,0.100000000000001,0.));
#7386=CARTESIAN_POINT('',(0.,0.1,0.));
#7387=CARTESIAN_POINT('Origin',(0.100000000000001,0.100000000000001,0.));
#7388=CARTESIAN_POINT('',(0.,0.1,0.2));
#7389=CARTESIAN_POINT('Origin',(0.100000000000001,0.100000000000001,0.2));
#7390=CARTESIAN_POINT('',(0.,0.1,0.));
#7391=CARTESIAN_POINT('Origin',(4.44089209850063E-16,3.22857864376269,0.));
#7392=CARTESIAN_POINT('',(4.44089209850063E-16,3.22857864376269,0.));
#7393=CARTESIAN_POINT('',(0.,0.1,0.));
#7394=CARTESIAN_POINT('',(4.44089209850063E-16,3.22857864376269,0.2));
#7395=CARTESIAN_POINT('',(0.,0.1,0.2));
#7396=CARTESIAN_POINT('',(4.44089209850063E-16,3.22857864376269,0.));
#7397=CARTESIAN_POINT('Origin',(0.100000000000002,3.22857864376269,0.));
#7398=CARTESIAN_POINT('',(0.0292893218813455,3.29928932188135,0.));
#7399=CARTESIAN_POINT('Origin',(0.100000000000002,3.22857864376269,0.));
#7400=CARTESIAN_POINT('',(0.0292893218813455,3.29928932188135,0.2));
#7401=CARTESIAN_POINT('Origin',(0.100000000000002,3.22857864376269,0.2));
#7402=CARTESIAN_POINT('',(0.0292893218813455,3.29928932188135,0.));
#7403=CARTESIAN_POINT('Origin',(0.320710678118655,3.59071067811866,0.));
#7404=CARTESIAN_POINT('',(0.320710678118655,3.59071067811866,0.));
#7405=CARTESIAN_POINT('',(0.0292893218813455,3.29928932188135,0.));
#7406=CARTESIAN_POINT('',(0.320710678118655,3.59071067811866,0.2));
#7407=CARTESIAN_POINT('',(0.0292893218813455,3.29928932188135,0.2));
#7408=CARTESIAN_POINT('',(0.320710678118655,3.59071067811866,0.));
#7409=CARTESIAN_POINT('Origin',(0.39142135623731,3.52,0.));
#7410=CARTESIAN_POINT('',(0.39142135623731,3.62,0.));
#7411=CARTESIAN_POINT('Origin',(0.39142135623731,3.52,0.));
#7412=CARTESIAN_POINT('',(0.39142135623731,3.62,0.2));
#7413=CARTESIAN_POINT('Origin',(0.39142135623731,3.52,0.2));
#7414=CARTESIAN_POINT('',(0.39142135623731,3.62,0.));
#7415=CARTESIAN_POINT('Origin',(2.03857864376269,3.62,0.));
#7416=CARTESIAN_POINT('',(2.03857864376269,3.62,0.));
#7417=CARTESIAN_POINT('',(0.39142135623731,3.62,0.));
#7418=CARTESIAN_POINT('',(2.03857864376269,3.62,0.2));
#7419=CARTESIAN_POINT('',(0.39142135623731,3.62,0.2));
#7420=CARTESIAN_POINT('',(2.03857864376269,3.62,0.));
#7421=CARTESIAN_POINT('Origin',(2.03857864376269,3.52,0.));
#7422=CARTESIAN_POINT('',(2.10928932188135,3.59071067811866,0.));
#7423=CARTESIAN_POINT('Origin',(2.03857864376269,3.52,0.));
#7424=CARTESIAN_POINT('',(2.10928932188135,3.59071067811866,0.2));
#7425=CARTESIAN_POINT('Origin',(2.03857864376269,3.52,0.2));
#7426=CARTESIAN_POINT('',(2.10928932188135,3.59071067811866,0.));
#7427=CARTESIAN_POINT('Origin',(2.40071067811865,3.29928932188135,0.));
#7428=CARTESIAN_POINT('',(2.40071067811865,3.29928932188135,0.));
#7429=CARTESIAN_POINT('',(2.10928932188135,3.59071067811866,0.));
#7430=CARTESIAN_POINT('',(2.40071067811865,3.29928932188135,0.2));
#7431=CARTESIAN_POINT('',(2.10928932188135,3.59071067811866,0.2));
#7432=CARTESIAN_POINT('',(2.40071067811865,3.29928932188135,0.));
#7433=CARTESIAN_POINT('Origin',(2.33,3.22857864376269,0.));
#7434=CARTESIAN_POINT('',(2.43,3.22857864376269,0.));
#7435=CARTESIAN_POINT('Origin',(2.33,3.22857864376269,0.));
#7436=CARTESIAN_POINT('',(2.43,3.22857864376269,0.2));
#7437=CARTESIAN_POINT('Origin',(2.33,3.22857864376269,0.2));
#7438=CARTESIAN_POINT('',(2.43,3.22857864376269,0.));
#7439=CARTESIAN_POINT('Origin',(2.43,0.100000000000001,0.));
#7440=CARTESIAN_POINT('',(2.43,0.100000000000001,0.));
#7441=CARTESIAN_POINT('',(2.43,3.22857864376269,0.));
#7442=CARTESIAN_POINT('',(2.43,0.100000000000001,0.2));
#7443=CARTESIAN_POINT('',(2.43,3.22857864376269,0.2));
#7444=CARTESIAN_POINT('',(2.43,0.100000000000001,0.));
#7445=CARTESIAN_POINT('Origin',(2.33,0.1,0.));
#7446=CARTESIAN_POINT('Origin',(2.33,0.1,0.));
#7447=CARTESIAN_POINT('Origin',(2.33,0.1,0.2));
#7448=CARTESIAN_POINT('Origin',(1.215,1.81,0.2));
#7449=CARTESIAN_POINT('Origin',(1.215,1.81,0.));
#7450=CARTESIAN_POINT('Origin',(1.215,3.40796246101948,-0.0999999999999998));
#7451=CARTESIAN_POINT('',(1.365,3.40796246101948,-0.000548667764615818));
#7452=CARTESIAN_POINT('Origin',(1.215,3.40796246101948,-0.000548667764615873));
#7453=CARTESIAN_POINT('',(1.365,3.40796246101948,-0.0999999999999998));
#7454=CARTESIAN_POINT('',(1.365,3.40796246101948,-0.0999999999999998));
#7455=CARTESIAN_POINT('',(1.215,3.55796246101948,-0.1));
#7456=CARTESIAN_POINT('Origin',(1.215,3.40796246101948,-0.0999999999999998));
#7457=CARTESIAN_POINT('Origin',(1.215,3.40796246101948,-0.0999999999999998));
#7458=CARTESIAN_POINT('Origin',(1.215,3.60796246101949,-0.1));
#7459=CARTESIAN_POINT('',(1.215,3.60796246101949,-0.150000000000011));
#7460=CARTESIAN_POINT('Origin',(1.215,3.60796246101949,-0.1));
#7461=CARTESIAN_POINT('',(1.365,3.60796246101949,-0.300000000000011));
#7462=CARTESIAN_POINT('Origin',(1.215,3.60796246101949,-0.300000000000011));
#7463=CARTESIAN_POINT('Origin',(1.215,3.60796246101949,-0.300000000000011));
#7464=CARTESIAN_POINT('Origin',(1.215,4.10796246101949,-0.300000000000011));
#7465=CARTESIAN_POINT('',(1.365,4.10796246101949,-0.300000000000011));
#7466=CARTESIAN_POINT('',(1.365,4.10796246101949,-0.300000000000011));
#7467=CARTESIAN_POINT('Origin',(1.215,4.10796246101949,-0.300000000000011));
#7468=CARTESIAN_POINT('Origin',(1.215,3.40796246101948,-0.000548667764616428));
#7469=CARTESIAN_POINT('',(1.14,3.40796246101949,-0.000548667764616623));
#7470=CARTESIAN_POINT('Origin',(1.215,3.40796246101949,-0.000548667764616428));
#7471=CARTESIAN_POINT('Origin',(1.215,3.40796246101949,0.2));
#7472=CARTESIAN_POINT('',(1.14,3.40796246101949,0.2));
#7473=CARTESIAN_POINT('',(1.14,3.40796246101949,0.2));
#7474=CARTESIAN_POINT('Origin',(1.215,3.40796246101949,0.2));
#7475=CARTESIAN_POINT('Origin',(1.215,4.10796246101949,-0.3));
#7476=CARTESIAN_POINT('Origin',(1.215,3.40796246101949,0.2));
#7477=CARTESIAN_POINT('Origin',(0.651199999999999,3.40796246101948,-0.0999999999999998));
#7478=CARTESIAN_POINT('',(0.801199999999999,3.40796246101948,-0.000548667764615818));
#7479=CARTESIAN_POINT('Origin',(0.651199999999999,3.40796246101948,-0.000548667764615873));
#7480=CARTESIAN_POINT('',(0.801199999999999,3.40796246101948,-0.0999999999999998));
#7481=CARTESIAN_POINT('',(0.801199999999999,3.40796246101948,-0.0999999999999998));
#7482=CARTESIAN_POINT('',(0.651199999999999,3.55796246101948,-0.1));
#7483=CARTESIAN_POINT('Origin',(0.651199999999999,3.40796246101948,-0.0999999999999998));
#7484=CARTESIAN_POINT('Origin',(0.651199999999999,3.40796246101948,-0.0999999999999998));
#7485=CARTESIAN_POINT('Origin',(0.651199999999999,3.60796246101949,-0.1));
#7486=CARTESIAN_POINT('',(0.651199999999999,3.60796246101949,-0.150000000000011));
#7487=CARTESIAN_POINT('Origin',(0.651199999999999,3.60796246101949,-0.1));
#7488=CARTESIAN_POINT('',(0.801199999999999,3.60796246101949,-0.300000000000011));
#7489=CARTESIAN_POINT('Origin',(0.651199999999999,3.60796246101949,-0.300000000000011));
#7490=CARTESIAN_POINT('Origin',(0.651199999999999,3.60796246101949,-0.300000000000011));
#7491=CARTESIAN_POINT('Origin',(0.651199999999999,4.10796246101949,-0.300000000000011));
#7492=CARTESIAN_POINT('',(0.801199999999999,4.10796246101949,-0.300000000000011));
#7493=CARTESIAN_POINT('',(0.801199999999999,4.10796246101949,-0.300000000000011));
#7494=CARTESIAN_POINT('Origin',(0.651199999999999,4.10796246101949,-0.300000000000011));
#7495=CARTESIAN_POINT('Origin',(0.651199999999999,3.40796246101948,-0.000548667764616428));
#7496=CARTESIAN_POINT('',(0.5762,3.40796246101949,-0.000548667764616623));
#7497=CARTESIAN_POINT('Origin',(0.6512,3.40796246101949,-0.000548667764616428));
#7498=CARTESIAN_POINT('Origin',(0.6512,3.40796246101949,0.2));
#7499=CARTESIAN_POINT('',(0.5762,3.40796246101949,0.2));
#7500=CARTESIAN_POINT('',(0.5762,3.40796246101949,0.2));
#7501=CARTESIAN_POINT('Origin',(0.6512,3.40796246101949,0.2));
#7502=CARTESIAN_POINT('Origin',(0.6512,4.10796246101949,-0.3));
#7503=CARTESIAN_POINT('Origin',(0.6512,3.40796246101949,0.2));
#7504=CARTESIAN_POINT('Origin',(1.7788,3.40796246101948,-0.0999999999999998));
#7505=CARTESIAN_POINT('',(1.6288,3.40796246101948,-0.000548667764615818));
#7506=CARTESIAN_POINT('Origin',(1.7788,3.40796246101948,-0.000548667764615873));
#7507=CARTESIAN_POINT('',(1.6288,3.40796246101948,-0.0999999999999998));
#7508=CARTESIAN_POINT('',(1.6288,3.40796246101948,-0.0999999999999998));
#7509=CARTESIAN_POINT('',(1.7788,3.55796246101948,-0.1));
#7510=CARTESIAN_POINT('Origin',(1.7788,3.40796246101948,-0.0999999999999998));
#7511=CARTESIAN_POINT('Origin',(1.7788,3.40796246101948,-0.0999999999999998));
#7512=CARTESIAN_POINT('Origin',(1.7788,3.60796246101949,-0.1));
#7513=CARTESIAN_POINT('',(1.7788,3.60796246101949,-0.150000000000011));
#7514=CARTESIAN_POINT('Origin',(1.7788,3.60796246101949,-0.1));
#7515=CARTESIAN_POINT('',(1.6288,3.60796246101949,-0.300000000000011));
#7516=CARTESIAN_POINT('Origin',(1.7788,3.60796246101949,-0.300000000000011));
#7517=CARTESIAN_POINT('Origin',(1.7788,3.60796246101949,-0.300000000000011));
#7518=CARTESIAN_POINT('Origin',(1.7788,4.10796246101949,-0.300000000000011));
#7519=CARTESIAN_POINT('',(1.6288,4.10796246101949,-0.300000000000011));
#7520=CARTESIAN_POINT('',(1.6288,4.10796246101949,-0.300000000000011));
#7521=CARTESIAN_POINT('Origin',(1.7788,4.10796246101949,-0.300000000000011));
#7522=CARTESIAN_POINT('Origin',(1.7788,3.40796246101948,-0.000548667764616428));
#7523=CARTESIAN_POINT('',(1.8538,3.40796246101949,-0.000548667764616623));
#7524=CARTESIAN_POINT('Origin',(1.7788,3.40796246101949,-0.000548667764616428));
#7525=CARTESIAN_POINT('Origin',(1.7788,3.40796246101949,0.2));
#7526=CARTESIAN_POINT('',(1.8538,3.40796246101949,0.2));
#7527=CARTESIAN_POINT('',(1.8538,3.40796246101949,0.2));
#7528=CARTESIAN_POINT('Origin',(1.7788,3.40796246101949,0.2));
#7529=CARTESIAN_POINT('Origin',(1.7788,4.10796246101949,-0.3));
#7530=CARTESIAN_POINT('Origin',(1.7788,3.40796246101949,0.2));
#7531=CARTESIAN_POINT('Origin',(1.215,2.4,-0.745));
#7532=CARTESIAN_POINT('',(1.215,2.5,-1.295));
#7533=CARTESIAN_POINT('Origin',(1.215,2.5,-0.745));
#7534=CARTESIAN_POINT('',(1.215,2.4,-1.395));
#7535=CARTESIAN_POINT('Origin',(1.215,2.4,-1.295));
#7536=CARTESIAN_POINT('',(1.865,2.4,-0.745));
#7537=CARTESIAN_POINT('Origin',(1.215,2.4,-0.745));
#7538=CARTESIAN_POINT('Origin',(1.215,2.4,-0.745));
#7539=CARTESIAN_POINT('Origin',(1.215,0.5,-0.745));
#7540=CARTESIAN_POINT('',(1.865,0.5,-0.745));
#7541=CARTESIAN_POINT('',(1.865,0.5,-0.745));
#7542=CARTESIAN_POINT('Origin',(1.215,0.5,-0.745));
#7543=CARTESIAN_POINT('Origin',(1.215,2.5,-0.745));
#7544=CARTESIAN_POINT('Origin',(1.215,0.5,-0.745));
#7545=CARTESIAN_POINT('Origin',(2.115,0.3,-0.645));
#7546=CARTESIAN_POINT('',(2.115,0.25,0.00499999999999945));
#7547=CARTESIAN_POINT('Origin',(2.115,0.3,0.00499999999999978));
#7548=CARTESIAN_POINT('',(2.115,0.25,-0.645));
#7549=CARTESIAN_POINT('',(2.115,0.25,-0.645));
#7550=CARTESIAN_POINT('',(2.065,0.3,-0.645));
#7551=CARTESIAN_POINT('Origin',(2.115,0.3,-0.645));
#7552=CARTESIAN_POINT('Origin',(2.115,0.3,-0.645));
#7553=CARTESIAN_POINT('Origin',(2.015,0.3,-0.645));
#7554=CARTESIAN_POINT('',(2.015,0.3,-0.695));
#7555=CARTESIAN_POINT('Origin',(2.015,0.3,-0.645));
#7556=CARTESIAN_POINT('',(2.015,0.25,-0.745));
#7557=CARTESIAN_POINT('Origin',(2.015,0.3,-0.745));
#7558=CARTESIAN_POINT('Origin',(2.015,0.3,-0.745));
#7559=CARTESIAN_POINT('Origin',(1.615,0.3,-0.745));
#7560=CARTESIAN_POINT('',(1.615,0.25,-0.745));
#7561=CARTESIAN_POINT('',(1.615,0.25,-0.745));
#7562=CARTESIAN_POINT('',(1.615,0.35,-0.745));
#7563=CARTESIAN_POINT('Origin',(1.615,0.3,-0.745));
#7564=CARTESIAN_POINT('Origin',(1.615,0.3,-0.745));
#7565=CARTESIAN_POINT('Origin',(1.615,0.4,-0.745));
#7566=CARTESIAN_POINT('',(1.565,0.4,-0.745));
#7567=CARTESIAN_POINT('Origin',(1.615,0.4,-0.745));
#7568=CARTESIAN_POINT('',(1.465,0.4,-0.745));
#7569=CARTESIAN_POINT('Origin',(1.515,0.4,-0.745));
#7570=CARTESIAN_POINT('Origin',(1.515,0.4,-0.745));
#7571=CARTESIAN_POINT('Origin',(1.515,0.5,-0.745));
#7572=CARTESIAN_POINT('',(1.465,0.5,-0.745));
#7573=CARTESIAN_POINT('',(1.465,0.5,-0.745));
#7574=CARTESIAN_POINT('Origin',(1.515,0.5,-0.745));
#7575=CARTESIAN_POINT('Origin',(2.115,0.3,0.00499999999999964));
#7576=CARTESIAN_POINT('Origin',(1.515,0.5,-0.745));
#7577=CARTESIAN_POINT('Origin',(0.314999999999999,0.3,-0.645));
#7578=CARTESIAN_POINT('',(0.315000000000002,0.25,0.00499999999999945));
#7579=CARTESIAN_POINT('Origin',(0.315000000000002,0.3,0.00499999999999978));
#7580=CARTESIAN_POINT('',(0.314999999999999,0.25,-0.645));
#7581=CARTESIAN_POINT('',(0.314999999999999,0.25,-0.645));
#7582=CARTESIAN_POINT('',(0.364999999999999,0.3,-0.645));
#7583=CARTESIAN_POINT('Origin',(0.314999999999999,0.3,-0.645));
#7584=CARTESIAN_POINT('Origin',(0.314999999999999,0.3,-0.645));
#7585=CARTESIAN_POINT('Origin',(0.414999999999999,0.3,-0.645));
#7586=CARTESIAN_POINT('',(0.414999999999999,0.3,-0.695));
#7587=CARTESIAN_POINT('Origin',(0.414999999999999,0.3,-0.645));
#7588=CARTESIAN_POINT('',(0.414999999999999,0.25,-0.745));
#7589=CARTESIAN_POINT('Origin',(0.414999999999999,0.3,-0.745));
#7590=CARTESIAN_POINT('Origin',(0.414999999999999,0.3,-0.745));
#7591=CARTESIAN_POINT('Origin',(0.814999999999999,0.3,-0.745));
#7592=CARTESIAN_POINT('',(0.814999999999999,0.25,-0.745));
#7593=CARTESIAN_POINT('',(0.814999999999999,0.25,-0.745));
#7594=CARTESIAN_POINT('',(0.814999999999999,0.35,-0.745));
#7595=CARTESIAN_POINT('Origin',(0.814999999999999,0.3,-0.745));
#7596=CARTESIAN_POINT('Origin',(0.814999999999999,0.3,-0.745));
#7597=CARTESIAN_POINT('Origin',(0.814999999999999,0.4,-0.745));
#7598=CARTESIAN_POINT('',(0.864999999999999,0.4,-0.745));
#7599=CARTESIAN_POINT('Origin',(0.814999999999999,0.4,-0.745));
#7600=CARTESIAN_POINT('',(0.964999999999999,0.4,-0.745));
#7601=CARTESIAN_POINT('Origin',(0.914999999999999,0.4,-0.745));
#7602=CARTESIAN_POINT('Origin',(0.914999999999999,0.4,-0.745));
#7603=CARTESIAN_POINT('Origin',(0.914999999999999,0.5,-0.745));
#7604=CARTESIAN_POINT('',(0.964999999999999,0.5,-0.745));
#7605=CARTESIAN_POINT('',(0.964999999999999,0.5,-0.745));
#7606=CARTESIAN_POINT('Origin',(0.914999999999999,0.5,-0.745));
#7607=CARTESIAN_POINT('Origin',(0.315000000000002,0.3,0.00499999999999964));
#7608=CARTESIAN_POINT('Origin',(0.914999999999999,0.5,-0.745));
#7609=CARTESIAN_POINT('Origin',(1.59788399114685,0.2,0.25));
#7610=CARTESIAN_POINT('',(1.54788399114685,0.2,0.25));
#7611=CARTESIAN_POINT('Origin',(1.59788399114685,0.2,0.25));
#7612=CARTESIAN_POINT('Origin',(1.59788399114685,0.,0.25));
#7613=CARTESIAN_POINT('',(1.54788399114685,-0.5,0.25));
#7614=CARTESIAN_POINT('Origin',(1.59788399114685,-0.5,0.25));
#7615=CARTESIAN_POINT('',(1.54788399114685,0.,0.25));
#7616=CARTESIAN_POINT('Origin',(1.59788399114685,-0.5,0.25));
#7617=CARTESIAN_POINT('Origin',(1.35168650064672,0.2,0.25));
#7618=CARTESIAN_POINT('',(1.30168650064672,0.2,0.25));
#7619=CARTESIAN_POINT('Origin',(1.35168650064672,0.2,0.25));
#7620=CARTESIAN_POINT('Origin',(1.35168650064672,0.,0.25));
#7621=CARTESIAN_POINT('',(1.30168650064672,-0.5,0.25));
#7622=CARTESIAN_POINT('Origin',(1.35168650064672,-0.5,0.25));
#7623=CARTESIAN_POINT('',(1.30168650064672,0.,0.25));
#7624=CARTESIAN_POINT('Origin',(1.35168650064672,-0.5,0.25));
#7625=CARTESIAN_POINT('Origin',(2.14870108850853,0.2,0.35));
#7626=CARTESIAN_POINT('',(1.99870108850853,0.2,0.35));
#7627=CARTESIAN_POINT('Origin',(2.14870108850853,0.2,0.35));
#7628=CARTESIAN_POINT('Origin',(2.14870108850853,0.,0.35));
#7629=CARTESIAN_POINT('',(1.99870108850853,-0.5,0.35));
#7630=CARTESIAN_POINT('Origin',(2.14870108850853,-0.5,0.35));
#7631=CARTESIAN_POINT('',(1.99870108850853,0.,0.35));
#7632=CARTESIAN_POINT('Origin',(2.14870108850853,-0.5,0.35));
#7633=CARTESIAN_POINT('Origin',(0.281298911491473,0.2,0.35));
#7634=CARTESIAN_POINT('',(0.131298911491473,0.2,0.35));
#7635=CARTESIAN_POINT('Origin',(0.281298911491473,0.2,0.35));
#7636=CARTESIAN_POINT('Origin',(0.281298911491473,0.,0.35));
#7637=CARTESIAN_POINT('',(0.131298911491473,-0.5,0.35));
#7638=CARTESIAN_POINT('Origin',(0.281298911491473,-0.5,0.35));
#7639=CARTESIAN_POINT('',(0.131298911491473,0.,0.35));
#7640=CARTESIAN_POINT('Origin',(0.281298911491473,-0.5,0.35));
#7641=CARTESIAN_POINT('',(0.,0.,0.));
#7642=CARTESIAN_POINT('Origin',(2.605,1.,0.0636956521739127));
#7643=CARTESIAN_POINT('',(2.605,1.76,-0.0863043478260874));
#7644=CARTESIAN_POINT('',(2.755,1.76,0.0636956521739127));
#7645=CARTESIAN_POINT('Origin',(2.605,1.76,0.0636956521739127));
#7646=CARTESIAN_POINT('',(2.605,1.04,-0.0863043478260874));
#7647=CARTESIAN_POINT('',(2.605,1.,-0.0863043478260874));
#7648=CARTESIAN_POINT('',(2.755,1.04,0.0636956521739127));
#7649=CARTESIAN_POINT('Origin',(2.605,1.04,0.0636956521739127));
#7650=CARTESIAN_POINT('',(2.755,1.,0.0636956521739127));
#7651=CARTESIAN_POINT('Origin',(2.755,1.,0.0636956521739127));
#7652=CARTESIAN_POINT('',(2.755,1.76,0.149999999999999));
#7653=CARTESIAN_POINT('',(2.755,1.76,-0.239402173913044));
#7654=CARTESIAN_POINT('',(2.755,1.04,0.149999999999999));
#7655=CARTESIAN_POINT('',(2.755,1.04,-0.239402173913044));
#7656=CARTESIAN_POINT('',(2.755,1.,0.149999999999999));
#7657=CARTESIAN_POINT('Origin',(2.28587775982,1.02,0.703833258295734));
#7658=CARTESIAN_POINT('',(2.955,1.04,0.513830408857797));
#7659=CARTESIAN_POINT('',(2.84028471272979,1.04,0.55));
#7660=CARTESIAN_POINT('',(2.29189187581009,1.04,0.722907597310699));
#7661=CARTESIAN_POINT('',(2.85622824876945,1.,0.503031857390614));
#7662=CARTESIAN_POINT('',(2.84028471272979,1.04,0.55));
#7663=CARTESIAN_POINT('',(2.915,1.,0.484501195407324));
#7664=CARTESIAN_POINT('',(2.27986364382992,1.,0.68475891928077));
#7665=CARTESIAN_POINT('',(2.955,1.04,0.513830408857797));
#7666=CARTESIAN_POINT('Origin',(2.935,1.02,-0.0143347955710978));
#7667=CARTESIAN_POINT('',(2.915,1.,0.0636956521739127));
#7668=CARTESIAN_POINT('',(2.915,1.,-0.0143347955710979));
#7669=CARTESIAN_POINT('',(2.955,1.04,0.0636956521739127));
#7670=CARTESIAN_POINT('',(2.955,1.04,0.0636956521739127));
#7671=CARTESIAN_POINT('',(2.955,1.04,-0.0143347955710977));
#7672=CARTESIAN_POINT('Origin',(2.605,1.02,0.0636956521739127));
#7673=CARTESIAN_POINT('',(2.605,1.,-0.246304347826087));
#7674=CARTESIAN_POINT('Origin',(2.605,1.,0.0636956521739127));
#7675=CARTESIAN_POINT('',(2.605,1.04,-0.286304347826087));
#7676=CARTESIAN_POINT('',(2.605,1.04,-0.286304347826087));
#7677=CARTESIAN_POINT('Origin',(2.605,1.04,0.0636956521739127));
#7678=CARTESIAN_POINT('Origin',(2.23996904756038,1.02,-0.342208556540191));
#7679=CARTESIAN_POINT('',(2.70149722274615,1.,0.28205305099427));
#7680=CARTESIAN_POINT('',(2.63311240665227,1.03763268713815,0.25));
#7681=CARTESIAN_POINT('Ctrl Pts',(2.70149722274615,1.,0.28205305099427));
#7682=CARTESIAN_POINT('Ctrl Pts',(2.66236228218575,1.02485006166563,0.269487324020902));
#7683=CARTESIAN_POINT('Ctrl Pts',(2.63311240665227,1.03763268713815,0.25));
#7684=CARTESIAN_POINT('',(2.25635208844615,1.,-0.353680085267212));
#7685=CARTESIAN_POINT('',(2.63022245126688,1.04,0.25));
#7686=CARTESIAN_POINT('',(2.2235860066746,1.04,-0.33073702781317));
#7687=CARTESIAN_POINT('',(2.53557109707089,1.11753385028436,0.250000000000002));
#7688=CARTESIAN_POINT('Origin',(2.605,1.02,0.0636956521739127));
#7689=CARTESIAN_POINT('',(2.795,1.,0.0636956521739127));
#7690=CARTESIAN_POINT('',(2.755,1.04,0.0636956521739127));
#7691=CARTESIAN_POINT('',(2.605,1.,-0.126304347826088));
#7692=CARTESIAN_POINT('',(2.605,1.04,-0.0863043478260874));
#7693=CARTESIAN_POINT('Origin',(2.605,1.,0.0636956521739127));
#7694=CARTESIAN_POINT('Origin',(2.775,1.02,-0.239402173913044));
#7695=CARTESIAN_POINT('',(2.795,1.,0.149999999999999));
#7696=CARTESIAN_POINT('',(2.755,1.04,0.149999999999999));
#7697=CARTESIAN_POINT('',(2.795,1.,-0.239402173913044));
#7698=CARTESIAN_POINT('Origin',(2.655,1.02,0.149999999999999));
#7699=CARTESIAN_POINT('',(2.655,1.04,0.25));
#7700=CARTESIAN_POINT('Ctrl Pts',(2.63311240665227,1.03763268713815,0.25));
#7701=CARTESIAN_POINT('Ctrl Pts',(2.64418422494315,1.04,0.25));
#7702=CARTESIAN_POINT('Ctrl Pts',(2.655,1.04,0.25));
#7703=CARTESIAN_POINT('Origin',(2.655,1.04,0.149999999999999));
#7704=CARTESIAN_POINT('Origin',(2.655,1.,0.149999999999999));
#7705=CARTESIAN_POINT('Origin',(2.655,1.,0.149999999999999));
#7706=CARTESIAN_POINT('',(2.655,1.76,0.25));
#7707=CARTESIAN_POINT('Origin',(2.655,1.76,0.149999999999999));
#7708=CARTESIAN_POINT('',(2.655,1.,0.25));
#7709=CARTESIAN_POINT('Origin',(2.655,1.,0.25));
#7710=CARTESIAN_POINT('',(2.63311240665227,1.76236731286185,0.25));
#7711=CARTESIAN_POINT('Ctrl Pts',(2.655,1.76,0.25));
#7712=CARTESIAN_POINT('Ctrl Pts',(2.64418422494315,1.76,0.25));
#7713=CARTESIAN_POINT('Ctrl Pts',(2.63311240665227,1.76236731286185,0.25));
#7714=CARTESIAN_POINT('',(2.63022245126688,1.76,0.25));
#7715=CARTESIAN_POINT('',(2.63022245126688,1.,0.25));
#7716=CARTESIAN_POINT('',(2.33948561364258,1.52184232510993,0.250000000000005));
#7717=CARTESIAN_POINT('Origin',(2.63022245126688,1.,0.25));
#7718=CARTESIAN_POINT('',(2.84028471272979,1.76,0.55));
#7719=CARTESIAN_POINT('',(2.2235860066746,1.76,-0.33073702781317));
#7720=CARTESIAN_POINT('',(2.84028471272979,1.,0.55));
#7721=CARTESIAN_POINT('Origin',(2.84028471272979,1.,0.55));
#7722=CARTESIAN_POINT('',(2.955,1.76,0.513830408857797));
#7723=CARTESIAN_POINT('',(2.29189187581009,1.76,0.722907597310699));
#7724=CARTESIAN_POINT('',(2.955,1.,0.513830408857797));
#7725=CARTESIAN_POINT('Origin',(2.955,1.,0.513830408857797));
#7726=CARTESIAN_POINT('',(2.955,1.76,0.0636956521739127));
#7727=CARTESIAN_POINT('',(2.955,1.76,-0.0143347955710977));
#7728=CARTESIAN_POINT('',(2.955,1.,0.0636956521739127));
#7729=CARTESIAN_POINT('Origin',(2.605,1.,0.0636956521739127));
#7730=CARTESIAN_POINT('',(2.605,1.76,-0.286304347826087));
#7731=CARTESIAN_POINT('Origin',(2.605,1.76,0.0636956521739127));
#7732=CARTESIAN_POINT('',(2.605,1.,-0.286304347826087));
#7733=CARTESIAN_POINT('Origin',(2.28587775982,1.78,0.703833258295734));
#7734=CARTESIAN_POINT('',(2.915,1.8,0.484501195407324));
#7735=CARTESIAN_POINT('',(2.915,1.8,0.484501195407324));
#7736=CARTESIAN_POINT('',(2.85622824876945,1.8,0.503031857390614));
#7737=CARTESIAN_POINT('',(2.27986364382992,1.8,0.68475891928077));
#7738=CARTESIAN_POINT('',(2.85622824876945,1.8,0.503031857390614));
#7739=CARTESIAN_POINT('Origin',(2.605,1.78,0.0636956521739127));
#7740=CARTESIAN_POINT('',(2.605,1.8,-0.246304347826087));
#7741=CARTESIAN_POINT('',(2.605,1.76,-0.286304347826087));
#7742=CARTESIAN_POINT('',(2.915,1.8,0.0636956521739125));
#7743=CARTESIAN_POINT('Origin',(2.605,1.8,0.0636956521739127));
#7744=CARTESIAN_POINT('',(2.955,1.76,0.0636956521739127));
#7745=CARTESIAN_POINT('Origin',(2.935,1.78,-0.0143347955710978));
#7746=CARTESIAN_POINT('',(2.915,1.8,-0.0143347955710979));
#7747=CARTESIAN_POINT('Origin',(2.23996904756038,1.78,-0.342208556540191));
#7748=CARTESIAN_POINT('',(2.70149722274615,1.8,0.28205305099427));
#7749=CARTESIAN_POINT('Ctrl Pts',(2.63311240665227,1.76236731286185,0.25));
#7750=CARTESIAN_POINT('Ctrl Pts',(2.66236228218576,1.77514993833437,0.269487324020903));
#7751=CARTESIAN_POINT('Ctrl Pts',(2.70149722274615,1.8,0.28205305099427));
#7752=CARTESIAN_POINT('',(2.25635208844615,1.8,-0.353680085267212));
#7753=CARTESIAN_POINT('Origin',(2.655,1.78,0.149999999999999));
#7754=CARTESIAN_POINT('',(2.795,1.8,0.149999999999999));
#7755=CARTESIAN_POINT('Origin',(2.655,1.8,0.149999999999999));
#7756=CARTESIAN_POINT('',(2.755,1.76,0.149999999999999));
#7757=CARTESIAN_POINT('Origin',(2.775,1.78,-0.239402173913044));
#7758=CARTESIAN_POINT('',(2.795,1.8,0.0636956521739127));
#7759=CARTESIAN_POINT('',(2.795,1.8,-0.239402173913044));
#7760=CARTESIAN_POINT('',(2.755,1.76,0.0636956521739127));
#7761=CARTESIAN_POINT('Origin',(2.605,1.78,0.0636956521739127));
#7762=CARTESIAN_POINT('',(2.605,1.8,-0.126304347826087));
#7763=CARTESIAN_POINT('Origin',(2.605,1.8,0.0636956521739127));
#7764=CARTESIAN_POINT('',(2.605,1.76,-0.0863043478260874));
#7765=CARTESIAN_POINT('Origin',(-0.224999999999999,1.78,0.149999999999999));
#7766=CARTESIAN_POINT('',(-0.203112406652272,1.76236731286185,0.25));
#7767=CARTESIAN_POINT('',(-0.225,1.76,0.25));
#7768=CARTESIAN_POINT('Ctrl Pts',(-0.203112406652272,1.76236731286185,0.25));
#7769=CARTESIAN_POINT('Ctrl Pts',(-0.214184224943151,1.76,0.25));
#7770=CARTESIAN_POINT('Ctrl Pts',(-0.225,1.76,0.25));
#7771=CARTESIAN_POINT('',(-0.325,1.76,0.149999999999999));
#7772=CARTESIAN_POINT('Origin',(-0.224999999999999,1.76,0.149999999999999));
#7773=CARTESIAN_POINT('',(-0.365,1.8,0.149999999999999));
#7774=CARTESIAN_POINT('',(-0.325,1.76,0.149999999999999));
#7775=CARTESIAN_POINT('',(-0.271497222746145,1.8,0.28205305099427));
#7776=CARTESIAN_POINT('Origin',(-0.224999999999999,1.8,0.149999999999999));
#7777=CARTESIAN_POINT('Ctrl Pts',(-0.271497222746145,1.8,0.28205305099427));
#7778=CARTESIAN_POINT('Ctrl Pts',(-0.232362282185755,1.77514993833437,0.269487324020902));
#7779=CARTESIAN_POINT('Ctrl Pts',(-0.203112406652272,1.76236731286185,0.25));
#7780=CARTESIAN_POINT('Origin',(-0.345,1.78,-0.196250000000001));
#7781=CARTESIAN_POINT('',(-0.325,1.76,0.0636956521739127));
#7782=CARTESIAN_POINT('',(-0.365,1.8,0.0636956521739127));
#7783=CARTESIAN_POINT('',(-0.325,1.76,0.0636956521739127));
#7784=CARTESIAN_POINT('',(-0.365,1.8,-0.196250000000001));
#7785=CARTESIAN_POINT('',(-0.325,1.76,-0.196250000000001));
#7786=CARTESIAN_POINT('Origin',(-0.175,1.78,0.0636956521739127));
#7787=CARTESIAN_POINT('',(-0.175,1.76,-0.0863043478260872));
#7788=CARTESIAN_POINT('',(-0.175,1.8,-0.126304347826087));
#7789=CARTESIAN_POINT('',(-0.175,1.76,-0.0863043478260872));
#7790=CARTESIAN_POINT('Origin',(-0.175,1.8,0.0636956521739127));
#7791=CARTESIAN_POINT('Origin',(-0.175,1.76,0.0636956521739127));
#7792=CARTESIAN_POINT('Origin',(0.0849998217081689,1.78,-0.192208556540191));
#7793=CARTESIAN_POINT('',(-0.42622824876945,1.8,0.503031857390615));
#7794=CARTESIAN_POINT('',(0.0686167808223891,1.8,-0.203680085267212));
#7795=CARTESIAN_POINT('',(-0.410284712729792,1.76,0.55));
#7796=CARTESIAN_POINT('',(-0.42622824876945,1.8,0.503031857390615));
#7797=CARTESIAN_POINT('',(-0.200222451266879,1.76,0.25));
#7798=CARTESIAN_POINT('',(0.101382862593949,1.76,-0.18073702781317));
#7799=CARTESIAN_POINT('',(0.066500891956857,1.54151302813868,0.250000000000005));
#7800=CARTESIAN_POINT('Origin',(0.0867645965448939,1.78,0.685748462724633));
#7801=CARTESIAN_POINT('',(-0.525,1.76,0.513830408857797));
#7802=CARTESIAN_POINT('',(0.0807504805548083,1.76,0.704822801739597));
#7803=CARTESIAN_POINT('',(-0.485,1.8,0.484501195407324));
#7804=CARTESIAN_POINT('',(0.0927787125349795,1.8,0.666674123709669));
#7805=CARTESIAN_POINT('',(-0.485,1.8,0.484501195407324));
#7806=CARTESIAN_POINT('Origin',(-0.175,1.78,0.0636956521739127));
#7807=CARTESIAN_POINT('',(-0.525,1.76,0.0636956521739127));
#7808=CARTESIAN_POINT('',(-0.485,1.8,0.0636956521739127));
#7809=CARTESIAN_POINT('',(-0.525,1.76,0.0636956521739127));
#7810=CARTESIAN_POINT('',(-0.175,1.8,-0.246304347826087));
#7811=CARTESIAN_POINT('Origin',(-0.175,1.8,0.0636956521739127));
#7812=CARTESIAN_POINT('',(-0.175,1.76,-0.286304347826087));
#7813=CARTESIAN_POINT('',(-0.175,1.76,-0.286304347826087));
#7814=CARTESIAN_POINT('Origin',(-0.175,1.76,0.0636956521739127));
#7815=CARTESIAN_POINT('Origin',(-0.504999999999998,1.78,-0.239402173913047));
#7816=CARTESIAN_POINT('',(-0.484999999999998,1.8,-0.239402173913046));
#7817=CARTESIAN_POINT('',(-0.524999999999998,1.76,-0.239402173913047));
#7818=CARTESIAN_POINT('Origin',(-0.175,1.,0.0636956521739127));
#7819=CARTESIAN_POINT('',(-0.175,1.04,-0.286304347826087));
#7820=CARTESIAN_POINT('',(-0.175,1.,-0.286304347826087));
#7821=CARTESIAN_POINT('',(-0.525,1.04,0.0636956521739127));
#7822=CARTESIAN_POINT('Origin',(-0.175,1.04,0.0636956521739127));
#7823=CARTESIAN_POINT('',(-0.525,1.,0.0636956521739127));
#7824=CARTESIAN_POINT('Origin',(-0.175,1.02,0.0636956521739127));
#7825=CARTESIAN_POINT('',(-0.175,1.04,-0.0863043478260872));
#7826=CARTESIAN_POINT('',(-0.175,1.,-0.126304347826087));
#7827=CARTESIAN_POINT('',(-0.175,1.04,-0.0863043478260872));
#7828=CARTESIAN_POINT('',(-0.325,1.04,0.0636956521739127));
#7829=CARTESIAN_POINT('Origin',(-0.175,1.04,0.0636956521739127));
#7830=CARTESIAN_POINT('',(-0.365,1.,0.0636956521739127));
#7831=CARTESIAN_POINT('',(-0.325,1.04,0.0636956521739127));
#7832=CARTESIAN_POINT('Origin',(-0.175,1.,0.0636956521739127));
#7833=CARTESIAN_POINT('Origin',(-0.345,1.02,-0.196250000000001));
#7834=CARTESIAN_POINT('',(-0.325,1.04,0.149999999999999));
#7835=CARTESIAN_POINT('',(-0.365,1.,0.149999999999999));
#7836=CARTESIAN_POINT('',(-0.325,1.04,0.149999999999999));
#7837=CARTESIAN_POINT('',(-0.365,1.,-0.196250000000001));
#7838=CARTESIAN_POINT('',(-0.325,1.04,-0.196250000000001));
#7839=CARTESIAN_POINT('Origin',(-0.224999999999999,1.02,0.149999999999999));
#7840=CARTESIAN_POINT('',(-0.203112406652272,1.03763268713815,0.25));
#7841=CARTESIAN_POINT('',(-0.271497222746145,1.,0.28205305099427));
#7842=CARTESIAN_POINT('Ctrl Pts',(-0.203112406652272,1.03763268713815,0.25));
#7843=CARTESIAN_POINT('Ctrl Pts',(-0.232362282185755,1.02485006166563,0.269487324020902));
#7844=CARTESIAN_POINT('Ctrl Pts',(-0.271497222746145,1.,0.28205305099427));
#7845=CARTESIAN_POINT('Origin',(-0.224999999999999,1.,0.149999999999999));
#7846=CARTESIAN_POINT('',(-0.225,1.04,0.25));
#7847=CARTESIAN_POINT('Origin',(-0.224999999999999,1.04,0.149999999999999));
#7848=CARTESIAN_POINT('Ctrl Pts',(-0.225,1.04,0.25));
#7849=CARTESIAN_POINT('Ctrl Pts',(-0.214184224943151,1.04,0.25));
#7850=CARTESIAN_POINT('Ctrl Pts',(-0.203112406652272,1.03763268713815,0.25));
#7851=CARTESIAN_POINT('Origin',(0.0849998217081689,1.02,-0.192208556540191));
#7852=CARTESIAN_POINT('',(-0.200222451266879,1.04,0.25));
#7853=CARTESIAN_POINT('',(-0.129584591471462,1.09786314725562,0.250000000000001));
#7854=CARTESIAN_POINT('',(-0.410284712729792,1.04,0.55));
#7855=CARTESIAN_POINT('',(0.101382862593949,1.04,-0.18073702781317));
#7856=CARTESIAN_POINT('',(-0.42622824876945,1.,0.503031857390614));
#7857=CARTESIAN_POINT('',(-0.410284712729792,1.04,0.55));
#7858=CARTESIAN_POINT('',(0.0686167808223891,1.,-0.203680085267212));
#7859=CARTESIAN_POINT('Origin',(0.0867645965448939,1.02,0.685748462724633));
#7860=CARTESIAN_POINT('',(-0.525,1.04,0.513830408857797));
#7861=CARTESIAN_POINT('',(0.0807504805548083,1.04,0.704822801739597));
#7862=CARTESIAN_POINT('',(-0.485,1.,0.484501195407324));
#7863=CARTESIAN_POINT('',(-0.525,1.04,0.513830408857797));
#7864=CARTESIAN_POINT('',(0.0927787125349795,1.,0.666674123709669));
#7865=CARTESIAN_POINT('Origin',(-0.504999999999998,1.02,-0.239402173913047));
#7866=CARTESIAN_POINT('',(-0.524999999999998,1.04,-0.239402173913047));
#7867=CARTESIAN_POINT('',(-0.484999999999999,1.,0.0636956521739128));
#7868=CARTESIAN_POINT('',(-0.525,1.04,0.0636956521739127));
#7869=CARTESIAN_POINT('',(-0.484999999999998,1.,-0.239402173913046));
#7870=CARTESIAN_POINT('Origin',(-0.175,1.02,0.0636956521739127));
#7871=CARTESIAN_POINT('',(-0.175,1.,-0.246304347826087));
#7872=CARTESIAN_POINT('',(-0.175,1.04,-0.286304347826087));
#7873=CARTESIAN_POINT('Origin',(-0.175,1.,0.0636956521739127));
#7874=CARTESIAN_POINT('Origin',(-0.524999999999999,1.,0.0636956521739127));
#7875=CARTESIAN_POINT('',(-0.525,1.,0.513830408857797));
#7876=CARTESIAN_POINT('Origin',(-0.525,1.,0.513830408857797));
#7877=CARTESIAN_POINT('',(-0.410284712729792,1.,0.55));
#7878=CARTESIAN_POINT('Origin',(-0.410284712729792,1.,0.55));
#7879=CARTESIAN_POINT('',(-0.200222451266879,1.,0.25));
#7880=CARTESIAN_POINT('Origin',(-0.200222451266879,1.,0.25));
#7881=CARTESIAN_POINT('',(-0.225,1.,0.25));
#7882=CARTESIAN_POINT('Origin',(-0.224999999999999,1.,0.149999999999999));
#7883=CARTESIAN_POINT('',(-0.325,1.,0.149999999999999));
#7884=CARTESIAN_POINT('Origin',(-0.175,1.,0.0636956521739127));
#7885=CARTESIAN_POINT('',(-0.325,1.,0.0636956521739127));
#7886=CARTESIAN_POINT('',(-0.175,1.,-0.0863043478260872));
#7887=CARTESIAN_POINT('Origin',(-0.325,1.,0.149999999999999));
#7888=CARTESIAN_POINT('Origin',(0.5575,1.78,-0.106304347826087));
#7889=CARTESIAN_POINT('',(0.292266328179397,1.76,-0.0863043478260873));
#7890=CARTESIAN_POINT('',(0.5575,1.76,-0.0863043478260873));
#7891=CARTESIAN_POINT('',(0.292266328179397,1.8,-0.126304347826087));
#7892=CARTESIAN_POINT('',(0.292266328179397,1.76,-0.0863043478260873));
#7893=CARTESIAN_POINT('',(0.4825,1.8,-0.126304347826087));
#7894=CARTESIAN_POINT('Origin',(-0.1,1.,-0.0863043478260874));
#7895=CARTESIAN_POINT('',(0.292266328179397,1.04,-0.0863043478260873));
#7896=CARTESIAN_POINT('',(0.4825,1.04,-0.0863043478260873));
#7897=CARTESIAN_POINT('',(0.292266328179397,1.,-0.0863043478260873));
#7898=CARTESIAN_POINT('Origin',(0.5575,1.02,-0.106304347826087));
#7899=CARTESIAN_POINT('',(0.292266328179397,1.,-0.126304347826087));
#7900=CARTESIAN_POINT('',(0.4825,1.,-0.126304347826087));
#7901=CARTESIAN_POINT('',(0.292266328179397,1.04,-0.0863043478260873));
#7902=CARTESIAN_POINT('Origin',(0.292266328179397,1.78,-0.386304347826087));
#7903=CARTESIAN_POINT('',(0.571882592367458,1.76,-0.495));
#7904=CARTESIAN_POINT('',(0.53460042380905,1.8,-0.480507246376812));
#7905=CARTESIAN_POINT('',(0.571882592367458,1.76,-0.495));
#7906=CARTESIAN_POINT('Origin',(0.292266328179397,1.8,-0.386304347826087));
#7907=CARTESIAN_POINT('Origin',(0.292266328179397,1.76,-0.386304347826087));
#7908=CARTESIAN_POINT('Origin',(1.215,1.78,-0.745));
#7909=CARTESIAN_POINT('',(1.85811740763254,1.76,-0.495));
#7910=CARTESIAN_POINT('',(1.89539957619095,1.8,-0.480507246376812));
#7911=CARTESIAN_POINT('',(1.85811740763254,1.76,-0.495));
#7912=CARTESIAN_POINT('Origin',(1.215,1.8,-0.745));
#7913=CARTESIAN_POINT('Origin',(1.215,1.76,-0.745));
#7914=CARTESIAN_POINT('Origin',(2.1377336718206,1.78,-0.386304347826087));
#7915=CARTESIAN_POINT('',(2.1377336718206,1.76,-0.0863043478260873));
#7916=CARTESIAN_POINT('',(2.1377336718206,1.8,-0.126304347826087));
#7917=CARTESIAN_POINT('',(2.1377336718206,1.76,-0.0863043478260873));
#7918=CARTESIAN_POINT('Origin',(2.1377336718206,1.8,-0.386304347826087));
#7919=CARTESIAN_POINT('Origin',(2.1377336718206,1.76,-0.386304347826087));
#7920=CARTESIAN_POINT('Origin',(1.6763668359103,1.78,-0.106304347826087));
#7921=CARTESIAN_POINT('',(1.6763668359103,1.8,-0.126304347826087));
#7922=CARTESIAN_POINT('',(1.7513668359103,1.76,-0.0863043478260873));
#7923=CARTESIAN_POINT('Origin',(2.1377336718206,1.78,-0.386304347826087));
#7924=CARTESIAN_POINT('',(2.04452825042458,1.76,-0.422536231884058));
#7925=CARTESIAN_POINT('',(2.00724608186618,1.8,-0.437028985507247));
#7926=CARTESIAN_POINT('',(2.04452825042458,1.76,-0.422536231884058));
#7927=CARTESIAN_POINT('',(2.1377336718206,1.8,-0.246304347826087));
#7928=CARTESIAN_POINT('Origin',(2.1377336718206,1.8,-0.386304347826087));
#7929=CARTESIAN_POINT('',(2.1377336718206,1.76,-0.286304347826087));
#7930=CARTESIAN_POINT('',(2.1377336718206,1.76,-0.286304347826087));
#7931=CARTESIAN_POINT('Origin',(2.1377336718206,1.76,-0.386304347826087));
#7932=CARTESIAN_POINT('Origin',(1.215,1.78,-0.745));
#7933=CARTESIAN_POINT('',(0.385471749575418,1.76,-0.422536231884058));
#7934=CARTESIAN_POINT('',(0.422753918133826,1.8,-0.437028985507247));
#7935=CARTESIAN_POINT('',(0.385471749575418,1.76,-0.422536231884058));
#7936=CARTESIAN_POINT('Origin',(1.215,1.8,-0.745));
#7937=CARTESIAN_POINT('Origin',(1.215,1.76,-0.745));
#7938=CARTESIAN_POINT('Origin',(0.292266328179397,1.78,-0.386304347826087));
#7939=CARTESIAN_POINT('',(0.292266328179397,1.76,-0.286304347826087));
#7940=CARTESIAN_POINT('',(0.292266328179397,1.8,-0.246304347826087));
#7941=CARTESIAN_POINT('',(0.292266328179397,1.76,-0.286304347826087));
#7942=CARTESIAN_POINT('Origin',(0.292266328179397,1.8,-0.386304347826087));
#7943=CARTESIAN_POINT('Origin',(0.292266328179397,1.76,-0.386304347826087));
#7944=CARTESIAN_POINT('Origin',(0.753633164089698,1.78,-0.266304347826087));
#7945=CARTESIAN_POINT('',(0.753633164089698,1.8,-0.246304347826087));
#7946=CARTESIAN_POINT('',(0.678633164089698,1.76,-0.286304347826087));
#7947=CARTESIAN_POINT('Origin',(0.292266328179397,1.,-0.286304347826087));
#7948=CARTESIAN_POINT('',(0.292266328179397,1.04,-0.286304347826087));
#7949=CARTESIAN_POINT('',(0.292266328179397,1.,-0.286304347826087));
#7950=CARTESIAN_POINT('',(0.678633164089698,1.04,-0.286304347826087));
#7951=CARTESIAN_POINT('Origin',(0.292266328179397,1.,-0.386304347826087));
#7952=CARTESIAN_POINT('',(0.385471749575418,1.04,-0.422536231884058));
#7953=CARTESIAN_POINT('',(0.385471749575418,1.,-0.422536231884058));
#7954=CARTESIAN_POINT('Origin',(0.292266328179397,1.04,-0.386304347826087));
#7955=CARTESIAN_POINT('Origin',(1.215,1.,-0.745));
#7956=CARTESIAN_POINT('',(2.04452825042458,1.04,-0.422536231884058));
#7957=CARTESIAN_POINT('',(2.04452825042458,1.,-0.422536231884058));
#7958=CARTESIAN_POINT('Origin',(1.215,1.04,-0.745));
#7959=CARTESIAN_POINT('Origin',(2.1377336718206,1.,-0.386304347826087));
#7960=CARTESIAN_POINT('',(2.1377336718206,1.04,-0.286304347826087));
#7961=CARTESIAN_POINT('',(2.1377336718206,1.,-0.286304347826087));
#7962=CARTESIAN_POINT('Origin',(2.1377336718206,1.04,-0.386304347826087));
#7963=CARTESIAN_POINT('Origin',(1.6763668359103,1.02,-0.106304347826087));
#7964=CARTESIAN_POINT('',(2.1377336718206,1.04,-0.0863043478260873));
#7965=CARTESIAN_POINT('',(1.7513668359103,1.04,-0.0863043478260873));
#7966=CARTESIAN_POINT('',(2.1377336718206,1.,-0.126304347826087));
#7967=CARTESIAN_POINT('',(2.1377336718206,1.04,-0.0863043478260873));
#7968=CARTESIAN_POINT('',(1.7513668359103,1.,-0.126304347826087));
#7969=CARTESIAN_POINT('Origin',(2.1377336718206,1.02,-0.386304347826087));
#7970=CARTESIAN_POINT('',(1.85811740763254,1.04,-0.495));
#7971=CARTESIAN_POINT('',(1.89539957619095,1.,-0.480507246376812));
#7972=CARTESIAN_POINT('',(1.85811740763254,1.04,-0.495));
#7973=CARTESIAN_POINT('Origin',(2.1377336718206,1.,-0.386304347826087));
#7974=CARTESIAN_POINT('Origin',(2.1377336718206,1.04,-0.386304347826087));
#7975=CARTESIAN_POINT('Origin',(1.215,1.02,-0.745));
#7976=CARTESIAN_POINT('',(0.571882592367458,1.04,-0.495));
#7977=CARTESIAN_POINT('Origin',(1.215,1.04,-0.745));
#7978=CARTESIAN_POINT('',(0.534600423809051,1.,-0.480507246376812));
#7979=CARTESIAN_POINT('',(0.571882592367458,1.04,-0.495));
#7980=CARTESIAN_POINT('Origin',(1.215,1.,-0.745));
#7981=CARTESIAN_POINT('Origin',(0.292266328179397,1.02,-0.386304347826087));
#7982=CARTESIAN_POINT('Origin',(0.292266328179397,1.,-0.386304347826087));
#7983=CARTESIAN_POINT('Origin',(0.292266328179397,1.04,-0.386304347826087));
#7984=CARTESIAN_POINT('Origin',(1.215,1.,-0.5425));
#7985=CARTESIAN_POINT('',(0.292266328179397,1.,-0.246304347826087));
#7986=CARTESIAN_POINT('',(0.678633164089698,1.,-0.246304347826087));
#7987=CARTESIAN_POINT('',(0.422753918133826,1.,-0.437028985507247));
#7988=CARTESIAN_POINT('Origin',(0.292266328179397,1.,-0.386304347826087));
#7989=CARTESIAN_POINT('',(2.00724608186617,1.,-0.437028985507247));
#7990=CARTESIAN_POINT('Origin',(1.215,1.,-0.745));
#7991=CARTESIAN_POINT('',(2.1377336718206,1.,-0.246304347826087));
#7992=CARTESIAN_POINT('Origin',(2.1377336718206,1.,-0.386304347826087));
#7993=CARTESIAN_POINT('',(1.9475,1.,-0.246304347826087));
#7994=CARTESIAN_POINT('Origin',(0.753633164089698,1.02,-0.266304347826087));
#7995=CARTESIAN_POINT('',(0.292266328179397,1.04,-0.286304347826087));
#7996=CARTESIAN_POINT('Origin',(0.292266328179397,1.02,-0.386304347826087));
#7997=CARTESIAN_POINT('',(0.385471749575418,1.04,-0.422536231884058));
#7998=CARTESIAN_POINT('Origin',(1.215,1.02,-0.745));
#7999=CARTESIAN_POINT('',(2.04452825042458,1.04,-0.422536231884058));
#8000=CARTESIAN_POINT('Origin',(2.1377336718206,1.02,-0.386304347826087));
#8001=CARTESIAN_POINT('',(2.1377336718206,1.04,-0.286304347826087));
#8002=CARTESIAN_POINT('Origin',(2.1377336718206,1.,-0.0863043478260873));
#8003=CARTESIAN_POINT('',(2.1377336718206,1.,-0.0863043478260873));
#8004=CARTESIAN_POINT('Origin',(2.1377336718206,1.,-0.386304347826087));
#8005=CARTESIAN_POINT('',(1.85811740763254,1.,-0.495));
#8006=CARTESIAN_POINT('Origin',(1.215,1.,-0.745));
#8007=CARTESIAN_POINT('',(0.571882592367458,1.,-0.495));
#8008=CARTESIAN_POINT('Origin',(0.292266328179397,1.,-0.386304347826087));
#8009=CARTESIAN_POINT('Origin',(1.8725,1.02,-0.266304347826087));
#8010=CARTESIAN_POINT('',(1.9475,1.04,-0.286304347826087));
#8011=CARTESIAN_POINT('Origin',(2.53,1.,-0.286304347826087));
#8012=CARTESIAN_POINT('',(1.9475,1.76,-0.286304347826087));
#8013=CARTESIAN_POINT('Origin',(1.8725,1.78,-0.266304347826087));
#8014=CARTESIAN_POINT('',(1.9475,1.8,-0.246304347826087));
#8015=CARTESIAN_POINT('Origin',(1.215,1.8,-0.5425));
#8016=CARTESIAN_POINT('Origin',(-0.36355345135893,2.10428932188134,-0.0613043478260874));
#8017=CARTESIAN_POINT('',(-0.35355345135893,1.82,-0.0713043478260874));
#8018=CARTESIAN_POINT('',(-0.373553451358929,1.82,-0.0513043478260874));
#8019=CARTESIAN_POINT('',(-0.025328131997458,1.82,-0.399529667187559));
#8020=CARTESIAN_POINT('',(-0.373553451358929,3.22857864376269,-0.0513043478260874));
#8021=CARTESIAN_POINT('',(-0.37355345135893,2.10428932188134,-0.0513043478260874));
#8022=CARTESIAN_POINT('',(-0.35355345135893,3.22857864376269,-0.0713043478260874));
#8023=CARTESIAN_POINT('',(-0.373553451358929,3.22857864376269,-0.0513043478260874));
#8024=CARTESIAN_POINT('',(-0.35355345135893,2.10428932188134,-0.0713043478260874));
#8025=CARTESIAN_POINT('Origin',(0.0250000000000001,3.22857864376269,-0.0613043478260873));
#8026=CARTESIAN_POINT('',(-0.256819848121202,3.51039849188389,-0.0513043478260873));
#8027=CARTESIAN_POINT('',(-0.242677712497471,3.49625635626016,-0.0713043478260874));
#8028=CARTESIAN_POINT('',(-0.256819848121202,3.51039849188389,-0.0513043478260873));
#8029=CARTESIAN_POINT('Origin',(0.0250000000000001,3.22857864376269,-0.0713043478260874));
#8030=CARTESIAN_POINT('Origin',(0.0250000000000001,3.22857864376269,-0.0513043478260873));
#8031=CARTESIAN_POINT('Origin',(0.395251219690665,4.14832742407203,-0.0613043478260874));
#8032=CARTESIAN_POINT('',(0.0346015081161077,3.8018198481212,-0.0513043478260874));
#8033=CARTESIAN_POINT('',(0.0487436437398387,3.78767771249747,-0.0713043478260874));
#8034=CARTESIAN_POINT('',(0.0346015081161077,3.8018198481212,-0.0513043478260874));
#8035=CARTESIAN_POINT('',(0.402322287502531,4.14125635626016,-0.0713043478260874));
#8036=CARTESIAN_POINT('',(0.3881801518788,4.15539849188389,-0.0513043478260874));
#8037=CARTESIAN_POINT('Origin',(0.316421356237309,3.52,-0.0613043478260873));
#8038=CARTESIAN_POINT('',(0.105937615453265,3.85843972647381,-0.0513043478260873));
#8039=CARTESIAN_POINT('',(0.116499999999998,3.84145632184792,-0.0713043478260874));
#8040=CARTESIAN_POINT('',(0.105937615453265,3.85843972647381,-0.0513043478260873));
#8041=CARTESIAN_POINT('Origin',(0.316421356237309,3.52,-0.0713043478260874));
#8042=CARTESIAN_POINT('Origin',(0.316421356237309,3.52,-0.0513043478260873));
#8043=CARTESIAN_POINT('Ctrl Pts',(0.1265315537644,3.84748401181315,-0.0715560864342247));
#8044=CARTESIAN_POINT('Ctrl Pts',(0.130223823515084,3.84962765229902,-0.0717415158455175));
#8045=CARTESIAN_POINT('Ctrl Pts',(0.133915226503746,3.85168801879071,-0.0720306517184288));
#8046=CARTESIAN_POINT('Ctrl Pts',(0.158685713124624,3.86502551105167,-0.0746584302759287));
#8047=CARTESIAN_POINT('Ctrl Pts',(0.181875741483449,3.87475685054323,-0.0806613351709633));
#8048=CARTESIAN_POINT('Ctrl Pts',(0.244380724327696,3.89418372685062,-0.111259246913461));
#8049=CARTESIAN_POINT('Ctrl Pts',(0.278219133879798,3.8972174803655,-0.143994159642953));
#8050=CARTESIAN_POINT('Ctrl Pts',(0.298411802375335,3.89814276263413,-0.188189390348167));
#8051=CARTESIAN_POINT('Ctrl Pts',(0.123187702509726,3.85325081871657,-0.0648055068981789));
#8052=CARTESIAN_POINT('Ctrl Pts',(0.127046041179817,3.85548947598812,-0.0649291280048842));
#8053=CARTESIAN_POINT('Ctrl Pts',(0.130903700252483,3.85763906330085,-0.0651630464598547));
#8054=CARTESIAN_POINT('Ctrl Pts',(0.156882697278657,3.87157543042465,-0.0674662460418629));
#8055=CARTESIAN_POINT('Ctrl Pts',(0.181402473964246,3.88173298058187,-0.0734179674270456));
#8056=CARTESIAN_POINT('Ctrl Pts',(0.247823808955668,3.90172090978876,-0.105034058569933));
#8057=CARTESIAN_POINT('Ctrl Pts',(0.283451341976306,3.9043308651587,-0.139432254857567));
#8058=CARTESIAN_POINT('Ctrl Pts',(0.304414986995993,3.9049463255424,-0.185290160240209));
#8059=CARTESIAN_POINT('Ctrl Pts',(0.119843851255051,3.85901762562,-0.0580549273621332));
#8060=CARTESIAN_POINT('Ctrl Pts',(0.123861502226971,3.861348515795,-0.0581167356667281));
#8061=CARTESIAN_POINT('Ctrl Pts',(0.127900490652859,3.86359315160542,-0.0582958819046599));
#8062=CARTESIAN_POINT('Ctrl Pts',(0.155038455799704,3.87811043764535,-0.0602714430512947));
#8063=CARTESIAN_POINT('Ctrl Pts',(0.180975415296262,3.88871528240919,-0.0661884613882028));
#8064=CARTESIAN_POINT('Ctrl Pts',(0.251139488817518,3.90924404505396,-0.0987695673813313));
#8065=CARTESIAN_POINT('Ctrl Pts',(0.288561138106651,3.91144006656573,-0.13482784763406));
#8066=CARTESIAN_POINT('Ctrl Pts',(0.31041817161665,3.91174988845066,-0.182390930132251));
#8067=CARTESIAN_POINT('Ctrl Pts',(0.116500000000377,3.86478443252343,-0.0513043478260874));
#8068=CARTESIAN_POINT('Ctrl Pts',(0.120683719891704,3.8672103394841,-0.0513043478260948));
#8069=CARTESIAN_POINT('Ctrl Pts',(0.124888964401596,3.86954419611556,-0.0514282766460858));
#8070=CARTESIAN_POINT('Ctrl Pts',(0.153235439953737,3.88466035701833,-0.0530792588172289));
#8071=CARTESIAN_POINT('Ctrl Pts',(0.180502147777059,3.89569141244782,-0.058945093644285));
#8072=CARTESIAN_POINT('Ctrl Pts',(0.25458257344549,3.9167812279921,-0.0925443790378036));
#8073=CARTESIAN_POINT('Ctrl Pts',(0.293793346203158,3.91855345135893,-0.130265942848674));
#8074=CARTESIAN_POINT('Ctrl Pts',(0.316421356237308,3.91855345135893,-0.179491700024293));
#8075=CARTESIAN_POINT('',(0.316421356237308,3.91855345135893,-0.179491700024293));
#8076=CARTESIAN_POINT('',(0.298411802375335,3.89814276263413,-0.188189390348167));
#8077=CARTESIAN_POINT('',(0.316421356237308,3.91855345135893,-0.179491700024293));
#8078=CARTESIAN_POINT('',(0.126531553764401,3.84748401181315,-0.0715560864342247));
#8079=CARTESIAN_POINT('Ctrl Pts',(0.298411802375335,3.89814276263413,-0.188189390348167));
#8080=CARTESIAN_POINT('Ctrl Pts',(0.278219133879798,3.8972174803655,-0.143994159642953));
#8081=CARTESIAN_POINT('Ctrl Pts',(0.244380724327696,3.89418372685062,-0.111259246913461));
#8082=CARTESIAN_POINT('Ctrl Pts',(0.181875741483449,3.87475685054323,-0.0806613351709633));
#8083=CARTESIAN_POINT('Ctrl Pts',(0.158685713124624,3.86502551105167,-0.0746584302759287));
#8084=CARTESIAN_POINT('Ctrl Pts',(0.133915226503746,3.85168801879071,-0.0720306517184288));
#8085=CARTESIAN_POINT('Ctrl Pts',(0.130223823515084,3.84962765229902,-0.0717415158455175));
#8086=CARTESIAN_POINT('Ctrl Pts',(0.1265315537644,3.84748401181315,-0.0715560864342247));
#8087=CARTESIAN_POINT('',(0.116500000000377,3.86478443252342,-0.0513043478260874));
#8088=CARTESIAN_POINT('',(0.126531553764401,3.84748401181315,-0.0715560864342247));
#8089=CARTESIAN_POINT('Ctrl Pts',(0.116500000000377,3.86478443252343,-0.0513043478260874));
#8090=CARTESIAN_POINT('Ctrl Pts',(0.120683719891704,3.8672103394841,-0.0513043478260948));
#8091=CARTESIAN_POINT('Ctrl Pts',(0.124888964401596,3.86954419611556,-0.0514282766460858));
#8092=CARTESIAN_POINT('Ctrl Pts',(0.153235439953737,3.88466035701833,-0.0530792588172289));
#8093=CARTESIAN_POINT('Ctrl Pts',(0.180502147777059,3.89569141244782,-0.058945093644285));
#8094=CARTESIAN_POINT('Ctrl Pts',(0.25458257344549,3.9167812279921,-0.0925443790378036));
#8095=CARTESIAN_POINT('Ctrl Pts',(0.293793346203158,3.91855345135893,-0.130265942848674));
#8096=CARTESIAN_POINT('Ctrl Pts',(0.316421356237308,3.91855345135893,-0.179491700024293));
#8097=CARTESIAN_POINT('Ctrl Pts',(0.116499999999998,3.84145632184792,-0.0713043478260874));
#8098=CARTESIAN_POINT('Ctrl Pts',(0.119812797403239,3.84351662959358,-0.0713043478260874));
#8099=CARTESIAN_POINT('Ctrl Pts',(0.123157707338883,3.84552524003339,-0.0713866485548926));
#8100=CARTESIAN_POINT('Ctrl Pts',(0.126531553764425,3.84748401181316,-0.0715560864342259));
#8101=CARTESIAN_POINT('Ctrl Pts',(0.112979205151087,3.84711745672322,-0.0646376811594207));
#8102=CARTESIAN_POINT('Ctrl Pts',(0.116350343895405,3.84921404834087,-0.0646376811594207));
#8103=CARTESIAN_POINT('Ctrl Pts',(0.119754069101865,3.85125820161485,-0.0646925483119575));
#8104=CARTESIAN_POINT('Ctrl Pts',(0.123187702509743,3.85325081871658,-0.0648055068981797));
#8105=CARTESIAN_POINT('Ctrl Pts',(0.109458410302176,3.85277859159851,-0.057971014492754));
#8106=CARTESIAN_POINT('Ctrl Pts',(0.112887890387571,3.85491146708816,-0.057971014492754));
#8107=CARTESIAN_POINT('Ctrl Pts',(0.116350430864848,3.85699116319631,-0.0579984480690224));
#8108=CARTESIAN_POINT('Ctrl Pts',(0.11984385125506,3.85901762562,-0.0580549273621335));
#8109=CARTESIAN_POINT('Ctrl Pts',(0.105937615453265,3.85843972647381,-0.0513043478260873));
#8110=CARTESIAN_POINT('Ctrl Pts',(0.109425436879737,3.86060888583545,-0.0513043478260873));
#8111=CARTESIAN_POINT('Ctrl Pts',(0.112946792627831,3.86272412477777,-0.0513043478260873));
#8112=CARTESIAN_POINT('Ctrl Pts',(0.116500000000377,3.86478443252342,-0.0513043478260873));
#8113=CARTESIAN_POINT('Ctrl Pts',(0.126531553764425,3.84748401181316,-0.0715560864342259));
#8114=CARTESIAN_POINT('Ctrl Pts',(0.123157707338883,3.84552524003339,-0.0713866485548926));
#8115=CARTESIAN_POINT('Ctrl Pts',(0.119812797403239,3.84351662959358,-0.0713043478260874));
#8116=CARTESIAN_POINT('Ctrl Pts',(0.116499999999998,3.84145632184792,-0.0713043478260874));
#8117=CARTESIAN_POINT('Ctrl Pts',(0.105937615453265,3.85843972647381,-0.0513043478260873));
#8118=CARTESIAN_POINT('Ctrl Pts',(0.109425436879737,3.86060888583545,-0.0513043478260873));
#8119=CARTESIAN_POINT('Ctrl Pts',(0.112946792627831,3.86272412477777,-0.0513043478260873));
#8120=CARTESIAN_POINT('Ctrl Pts',(0.116500000000377,3.86478443252342,-0.0513043478260873));
#8121=CARTESIAN_POINT('Origin',(0.116499999999998,3.90855345135893,-0.271304347826087));
#8122=CARTESIAN_POINT('',(0.316421356237309,3.89855345135893,-0.265696200160926));
#8123=CARTESIAN_POINT('',(0.33641349186104,3.91855345135893,-0.26513538539441));
#8124=CARTESIAN_POINT('',(0.316421356237309,3.89855345135893,-0.265696200160926));
#8125=CARTESIAN_POINT('',(0.336499999999998,3.91855345135893,-0.271304347826087));
#8126=CARTESIAN_POINT('Origin',(0.116499999999998,3.91855345135893,-0.271304347826087));
#8127=CARTESIAN_POINT('',(0.316499999999998,3.89855345135893,-0.271304347826087));
#8128=CARTESIAN_POINT('',(0.336499999999998,3.91855345135893,-0.271304347826087));
#8129=CARTESIAN_POINT('Origin',(0.116499999999998,3.89855345135893,-0.271304347826087));
#8130=CARTESIAN_POINT('Origin',(0.326499999999998,3.90855345135893,-0.151304347826087));
#8131=CARTESIAN_POINT('',(0.336499999999999,3.91855345135893,-0.600000000000011));
#8132=CARTESIAN_POINT('',(0.336499999999998,3.91855345135893,-0.151304347826087));
#8133=CARTESIAN_POINT('',(0.316499999999997,3.89855345135893,-0.600000000000011));
#8134=CARTESIAN_POINT('',(0.336499999999999,3.91855345135893,-0.600000000000011));
#8135=CARTESIAN_POINT('',(0.316499999999998,3.89855345135893,-0.151304347826087));
#8136=CARTESIAN_POINT('Origin',(0.576199999999997,3.90855345135893,-0.600000000000011));
#8137=CARTESIAN_POINT('',(0.576199999999997,3.91855345135893,-0.839700000000011));
#8138=CARTESIAN_POINT('Origin',(0.576199999999997,3.91855345135893,-0.600000000000011));
#8139=CARTESIAN_POINT('',(0.576199999999997,3.89855345135893,-0.859700000000011));
#8140=CARTESIAN_POINT('',(0.576199999999997,3.91855345135893,-0.839700000000011));
#8141=CARTESIAN_POINT('Origin',(0.576199999999997,3.89855345135893,-0.600000000000011));
#8142=CARTESIAN_POINT('Origin',(0.446310678118651,3.90855345135893,-0.849700000000006));
#8143=CARTESIAN_POINT('',(1.8538,3.91855345135893,-0.839700000000015));
#8144=CARTESIAN_POINT('',(0.446310678118651,3.91855345135893,-0.839700000000006));
#8145=CARTESIAN_POINT('',(1.8538,3.89855345135893,-0.859700000000014));
#8146=CARTESIAN_POINT('',(1.8538,3.91855345135893,-0.839700000000015));
#8147=CARTESIAN_POINT('',(0.446310678118651,3.89855345135893,-0.859700000000006));
#8148=CARTESIAN_POINT('Origin',(1.8538,3.90855345135893,-0.600000000000014));
#8149=CARTESIAN_POINT('',(2.0935,3.91855345135893,-0.600000000000016));
#8150=CARTESIAN_POINT('Origin',(1.8538,3.91855345135893,-0.600000000000014));
#8151=CARTESIAN_POINT('',(2.1135,3.89855345135893,-0.600000000000016));
#8152=CARTESIAN_POINT('',(2.0935,3.91855345135893,-0.600000000000016));
#8153=CARTESIAN_POINT('Origin',(1.8538,3.89855345135893,-0.600000000000014));
#8154=CARTESIAN_POINT('Origin',(2.1035,3.90855345135893,-0.285652173913058));
#8155=CARTESIAN_POINT('',(2.0935,3.91855345135893,-0.271304347826086));
#8156=CARTESIAN_POINT('',(2.0935,3.91855345135893,-0.285652173913058));
#8157=CARTESIAN_POINT('',(2.1135,3.89855345135893,-0.271304347826086));
#8158=CARTESIAN_POINT('',(2.0935,3.91855345135893,-0.271304347826086));
#8159=CARTESIAN_POINT('',(2.1135,3.89855345135893,-0.285652173913058));
#8160=CARTESIAN_POINT('Ctrl Pts',(0.298411802375335,3.89814276263413,-0.188189390348167));
#8161=CARTESIAN_POINT('Ctrl Pts',(0.309557573713389,3.89865349179267,-0.212583884606405));
#8162=CARTESIAN_POINT('Ctrl Pts',(0.315696961259874,3.89855345135893,-0.239872695683661));
#8163=CARTESIAN_POINT('Ctrl Pts',(0.316421356237309,3.89855345135893,-0.265696200160926));
#8164=CARTESIAN_POINT('Ctrl Pts',(0.304414986995993,3.9049463255424,-0.185290160240209));
#8165=CARTESIAN_POINT('Ctrl Pts',(0.316008837792943,3.90528681164809,-0.210610223065764));
#8166=CARTESIAN_POINT('Ctrl Pts',(0.322336849487932,3.9052201180256,-0.238824600329072));
#8167=CARTESIAN_POINT('Ctrl Pts',(0.32308540144522,3.9052201180256,-0.265509261905421));
#8168=CARTESIAN_POINT('Ctrl Pts',(0.31041817161665,3.91174988845066,-0.182390930132251));
#8169=CARTESIAN_POINT('Ctrl Pts',(0.322460101872497,3.91192013150351,-0.208636561525123));
#8170=CARTESIAN_POINT('Ctrl Pts',(0.328976737715991,3.91188678469226,-0.237776504974484));
#8171=CARTESIAN_POINT('Ctrl Pts',(0.32974944665313,3.91188678469226,-0.265322323649916));
#8172=CARTESIAN_POINT('Ctrl Pts',(0.316421356237308,3.91855345135893,-0.179491700024293));
#8173=CARTESIAN_POINT('Ctrl Pts',(0.328911365952051,3.91855345135893,-0.206662899984483));
#8174=CARTESIAN_POINT('Ctrl Pts',(0.335616625944049,3.91855345135893,-0.236728409619895));
#8175=CARTESIAN_POINT('Ctrl Pts',(0.33641349186104,3.91855345135893,-0.26513538539441));
#8176=CARTESIAN_POINT('Ctrl Pts',(0.316421356237309,3.89855345135893,-0.265696200160926));
#8177=CARTESIAN_POINT('Ctrl Pts',(0.315696961259874,3.89855345135893,-0.239872695683661));
#8178=CARTESIAN_POINT('Ctrl Pts',(0.309557573713389,3.89865349179267,-0.212583884606405));
#8179=CARTESIAN_POINT('Ctrl Pts',(0.298411802375335,3.89814276263413,-0.188189390348167));
#8180=CARTESIAN_POINT('Ctrl Pts',(0.316421356237308,3.91855345135893,-0.179491700024293));
#8181=CARTESIAN_POINT('Ctrl Pts',(0.328911365952051,3.91855345135893,-0.206662899984483));
#8182=CARTESIAN_POINT('Ctrl Pts',(0.335616625944049,3.91855345135893,-0.236728409619895));
#8183=CARTESIAN_POINT('Ctrl Pts',(0.33641349186104,3.91855345135893,-0.26513538539441));
#8184=CARTESIAN_POINT('Ctrl Pts',(2.13151801819265,3.89814597208901,-0.188343162338728));
#8185=CARTESIAN_POINT('Ctrl Pts',(2.15169830746718,3.89722491183154,-0.144076087151084));
#8186=CARTESIAN_POINT('Ctrl Pts',(2.18540914607226,3.89430409813994,-0.11120398231306));
#8187=CARTESIAN_POINT('Ctrl Pts',(2.25199125320121,3.87357399625928,-0.0787673557951911));
#8188=CARTESIAN_POINT('Ctrl Pts',(2.2786611418075,3.86188651913479,-0.0728019336139595));
#8189=CARTESIAN_POINT('Ctrl Pts',(2.30346844623593,3.84748401181295,-0.0715560864342078));
#8190=CARTESIAN_POINT('Ctrl Pts',(2.12551201320239,3.90494846259283,-0.185449765352352));
#8191=CARTESIAN_POINT('Ctrl Pts',(2.14646436420995,3.90433895987819,-0.139514261441859));
#8192=CARTESIAN_POINT('Ctrl Pts',(2.18197116420251,3.9018395981824,-0.104977944162295));
#8193=CARTESIAN_POINT('Ctrl Pts',(2.25270060302209,3.88051739240849,-0.0714621895658876));
#8194=CARTESIAN_POINT('Ctrl Pts',(2.28093322658205,3.86827755447918,-0.065638689575408));
#8195=CARTESIAN_POINT('Ctrl Pts',(2.30681229749062,3.85325081871637,-0.0648055068981676));
#8196=CARTESIAN_POINT('Ctrl Pts',(2.11950600821214,3.91175095309664,-0.182556368365976));
#8197=CARTESIAN_POINT('Ctrl Pts',(2.14134641746539,3.9114438573317,-0.134921174689049));
#8198=CARTESIAN_POINT('Ctrl Pts',(2.17858184556881,3.9093810122404,-0.0987145231050007));
#8199=CARTESIAN_POINT('Ctrl Pts',(2.25335277670355,3.88746695303569,-0.0641745930048241));
#8200=CARTESIAN_POINT('Ctrl Pts',(2.28311869786176,3.87469237221373,-0.0584675918646388));
#8201=CARTESIAN_POINT('Ctrl Pts',(2.31015614874531,3.85901762561979,-0.0580549273621274));
#8202=CARTESIAN_POINT('Ctrl Pts',(2.11350000322188,3.91855344360045,-0.1796629713796));
#8203=CARTESIAN_POINT('Ctrl Pts',(2.13611247420816,3.91855790537836,-0.130359348979824));
#8204=CARTESIAN_POINT('Ctrl Pts',(2.17514386369906,3.91691651228287,-0.0924884849542359));
#8205=CARTESIAN_POINT('Ctrl Pts',(2.25406212652443,3.8944103491849,-0.0568694267755206));
#8206=CARTESIAN_POINT('Ctrl Pts',(2.2853907826363,3.88108340755811,-0.0513043478260872));
#8207=CARTESIAN_POINT('Ctrl Pts',(2.3135,3.86478443252321,-0.0513043478260873));
#8208=CARTESIAN_POINT('',(2.13151801819821,3.89814597208876,-0.188343162326523));
#8209=CARTESIAN_POINT('',(2.11350000176835,3.91855344360017,-0.179662970696504));
#8210=CARTESIAN_POINT('',(2.13151801819821,3.89814597208876,-0.188343162326523));
#8211=CARTESIAN_POINT('',(2.3135,3.86478443252321,-0.0513043478260873));
#8212=CARTESIAN_POINT('Ctrl Pts',(2.11350000322188,3.91855344360045,-0.1796629713796));
#8213=CARTESIAN_POINT('Ctrl Pts',(2.13611247420816,3.91855790537836,-0.130359348979824));
#8214=CARTESIAN_POINT('Ctrl Pts',(2.17514386369906,3.91691651228287,-0.0924884849542359));
#8215=CARTESIAN_POINT('Ctrl Pts',(2.25406212652443,3.8944103491849,-0.0568694267755206));
#8216=CARTESIAN_POINT('Ctrl Pts',(2.2853907826363,3.88108340755811,-0.0513043478260872));
#8217=CARTESIAN_POINT('Ctrl Pts',(2.3135,3.86478443252321,-0.0513043478260873));
#8218=CARTESIAN_POINT('',(2.30346844623593,3.84748401181295,-0.0715560864342078));
#8219=CARTESIAN_POINT('',(2.3135,3.86478443252321,-0.0513043478260873));
#8220=CARTESIAN_POINT('Ctrl Pts',(2.30346844623593,3.84748401181295,-0.0715560864342078));
#8221=CARTESIAN_POINT('Ctrl Pts',(2.2786611418075,3.86188651913479,-0.0728019336139595));
#8222=CARTESIAN_POINT('Ctrl Pts',(2.25199125320121,3.87357399625928,-0.0787673557951911));
#8223=CARTESIAN_POINT('Ctrl Pts',(2.18540914607226,3.89430409813994,-0.11120398231306));
#8224=CARTESIAN_POINT('Ctrl Pts',(2.15169830746718,3.89722491183154,-0.144076087151084));
#8225=CARTESIAN_POINT('Ctrl Pts',(2.13151801819265,3.89814597208901,-0.188343162338728));
#8226=CARTESIAN_POINT('Ctrl Pts',(2.1135,3.89855344359982,-0.271304347826086));
#8227=CARTESIAN_POINT('Ctrl Pts',(2.1135,3.89855344359982,-0.24392196581652));
#8228=CARTESIAN_POINT('Ctrl Pts',(2.119606181639,3.89868964711088,-0.214472726587911));
#8229=CARTESIAN_POINT('Ctrl Pts',(2.1315180181438,3.89814597209124,-0.188343162445886));
#8230=CARTESIAN_POINT('Ctrl Pts',(2.10683333333333,3.90522011285285,-0.271304347826086));
#8231=CARTESIAN_POINT('Ctrl Pts',(2.10683333333333,3.90522011285285,-0.24300941786207));
#8232=CARTESIAN_POINT('Ctrl Pts',(2.11312165130752,3.90531091519357,-0.212570297666495));
#8233=CARTESIAN_POINT('Ctrl Pts',(2.12551201322032,3.90494846518047,-0.185449765441214));
#8234=CARTESIAN_POINT('Ctrl Pts',(2.10016666666667,3.91188678210589,-0.271304347826086));
#8235=CARTESIAN_POINT('Ctrl Pts',(2.10016666666667,3.91188678210589,-0.242096869907621));
#8236=CARTESIAN_POINT('Ctrl Pts',(2.10663712097604,3.91193218327625,-0.210667868745079));
#8237=CARTESIAN_POINT('Ctrl Pts',(2.11950600829685,3.9117509582697,-0.182556368436541));
#8238=CARTESIAN_POINT('Ctrl Pts',(2.0935,3.91855345135893,-0.271304347826086));
#8239=CARTESIAN_POINT('Ctrl Pts',(2.0935,3.91855345135893,-0.241184321953172));
#8240=CARTESIAN_POINT('Ctrl Pts',(2.10015259064456,3.91855345135893,-0.208765439823663));
#8241=CARTESIAN_POINT('Ctrl Pts',(2.11350000337338,3.91855345135893,-0.179662971431869));
#8242=CARTESIAN_POINT('Ctrl Pts',(2.1315180181438,3.89814597209124,-0.188343162445886));
#8243=CARTESIAN_POINT('Ctrl Pts',(2.119606181639,3.89868964711088,-0.214472726587911));
#8244=CARTESIAN_POINT('Ctrl Pts',(2.1135,3.89855344359982,-0.24392196581652));
#8245=CARTESIAN_POINT('Ctrl Pts',(2.1135,3.89855344359982,-0.271304347826086));
#8246=CARTESIAN_POINT('Ctrl Pts',(2.0935,3.91855345135893,-0.271304347826086));
#8247=CARTESIAN_POINT('Ctrl Pts',(2.0935,3.91855345135893,-0.241184321953172));
#8248=CARTESIAN_POINT('Ctrl Pts',(2.10015259064456,3.91855345135893,-0.208765439823663));
#8249=CARTESIAN_POINT('Ctrl Pts',(2.11350000337338,3.91855345135893,-0.179662971431869));
#8250=CARTESIAN_POINT('Origin',(2.11357864376269,3.52,-0.0613043478260873));
#8251=CARTESIAN_POINT('',(2.3135,3.84145632184792,-0.0713043478260874));
#8252=CARTESIAN_POINT('',(2.32406238454673,3.85843972647381,-0.0513043478260873));
#8253=CARTESIAN_POINT('',(2.3135,3.84145632184792,-0.0713043478260874));
#8254=CARTESIAN_POINT('',(2.39539849188389,3.8018198481212,-0.0513043478260873));
#8255=CARTESIAN_POINT('Origin',(2.11357864376269,3.52,-0.0513043478260873));
#8256=CARTESIAN_POINT('',(2.38125635626016,3.78767771249747,-0.0713043478260874));
#8257=CARTESIAN_POINT('',(2.39539849188389,3.8018198481212,-0.0513043478260873));
#8258=CARTESIAN_POINT('Origin',(2.11357864376269,3.52,-0.0713043478260874));
#8259=CARTESIAN_POINT('Origin',(2.58403810219068,3.59903810219068,-0.0613043478260874));
#8260=CARTESIAN_POINT('',(2.6868198481212,3.51039849188389,-0.0513043478260874));
#8261=CARTESIAN_POINT('',(2.67267771249747,3.49625635626016,-0.0713043478260874));
#8262=CARTESIAN_POINT('',(2.6868198481212,3.51039849188389,-0.0513043478260874));
#8263=CARTESIAN_POINT('',(2.57696703437881,3.59196703437882,-0.0713043478260874));
#8264=CARTESIAN_POINT('',(2.59110917000255,3.60610917000255,-0.0513043478260874));
#8265=CARTESIAN_POINT('Origin',(2.405,3.22857864376269,-0.0613043478260873));
#8266=CARTESIAN_POINT('',(2.80355345135893,3.22857864376269,-0.0513043478260873));
#8267=CARTESIAN_POINT('',(2.78355345135893,3.22857864376269,-0.0713043478260874));
#8268=CARTESIAN_POINT('',(2.80355345135893,3.22857864376269,-0.0513043478260873));
#8269=CARTESIAN_POINT('Origin',(2.405,3.22857864376269,-0.0713043478260874));
#8270=CARTESIAN_POINT('Origin',(2.405,3.22857864376269,-0.0513043478260873));
#8271=CARTESIAN_POINT('Origin',(2.79355345135893,1.66428932188134,-0.0613043478260874));
#8272=CARTESIAN_POINT('',(2.80355345135893,1.82,-0.0513043478260874));
#8273=CARTESIAN_POINT('',(2.78355345135893,1.82,-0.0713043478260873));
#8274=CARTESIAN_POINT('',(2.49282813199745,1.82,-0.362029667187558));
#8275=CARTESIAN_POINT('',(2.78355345135893,1.66428932188134,-0.0713043478260874));
#8276=CARTESIAN_POINT('',(2.80355345135893,1.66428932188134,-0.0513043478260874));
#8277=CARTESIAN_POINT('Ctrl Pts',(2.30346844623593,3.84748401181295,-0.0715560864342078));
#8278=CARTESIAN_POINT('Ctrl Pts',(2.30684229266135,3.84552524003325,-0.0713866485548867));
#8279=CARTESIAN_POINT('Ctrl Pts',(2.31018720259688,3.84351662959351,-0.0713043478260873));
#8280=CARTESIAN_POINT('Ctrl Pts',(2.3135,3.84145632184792,-0.0713043478260873));
#8281=CARTESIAN_POINT('Ctrl Pts',(2.30681229749062,3.85325081871637,-0.0648055068981676));
#8282=CARTESIAN_POINT('Ctrl Pts',(2.31024593089837,3.85125820161471,-0.0646925483119535));
#8283=CARTESIAN_POINT('Ctrl Pts',(2.31364965610471,3.8492140483408,-0.0646376811594206));
#8284=CARTESIAN_POINT('Ctrl Pts',(2.31702079484891,3.84711745672322,-0.0646376811594206));
#8285=CARTESIAN_POINT('Ctrl Pts',(2.31015614874531,3.85901762561979,-0.0580549273621275));
#8286=CARTESIAN_POINT('Ctrl Pts',(2.3136495691354,3.85699116319616,-0.0579984480690204));
#8287=CARTESIAN_POINT('Ctrl Pts',(2.31711210961255,3.85491146708809,-0.057971014492754));
#8288=CARTESIAN_POINT('Ctrl Pts',(2.32054158969782,3.85277859159852,-0.057971014492754));
#8289=CARTESIAN_POINT('Ctrl Pts',(2.3135,3.86478443252321,-0.0513043478260873));
#8290=CARTESIAN_POINT('Ctrl Pts',(2.31705320737242,3.86272412477762,-0.0513043478260873));
#8291=CARTESIAN_POINT('Ctrl Pts',(2.32057456312039,3.86060888583537,-0.0513043478260873));
#8292=CARTESIAN_POINT('Ctrl Pts',(2.32406238454673,3.85843972647381,-0.0513043478260873));
#8293=CARTESIAN_POINT('Ctrl Pts',(2.3135,3.84145632184792,-0.0713043478260873));
#8294=CARTESIAN_POINT('Ctrl Pts',(2.31018720259688,3.84351662959351,-0.0713043478260873));
#8295=CARTESIAN_POINT('Ctrl Pts',(2.30684229266135,3.84552524003325,-0.0713866485548867));
#8296=CARTESIAN_POINT('Ctrl Pts',(2.30346844623593,3.84748401181295,-0.0715560864342078));
#8297=CARTESIAN_POINT('Ctrl Pts',(2.3135,3.86478443252321,-0.0513043478260873));
#8298=CARTESIAN_POINT('Ctrl Pts',(2.31705320737242,3.86272412477762,-0.0513043478260873));
#8299=CARTESIAN_POINT('Ctrl Pts',(2.32057456312039,3.86060888583537,-0.0513043478260873));
#8300=CARTESIAN_POINT('Ctrl Pts',(2.32406238454673,3.85843972647381,-0.0513043478260873));
#8301=CARTESIAN_POINT('Origin',(0.116499999999998,3.57356604756081,-0.271304347826087));
#8302=CARTESIAN_POINT('',(0.316499999999998,3.66,-0.271304347826087));
#8303=CARTESIAN_POINT('',(0.316499999999998,3.57356604756081,-0.271304347826087));
#8304=CARTESIAN_POINT('',(0.316421356237309,3.66,-0.265696200160926));
#8305=CARTESIAN_POINT('Origin',(0.116499999999998,3.66,-0.271304347826087));
#8306=CARTESIAN_POINT('',(0.297786660092638,3.65858644094413,-0.186834549244251));
#8307=CARTESIAN_POINT('Ctrl Pts',(0.297786660092638,3.65858644094413,-0.186834549244252));
#8308=CARTESIAN_POINT('Ctrl Pts',(0.301065241268694,3.65907993006229,-0.19387094617225));
#8309=CARTESIAN_POINT('Ctrl Pts',(0.30392718808308,3.65938735415059,-0.201094570605279));
#8310=CARTESIAN_POINT('Ctrl Pts',(0.312672739968347,3.6600931806256,-0.227458561223486));
#8311=CARTESIAN_POINT('Ctrl Pts',(0.315900924483005,3.66,-0.247143653337695));
#8312=CARTESIAN_POINT('Ctrl Pts',(0.316421356237309,3.66,-0.265696200160926));
#8313=CARTESIAN_POINT('',(0.220983252743933,3.62033089017689,-0.100766229224857));
#8314=CARTESIAN_POINT('Ctrl Pts',(0.220983252743932,3.62033089017689,-0.100766229224857));
#8315=CARTESIAN_POINT('Ctrl Pts',(0.224575691138677,3.62377680606432,-0.102967201370227));
#8316=CARTESIAN_POINT('Ctrl Pts',(0.228236148010029,3.62692974734263,-0.105367635204412));
#8317=CARTESIAN_POINT('Ctrl Pts',(0.237725541693738,3.63437525074395,-0.112074829433727));
#8318=CARTESIAN_POINT('Ctrl Pts',(0.253572277452941,3.64486452538436,-0.124467961233687));
#8319=CARTESIAN_POINT('Ctrl Pts',(0.268434412753655,3.65091563731027,-0.140675554955086));
#8320=CARTESIAN_POINT('Ctrl Pts',(0.284049845549002,3.65606558788682,-0.161189089609392));
#8321=CARTESIAN_POINT('Ctrl Pts',(0.291655785880799,3.65766362721896,-0.173676642773863));
#8322=CARTESIAN_POINT('Ctrl Pts',(0.297786660092638,3.65858644094413,-0.186834549244251));
#8323=CARTESIAN_POINT('',(0.214666067835214,3.61426328543518,-0.0970533130349795));
#8324=CARTESIAN_POINT('Ctrl Pts',(0.214666067835214,3.61426328543518,-0.0970533130349795));
#8325=CARTESIAN_POINT('Ctrl Pts',(0.216792063031328,3.61630798523485,-0.0982510137481448));
#8326=CARTESIAN_POINT('Ctrl Pts',(0.218898272884537,3.61833094906943,-0.0994888287269394));
#8327=CARTESIAN_POINT('Ctrl Pts',(0.220983252743933,3.62033089017689,-0.100766229224858));
#8328=CARTESIAN_POINT('',(0.116499999999999,3.51805971332718,-0.0713043478260874));
#8329=CARTESIAN_POINT('Ctrl Pts',(0.116499999999998,3.51805971332718,-0.0713043478260874));
#8330=CARTESIAN_POINT('Ctrl Pts',(0.150360740529251,3.55183596066068,-0.0713043478260874));
#8331=CARTESIAN_POINT('Ctrl Pts',(0.184514587613169,3.58526476009404,-0.0800671742934923));
#8332=CARTESIAN_POINT('Ctrl Pts',(0.214666067835214,3.61426328543518,-0.0970533130349796));
#8333=CARTESIAN_POINT('',(0.116499999999998,3.57356604756081,-0.0713043478260874));
#8334=CARTESIAN_POINT('Origin',(0.316499999999998,3.91855345135893,-0.231304347826087));
#8335=CARTESIAN_POINT('',(0.316499999999997,3.66,-0.600000000000011));
#8336=CARTESIAN_POINT('',(0.316499999999997,3.91855345135893,-0.600000000000011));
#8337=CARTESIAN_POINT('',(0.316499999999998,3.66,-0.151304347826087));
#8338=CARTESIAN_POINT('Origin',(0.576199999999997,3.91855345135893,-0.600000000000011));
#8339=CARTESIAN_POINT('',(0.576199999999997,3.66,-0.859700000000011));
#8340=CARTESIAN_POINT('',(0.576199999999997,3.91855345135893,-0.859700000000011));
#8341=CARTESIAN_POINT('Origin',(0.576199999999997,3.66,-0.600000000000011));
#8342=CARTESIAN_POINT('Origin',(0.576199999999997,3.91855345135893,-0.859700000000007));
#8343=CARTESIAN_POINT('',(1.8538,3.66,-0.859700000000014));
#8344=CARTESIAN_POINT('',(1.8538,3.91855345135893,-0.859700000000014));
#8345=CARTESIAN_POINT('',(1.26988932188134,3.66,-0.859700000000011));
#8346=CARTESIAN_POINT('Origin',(1.8538,3.91855345135893,-0.600000000000014));
#8347=CARTESIAN_POINT('',(2.1135,3.66,-0.600000000000016));
#8348=CARTESIAN_POINT('',(2.1135,3.91855345135893,-0.600000000000016));
#8349=CARTESIAN_POINT('Origin',(1.8538,3.66,-0.600000000000014));
#8350=CARTESIAN_POINT('Origin',(2.1135,3.91855345135893,-0.500000000000016));
#8351=CARTESIAN_POINT('',(2.1135,3.66,-0.271304347826086));
#8352=CARTESIAN_POINT('',(2.1135,3.57356604756081,-0.271304347826086));
#8353=CARTESIAN_POINT('',(2.1135,3.66,-0.285652173913052));
#8354=CARTESIAN_POINT('Origin',(2.3135,3.57356604756081,-0.271304347826087));
#8355=CARTESIAN_POINT('',(2.3135,3.51805971332718,-0.0713043478260873));
#8356=CARTESIAN_POINT('',(2.3135,3.57356604756081,-0.0713043478260874));
#8357=CARTESIAN_POINT('',(2.21533393216479,3.61426328543518,-0.0970533130349776));
#8358=CARTESIAN_POINT('Ctrl Pts',(2.21533393216479,3.61426328543518,-0.0970533130349775));
#8359=CARTESIAN_POINT('Ctrl Pts',(2.24548541238683,3.58526476009405,-0.0800671742934914));
#8360=CARTESIAN_POINT('Ctrl Pts',(2.27963925947075,3.55183596066068,-0.0713043478260873));
#8361=CARTESIAN_POINT('Ctrl Pts',(2.3135,3.51805971332718,-0.0713043478260873));
#8362=CARTESIAN_POINT('',(2.20901674725607,3.62033089017689,-0.100766229224856));
#8363=CARTESIAN_POINT('Ctrl Pts',(2.20901674725607,3.62033089017689,-0.100766229224855));
#8364=CARTESIAN_POINT('Ctrl Pts',(2.21110172711546,3.61833094906943,-0.0994888287269372));
#8365=CARTESIAN_POINT('Ctrl Pts',(2.21320793696867,3.61630798523485,-0.0982510137481427));
#8366=CARTESIAN_POINT('Ctrl Pts',(2.21533393216479,3.61426328543518,-0.0970533130349775));
#8367=CARTESIAN_POINT('',(2.13221333990736,3.65858644094413,-0.186834549244247));
#8368=CARTESIAN_POINT('Ctrl Pts',(2.13221333990736,3.65858644094413,-0.186834549244247));
#8369=CARTESIAN_POINT('Ctrl Pts',(2.1383442141192,3.65766362721896,-0.17367664277386));
#8370=CARTESIAN_POINT('Ctrl Pts',(2.14594812189253,3.6560620869211,-0.161193313905342));
#8371=CARTESIAN_POINT('Ctrl Pts',(2.15921832136877,3.65166429348668,-0.143812477224022));
#8372=CARTESIAN_POINT('Ctrl Pts',(2.17298034539713,3.64645738465918,-0.127729919834522));
#8373=CARTESIAN_POINT('Ctrl Pts',(2.18934173714586,3.63669225422978,-0.114124770393154));
#8374=CARTESIAN_POINT('Ctrl Pts',(2.20176419310288,3.62692679065636,-0.105370410792736));
#8375=CARTESIAN_POINT('Ctrl Pts',(2.20542430886132,3.62377680606432,-0.102967201370225));
#8376=CARTESIAN_POINT('Ctrl Pts',(2.20901674725607,3.62033089017689,-0.100766229224856));
#8377=CARTESIAN_POINT('',(2.11357864376269,3.66,-0.26569620016085));
#8378=CARTESIAN_POINT('Ctrl Pts',(2.11357864376269,3.66,-0.26569620016085));
#8379=CARTESIAN_POINT('Ctrl Pts',(2.11429880241066,3.66,-0.240023713949484));
#8380=CARTESIAN_POINT('Ctrl Pts',(2.12039170415367,3.66036582302742,-0.212205804990082));
#8381=CARTESIAN_POINT('Ctrl Pts',(2.13221333990736,3.65858644094413,-0.186834549244247));
#8382=CARTESIAN_POINT('Origin',(2.3135,3.66,-0.271304347826087));
#8383=CARTESIAN_POINT('Origin',(1.29,1.82,0.239347826086956));
#8384=CARTESIAN_POINT('',(2.80355345135893,1.82,0.51));
#8385=CARTESIAN_POINT('',(2.80355345135893,1.82,-0.0713043478260874));
#8386=CARTESIAN_POINT('',(2.79791375222016,1.82,0.515639699138764));
#8387=CARTESIAN_POINT('',(2.48282813199746,1.82,0.83072531936147));
#8388=CARTESIAN_POINT('',(2.61793517060254,1.82,0.258603646545266));
#8389=CARTESIAN_POINT('',(2.48597354501922,1.82,0.0701429140019822));
#8390=CARTESIAN_POINT('',(2.63022245126688,1.82,0.235));
#8391=CARTESIAN_POINT('Origin',(2.63022245126688,1.82,0.25));
#8392=CARTESIAN_POINT('',(2.655,1.82,0.235));
#8393=CARTESIAN_POINT('',(1.96011122563344,1.82,0.235));
#8394=CARTESIAN_POINT('',(2.74,1.82,0.149999999999999));
#8395=CARTESIAN_POINT('Origin',(2.655,1.82,0.149999999999999));
#8396=CARTESIAN_POINT('',(2.74,1.82,0.0636956521739127));
#8397=CARTESIAN_POINT('',(2.74,1.82,0.194673913043478));
#8398=CARTESIAN_POINT('',(2.605,1.82,-0.0713043478260874));
#8399=CARTESIAN_POINT('Origin',(2.605,1.82,0.0636956521739127));
#8400=CARTESIAN_POINT('',(1.9475,1.82,-0.0713043478260873));
#8401=CARTESIAN_POINT('Origin',(2.80355345135893,0.0999999999999912,0.53));
#8402=CARTESIAN_POINT('',(2.80355345135893,3.22857864376269,0.51));
#8403=CARTESIAN_POINT('',(2.80355345135893,3.22857864376269,0.229347826086956));
#8404=CARTESIAN_POINT('',(2.80355345135893,1.66428932188134,0.51));
#8405=CARTESIAN_POINT('Origin',(2.405,3.22857864376269,0.229347826086956));
#8406=CARTESIAN_POINT('',(2.6868198481212,3.51039849188389,0.51));
#8407=CARTESIAN_POINT('',(2.6868198481212,3.51039849188389,-0.0713043478260874));
#8408=CARTESIAN_POINT('Origin',(2.405,3.22857864376269,0.51));
#8409=CARTESIAN_POINT('Origin',(2.39539849188389,3.8018198481212,-0.0713043478260874));
#8410=CARTESIAN_POINT('',(2.39539849188389,3.8018198481212,0.51));
#8411=CARTESIAN_POINT('',(2.39539849188389,3.8018198481212,0.229347826086956));
#8412=CARTESIAN_POINT('',(2.54110917000255,3.65610917000255,0.51));
#8413=CARTESIAN_POINT('Origin',(2.54692388155425,3.27050252531694,-0.0613043478260874));
#8414=CARTESIAN_POINT('',(2.3135,3.48978427124746,-0.0513043478260874));
#8415=CARTESIAN_POINT('',(2.32764213562373,3.50392640687119,-0.0713043478260874));
#8416=CARTESIAN_POINT('',(2.3135,3.48978427124746,-0.0513043478260874));
#8417=CARTESIAN_POINT('',(2.50399494936612,3.32757359312881,-0.0713043478260874));
#8418=CARTESIAN_POINT('',(2.55399494936612,3.27757359312881,-0.0713043478260874));
#8419=CARTESIAN_POINT('',(2.48985281374239,3.31343145750508,-0.0513043478260873));
#8420=CARTESIAN_POINT('',(2.50399494936612,3.32757359312881,-0.0713043478260874));
#8421=CARTESIAN_POINT('',(2.53985281374239,3.26343145750508,-0.0513043478260874));
#8422=CARTESIAN_POINT('Origin',(2.405,3.22857864376269,-0.0613043478260874));
#8423=CARTESIAN_POINT('',(2.545,3.22857864376269,-0.0713043478260874));
#8424=CARTESIAN_POINT('Origin',(2.405,3.22857864376269,-0.0713043478260874));
#8425=CARTESIAN_POINT('',(2.525,3.22857864376269,-0.0513043478260874));
#8426=CARTESIAN_POINT('',(2.545,3.22857864376269,-0.0713043478260874));
#8427=CARTESIAN_POINT('Origin',(2.405,3.22857864376269,-0.0513043478260874));
#8428=CARTESIAN_POINT('Origin',(2.535,1.66428932188135,-0.0613043478260874));
#8429=CARTESIAN_POINT('',(2.545,-0.800000000000003,-0.0713043478260874));
#8430=CARTESIAN_POINT('',(2.545,1.66428932188135,-0.0713043478260874));
#8431=CARTESIAN_POINT('',(2.525,-0.800000000000003,-0.0513043478260873));
#8432=CARTESIAN_POINT('',(2.545,-0.800000000000003,-0.0713043478260874));
#8433=CARTESIAN_POINT('',(2.525,1.66428932188135,-0.0513043478260874));
#8434=CARTESIAN_POINT('Origin',(2.405,-0.800000000000002,-0.0613043478260874));
#8435=CARTESIAN_POINT('',(2.405,-0.94,-0.0713043478260874));
#8436=CARTESIAN_POINT('Origin',(2.405,-0.800000000000002,-0.0713043478260874));
#8437=CARTESIAN_POINT('',(2.405,-0.92,-0.0513043478260874));
#8438=CARTESIAN_POINT('',(2.405,-0.94,-0.0713043478260874));
#8439=CARTESIAN_POINT('Origin',(2.405,-0.800000000000002,-0.0513043478260874));
#8440=CARTESIAN_POINT('Origin',(1.39,-0.93,-0.0613043478260874));
#8441=CARTESIAN_POINT('',(0.0249999999999979,-0.94,-0.0713043478260874));
#8442=CARTESIAN_POINT('',(1.39,-0.94,-0.0713043478260874));
#8443=CARTESIAN_POINT('',(0.0249999999999979,-0.919999999999999,-0.0513043478260873));
#8444=CARTESIAN_POINT('',(0.0249999999999979,-0.94,-0.0713043478260874));
#8445=CARTESIAN_POINT('',(1.39,-0.92,-0.0513043478260874));
#8446=CARTESIAN_POINT('Origin',(0.0249999999999992,-0.8,-0.0613043478260874));
#8447=CARTESIAN_POINT('',(-0.115,-0.800000000000003,-0.0713043478260874));
#8448=CARTESIAN_POINT('Origin',(0.0249999999999992,-0.8,-0.0713043478260874));
#8449=CARTESIAN_POINT('',(-0.0949999999999996,-0.800000000000003,-0.0513043478260874));
#8450=CARTESIAN_POINT('',(-0.115,-0.800000000000003,-0.0713043478260874));
#8451=CARTESIAN_POINT('Origin',(0.0249999999999992,-0.8,-0.0513043478260874));
#8452=CARTESIAN_POINT('Origin',(-0.104999999999999,3.22857864376269,-0.0613043478260874));
#8453=CARTESIAN_POINT('',(-0.114999999999999,3.22857864376269,-0.0713043478260874));
#8454=CARTESIAN_POINT('',(-0.114999999999999,3.22857864376269,-0.0713043478260874));
#8455=CARTESIAN_POINT('',(-0.0949999999999991,3.22857864376269,-0.0513043478260873));
#8456=CARTESIAN_POINT('',(-0.114999999999999,3.22857864376269,-0.0713043478260874));
#8457=CARTESIAN_POINT('',(-0.0949999999999991,3.22857864376269,-0.0513043478260874));
#8458=CARTESIAN_POINT('Origin',(0.0250000000000001,3.22857864376269,-0.0613043478260874));
#8459=CARTESIAN_POINT('',(-0.0739949493661158,3.32757359312881,-0.0713043478260874));
#8460=CARTESIAN_POINT('Origin',(0.0250000000000001,3.22857864376269,-0.0713043478260874));
#8461=CARTESIAN_POINT('',(-0.0598528137423851,3.31343145750508,-0.0513043478260874));
#8462=CARTESIAN_POINT('',(-0.0739949493661158,3.32757359312881,-0.0713043478260874));
#8463=CARTESIAN_POINT('Origin',(0.0250000000000001,3.22857864376269,-0.0513043478260874));
#8464=CARTESIAN_POINT('Origin',(0.723786796564405,4.1112132034356,-0.0613043478260874));
#8465=CARTESIAN_POINT('',(0.102357864376268,3.50392640687119,-0.0713043478260874));
#8466=CARTESIAN_POINT('',(0.71671572875254,4.11828427124746,-0.0713043478260874));
#8467=CARTESIAN_POINT('',(0.116499999999998,3.48978427124746,-0.0513043478260874));
#8468=CARTESIAN_POINT('',(0.102357864376268,3.50392640687119,-0.0713043478260874));
#8469=CARTESIAN_POINT('',(0.730857864376271,4.10414213562373,-0.0513043478260874));
#8470=CARTESIAN_POINT('Ctrl Pts',(0.13132694437228,3.50461121561974,-0.051828410622195));
#8471=CARTESIAN_POINT('Ctrl Pts',(0.166709603943477,3.53999387519094,-0.0543326859527569));
#8472=CARTESIAN_POINT('Ctrl Pts',(0.201463904783894,3.57474817603135,-0.0659428142520799));
#8473=CARTESIAN_POINT('Ctrl Pts',(0.231568542494924,3.60485281374239,-0.0855504393148238));
#8474=CARTESIAN_POINT('Ctrl Pts',(0.126384629581519,3.50909404818889,-0.0583203896901591));
#8475=CARTESIAN_POINT('Ctrl Pts',(0.161259982805402,3.54394123701418,-0.0599899065772004));
#8476=CARTESIAN_POINT('Ctrl Pts',(0.195814132393652,3.57825370405225,-0.070650934265884));
#8477=CARTESIAN_POINT('Ctrl Pts',(0.225934384275021,3.60798963763998,-0.0893847305548757));
#8478=CARTESIAN_POINT('Ctrl Pts',(0.121442314790759,3.51357688075803,-0.0648123687581233));
#8479=CARTESIAN_POINT('Ctrl Pts',(0.155810361667326,3.54788859883743,-0.0656471272016439));
#8480=CARTESIAN_POINT('Ctrl Pts',(0.19016436000341,3.58175923207315,-0.0753590542796881));
#8481=CARTESIAN_POINT('Ctrl Pts',(0.220300226055117,3.61112646153758,-0.0932190217949276));
#8482=CARTESIAN_POINT('Ctrl Pts',(0.116499999999998,3.51805971332718,-0.0713043478260874));
#8483=CARTESIAN_POINT('Ctrl Pts',(0.150360740529251,3.55183596066068,-0.0713043478260874));
#8484=CARTESIAN_POINT('Ctrl Pts',(0.184514587613169,3.58526476009404,-0.0800671742934923));
#8485=CARTESIAN_POINT('Ctrl Pts',(0.214666067835214,3.61426328543518,-0.0970533130349796));
#8486=CARTESIAN_POINT('',(0.13132694437228,3.50461121561974,-0.051828410622195));
#8487=CARTESIAN_POINT('',(0.13132694437228,3.50461121561974,-0.051828410622195));
#8488=CARTESIAN_POINT('',(0.231568542494924,3.60485281374239,-0.0855504393148232));
#8489=CARTESIAN_POINT('',(0.214666067835214,3.61426328543518,-0.0970533130349795));
#8490=CARTESIAN_POINT('Ctrl Pts',(0.231568542494924,3.60485281374239,-0.0855504393148238));
#8491=CARTESIAN_POINT('Ctrl Pts',(0.201463904783894,3.57474817603135,-0.0659428142520799));
#8492=CARTESIAN_POINT('Ctrl Pts',(0.166709603943477,3.53999387519094,-0.0543326859527569));
#8493=CARTESIAN_POINT('Ctrl Pts',(0.13132694437228,3.50461121561974,-0.051828410622195));
#8494=CARTESIAN_POINT('Ctrl Pts',(0.116499999999998,3.48978427124746,-0.0513043478260874));
#8495=CARTESIAN_POINT('Ctrl Pts',(0.12144613573072,3.49473040697818,-0.0513043478260874));
#8496=CARTESIAN_POINT('Ctrl Pts',(0.126392269775399,3.49967654102286,-0.0514791495997879));
#8497=CARTESIAN_POINT('Ctrl Pts',(0.13132694437228,3.50461121561974,-0.051828410622195));
#8498=CARTESIAN_POINT('Ctrl Pts',(0.111785954792088,3.49449831645537,-0.057971014492754));
#8499=CARTESIAN_POINT('Ctrl Pts',(0.116653580431846,3.49936594209513,-0.057971014492754));
#8500=CARTESIAN_POINT('Ctrl Pts',(0.121520706922884,3.50423405350355,-0.0580875490085544));
#8501=CARTESIAN_POINT('Ctrl Pts',(0.126384629581519,3.50909404818889,-0.0583203896901591));
#8502=CARTESIAN_POINT('Ctrl Pts',(0.107071909584178,3.49921236166328,-0.0646376811594207));
#8503=CARTESIAN_POINT('Ctrl Pts',(0.111861025132972,3.50400147721207,-0.0646376811594207));
#8504=CARTESIAN_POINT('Ctrl Pts',(0.116649144070368,3.50879156598425,-0.0646959484173209));
#8505=CARTESIAN_POINT('Ctrl Pts',(0.121442314790759,3.51357688075803,-0.0648123687581232));
#8506=CARTESIAN_POINT('Ctrl Pts',(0.102357864376267,3.50392640687119,-0.0713043478260874));
#8507=CARTESIAN_POINT('Ctrl Pts',(0.107068469834098,3.50863701232902,-0.0713043478260874));
#8508=CARTESIAN_POINT('Ctrl Pts',(0.111777581217853,3.51334907846494,-0.0713043478260874));
#8509=CARTESIAN_POINT('Ctrl Pts',(0.116499999999998,3.51805971332718,-0.0713043478260874));
#8510=CARTESIAN_POINT('Ctrl Pts',(0.13132694437228,3.50461121561974,-0.051828410622195));
#8511=CARTESIAN_POINT('Ctrl Pts',(0.126392269775399,3.49967654102286,-0.0514791495997879));
#8512=CARTESIAN_POINT('Ctrl Pts',(0.12144613573072,3.49473040697818,-0.0513043478260874));
#8513=CARTESIAN_POINT('Ctrl Pts',(0.116499999999998,3.48978427124746,-0.0513043478260874));
#8514=CARTESIAN_POINT('Ctrl Pts',(0.102357864376267,3.50392640687119,-0.0713043478260874));
#8515=CARTESIAN_POINT('Ctrl Pts',(0.107068469834098,3.50863701232902,-0.0713043478260874));
#8516=CARTESIAN_POINT('Ctrl Pts',(0.111777581217853,3.51334907846494,-0.0713043478260874));
#8517=CARTESIAN_POINT('Ctrl Pts',(0.116499999999998,3.51805971332718,-0.0713043478260874));
#8518=CARTESIAN_POINT('Ctrl Pts',(0.297786660092638,3.65858644094413,-0.186834549244251));
#8519=CARTESIAN_POINT('Ctrl Pts',(0.291655785880799,3.65766362721896,-0.173676642773863));
#8520=CARTESIAN_POINT('Ctrl Pts',(0.284049845549002,3.65606558788682,-0.161189089609392));
#8521=CARTESIAN_POINT('Ctrl Pts',(0.268434412753655,3.65091563731027,-0.140675554955086));
#8522=CARTESIAN_POINT('Ctrl Pts',(0.253572277452941,3.64486452538436,-0.124467961233687));
#8523=CARTESIAN_POINT('Ctrl Pts',(0.237725541693738,3.63437525074395,-0.112074829433727));
#8524=CARTESIAN_POINT('Ctrl Pts',(0.228236148010029,3.62692974734263,-0.105367635204412));
#8525=CARTESIAN_POINT('Ctrl Pts',(0.224575691138677,3.62377680606432,-0.102967201370227));
#8526=CARTESIAN_POINT('Ctrl Pts',(0.220983252743932,3.62033089017689,-0.100766229224857));
#8527=CARTESIAN_POINT('Ctrl Pts',(0.303998225380378,3.65239096062942,-0.1844213592824));
#8528=CARTESIAN_POINT('Ctrl Pts',(0.29775232201063,3.65177567245693,-0.170992084068072));
#8529=CARTESIAN_POINT('Ctrl Pts',(0.290028385852844,3.65053220114839,-0.15831219612232));
#8530=CARTESIAN_POINT('Ctrl Pts',(0.274239205625285,3.64604051810558,-0.137530592457027));
#8531=CARTESIAN_POINT('Ctrl Pts',(0.259255531888987,3.64056979076624,-0.121150410522851));
#8532=CARTESIAN_POINT('Ctrl Pts',(0.243389931038302,3.63063888364504,-0.108606086491168));
#8533=CARTESIAN_POINT('Ctrl Pts',(0.233913867617179,3.62352942651721,-0.101798765849805));
#8534=CARTESIAN_POINT('Ctrl Pts',(0.230264285527161,3.62050714879544,-0.0993591706450668));
#8535=CARTESIAN_POINT('Ctrl Pts',(0.226688792863782,3.61719264152438,-0.097116544283413));
#8536=CARTESIAN_POINT('Ctrl Pts',(0.310209790668118,3.64619548031471,-0.182008169320549));
#8537=CARTESIAN_POINT('Ctrl Pts',(0.303849705717268,3.64588795474684,-0.168311055476796));
#8538=CARTESIAN_POINT('Ctrl Pts',(0.296006670975794,3.64499786871585,-0.155434138716615));
#8539=CARTESIAN_POINT('Ctrl Pts',(0.280044509641097,3.64116522290762,-0.134385839465494));
#8540=CARTESIAN_POINT('Ctrl Pts',(0.264939514549664,3.6362749565411,-0.117833844915436));
#8541=CARTESIAN_POINT('Ctrl Pts',(0.24905491846142,3.62690112975702,-0.105135659853071));
#8542=CARTESIAN_POINT('Ctrl Pts',(0.23959137994261,3.62012977406475,-0.0982308097932232));
#8543=CARTESIAN_POINT('Ctrl Pts',(0.235953098095003,3.61723697077415,-0.0957504647517767));
#8544=CARTESIAN_POINT('Ctrl Pts',(0.232394332983632,3.61405439287188,-0.0934668593419686));
#8545=CARTESIAN_POINT('Ctrl Pts',(0.316421355955859,3.64,-0.179594979358697));
#8546=CARTESIAN_POINT('Ctrl Pts',(0.309946241847099,3.63999999998481,-0.165626496771004));
#8547=CARTESIAN_POINT('Ctrl Pts',(0.301985211279636,3.63946448197742,-0.152557245229543));
#8548=CARTESIAN_POINT('Ctrl Pts',(0.285849302512726,3.63629010370293,-0.131240876967436));
#8549=CARTESIAN_POINT('Ctrl Pts',(0.27062276898571,3.63198022192298,-0.1145162942046));
#8550=CARTESIAN_POINT('Ctrl Pts',(0.254719307805984,3.62316476265811,-0.101666916910512));
#8551=CARTESIAN_POINT('Ctrl Pts',(0.24526909954976,3.61672945323933,-0.0946619404386168));
#8552=CARTESIAN_POINT('Ctrl Pts',(0.241641692483486,3.61396731350527,-0.0921424340266161));
#8553=CARTESIAN_POINT('Ctrl Pts',(0.238099873103482,3.61091614421937,-0.0898171744005243));
#8554=CARTESIAN_POINT('',(0.316421356082931,3.64,-0.179594979299793));
#8555=CARTESIAN_POINT('',(0.297786660092638,3.65858644094413,-0.186834549244251));
#8556=CARTESIAN_POINT('',(0.238099873103482,3.61091614421937,-0.0898171744005245));
#8557=CARTESIAN_POINT('Ctrl Pts',(0.316421355955859,3.64,-0.179594979358697));
#8558=CARTESIAN_POINT('Ctrl Pts',(0.309946241847099,3.63999999998481,-0.165626496771004));
#8559=CARTESIAN_POINT('Ctrl Pts',(0.301985211279636,3.63946448197742,-0.152557245229543));
#8560=CARTESIAN_POINT('Ctrl Pts',(0.285849302512726,3.63629010370293,-0.131240876967436));
#8561=CARTESIAN_POINT('Ctrl Pts',(0.27062276898571,3.63198022192298,-0.1145162942046));
#8562=CARTESIAN_POINT('Ctrl Pts',(0.254719307805984,3.62316476265811,-0.101666916910512));
#8563=CARTESIAN_POINT('Ctrl Pts',(0.24526909954976,3.61672945323933,-0.0946619404386168));
#8564=CARTESIAN_POINT('Ctrl Pts',(0.241641692483486,3.61396731350527,-0.0921424340266161));
#8565=CARTESIAN_POINT('Ctrl Pts',(0.238099873103482,3.61091614421937,-0.0898171744005243));
#8566=CARTESIAN_POINT('',(0.238099873103482,3.61091614421937,-0.0898171744005245));
#8567=CARTESIAN_POINT('Ctrl Pts',(0.231568542494924,3.60485281374238,-0.0855504393148236));
#8568=CARTESIAN_POINT('Ctrl Pts',(0.23369123480333,3.60697550605079,-0.0869329822740288));
#8569=CARTESIAN_POINT('Ctrl Pts',(0.23587096796189,3.60899601047465,-0.0883538634350793));
#8570=CARTESIAN_POINT('Ctrl Pts',(0.238099873102999,3.61091614421896,-0.0898171744002076));
#8571=CARTESIAN_POINT('Ctrl Pts',(0.22593438427502,3.60798963763998,-0.0893847305548756));
#8572=CARTESIAN_POINT('Ctrl Pts',(0.228058177545996,3.61008633244548,-0.0907056594320675));
#8573=CARTESIAN_POINT('Ctrl Pts',(0.230213402936106,3.61210765667291,-0.092065518532366));
#8574=CARTESIAN_POINT('Ctrl Pts',(0.23239433298331,3.6140543928716,-0.0934668593417576));
#8575=CARTESIAN_POINT('Ctrl Pts',(0.220300226055117,3.61112646153758,-0.0932190217949275));
#8576=CARTESIAN_POINT('Ctrl Pts',(0.222425120288662,3.61319715884016,-0.0944783365901061));
#8577=CARTESIAN_POINT('Ctrl Pts',(0.224555837910322,3.61521930287117,-0.0957771736296527));
#8578=CARTESIAN_POINT('Ctrl Pts',(0.226688792863622,3.61719264152424,-0.0971165442833076));
#8579=CARTESIAN_POINT('Ctrl Pts',(0.214666067835214,3.61426328543518,-0.0970533130349795));
#8580=CARTESIAN_POINT('Ctrl Pts',(0.216792063031328,3.61630798523485,-0.0982510137481448));
#8581=CARTESIAN_POINT('Ctrl Pts',(0.218898272884537,3.61833094906943,-0.0994888287269394));
#8582=CARTESIAN_POINT('Ctrl Pts',(0.220983252743933,3.62033089017689,-0.100766229224858));
#8583=CARTESIAN_POINT('Ctrl Pts',(0.238099873102999,3.61091614421896,-0.0898171744002076));
#8584=CARTESIAN_POINT('Ctrl Pts',(0.23587096796189,3.60899601047465,-0.0883538634350793));
#8585=CARTESIAN_POINT('Ctrl Pts',(0.23369123480333,3.60697550605079,-0.0869329822740288));
#8586=CARTESIAN_POINT('Ctrl Pts',(0.231568542494924,3.60485281374238,-0.0855504393148236));
#8587=CARTESIAN_POINT('Origin',(0.116499999999998,3.65,-0.271304347826087));
#8588=CARTESIAN_POINT('',(0.336499999999998,3.64,-0.271304347826087));
#8589=CARTESIAN_POINT('',(0.316499999999998,3.66,-0.271304347826087));
#8590=CARTESIAN_POINT('',(0.33641349186104,3.64,-0.26513538539441));
#8591=CARTESIAN_POINT('Origin',(0.116499999999998,3.64,-0.271304347826087));
#8592=CARTESIAN_POINT('',(0.33641349186104,3.64,-0.26513538539441));
#8593=CARTESIAN_POINT('Origin',(0.326499999999998,3.65,-0.151304347826087));
#8594=CARTESIAN_POINT('',(0.336499999999999,3.64,-0.600000000000011));
#8595=CARTESIAN_POINT('',(0.316499999999997,3.66,-0.600000000000011));
#8596=CARTESIAN_POINT('',(0.336499999999998,3.64,-0.151304347826087));
#8597=CARTESIAN_POINT('Origin',(0.576199999999997,3.65,-0.600000000000011));
#8598=CARTESIAN_POINT('',(0.576199999999997,3.64,-0.839700000000011));
#8599=CARTESIAN_POINT('',(0.576199999999997,3.66,-0.859700000000011));
#8600=CARTESIAN_POINT('Origin',(0.576199999999997,3.64,-0.600000000000011));
#8601=CARTESIAN_POINT('Origin',(1.26988932188134,3.65,-0.849700000000011));
#8602=CARTESIAN_POINT('',(1.8538,3.64,-0.839700000000015));
#8603=CARTESIAN_POINT('',(1.8538,3.66,-0.859700000000014));
#8604=CARTESIAN_POINT('',(1.26988932188134,3.64,-0.839700000000011));
#8605=CARTESIAN_POINT('Origin',(1.8538,3.65,-0.600000000000014));
#8606=CARTESIAN_POINT('',(2.0935,3.64,-0.600000000000016));
#8607=CARTESIAN_POINT('',(2.1135,3.66,-0.600000000000016));
#8608=CARTESIAN_POINT('Origin',(1.8538,3.64,-0.600000000000014));
#8609=CARTESIAN_POINT('Origin',(2.1035,3.65,-0.285652173913052));
#8610=CARTESIAN_POINT('',(2.0935,3.64,-0.271304347826086));
#8611=CARTESIAN_POINT('',(2.1135,3.66,-0.271304347826086));
#8612=CARTESIAN_POINT('',(2.0935,3.64,-0.285652173913052));
#8613=CARTESIAN_POINT('Origin',(2.3135,3.65,-0.271304347826087));
#8614=CARTESIAN_POINT('',(2.09358650813896,3.64,-0.265135385394327));
#8615=CARTESIAN_POINT('',(2.11357864376269,3.66,-0.26569620016085));
#8616=CARTESIAN_POINT('Origin',(2.3135,3.64,-0.271304347826087));
#8617=CARTESIAN_POINT('Ctrl Pts',(0.316421355955859,3.64,-0.179594979358697));
#8618=CARTESIAN_POINT('Ctrl Pts',(0.319884024818523,3.64,-0.187064844583317));
#8619=CARTESIAN_POINT('Ctrl Pts',(0.322916329359352,3.64,-0.194782502589064));
#8620=CARTESIAN_POINT('Ctrl Pts',(0.332264035956517,3.64,-0.22314074483292));
#8621=CARTESIAN_POINT('Ctrl Pts',(0.335841091942694,3.64,-0.244730257923017));
#8622=CARTESIAN_POINT('Ctrl Pts',(0.33641349186104,3.64,-0.26513538539441));
#8623=CARTESIAN_POINT('Ctrl Pts',(0.310209790668118,3.64619548031471,-0.182008169320549));
#8624=CARTESIAN_POINT('Ctrl Pts',(0.313611199807955,3.64635854905623,-0.189334264233332));
#8625=CARTESIAN_POINT('Ctrl Pts',(0.316586769019811,3.64646339446421,-0.196886008457907));
#8626=CARTESIAN_POINT('Ctrl Pts',(0.325733219531732,3.6466943457199,-0.224581757572659));
#8627=CARTESIAN_POINT('Ctrl Pts',(0.329191280984732,3.64665831743499,-0.245536925492824));
#8628=CARTESIAN_POINT('Ctrl Pts',(0.32974944665313,3.64666666666667,-0.265322323649916));
#8629=CARTESIAN_POINT('Ctrl Pts',(0.303998225380378,3.65239096062942,-0.1844213592824));
#8630=CARTESIAN_POINT('Ctrl Pts',(0.307338066279263,3.65272138100605,-0.191601526522235));
#8631=CARTESIAN_POINT('Ctrl Pts',(0.310256748422621,3.65292395968638,-0.198991064736436));
#8632=CARTESIAN_POINT('Ctrl Pts',(0.319203556393131,3.6533988349057,-0.226017548483748));
#8633=CARTESIAN_POINT('Ctrl Pts',(0.322550735440967,3.65334168256501,-0.246336985767889));
#8634=CARTESIAN_POINT('Ctrl Pts',(0.32308540144522,3.65333333333333,-0.265509261905421));
#8635=CARTESIAN_POINT('Ctrl Pts',(0.297786660092638,3.65858644094413,-0.186834549244252));
#8636=CARTESIAN_POINT('Ctrl Pts',(0.301065241268694,3.65907993006229,-0.19387094617225));
#8637=CARTESIAN_POINT('Ctrl Pts',(0.30392718808308,3.65938735415059,-0.201094570605279));
#8638=CARTESIAN_POINT('Ctrl Pts',(0.312672739968347,3.6600931806256,-0.227458561223486));
#8639=CARTESIAN_POINT('Ctrl Pts',(0.315900924483005,3.66,-0.247143653337695));
#8640=CARTESIAN_POINT('Ctrl Pts',(0.316421356237309,3.66,-0.265696200160926));
#8641=CARTESIAN_POINT('Ctrl Pts',(0.33641349186104,3.64,-0.26513538539441));
#8642=CARTESIAN_POINT('Ctrl Pts',(0.335841091942694,3.64,-0.244730257923017));
#8643=CARTESIAN_POINT('Ctrl Pts',(0.332264035956517,3.64,-0.22314074483292));
#8644=CARTESIAN_POINT('Ctrl Pts',(0.322916329359352,3.64,-0.194782502589064));
#8645=CARTESIAN_POINT('Ctrl Pts',(0.319884024818523,3.64,-0.187064844583317));
#8646=CARTESIAN_POINT('Ctrl Pts',(0.316421355955859,3.64,-0.179594979358697));
#8647=CARTESIAN_POINT('Ctrl Pts',(2.11357864404414,3.64,-0.179594979358693));
#8648=CARTESIAN_POINT('Ctrl Pts',(2.1200537581529,3.63999999998481,-0.165626496771001));
#8649=CARTESIAN_POINT('Ctrl Pts',(2.12801236730661,3.63946057754038,-0.152561096686438));
#8650=CARTESIAN_POINT('Ctrl Pts',(2.14172220006022,3.63673806076501,-0.134500248954888));
#8651=CARTESIAN_POINT('Ctrl Pts',(2.15586735228734,3.6331944461463,-0.11786706941402));
#8652=CARTESIAN_POINT('Ctrl Pts',(2.17236176473796,3.62517136103208,-0.103809033744871));
#8653=CARTESIAN_POINT('Ctrl Pts',(2.18473098277916,3.61672630748856,-0.0946646150813572));
#8654=CARTESIAN_POINT('Ctrl Pts',(2.18835830751652,3.61396731350526,-0.0921424340266134));
#8655=CARTESIAN_POINT('Ctrl Pts',(2.19190012689652,3.61091614421937,-0.0898171744005221));
#8656=CARTESIAN_POINT('Ctrl Pts',(2.11979020933188,3.64619548031471,-0.182008169320544));
#8657=CARTESIAN_POINT('Ctrl Pts',(2.12615063653326,3.64588806728915,-0.168310941878373));
#8658=CARTESIAN_POINT('Ctrl Pts',(2.13399036615354,3.64499378279276,-0.155438162966197));
#8659=CARTESIAN_POINT('Ctrl Pts',(2.14755398933842,3.64171333792588,-0.137604335558816));
#8660=CARTESIAN_POINT('Ctrl Pts',(2.1615713862404,3.63761526775334,-0.121154863193423));
#8661=CARTESIAN_POINT('Ctrl Pts',(2.17802057250769,3.62901065935524,-0.107246978647483));
#8662=CARTESIAN_POINT('Ctrl Pts',(2.19040915559237,3.62012684495671,-0.0982334769797703));
#8663=CARTESIAN_POINT('Ctrl Pts',(2.19404659585938,3.6172368221752,-0.0957504649901989));
#8664=CARTESIAN_POINT('Ctrl Pts',(2.19760566701637,3.61405439287188,-0.0934668593419665));
#8665=CARTESIAN_POINT('Ctrl Pts',(2.12600177461962,3.65239096062942,-0.184421359282396));
#8666=CARTESIAN_POINT('Ctrl Pts',(2.13224733573884,3.65177555991462,-0.170992197666489));
#8667=CARTESIAN_POINT('Ctrl Pts',(2.13997012304559,3.65052888166872,-0.158316247625583));
#8668=CARTESIAN_POINT('Ctrl Pts',(2.15338653209057,3.64668901632581,-0.140708390620094));
#8669=CARTESIAN_POINT('Ctrl Pts',(2.16727631144408,3.64203656305214,-0.124442126055118));
#8670=CARTESIAN_POINT('Ctrl Pts',(2.18368292937613,3.63285295590661,-0.110686825490542));
#8671=CARTESIAN_POINT('Ctrl Pts',(2.19608602028966,3.62352625318821,-0.101801548894323));
#8672=CARTESIAN_POINT('Ctrl Pts',(2.19973602051846,3.62050729739439,-0.0993591704066398));
#8673=CARTESIAN_POINT('Ctrl Pts',(2.20331120713622,3.61719264152438,-0.097116544283411));
#8674=CARTESIAN_POINT('Ctrl Pts',(2.13221333990736,3.65858644094413,-0.186834549244247));
#8675=CARTESIAN_POINT('Ctrl Pts',(2.1383442141192,3.65766362721896,-0.17367664277386));
#8676=CARTESIAN_POINT('Ctrl Pts',(2.14594812189253,3.6560620869211,-0.161193313905342));
#8677=CARTESIAN_POINT('Ctrl Pts',(2.15921832136877,3.65166429348668,-0.143812477224022));
#8678=CARTESIAN_POINT('Ctrl Pts',(2.17298034539713,3.64645738465918,-0.127729919834522));
#8679=CARTESIAN_POINT('Ctrl Pts',(2.18934173714586,3.63669225422978,-0.114124770393154));
#8680=CARTESIAN_POINT('Ctrl Pts',(2.20176419310288,3.62692679065636,-0.105370410792736));
#8681=CARTESIAN_POINT('Ctrl Pts',(2.20542430886132,3.62377680606432,-0.102967201370225));
#8682=CARTESIAN_POINT('Ctrl Pts',(2.20901674725607,3.62033089017689,-0.100766229224856));
#8683=CARTESIAN_POINT('',(2.11357864391707,3.64,-0.179594979299788));
#8684=CARTESIAN_POINT('',(2.11357864391707,3.64,-0.179594979299788));
#8685=CARTESIAN_POINT('',(2.19190012689652,3.61091614421937,-0.0898171744005221));
#8686=CARTESIAN_POINT('',(2.20901674725607,3.62033089017689,-0.100766229224856));
#8687=CARTESIAN_POINT('Ctrl Pts',(2.19190012689652,3.61091614421937,-0.0898171744005221));
#8688=CARTESIAN_POINT('Ctrl Pts',(2.18835830751652,3.61396731350526,-0.0921424340266134));
#8689=CARTESIAN_POINT('Ctrl Pts',(2.18473098277916,3.61672630748856,-0.0946646150813572));
#8690=CARTESIAN_POINT('Ctrl Pts',(2.17236176473796,3.62517136103208,-0.103809033744871));
#8691=CARTESIAN_POINT('Ctrl Pts',(2.15586735228734,3.6331944461463,-0.11786706941402));
#8692=CARTESIAN_POINT('Ctrl Pts',(2.14172220006022,3.63673806076501,-0.134500248954888));
#8693=CARTESIAN_POINT('Ctrl Pts',(2.12801236730661,3.63946057754038,-0.152561096686438));
#8694=CARTESIAN_POINT('Ctrl Pts',(2.1200537581529,3.63999999998481,-0.165626496771001));
#8695=CARTESIAN_POINT('Ctrl Pts',(2.11357864404414,3.64,-0.179594979358693));
#8696=CARTESIAN_POINT('Ctrl Pts',(2.09358650813896,3.64,-0.265135385394326));
#8697=CARTESIAN_POINT('Ctrl Pts',(2.0943785788531,3.64,-0.23689935081418));
#8698=CARTESIAN_POINT('Ctrl Pts',(2.10109324019658,3.64,-0.206529199093597));
#8699=CARTESIAN_POINT('Ctrl Pts',(2.11357864404414,3.64,-0.179594979358692));
#8700=CARTESIAN_POINT('Ctrl Pts',(2.10025055334687,3.64666666666667,-0.265322323649834));
#8701=CARTESIAN_POINT('Ctrl Pts',(2.10101865337228,3.64666666666667,-0.237940805192615));
#8702=CARTESIAN_POINT('Ctrl Pts',(2.10752606151561,3.64678860767581,-0.208421401059092));
#8703=CARTESIAN_POINT('Ctrl Pts',(2.11979020933188,3.64619548031471,-0.182008169320544));
#8704=CARTESIAN_POINT('Ctrl Pts',(2.10691459855478,3.65333333333333,-0.265509261905342));
#8705=CARTESIAN_POINT('Ctrl Pts',(2.10765872789147,3.65333333333333,-0.238982259571049));
#8706=CARTESIAN_POINT('Ctrl Pts',(2.11395888283464,3.65357721535161,-0.210313603024587));
#8707=CARTESIAN_POINT('Ctrl Pts',(2.12600177461962,3.65239096062942,-0.184421359282395));
#8708=CARTESIAN_POINT('Ctrl Pts',(2.11357864376269,3.66,-0.26569620016085));
#8709=CARTESIAN_POINT('Ctrl Pts',(2.11429880241066,3.66,-0.240023713949484));
#8710=CARTESIAN_POINT('Ctrl Pts',(2.12039170415367,3.66036582302742,-0.212205804990082));
#8711=CARTESIAN_POINT('Ctrl Pts',(2.13221333990736,3.65858644094413,-0.186834549244247));
#8712=CARTESIAN_POINT('Ctrl Pts',(2.11357864404414,3.64,-0.179594979358692));
#8713=CARTESIAN_POINT('Ctrl Pts',(2.10109324019658,3.64,-0.206529199093597));
#8714=CARTESIAN_POINT('Ctrl Pts',(2.0943785788531,3.64,-0.23689935081418));
#8715=CARTESIAN_POINT('Ctrl Pts',(2.09358650813896,3.64,-0.265135385394326));
#8716=CARTESIAN_POINT('Ctrl Pts',(2.3135,3.51805971332718,-0.0713043478260873));
#8717=CARTESIAN_POINT('Ctrl Pts',(2.27963925947075,3.55183596066068,-0.0713043478260873));
#8718=CARTESIAN_POINT('Ctrl Pts',(2.24548541238683,3.58526476009405,-0.0800671742934914));
#8719=CARTESIAN_POINT('Ctrl Pts',(2.21533393216479,3.61426328543518,-0.0970533130349775));
#8720=CARTESIAN_POINT('Ctrl Pts',(2.30855768520924,3.51357688075804,-0.0648123687581232));
#8721=CARTESIAN_POINT('Ctrl Pts',(2.27418963833267,3.54788859883743,-0.0656471272016438));
#8722=CARTESIAN_POINT('Ctrl Pts',(2.23983563999659,3.58175923207315,-0.0753590542796873));
#8723=CARTESIAN_POINT('Ctrl Pts',(2.20969977394488,3.61112646153758,-0.0932190217949255));
#8724=CARTESIAN_POINT('Ctrl Pts',(2.30361537041848,3.50909404818889,-0.058320389690159));
#8725=CARTESIAN_POINT('Ctrl Pts',(2.2687400171946,3.54394123701419,-0.0599899065772002));
#8726=CARTESIAN_POINT('Ctrl Pts',(2.23418586760635,3.57825370405225,-0.0706509342658831));
#8727=CARTESIAN_POINT('Ctrl Pts',(2.20406561572498,3.60798963763998,-0.0893847305548735));
#8728=CARTESIAN_POINT('Ctrl Pts',(2.29867305562772,3.50461121561974,-0.0518284106221949));
#8729=CARTESIAN_POINT('Ctrl Pts',(2.26329039605652,3.53999387519094,-0.0543326859527567));
#8730=CARTESIAN_POINT('Ctrl Pts',(2.22853609521611,3.57474817603136,-0.0659428142520789));
#8731=CARTESIAN_POINT('Ctrl Pts',(2.19843145750508,3.60485281374239,-0.0855504393148215));
#8732=CARTESIAN_POINT('',(2.29867305562772,3.50461121561975,-0.0518284106221949));
#8733=CARTESIAN_POINT('',(2.3135,3.51805971332718,-0.0713043478260873));
#8734=CARTESIAN_POINT('',(2.19843145750508,3.60485281374239,-0.0855504393148209));
#8735=CARTESIAN_POINT('Ctrl Pts',(2.29867305562772,3.50461121561974,-0.0518284106221949));
#8736=CARTESIAN_POINT('Ctrl Pts',(2.26329039605652,3.53999387519094,-0.0543326859527567));
#8737=CARTESIAN_POINT('Ctrl Pts',(2.22853609521611,3.57474817603136,-0.0659428142520789));
#8738=CARTESIAN_POINT('Ctrl Pts',(2.19843145750508,3.60485281374239,-0.0855504393148215));
#8739=CARTESIAN_POINT('',(2.19843145750508,3.60485281374239,-0.0855504393148209));
#8740=CARTESIAN_POINT('Ctrl Pts',(2.191900126897,3.61091614421895,-0.0898171744002049));
#8741=CARTESIAN_POINT('Ctrl Pts',(2.19412903203811,3.60899601047465,-0.0883538634350767));
#8742=CARTESIAN_POINT('Ctrl Pts',(2.19630876519667,3.60697550605079,-0.0869329822740264));
#8743=CARTESIAN_POINT('Ctrl Pts',(2.19843145750508,3.60485281374239,-0.0855504393148213));
#8744=CARTESIAN_POINT('Ctrl Pts',(2.19760566701669,3.6140543928716,-0.093466859341755));
#8745=CARTESIAN_POINT('Ctrl Pts',(2.1997865970639,3.61210765667291,-0.0920655185323635));
#8746=CARTESIAN_POINT('Ctrl Pts',(2.20194182245401,3.61008633244548,-0.0907056594320651));
#8747=CARTESIAN_POINT('Ctrl Pts',(2.20406561572498,3.60798963763998,-0.0893847305548734));
#8748=CARTESIAN_POINT('Ctrl Pts',(2.20331120713638,3.61719264152424,-0.0971165442833052));
#8749=CARTESIAN_POINT('Ctrl Pts',(2.20544416208968,3.61521930287117,-0.0957771736296504));
#8750=CARTESIAN_POINT('Ctrl Pts',(2.20757487971134,3.61319715884016,-0.0944783365901039));
#8751=CARTESIAN_POINT('Ctrl Pts',(2.20969977394488,3.61112646153758,-0.0932190217949254));
#8752=CARTESIAN_POINT('Ctrl Pts',(2.20901674725607,3.62033089017689,-0.100766229224855));
#8753=CARTESIAN_POINT('Ctrl Pts',(2.21110172711546,3.61833094906943,-0.0994888287269372));
#8754=CARTESIAN_POINT('Ctrl Pts',(2.21320793696867,3.61630798523485,-0.0982510137481427));
#8755=CARTESIAN_POINT('Ctrl Pts',(2.21533393216479,3.61426328543518,-0.0970533130349775));
#8756=CARTESIAN_POINT('Ctrl Pts',(2.19843145750508,3.60485281374239,-0.0855504393148213));
#8757=CARTESIAN_POINT('Ctrl Pts',(2.19630876519667,3.60697550605079,-0.0869329822740264));
#8758=CARTESIAN_POINT('Ctrl Pts',(2.19412903203811,3.60899601047465,-0.0883538634350767));
#8759=CARTESIAN_POINT('Ctrl Pts',(2.191900126897,3.61091614421895,-0.0898171744002049));
#8760=CARTESIAN_POINT('Ctrl Pts',(2.29867305562772,3.50461121561974,-0.0518284106221949));
#8761=CARTESIAN_POINT('Ctrl Pts',(2.3036077302246,3.49967654102286,-0.0514791495997877));
#8762=CARTESIAN_POINT('Ctrl Pts',(2.30855386426928,3.49473040697819,-0.0513043478260872));
#8763=CARTESIAN_POINT('Ctrl Pts',(2.3135,3.48978427124746,-0.0513043478260872));
#8764=CARTESIAN_POINT('Ctrl Pts',(2.30361537041848,3.50909404818889,-0.058320389690159));
#8765=CARTESIAN_POINT('Ctrl Pts',(2.30847929307711,3.50423405350356,-0.0580875490085543));
#8766=CARTESIAN_POINT('Ctrl Pts',(2.31334641956815,3.49936594209513,-0.0579710144927539));
#8767=CARTESIAN_POINT('Ctrl Pts',(2.31821404520791,3.49449831645537,-0.0579710144927539));
#8768=CARTESIAN_POINT('Ctrl Pts',(2.30855768520924,3.51357688075804,-0.0648123687581232));
#8769=CARTESIAN_POINT('Ctrl Pts',(2.31335085592963,3.50879156598425,-0.0646959484173208));
#8770=CARTESIAN_POINT('Ctrl Pts',(2.31813897486703,3.50400147721208,-0.0646376811594206));
#8771=CARTESIAN_POINT('Ctrl Pts',(2.32292809041582,3.49921236166328,-0.0646376811594206));
#8772=CARTESIAN_POINT('Ctrl Pts',(2.3135,3.51805971332718,-0.0713043478260874));
#8773=CARTESIAN_POINT('Ctrl Pts',(2.31822241878215,3.51334907846495,-0.0713043478260874));
#8774=CARTESIAN_POINT('Ctrl Pts',(2.3229315301659,3.50863701232902,-0.0713043478260874));
#8775=CARTESIAN_POINT('Ctrl Pts',(2.32764213562373,3.50392640687119,-0.0713043478260874));
#8776=CARTESIAN_POINT('Ctrl Pts',(2.3135,3.48978427124746,-0.0513043478260872));
#8777=CARTESIAN_POINT('Ctrl Pts',(2.30855386426928,3.49473040697819,-0.0513043478260872));
#8778=CARTESIAN_POINT('Ctrl Pts',(2.3036077302246,3.49967654102286,-0.0514791495997877));
#8779=CARTESIAN_POINT('Ctrl Pts',(2.29867305562772,3.50461121561974,-0.0518284106221949));
#8780=CARTESIAN_POINT('Ctrl Pts',(2.3135,3.51805971332718,-0.0713043478260874));
#8781=CARTESIAN_POINT('Ctrl Pts',(2.31822241878215,3.51334907846495,-0.0713043478260874));
#8782=CARTESIAN_POINT('Ctrl Pts',(2.3229315301659,3.50863701232902,-0.0713043478260874));
#8783=CARTESIAN_POINT('Ctrl Pts',(2.32764213562373,3.50392640687119,-0.0713043478260874));
#8784=CARTESIAN_POINT('Origin',(2.605,3.22857864376269,-0.0713043478260874));
#8785=CARTESIAN_POINT('',(2.605,0.98,-0.0713043478260874));
#8786=CARTESIAN_POINT('',(2.605,0.0999999999999994,-0.0713043478260874));
#8787=CARTESIAN_POINT('',(2.78355345135893,0.979999999999997,-0.0713043478260873));
#8788=CARTESIAN_POINT('',(2.7,0.979999999999999,-0.0713043478260873));
#8789=CARTESIAN_POINT('',(2.78355345135893,-0.800000000000009,-0.0713043478260874));
#8790=CARTESIAN_POINT('',(2.78355345135893,0.764289321881341,-0.0713043478260874));
#8791=CARTESIAN_POINT('',(2.405,-1.17855345135893,-0.0713043478260874));
#8792=CARTESIAN_POINT('Origin',(2.405,-0.800000000000002,-0.0713043478260874));
#8793=CARTESIAN_POINT('',(0.0249999999999913,-1.17855345135893,-0.0713043478260874));
#8794=CARTESIAN_POINT('',(1.39,-1.17855345135893,-0.0713043478260874));
#8795=CARTESIAN_POINT('',(-0.353553451358929,-0.8,-0.0713043478260874));
#8796=CARTESIAN_POINT('Origin',(0.0249999999999992,-0.8,-0.0713043478260874));
#8797=CARTESIAN_POINT('',(-0.35355345135893,0.98,-0.0713043478260874));
#8798=CARTESIAN_POINT('',(-0.35355345135893,1.20428932188134,-0.0713043478260874));
#8799=CARTESIAN_POINT('',(-0.175,0.98,-0.0713043478260874));
#8800=CARTESIAN_POINT('',(1.7975,0.98,-0.0713043478260874));
#8801=CARTESIAN_POINT('',(-0.175,1.82,-0.0713043478260874));
#8802=CARTESIAN_POINT('',(-0.175,3.22857864376269,-0.0713043478260874));
#8803=CARTESIAN_POINT('',(1.7975,1.82,-0.0713043478260874));
#8804=CARTESIAN_POINT('Origin',(0.316421356237309,3.52,0.0943478260869563));
#8805=CARTESIAN_POINT('',(0.316421356237309,3.64,0.26));
#8806=CARTESIAN_POINT('',(0.316421356237309,3.64,0.26));
#8807=CARTESIAN_POINT('',(0.231568542494925,3.60485281374239,0.26));
#8808=CARTESIAN_POINT('Origin',(0.316421356237309,3.52,0.26));
#8809=CARTESIAN_POINT('',(0.231568542494925,3.60485281374239,0.26));
#8810=CARTESIAN_POINT('Origin',(1.96357864376269,3.64,-0.0713043478260874));
#8811=CARTESIAN_POINT('',(2.11357864376269,3.64,0.26));
#8812=CARTESIAN_POINT('',(2.11357864376269,3.64,0.26));
#8813=CARTESIAN_POINT('',(1.96357864376269,3.64,0.26));
#8814=CARTESIAN_POINT('',(0.74506207472443,3.64,-0.0513043478260874));
#8815=CARTESIAN_POINT('',(0.545588512378925,3.64,-0.364096038861406));
#8816=CARTESIAN_POINT('Origin',(0.74506207472443,3.64,-0.271304347826087));
#8817=CARTESIAN_POINT('',(1.68493792527557,3.64,-0.0513043478260874));
#8818=CARTESIAN_POINT('',(2.20928932188135,3.64,-0.0513043478260874));
#8819=CARTESIAN_POINT('',(1.88441148762107,3.64,-0.364096038861406));
#8820=CARTESIAN_POINT('Origin',(1.68493792527557,3.64,-0.271304347826087));
#8821=CARTESIAN_POINT('',(1.7038,3.64,-0.65000000000001));
#8822=CARTESIAN_POINT('Origin',(1.7038,3.64,-0.450000000000011));
#8823=CARTESIAN_POINT('',(0.726199999999999,3.64,-0.65000000000001));
#8824=CARTESIAN_POINT('',(1.83368932188134,3.64,-0.65000000000001));
#8825=CARTESIAN_POINT('Origin',(0.726199999999999,3.64,-0.45000000000001));
#8826=CARTESIAN_POINT('Origin',(2.11357864376269,3.52,0.0943478260869563));
#8827=CARTESIAN_POINT('',(2.19843145750508,3.60485281374239,0.26));
#8828=CARTESIAN_POINT('',(2.19843145750508,3.60485281374239,0.26));
#8829=CARTESIAN_POINT('Origin',(2.11357864376269,3.52,0.26));
#8830=CARTESIAN_POINT('Origin',(0.74506207472443,3.65,-0.271304347826087));
#8831=CARTESIAN_POINT('',(0.567954852012195,3.66,-0.364218456890096));
#8832=CARTESIAN_POINT('',(0.74506207472443,3.66,-0.0713043478260874));
#8833=CARTESIAN_POINT('Origin',(0.74506207472443,3.66,-0.271304347826087));
#8834=CARTESIAN_POINT('',(0.74506207472443,3.66,-0.0713043478260874));
#8835=CARTESIAN_POINT('Ctrl Pts',(0.545588512378926,3.64,-0.364096038861406));
#8836=CARTESIAN_POINT('Ctrl Pts',(0.552978977933178,3.64668758995544,-0.364127644075943));
#8837=CARTESIAN_POINT('Ctrl Pts',(0.560477544712262,3.65340218353419,-0.364167637524307));
#8838=CARTESIAN_POINT('Ctrl Pts',(0.567954852012195,3.66,-0.364218456890096));
#8839=CARTESIAN_POINT('Origin',(2.20928932188135,3.65,-0.0613043478260874));
#8840=CARTESIAN_POINT('',(1.68493792527557,3.66,-0.0713043478260874));
#8841=CARTESIAN_POINT('',(1.68493792527557,3.66,-0.0713043478260874));
#8842=CARTESIAN_POINT('',(2.20928932188135,3.66,-0.0713043478260874));
#8843=CARTESIAN_POINT('Origin',(1.68493792527557,3.65,-0.271304347826087));
#8844=CARTESIAN_POINT('',(1.8620451479878,3.66,-0.364218456890096));
#8845=CARTESIAN_POINT('Origin',(1.68493792527557,3.66,-0.271304347826087));
#8846=CARTESIAN_POINT('Ctrl Pts',(1.88441148762107,3.64,-0.364096038861406));
#8847=CARTESIAN_POINT('Ctrl Pts',(1.87702102206681,3.64668758995545,-0.364127644075943));
#8848=CARTESIAN_POINT('Ctrl Pts',(1.86952245528773,3.6534021835342,-0.364167637524307));
#8849=CARTESIAN_POINT('Ctrl Pts',(1.8620451479878,3.66,-0.364218456890096));
#8850=CARTESIAN_POINT('Origin',(0.726199999999999,3.65,-0.45000000000001));
#8851=CARTESIAN_POINT('',(0.726199999999999,3.66,-0.63000000000001));
#8852=CARTESIAN_POINT('',(0.726199999999999,3.64,-0.65000000000001));
#8853=CARTESIAN_POINT('Origin',(0.726199999999999,3.66,-0.45000000000001));
#8854=CARTESIAN_POINT('Origin',(1.83368932188134,3.65,-0.64000000000001));
#8855=CARTESIAN_POINT('',(1.7038,3.66,-0.63000000000001));
#8856=CARTESIAN_POINT('',(1.7038,3.64,-0.65000000000001));
#8857=CARTESIAN_POINT('',(1.83368932188134,3.66,-0.63000000000001));
#8858=CARTESIAN_POINT('Origin',(1.7038,3.65,-0.450000000000011));
#8859=CARTESIAN_POINT('Origin',(1.7038,3.66,-0.450000000000011));
#8860=CARTESIAN_POINT('Origin',(1.68493792527557,3.91855345135893,-0.271304347826087));
#8861=CARTESIAN_POINT('',(1.68493792527557,3.89855345135893,-0.0713043478260874));
#8862=CARTESIAN_POINT('',(1.68493792527557,3.91855345135893,-0.0713043478260874));
#8863=CARTESIAN_POINT('',(1.8620451479878,3.89855345135893,-0.364218456890096));
#8864=CARTESIAN_POINT('Origin',(1.68493792527557,3.89855345135893,-0.271304347826087));
#8865=CARTESIAN_POINT('',(1.8620451479878,3.91855345135893,-0.364218456890096));
#8866=CARTESIAN_POINT('Origin',(2.455,3.22857864376269,-0.0713043478260874));
#8867=CARTESIAN_POINT('',(0.74506207472443,3.89855345135893,-0.0713043478260874));
#8868=CARTESIAN_POINT('',(0.74506207472443,3.91855345135893,-0.0713043478260874));
#8869=CARTESIAN_POINT('',(1.38571067811865,3.89855345135893,-0.0713043478260874));
#8870=CARTESIAN_POINT('Origin',(0.74506207472443,3.91855345135893,-0.271304347826087));
#8871=CARTESIAN_POINT('',(0.567954852012195,3.89855345135893,-0.364218456890096));
#8872=CARTESIAN_POINT('',(0.567954852012195,3.91855345135893,-0.364218456890096));
#8873=CARTESIAN_POINT('Origin',(0.74506207472443,3.89855345135893,-0.271304347826087));
#8874=CARTESIAN_POINT('Origin',(0.74506207472443,3.90855345135893,-0.271304347826087));
#8875=CARTESIAN_POINT('',(0.545588512378925,3.91855345135893,-0.364096038861406));
#8876=CARTESIAN_POINT('',(0.74506207472443,3.91855345135893,-0.0513043478260874));
#8877=CARTESIAN_POINT('Origin',(0.74506207472443,3.91855345135893,-0.271304347826087));
#8878=CARTESIAN_POINT('',(0.74506207472443,3.91855345135893,-0.0513043478260874));
#8879=CARTESIAN_POINT('Ctrl Pts',(0.545588512378925,3.91855345135893,-0.364096038861406));
#8880=CARTESIAN_POINT('Ctrl Pts',(0.552978977933193,3.91186586140348,-0.364127644075944));
#8881=CARTESIAN_POINT('Ctrl Pts',(0.560477544712268,3.90515126782473,-0.364167637524307));
#8882=CARTESIAN_POINT('Ctrl Pts',(0.567954852012195,3.89855345135893,-0.364218456890096));
#8883=CARTESIAN_POINT('Origin',(1.38571067811865,3.90855345135893,-0.0613043478260874));
#8884=CARTESIAN_POINT('',(1.68493792527557,3.91855345135893,-0.0513043478260874));
#8885=CARTESIAN_POINT('',(1.38571067811865,3.91855345135893,-0.0513043478260874));
#8886=CARTESIAN_POINT('',(1.68493792527557,3.91855345135893,-0.0513043478260874));
#8887=CARTESIAN_POINT('Origin',(1.68493792527557,3.90855345135893,-0.271304347826087));
#8888=CARTESIAN_POINT('',(1.88441148762107,3.91855345135893,-0.364096038861406));
#8889=CARTESIAN_POINT('Origin',(1.68493792527557,3.91855345135893,-0.271304347826087));
#8890=CARTESIAN_POINT('Ctrl Pts',(1.88441148762107,3.91855345135893,-0.364096038861406));
#8891=CARTESIAN_POINT('Ctrl Pts',(1.87702102206682,3.9118658614035,-0.364127644075943));
#8892=CARTESIAN_POINT('Ctrl Pts',(1.86952245528774,3.90515126782474,-0.364167637524307));
#8893=CARTESIAN_POINT('Ctrl Pts',(1.8620451479878,3.89855345135893,-0.364218456890096));
#8894=CARTESIAN_POINT('Origin',(1.7038,3.90855345135893,-0.450000000000011));
#8895=CARTESIAN_POINT('',(1.7038,3.91855345135893,-0.65000000000001));
#8896=CARTESIAN_POINT('Origin',(1.7038,3.91855345135893,-0.450000000000011));
#8897=CARTESIAN_POINT('',(1.7038,3.89855345135893,-0.63000000000001));
#8898=CARTESIAN_POINT('',(1.7038,3.91855345135893,-0.65000000000001));
#8899=CARTESIAN_POINT('Origin',(1.7038,3.89855345135893,-0.450000000000011));
#8900=CARTESIAN_POINT('Origin',(1.01011067811865,3.90855345135893,-0.64000000000001));
#8901=CARTESIAN_POINT('',(0.726199999999999,3.91855345135893,-0.65000000000001));
#8902=CARTESIAN_POINT('',(1.01011067811865,3.91855345135893,-0.65000000000001));
#8903=CARTESIAN_POINT('',(0.726199999999999,3.89855345135893,-0.63000000000001));
#8904=CARTESIAN_POINT('',(0.726199999999999,3.91855345135893,-0.65000000000001));
#8905=CARTESIAN_POINT('',(1.01011067811865,3.89855345135893,-0.63000000000001));
#8906=CARTESIAN_POINT('Origin',(0.726199999999999,3.90855345135893,-0.45000000000001));
#8907=CARTESIAN_POINT('Origin',(0.726199999999999,3.89855345135893,-0.45000000000001));
#8908=CARTESIAN_POINT('Origin',(0.726199999999999,3.91855345135893,-0.45000000000001));
#8909=CARTESIAN_POINT('Origin',(1.7038,3.91855345135893,-0.63000000000001));
#8910=CARTESIAN_POINT('',(1.7038,3.91855345135893,-0.63000000000001));
#8911=CARTESIAN_POINT('',(0.726199999999999,3.91855345135893,-0.63000000000001));
#8912=CARTESIAN_POINT('Origin',(0.726199999999999,3.91855345135893,-0.45000000000001));
#8913=CARTESIAN_POINT('Origin',(0.316421356237309,3.91855345135893,-0.0713043478260874));
#8914=CARTESIAN_POINT('',(0.316421356237309,3.91855345135893,0.51));
#8915=CARTESIAN_POINT('',(0.316421356237309,3.91855345135893,0.229347826086956));
#8916=CARTESIAN_POINT('',(2.11357864376269,3.91855345135893,0.51));
#8917=CARTESIAN_POINT('',(1.43571067811865,3.91855345135893,0.51));
#8918=CARTESIAN_POINT('',(2.11357864376269,3.91855345135893,-0.0713043478260874));
#8919=CARTESIAN_POINT('',(2.11357864376269,3.91855345135893,0.229347826086956));
#8920=CARTESIAN_POINT('',(2.1135,3.91855345135893,-0.0713043478260874));
#8921=CARTESIAN_POINT('',(1.46071067811865,3.91855345135893,-0.0713043478260874));
#8922=CARTESIAN_POINT('',(2.1135,3.91855345135893,-0.385652173913058));
#8923=CARTESIAN_POINT('Origin',(0.231568542494925,3.60485281374239,-0.0713043478260874));
#8924=CARTESIAN_POINT('',(-0.0598528137423851,3.31343145750508,0.26));
#8925=CARTESIAN_POINT('',(0.231568542494925,3.60485281374239,0.26));
#8926=CARTESIAN_POINT('',(-0.0598528137423851,3.31343145750508,0.26));
#8927=CARTESIAN_POINT('Origin',(0.316421356237309,3.52,0.229347826086956));
#8928=CARTESIAN_POINT('',(0.0346015081161077,3.8018198481212,0.51));
#8929=CARTESIAN_POINT('',(0.0346015081161077,3.8018198481212,-0.0713043478260873));
#8930=CARTESIAN_POINT('Origin',(0.316421356237309,3.52,0.51));
#8931=CARTESIAN_POINT('Origin',(2.48985281374239,3.31343145750508,-0.0713043478260874));
#8932=CARTESIAN_POINT('',(2.48985281374239,3.31343145750508,0.26));
#8933=CARTESIAN_POINT('',(2.48985281374239,3.31343145750508,0.26));
#8934=CARTESIAN_POINT('',(2.48985281374239,3.31343145750508,0.26));
#8935=CARTESIAN_POINT('Origin',(1.7038,3.91855345135893,-0.450000000000011));
#8936=CARTESIAN_POINT('Origin',(-0.373553451358929,0.98,0.53));
#8937=CARTESIAN_POINT('',(-0.373553451358929,1.82,0.51));
#8938=CARTESIAN_POINT('',(-0.373553451358929,1.82,-0.0713043478260873));
#8939=CARTESIAN_POINT('',(-0.373553451358929,3.22857864376269,0.51));
#8940=CARTESIAN_POINT('',(-0.37355345135893,2.10428932188134,0.51));
#8941=CARTESIAN_POINT('',(-0.373553451358929,3.22857864376269,-0.0713043478260873));
#8942=CARTESIAN_POINT('Origin',(0.0250000000000001,3.22857864376269,0.229347826086956));
#8943=CARTESIAN_POINT('',(-0.256819848121202,3.51039849188389,0.51));
#8944=CARTESIAN_POINT('Origin',(0.0250000000000001,3.22857864376269,0.51));
#8945=CARTESIAN_POINT('',(-0.256819848121202,3.51039849188389,0.229347826086956));
#8946=CARTESIAN_POINT('Origin',(-0.256819848121203,3.51039849188389,-0.0713043478260873));
#8947=CARTESIAN_POINT('',(0.300680151878799,4.06789849188389,0.51));
#8948=CARTESIAN_POINT('Origin',(-0.0949999999999991,3.22857864376269,-0.0713043478260874));
#8949=CARTESIAN_POINT('',(-0.0949999999999991,3.22857864376269,0.26));
#8950=CARTESIAN_POINT('',(-0.0949999999999991,3.22857864376269,0.26));
#8951=CARTESIAN_POINT('',(-0.0949999999999996,-0.800000000000003,0.26));
#8952=CARTESIAN_POINT('',(-0.0949999999999991,2.32857864376269,0.26));
#8953=CARTESIAN_POINT('',(-0.0949999999999996,-0.800000000000003,0.26));
#8954=CARTESIAN_POINT('Origin',(0.0250000000000001,3.22857864376269,0.0943478260869563));
#8955=CARTESIAN_POINT('Origin',(0.0249999999999983,3.22857864376269,0.26));
#8956=CARTESIAN_POINT('Origin',(0.0249999999999992,-0.8,0.0943478260869563));
#8957=CARTESIAN_POINT('',(0.00500000000000085,-0.918321595661992,0.26));
#8958=CARTESIAN_POINT('Origin',(0.0249999999999992,-0.8,0.26));
#8959=CARTESIAN_POINT('',(0.00749546293959602,-0.918716431812587,0.262495462938927));
#8960=CARTESIAN_POINT('Origin',(0.0249999999999992,-0.8,0.28));
#8961=CARTESIAN_POINT('',(0.0249999999999979,-0.919999999999999,0.21659006299925));
#8962=CARTESIAN_POINT('Ctrl Pts',(0.0249999999999979,-0.919999999999999,
0.21659006299925));
#8963=CARTESIAN_POINT('Ctrl Pts',(0.0165202777177795,-0.919999999999999,
0.230701173840897));
#8964=CARTESIAN_POINT('Ctrl Pts',(0.0105627865414857,-0.919168703489212,
0.246323229847228));
#8965=CARTESIAN_POINT('Ctrl Pts',(0.00749546293985827,-0.918716431812576,
0.262495462938976));
#8966=CARTESIAN_POINT('',(0.0249999999999979,-0.919999999999999,0.26));
#8967=CARTESIAN_POINT('Origin',(2.405,-0.800000000000002,0.0943478260869563));
#8968=CARTESIAN_POINT('',(2.405,-0.92,0.216590062999249));
#8969=CARTESIAN_POINT('',(2.405,-0.92,0.26));
#8970=CARTESIAN_POINT('',(2.4225045370604,-0.918716431812588,0.262495462938926));
#8971=CARTESIAN_POINT('Ctrl Pts',(2.42250453706014,-0.918716431812577,0.262495462938976));
#8972=CARTESIAN_POINT('Ctrl Pts',(2.41943721345851,-0.919168703489213,0.246323229847227));
#8973=CARTESIAN_POINT('Ctrl Pts',(2.41347972228222,-0.92,0.230701173840897));
#8974=CARTESIAN_POINT('Ctrl Pts',(2.405,-0.92,0.21659006299925));
#8975=CARTESIAN_POINT('',(2.425,-0.918321595661993,0.26));
#8976=CARTESIAN_POINT('Origin',(2.405,-0.800000000000002,0.279999999999999));
#8977=CARTESIAN_POINT('',(2.525,-0.800000000000003,0.26));
#8978=CARTESIAN_POINT('Origin',(2.405,-0.800000000000002,0.26));
#8979=CARTESIAN_POINT('',(2.525,-0.800000000000003,0.26));
#8980=CARTESIAN_POINT('Origin',(2.405,3.22857864376269,0.0943478260869563));
#8981=CARTESIAN_POINT('',(2.525,3.22857864376269,0.26));
#8982=CARTESIAN_POINT('',(2.525,3.22857864376269,0.26));
#8983=CARTESIAN_POINT('Origin',(2.405,3.22857864376269,0.26));
#8984=CARTESIAN_POINT('Origin',(2.525,0.1,-0.0713043478260874));
#8985=CARTESIAN_POINT('',(2.525,-0.799999999999999,0.26));
#8986=CARTESIAN_POINT('Origin',(2.79355345135893,0.764289321881341,-0.0613043478260874));
#8987=CARTESIAN_POINT('',(2.80355345135893,0.98,-0.0513043478260874));
#8988=CARTESIAN_POINT('',(2.80355345135893,-0.800000000000009,-0.0513043478260874));
#8989=CARTESIAN_POINT('',(2.80355345135893,0.764289321881341,-0.0513043478260874));
#8990=CARTESIAN_POINT('',(2.80355345135893,-0.800000000000009,-0.0513043478260874));
#8991=CARTESIAN_POINT('',(2.49282813199745,0.98,-0.362029667187558));
#8992=CARTESIAN_POINT('Origin',(2.80355345135893,-0.800000000000009,0.53));
#8993=CARTESIAN_POINT('',(2.80355345135893,-0.800000000000009,0.51));
#8994=CARTESIAN_POINT('',(2.80355345135893,0.98,0.51));
#8995=CARTESIAN_POINT('',(2.80355345135893,0.764289321881341,0.51));
#8996=CARTESIAN_POINT('',(2.80355345135893,-0.800000000000009,-0.0713043478260873));
#8997=CARTESIAN_POINT('',(2.80355345135893,0.98,0.384673913043478));
#8998=CARTESIAN_POINT('Origin',(2.78355345135893,0.764289321881341,0.53));
#8999=CARTESIAN_POINT('',(2.76355345135893,3.22857864376269,0.55));
#9000=CARTESIAN_POINT('',(2.76355345135893,-0.800000000000008,0.55));
#9001=CARTESIAN_POINT('',(2.76355345135893,0.764289321881341,0.55));
#9002=CARTESIAN_POINT('',(2.80355345135893,-0.800000000000009,0.51));
#9003=CARTESIAN_POINT('',(2.79791375222016,0.98,0.515639699138764));
#9004=CARTESIAN_POINT('',(2.48282813199746,0.98,0.83072531936147));
#9005=CARTESIAN_POINT('',(2.79791375222016,1.33214466094067,0.515639699138764));
#9006=CARTESIAN_POINT('',(2.80355345135893,3.22857864376269,0.51));
#9007=CARTESIAN_POINT('Origin',(2.375,0.1,0.26));
#9008=CARTESIAN_POINT('',(2.425,3.17887301627792,0.26));
#9009=CARTESIAN_POINT('',(2.425,1.,0.26));
#9010=CARTESIAN_POINT('',(2.38399494936612,3.27786796564404,0.26));
#9011=CARTESIAN_POINT('Origin',(2.285,3.17887301627792,0.26));
#9012=CARTESIAN_POINT('',(2.16286796564404,3.49899494936612,0.26));
#9013=CARTESIAN_POINT('',(3.0062867965644,2.65557611844575,0.26));
#9014=CARTESIAN_POINT('',(2.06387301627792,3.54,0.26));
#9015=CARTESIAN_POINT('Origin',(2.06387301627792,3.4,0.26));
#9016=CARTESIAN_POINT('',(0.366126983722081,3.54,0.260000000000002));
#9017=CARTESIAN_POINT('',(2.16928932188135,3.54,0.26));
#9018=CARTESIAN_POINT('',(0.267132034355965,3.49899494936612,0.260000000000002));
#9019=CARTESIAN_POINT('Origin',(0.366126983722081,3.4,0.260000000000002));
#9020=CARTESIAN_POINT('',(0.0460050506338842,3.27786796564404,0.260000000000002));
#9021=CARTESIAN_POINT('',(0.186923881554253,3.4187867965644,0.260000000000002));
#9022=CARTESIAN_POINT('',(0.00500000000000084,3.17887301627792,0.260000000000002));
#9023=CARTESIAN_POINT('Origin',(0.145000000000001,3.17887301627792,0.260000000000002));
#9024=CARTESIAN_POINT('',(0.00500000000000092,2.11428932188134,0.260000000000002));
#9025=CARTESIAN_POINT('Origin',(2.255,2.32857864376269,0.55));
#9026=CARTESIAN_POINT('',(2.425,-1.15799521991418,0.55));
#9027=CARTESIAN_POINT('',(2.425,3.17887301627792,0.55));
#9028=CARTESIAN_POINT('',(2.425,1.21428932188135,0.55));
#9029=CARTESIAN_POINT('Origin',(2.405,-0.800000000000002,0.55));
#9030=CARTESIAN_POINT('',(2.65853557687374,3.48211422063643,0.55));
#9031=CARTESIAN_POINT('Origin',(2.405,3.22857864376269,0.55));
#9032=CARTESIAN_POINT('',(2.36711422063643,3.77353557687374,0.55));
#9033=CARTESIAN_POINT('',(2.51282489875508,3.62782489875509,0.55));
#9034=CARTESIAN_POINT('',(2.11357864376269,3.87855345135893,0.55));
#9035=CARTESIAN_POINT('Origin',(2.11357864376269,3.52,0.55));
#9036=CARTESIAN_POINT('',(0.316421356237309,3.87855345135893,0.55));
#9037=CARTESIAN_POINT('',(1.28571067811865,3.87855345135893,0.55));
#9038=CARTESIAN_POINT('',(0.0628857793635696,3.77353557687374,0.55));
#9039=CARTESIAN_POINT('Origin',(0.316421356237309,3.52,0.55));
#9040=CARTESIAN_POINT('',(-0.22853557687374,3.48211422063643,0.55));
#9041=CARTESIAN_POINT('',(0.328964423126262,4.03961422063643,0.55));
#9042=CARTESIAN_POINT('',(-0.333553451358929,3.22857864376269,0.55));
#9043=CARTESIAN_POINT('Origin',(0.0250000000000001,3.22857864376269,0.55));
#9044=CARTESIAN_POINT('',(-0.333553451358929,-0.8,0.55));
#9045=CARTESIAN_POINT('',(-0.33355345135893,2.10428932188134,0.55));
#9046=CARTESIAN_POINT('',(0.00499999999998779,-1.15799521991418,0.55));
#9047=CARTESIAN_POINT('Origin',(0.0249999999999992,-0.8,0.55));
#9048=CARTESIAN_POINT('',(0.00500000000000084,3.17887301627792,0.55));
#9049=CARTESIAN_POINT('',(0.00500000000000006,2.32857864376269,0.55));
#9050=CARTESIAN_POINT('',(0.0460050506338841,3.27786796564404,0.55));
#9051=CARTESIAN_POINT('Origin',(0.145000000000001,3.17887301627792,0.55));
#9052=CARTESIAN_POINT('',(0.267132034355965,3.49899494936612,0.55));
#9053=CARTESIAN_POINT('',(0.714068542494925,3.94593145750508,0.55));
#9054=CARTESIAN_POINT('',(0.366126983722081,3.54,0.55));
#9055=CARTESIAN_POINT('Origin',(0.366126983722081,3.4,0.55));
#9056=CARTESIAN_POINT('',(2.06387301627792,3.54,0.55));
#9057=CARTESIAN_POINT('',(2.10928932188135,3.54,0.55));
#9058=CARTESIAN_POINT('',(2.16286796564404,3.49899494936612,0.55));
#9059=CARTESIAN_POINT('Origin',(2.06387301627792,3.4,0.55));
#9060=CARTESIAN_POINT('',(2.38399494936612,3.27786796564404,0.55));
#9061=CARTESIAN_POINT('',(2.41914213562373,3.24272077938642,0.55));
#9062=CARTESIAN_POINT('Origin',(2.285,3.17887301627792,0.55));
#9063=CARTESIAN_POINT('Origin',(2.405,1.21428932188135,0.53));
#9064=CARTESIAN_POINT('',(2.385,3.17887301627792,0.51));
#9065=CARTESIAN_POINT('',(2.385,-1.15855345135893,0.51));
#9066=CARTESIAN_POINT('',(2.385,1.21428932188135,0.51));
#9067=CARTESIAN_POINT('',(2.40512548767591,-1.17842794287701,0.530125487675906));
#9068=CARTESIAN_POINT('Ctrl Pts',(2.40512548767591,-1.17842794287701,0.530125487675906));
#9069=CARTESIAN_POINT('Ctrl Pts',(2.39841699178394,-1.17180311237098,0.523416991783937));
#9070=CARTESIAN_POINT('Ctrl Pts',(2.39170849589197,-1.16517828186495,0.516708495891968));
#9071=CARTESIAN_POINT('Ctrl Pts',(2.385,-1.15855345135893,0.51));
#9072=CARTESIAN_POINT('Ctrl Pts',(2.40512548767591,-1.178427942877,0.530125487675906));
#9073=CARTESIAN_POINT('Ctrl Pts',(2.41533846194727,-1.16821158139568,0.540338461947267));
#9074=CARTESIAN_POINT('Ctrl Pts',(2.425,-1.15799521991418,0.55));
#9075=CARTESIAN_POINT('',(2.425,3.17887301627792,0.55));
#9076=CARTESIAN_POINT('Origin',(2.405,-0.800000000000002,-0.0613043478260873));
#9077=CARTESIAN_POINT('',(2.405,-1.19855345135893,-0.0513043478260873));
#9078=CARTESIAN_POINT('',(2.405,-1.19855345135893,-0.0513043478260873));
#9079=CARTESIAN_POINT('Origin',(2.405,-0.800000000000002,-0.0513043478260873));
#9080=CARTESIAN_POINT('Origin',(1.39,-1.18855345135893,-0.0613043478260874));
#9081=CARTESIAN_POINT('',(0.0249999999999911,-1.19855345135893,-0.0513043478260874));
#9082=CARTESIAN_POINT('',(0.0249999999999911,-1.19855345135893,-0.0513043478260874));
#9083=CARTESIAN_POINT('',(1.39,-1.19855345135893,-0.0513043478260874));
#9084=CARTESIAN_POINT('Origin',(0.0249999999999992,-0.8,-0.0613043478260873));
#9085=CARTESIAN_POINT('',(-0.373553451358929,-0.8,-0.0513043478260873));
#9086=CARTESIAN_POINT('',(-0.373553451358929,-0.8,-0.0513043478260873));
#9087=CARTESIAN_POINT('Origin',(0.0249999999999992,-0.8,-0.0513043478260873));
#9088=CARTESIAN_POINT('Origin',(0.145,0.565012596201881,0.288701088508527));
#9089=CARTESIAN_POINT('',(0.145,-1.15855345135893,0.188701088508527));
#9090=CARTESIAN_POINT('',(0.0592857142857079,-1.15855345135893,0.237193213144766));
#9091=CARTESIAN_POINT('Origin',(0.145,-1.15855345135893,0.288701088508527));
#9092=CARTESIAN_POINT('',(0.145,-0.96,0.188701088508527));
#9093=CARTESIAN_POINT('',(0.145,0.565012596201881,0.188701088508527));
#9094=CARTESIAN_POINT('',(0.0592857142857127,-0.96,0.237193213144758));
#9095=CARTESIAN_POINT('Origin',(0.145,-0.96,0.288701088508527));
#9096=CARTESIAN_POINT('',(0.0467680196429799,-0.96,0.269980029907634));
#9097=CARTESIAN_POINT('Ctrl Pts',(0.0467680196429799,-0.96,0.269980029907634));
#9098=CARTESIAN_POINT('Ctrl Pts',(0.0489694774178979,-0.96,0.258428676882531));
#9099=CARTESIAN_POINT('Ctrl Pts',(0.0532287697984139,-0.96,0.247272578031649));
#9100=CARTESIAN_POINT('Ctrl Pts',(0.0592857142857127,-0.96,0.237193213144758));
#9101=CARTESIAN_POINT('',(0.0449999999999997,-0.96,0.288701088508527));
#9102=CARTESIAN_POINT('Ctrl Pts',(0.0449999999999998,-0.96,0.288701088508812));
#9103=CARTESIAN_POINT('Ctrl Pts',(0.0449999999999819,-0.96,0.282423696678185));
#9104=CARTESIAN_POINT('Ctrl Pts',(0.0455928254397606,-0.96,0.276146436217629));
#9105=CARTESIAN_POINT('Ctrl Pts',(0.0467680196429799,-0.96,0.269980029907634));
#9106=CARTESIAN_POINT('',(0.0449999999999997,-1.15855345135893,0.288701088508527));
#9107=CARTESIAN_POINT('',(0.0450000000000007,0.565012596201881,0.288701088508527));
#9108=CARTESIAN_POINT('Ctrl Pts',(0.0592857142857079,-1.15855345135893,
0.237193213144766));
#9109=CARTESIAN_POINT('Ctrl Pts',(0.0499954186382463,-1.15855345135893,
0.252653199600682));
#9110=CARTESIAN_POINT('Ctrl Pts',(0.0449999999999997,-1.15855345135893,
0.270664437643293));
#9111=CARTESIAN_POINT('Ctrl Pts',(0.0449999999999997,-1.15855345135893,
0.288701088508527));
#9112=CARTESIAN_POINT('Ctrl Pts',(0.0337010885085271,-0.948218350365073,
0.300000000000002));
#9113=CARTESIAN_POINT('Ctrl Pts',(0.0337010885085271,-0.948218350365073,
0.29623369616951));
#9114=CARTESIAN_POINT('Ctrl Pts',(0.0337010885085271,-0.948218350365073,
0.292467392339019));
#9115=CARTESIAN_POINT('Ctrl Pts',(0.0337010885085271,-0.948218350365073,
0.288701088508527));
#9116=CARTESIAN_POINT('Ctrl Pts',(0.0374673923390183,-0.952145566910049,
0.300000000000002));
#9117=CARTESIAN_POINT('Ctrl Pts',(0.0374673923390183,-0.952145566910049,
0.29623369616951));
#9118=CARTESIAN_POINT('Ctrl Pts',(0.0374673923390183,-0.952145566910049,
0.292467392339019));
#9119=CARTESIAN_POINT('Ctrl Pts',(0.0374673923390183,-0.952145566910049,
0.288701088508527));
#9120=CARTESIAN_POINT('Ctrl Pts',(0.0412336961695094,-0.956072783455025,
0.300000000000002));
#9121=CARTESIAN_POINT('Ctrl Pts',(0.0412336961695094,-0.956072783455025,
0.29623369616951));
#9122=CARTESIAN_POINT('Ctrl Pts',(0.0412336961695094,-0.956072783455025,
0.292467392339019));
#9123=CARTESIAN_POINT('Ctrl Pts',(0.0412336961695094,-0.956072783455025,
0.288701088508527));
#9124=CARTESIAN_POINT('Ctrl Pts',(0.0450000000000005,-0.960000000000001,
0.300000000000002));
#9125=CARTESIAN_POINT('Ctrl Pts',(0.0450000000000005,-0.960000000000001,
0.29623369616951));
#9126=CARTESIAN_POINT('Ctrl Pts',(0.0450000000000005,-0.960000000000001,
0.292467392339019));
#9127=CARTESIAN_POINT('Ctrl Pts',(0.0450000000000005,-0.960000000000001,
0.288701088508527));
#9128=CARTESIAN_POINT('',(0.0337010885085272,-0.948218350365073,0.288701088508527));
#9129=CARTESIAN_POINT('',(0.0450000000000005,-0.960000000000001,0.300000000000002));
#9130=CARTESIAN_POINT('Ctrl Pts',(0.0450000000000005,-0.960000000000001,
0.3));
#9131=CARTESIAN_POINT('Ctrl Pts',(0.0412336961695094,-0.956072783455025,
0.296233696169509));
#9132=CARTESIAN_POINT('Ctrl Pts',(0.0374673923390183,-0.952145566910049,
0.292467392339018));
#9133=CARTESIAN_POINT('Ctrl Pts',(0.0337010885085272,-0.948218350365073,
0.288701088508527));
#9134=CARTESIAN_POINT('Ctrl Pts',(0.0450000000000005,-0.960000000000001,
0.300000000000002));
#9135=CARTESIAN_POINT('Ctrl Pts',(0.0450000000000005,-0.960000000000001,
0.29623369616951));
#9136=CARTESIAN_POINT('Ctrl Pts',(0.0450000000000005,-0.960000000000001,
0.292467392339019));
#9137=CARTESIAN_POINT('Ctrl Pts',(0.0450000000000005,-0.960000000000001,
0.288701088508527));
#9138=CARTESIAN_POINT('',(0.00503498086554356,-0.918327503189075,0.288701088508527));
#9139=CARTESIAN_POINT('Ctrl Pts',(0.00503498086554358,-0.918327503189075,
0.288701088508926));
#9140=CARTESIAN_POINT('Ctrl Pts',(0.00503498086551872,-0.918327503189071,
0.279914935832044));
#9141=CARTESIAN_POINT('Ctrl Pts',(0.00585804751581516,-0.918474997678013,
0.27112861266325));
#9142=CARTESIAN_POINT('Ctrl Pts',(0.00749546293985828,-0.918716431812576,
0.262495462938976));
#9143=CARTESIAN_POINT('Ctrl Pts',(0.0183566539103623,-0.932218335459384,
0.288701088508888));
#9144=CARTESIAN_POINT('Ctrl Pts',(0.0183566539103398,-0.932218335459381,
0.280751189447425));
#9145=CARTESIAN_POINT('Ctrl Pts',(0.0191029734904636,-0.932316665118676,
0.27280122051471));
#9146=CARTESIAN_POINT('Ctrl Pts',(0.0205863151742322,-0.932477621208384,
0.264990318595195));
#9147=CARTESIAN_POINT('Ctrl Pts',(0.031678326955181,-0.946109167729692,
0.28870108850885));
#9148=CARTESIAN_POINT('Ctrl Pts',(0.0316783269551608,-0.94610916772969,
0.281587443062805));
#9149=CARTESIAN_POINT('Ctrl Pts',(0.0323478994651121,-0.946158332559338,
0.274473828366169));
#9150=CARTESIAN_POINT('Ctrl Pts',(0.033677167408606,-0.946238810604192,
0.267485174251415));
#9151=CARTESIAN_POINT('Ctrl Pts',(0.0449999999999998,-0.96,0.288701088508812));
#9152=CARTESIAN_POINT('Ctrl Pts',(0.0449999999999819,-0.96,0.282423696678185));
#9153=CARTESIAN_POINT('Ctrl Pts',(0.0455928254397606,-0.96,0.276146436217629));
#9154=CARTESIAN_POINT('Ctrl Pts',(0.0467680196429799,-0.96,0.269980029907634));
#9155=CARTESIAN_POINT('Ctrl Pts',(0.0337010885085299,-0.948218350365076,
0.28870108850853));
#9156=CARTESIAN_POINT('Ctrl Pts',(0.0313647222876494,-0.94578216452062,
0.286364722287649));
#9157=CARTESIAN_POINT('Ctrl Pts',(0.0290382268090284,-0.943284109315888,
0.284038226808882));
#9158=CARTESIAN_POINT('Ctrl Pts',(0.0203418864617557,-0.93375507675721,
0.27534188646161));
#9159=CARTESIAN_POINT('Ctrl Pts',(0.0136660026036456,-0.926029205287739,
0.268666002603646));
#9160=CARTESIAN_POINT('Ctrl Pts',(0.00749546293954794,-0.918716431812354,
0.262495462939549));
#9161=CARTESIAN_POINT('',(0.00749546293959602,-0.918716431812587,0.262495462938927));
#9162=CARTESIAN_POINT('Ctrl Pts',(0.00749546293985827,-0.918716431812576,
0.262495462938976));
#9163=CARTESIAN_POINT('Ctrl Pts',(0.0105627865414857,-0.919168703489212,
0.246323229847228));
#9164=CARTESIAN_POINT('Ctrl Pts',(0.0165202777177795,-0.919999999999999,
0.230701173840897));
#9165=CARTESIAN_POINT('Ctrl Pts',(0.0249999999999979,-0.919999999999999,
0.21659006299925));
#9166=CARTESIAN_POINT('Ctrl Pts',(0.0205863151742322,-0.932477621208384,
0.264990318595195));
#9167=CARTESIAN_POINT('Ctrl Pts',(0.0233650168336231,-0.932779135659475,
0.250358378858996));
#9168=CARTESIAN_POINT('Ctrl Pts',(0.0287564417446576,-0.933333333333333,
0.236224975237814));
#9169=CARTESIAN_POINT('Ctrl Pts',(0.0364285714285695,-0.933333333333333,
0.22345777971442));
#9170=CARTESIAN_POINT('Ctrl Pts',(0.033677167408606,-0.946238810604192,
0.267485174251415));
#9171=CARTESIAN_POINT('Ctrl Pts',(0.0361672471257605,-0.946389567829737,
0.254393527870763));
#9172=CARTESIAN_POINT('Ctrl Pts',(0.0409926057715357,-0.946666666666666,
0.241748776634732));
#9173=CARTESIAN_POINT('Ctrl Pts',(0.0478571428571411,-0.946666666666666,
0.230325496429589));
#9174=CARTESIAN_POINT('Ctrl Pts',(0.0467680196429799,-0.96,0.269980029907634));
#9175=CARTESIAN_POINT('Ctrl Pts',(0.0489694774178979,-0.96,0.258428676882531));
#9176=CARTESIAN_POINT('Ctrl Pts',(0.0532287697984139,-0.96,0.247272578031649));
#9177=CARTESIAN_POINT('Ctrl Pts',(0.0592857142857127,-0.96,0.237193213144758));
#9178=CARTESIAN_POINT('',(0.0249999999999979,-0.919999999999999,0.21659006299925));
#9179=CARTESIAN_POINT('Origin',(0.145,-0.94,0.288701088508527));
#9180=CARTESIAN_POINT('',(0.145,-0.92,0.148701088508527));
#9181=CARTESIAN_POINT('',(0.145,-0.96,0.188701088508527));
#9182=CARTESIAN_POINT('Origin',(0.145,-0.92,0.288701088508527));
#9183=CARTESIAN_POINT('Origin',(0.0249999999999992,-0.8,0.53));
#9184=CARTESIAN_POINT('',(0.0248745123240875,-1.178427942877,0.530125487675906));
#9185=CARTESIAN_POINT('',(0.0050031498328038,-1.19805147854706,0.51));
#9186=CARTESIAN_POINT('Ctrl Pts',(0.02487451233736,-1.1784279428639,0.530125487649368));
#9187=CARTESIAN_POINT('Ctrl Pts',(0.0182013705383305,-1.18501786019755,
0.523533356649781));
#9188=CARTESIAN_POINT('Ctrl Pts',(0.0115659765464594,-1.19157050049796,
0.516802095799448));
#9189=CARTESIAN_POINT('Ctrl Pts',(0.00500314983280379,-1.19805147854706,
0.51));
#9190=CARTESIAN_POINT('Ctrl Pts',(0.00499999999998785,-1.15799521991418,
0.55));
#9191=CARTESIAN_POINT('Ctrl Pts',(0.0146615380527241,-1.16821158139568,
0.540338461947266));
#9192=CARTESIAN_POINT('Ctrl Pts',(0.0248745123240875,-1.178427942877,0.530125487675906));
#9193=CARTESIAN_POINT('',(-0.373553451358929,-0.8,0.51));
#9194=CARTESIAN_POINT('',(-0.373553451358929,-0.8,0.51));
#9195=CARTESIAN_POINT('Origin',(0.0249999999999992,-0.8,0.51));
#9196=CARTESIAN_POINT('Origin',(0.0249999999999992,-0.8,0.229347826086956));
#9197=CARTESIAN_POINT('',(0.0249999999999911,-1.19855345135893,0.216590062999262));
#9198=CARTESIAN_POINT('',(0.0249999999999911,-1.19855345135893,-0.0713043478260873));
#9199=CARTESIAN_POINT('',(0.00500314983281591,-1.19805147854707,0.288701088508527));
#9200=CARTESIAN_POINT('Ctrl Pts',(0.00500314983281591,-1.19805147854707,
0.288701088508527));
#9201=CARTESIAN_POINT('Ctrl Pts',(0.00500314983281583,-1.19805147854707,
0.263450345421547));
#9202=CARTESIAN_POINT('Ctrl Pts',(0.011993586093545,-1.19855345135893,0.238234044037544));
#9203=CARTESIAN_POINT('Ctrl Pts',(0.0249999999999912,-1.19855345135893,
0.216590062999262));
#9204=CARTESIAN_POINT('Ctrl Pts',(0.00500314983280379,-1.19805147854706,
0.51));
#9205=CARTESIAN_POINT('Ctrl Pts',(0.00500314983280364,-1.19805147854706,
0.436233874260781));
#9206=CARTESIAN_POINT('Ctrl Pts',(0.00500314983280349,-1.19805147854706,
0.362467748521562));
#9207=CARTESIAN_POINT('Ctrl Pts',(0.00500314983280333,-1.19805147854706,
0.288701622782343));
#9208=CARTESIAN_POINT('',(-0.373553451358929,-0.8,-0.0713043478260873));
#9209=CARTESIAN_POINT('Ctrl Pts',(0.00500314983280333,-1.19805147854706,
0.288701622782343));
#9210=CARTESIAN_POINT('Ctrl Pts',(0.0050031498328035,-1.19805147854706,
0.369176244413532));
#9211=CARTESIAN_POINT('Ctrl Pts',(0.00500314983280367,-1.19805147854706,
0.449650866044721));
#9212=CARTESIAN_POINT('Ctrl Pts',(0.00500314983280384,-1.19805147854706,
0.53012548767591));
#9213=CARTESIAN_POINT('Ctrl Pts',(0.0183354332218691,-1.18488546948435,
0.288701622782343));
#9214=CARTESIAN_POINT('Ctrl Pts',(0.0183354332218692,-1.18488546948435,
0.369176244413532));
#9215=CARTESIAN_POINT('Ctrl Pts',(0.0183354332218693,-1.18488546948435,
0.449650866044721));
#9216=CARTESIAN_POINT('Ctrl Pts',(0.0183354332218694,-1.18488546948435,
0.53012548767591));
#9217=CARTESIAN_POINT('Ctrl Pts',(0.0316677166109348,-1.17171946042164,
0.288701622782343));
#9218=CARTESIAN_POINT('Ctrl Pts',(0.0316677166109348,-1.17171946042164,
0.369176244413532));
#9219=CARTESIAN_POINT('Ctrl Pts',(0.0316677166109349,-1.17171946042164,
0.449650866044721));
#9220=CARTESIAN_POINT('Ctrl Pts',(0.0316677166109349,-1.17171946042164,
0.53012548767591));
#9221=CARTESIAN_POINT('Ctrl Pts',(0.0450000000000005,-1.15855345135893,
0.288701622782343));
#9222=CARTESIAN_POINT('Ctrl Pts',(0.0450000000000005,-1.15855345135893,
0.369176244413532));
#9223=CARTESIAN_POINT('Ctrl Pts',(0.0450000000000005,-1.15855345135893,
0.449650866044721));
#9224=CARTESIAN_POINT('Ctrl Pts',(0.0450000000000005,-1.15855345135893,
0.53012548767591));
#9225=CARTESIAN_POINT('',(0.0449999999999997,-1.15855345135893,0.288701088508527));
#9226=CARTESIAN_POINT('',(0.0450000000000005,-1.15855345135893,0.51));
#9227=CARTESIAN_POINT('Ctrl Pts',(0.0450000000000005,-1.15855345135893,
0.288701622782343));
#9228=CARTESIAN_POINT('Ctrl Pts',(0.0450000000000005,-1.15855345135893,
0.362467748521562));
#9229=CARTESIAN_POINT('Ctrl Pts',(0.0450000000000005,-1.15855345135893,
0.436233874260781));
#9230=CARTESIAN_POINT('Ctrl Pts',(0.0450000000000005,-1.15855345135893,
0.509999999999999));
#9231=CARTESIAN_POINT('Ctrl Pts',(0.0450000000000005,-1.15855345135893,
0.51));
#9232=CARTESIAN_POINT('Ctrl Pts',(0.0384457694179562,-1.16502594048357,
0.516554230582044));
#9233=CARTESIAN_POINT('Ctrl Pts',(0.0318915388359119,-1.1714984296082,0.523108461164088));
#9234=CARTESIAN_POINT('Ctrl Pts',(0.0251830429439416,-1.17812326011423,
0.529816957056058));
#9235=CARTESIAN_POINT('Ctrl Pts',(0.0250287776340135,-1.17827560149562,
0.52997122236598));
#9236=CARTESIAN_POINT('Ctrl Pts',(0.0248745123240875,-1.178427942877,0.530125487675906));
#9237=CARTESIAN_POINT('Ctrl Pts',(0.0249999999999912,-1.19855345135893,
0.216590062999262));
#9238=CARTESIAN_POINT('Ctrl Pts',(0.011993586093545,-1.19855345135893,0.238234044037544));
#9239=CARTESIAN_POINT('Ctrl Pts',(0.00500314983281583,-1.19805147854707,
0.263450345421547));
#9240=CARTESIAN_POINT('Ctrl Pts',(0.00500314983281591,-1.19805147854707,
0.288701088508527));
#9241=CARTESIAN_POINT('Ctrl Pts',(0.0364285714285634,-1.1852201180256,0.22345777971443));
#9242=CARTESIAN_POINT('Ctrl Pts',(0.0246608636084454,-1.18522011802559,
0.243040429225257));
#9243=CARTESIAN_POINT('Ctrl Pts',(0.0183354332218771,-1.18488546948435,
0.265855042828796));
#9244=CARTESIAN_POINT('Ctrl Pts',(0.0183354332218772,-1.18488546948435,
0.288701088508527));
#9245=CARTESIAN_POINT('Ctrl Pts',(0.0478571428571357,-1.17188678469226,
0.230325496429598));
#9246=CARTESIAN_POINT('Ctrl Pts',(0.0373281411233459,-1.17188678469226,
0.24784681441297));
#9247=CARTESIAN_POINT('Ctrl Pts',(0.0316677166109384,-1.17171946042164,
0.268259740236044));
#9248=CARTESIAN_POINT('Ctrl Pts',(0.0316677166109385,-1.17171946042164,
0.288701088508527));
#9249=CARTESIAN_POINT('Ctrl Pts',(0.0592857142857079,-1.15855345135893,
0.237193213144766));
#9250=CARTESIAN_POINT('Ctrl Pts',(0.0499954186382463,-1.15855345135893,
0.252653199600682));
#9251=CARTESIAN_POINT('Ctrl Pts',(0.0449999999999997,-1.15855345135893,
0.270664437643293));
#9252=CARTESIAN_POINT('Ctrl Pts',(0.0449999999999997,-1.15855345135893,
0.288701088508527));
#9253=CARTESIAN_POINT('',(0.0592857142857079,-1.15855345135893,0.237193213144766));
#9254=CARTESIAN_POINT('Origin',(0.145,-1.17855345135893,0.288701088508527));
#9255=CARTESIAN_POINT('',(0.145,-1.19855345135893,0.148701088508527));
#9256=CARTESIAN_POINT('Origin',(0.145,-1.19855345135893,0.288701088508527));
#9257=CARTESIAN_POINT('',(0.145,-1.15855345135893,0.188701088508527));
#9258=CARTESIAN_POINT('Origin',(0.175,-0.92,-0.0713043478260874));
#9259=CARTESIAN_POINT('',(2.285,-0.92,0.148701088508527));
#9260=CARTESIAN_POINT('',(1.19935054425426,-0.92,0.148701088508527));
#9261=CARTESIAN_POINT('Origin',(2.285,-0.92,0.288701088508527));
#9262=CARTESIAN_POINT('Origin',(1.19935054425426,-0.94,0.168701088508527));
#9263=CARTESIAN_POINT('',(2.285,-0.96,0.188701088508527));
#9264=CARTESIAN_POINT('',(1.19935054425426,-0.96,0.188701088508527));
#9265=CARTESIAN_POINT('',(2.285,-0.96,0.188701088508527));
#9266=CARTESIAN_POINT('Origin',(2.22370108850853,-1.19855345135893,0.188701088508527));
#9267=CARTESIAN_POINT('',(2.285,-1.15855345135893,0.188701088508527));
#9268=CARTESIAN_POINT('',(1.04935054425426,-1.15855345135893,0.188701088508527));
#9269=CARTESIAN_POINT('',(2.285,-0.549276725679464,0.188701088508527));
#9270=CARTESIAN_POINT('Origin',(1.19935054425426,-1.17855345135893,0.168701088508527));
#9271=CARTESIAN_POINT('',(2.285,-1.19855345135893,0.148701088508527));
#9272=CARTESIAN_POINT('',(1.04935054425426,-1.19855345135893,0.148701088508527));
#9273=CARTESIAN_POINT('',(2.285,-1.15855345135893,0.188701088508527));
#9274=CARTESIAN_POINT('Origin',(2.285,-1.17855345135893,0.288701088508527));
#9275=CARTESIAN_POINT('',(2.405,-1.19855345135893,0.21659006299924));
#9276=CARTESIAN_POINT('',(2.37071428571428,-1.15855345135893,0.237193213144751));
#9277=CARTESIAN_POINT('',(2.405,-1.19855345135893,0.21659006299924));
#9278=CARTESIAN_POINT('Origin',(2.285,-1.15855345135893,0.288701088508527));
#9279=CARTESIAN_POINT('Origin',(2.285,-1.19855345135893,0.288701088508527));
#9280=CARTESIAN_POINT('Ctrl Pts',(2.42499685016718,-1.19805147854707,0.288701088508527));
#9281=CARTESIAN_POINT('Ctrl Pts',(2.42499685016718,-1.19805147854707,0.263450345421539));
#9282=CARTESIAN_POINT('Ctrl Pts',(2.41800641390645,-1.19855345135893,0.238234044037528));
#9283=CARTESIAN_POINT('Ctrl Pts',(2.405,-1.19855345135893,0.21659006299924));
#9284=CARTESIAN_POINT('Ctrl Pts',(2.41166456677812,-1.18488546948435,0.288701088508527));
#9285=CARTESIAN_POINT('Ctrl Pts',(2.41166456677812,-1.18488546948435,0.265855042828788));
#9286=CARTESIAN_POINT('Ctrl Pts',(2.40533913639155,-1.1852201180256,0.243040429225242));
#9287=CARTESIAN_POINT('Ctrl Pts',(2.39357142857142,-1.1852201180256,0.22345777971441));
#9288=CARTESIAN_POINT('Ctrl Pts',(2.39833228338906,-1.17171946042164,0.288701088508527));
#9289=CARTESIAN_POINT('Ctrl Pts',(2.39833228338906,-1.17171946042164,0.268259740236038));
#9290=CARTESIAN_POINT('Ctrl Pts',(2.39267185887665,-1.17188678469226,0.247846814412956));
#9291=CARTESIAN_POINT('Ctrl Pts',(2.38214285714285,-1.17188678469226,0.230325496429581));
#9292=CARTESIAN_POINT('Ctrl Pts',(2.385,-1.15855345135893,0.288701088508527));
#9293=CARTESIAN_POINT('Ctrl Pts',(2.385,-1.15855345135893,0.270664437643287));
#9294=CARTESIAN_POINT('Ctrl Pts',(2.38000458136175,-1.15855345135893,0.25265319960067));
#9295=CARTESIAN_POINT('Ctrl Pts',(2.37071428571428,-1.15855345135893,0.237193213144751));
#9296=CARTESIAN_POINT('',(2.42499685016718,-1.19805147854707,0.288701088508527));
#9297=CARTESIAN_POINT('',(2.385,-1.15855345135893,0.288701088508527));
#9298=CARTESIAN_POINT('',(2.42499685016718,-1.19805147854707,0.288701088508527));
#9299=CARTESIAN_POINT('Ctrl Pts',(2.385,-1.15855345135893,0.288701088508527));
#9300=CARTESIAN_POINT('Ctrl Pts',(2.385,-1.15855345135893,0.270664437643287));
#9301=CARTESIAN_POINT('Ctrl Pts',(2.38000458136175,-1.15855345135893,0.25265319960067));
#9302=CARTESIAN_POINT('Ctrl Pts',(2.37071428571428,-1.15855345135893,0.237193213144751));
#9303=CARTESIAN_POINT('Ctrl Pts',(2.405,-1.19855345135893,0.21659006299924));
#9304=CARTESIAN_POINT('Ctrl Pts',(2.41800641390645,-1.19855345135893,0.238234044037528));
#9305=CARTESIAN_POINT('Ctrl Pts',(2.42499685016718,-1.19805147854707,0.263450345421539));
#9306=CARTESIAN_POINT('Ctrl Pts',(2.42499685016718,-1.19805147854707,0.288701088508527));
#9307=CARTESIAN_POINT('Ctrl Pts',(2.42499685016718,-1.19805147854707,0.530125487675906));
#9308=CARTESIAN_POINT('Ctrl Pts',(2.42499685016718,-1.19805147854707,0.449650687953446));
#9309=CARTESIAN_POINT('Ctrl Pts',(2.42499685016718,-1.19805147854707,0.369175888230987));
#9310=CARTESIAN_POINT('Ctrl Pts',(2.42499685016718,-1.19805147854707,0.288701088508527));
#9311=CARTESIAN_POINT('Ctrl Pts',(2.41166456677812,-1.18488546948435,0.530125487675906));
#9312=CARTESIAN_POINT('Ctrl Pts',(2.41166456677812,-1.18488546948435,0.449650687953447));
#9313=CARTESIAN_POINT('Ctrl Pts',(2.41166456677812,-1.18488546948435,0.369175888230987));
#9314=CARTESIAN_POINT('Ctrl Pts',(2.41166456677812,-1.18488546948435,0.288701088508527));
#9315=CARTESIAN_POINT('Ctrl Pts',(2.39833228338906,-1.17171946042164,0.530125487675906));
#9316=CARTESIAN_POINT('Ctrl Pts',(2.39833228338906,-1.17171946042164,0.449650687953446));
#9317=CARTESIAN_POINT('Ctrl Pts',(2.39833228338906,-1.17171946042164,0.369175888230987));
#9318=CARTESIAN_POINT('Ctrl Pts',(2.39833228338906,-1.17171946042164,0.288701088508527));
#9319=CARTESIAN_POINT('Ctrl Pts',(2.385,-1.15855345135893,0.530125487675906));
#9320=CARTESIAN_POINT('Ctrl Pts',(2.385,-1.15855345135893,0.449650687953446));
#9321=CARTESIAN_POINT('Ctrl Pts',(2.385,-1.15855345135893,0.369175888230987));
#9322=CARTESIAN_POINT('Ctrl Pts',(2.385,-1.15855345135893,0.288701088508527));
#9323=CARTESIAN_POINT('Ctrl Pts',(2.385,-1.15855345135893,0.51));
#9324=CARTESIAN_POINT('Ctrl Pts',(2.385,-1.15855345135893,0.436233696169509));
#9325=CARTESIAN_POINT('Ctrl Pts',(2.385,-1.15855345135893,0.362467392339018));
#9326=CARTESIAN_POINT('Ctrl Pts',(2.385,-1.15855345135893,0.288701088508527));
#9327=CARTESIAN_POINT('',(2.42499685016718,-1.19805147854707,0.51));
#9328=CARTESIAN_POINT('Ctrl Pts',(2.42499685016718,-1.19805147854707,0.288701088508527));
#9329=CARTESIAN_POINT('Ctrl Pts',(2.42499685016718,-1.19805147854707,0.362467392339018));
#9330=CARTESIAN_POINT('Ctrl Pts',(2.42499685016718,-1.19805147854707,0.436233696169509));
#9331=CARTESIAN_POINT('Ctrl Pts',(2.42499685016718,-1.19805147854707,0.51));
#9332=CARTESIAN_POINT('Ctrl Pts',(2.42499685016718,-1.19805147854707,0.51));
#9333=CARTESIAN_POINT('Ctrl Pts',(2.41843327150625,-1.19156975792864,0.516802875161396));
#9334=CARTESIAN_POINT('Ctrl Pts',(2.41179893488724,-1.185018161814,0.523533056183378));
#9335=CARTESIAN_POINT('Ctrl Pts',(2.40512548767585,-1.17842794287695,0.530125487675797));
#9336=CARTESIAN_POINT('Origin',(2.405,-0.800000000000002,0.53));
#9337=CARTESIAN_POINT('Origin',(2.405,-0.800000000000002,0.51));
#9338=CARTESIAN_POINT('Origin',(2.405,-0.800000000000002,0.229347826086956));
#9339=CARTESIAN_POINT('',(2.405,-1.19855345135893,-0.0713043478260873));
#9340=CARTESIAN_POINT('Origin',(0.174999999999991,-1.19855345135893,0.53));
#9341=CARTESIAN_POINT('Origin',(2.285,-0.94,0.288701088508527));
#9342=CARTESIAN_POINT('',(2.37071428571429,-0.959999999999999,0.237193213144757));
#9343=CARTESIAN_POINT('',(2.37071428571429,-0.959999999999999,0.237193213144757));
#9344=CARTESIAN_POINT('Origin',(2.285,-0.959999999999999,0.288701088508527));
#9345=CARTESIAN_POINT('Ctrl Pts',(2.405,-0.92,0.21659006299925));
#9346=CARTESIAN_POINT('Ctrl Pts',(2.41347972228222,-0.92,0.230701173840897));
#9347=CARTESIAN_POINT('Ctrl Pts',(2.41943721345851,-0.919168703489213,0.246323229847227));
#9348=CARTESIAN_POINT('Ctrl Pts',(2.42250453706014,-0.918716431812577,0.262495462938976));
#9349=CARTESIAN_POINT('Ctrl Pts',(2.39357142857143,-0.933333333333333,0.223457779714419));
#9350=CARTESIAN_POINT('Ctrl Pts',(2.40124355825534,-0.933333333333333,0.236224975237814));
#9351=CARTESIAN_POINT('Ctrl Pts',(2.40663498316638,-0.932779135659475,0.250358378858995));
#9352=CARTESIAN_POINT('Ctrl Pts',(2.40941368482577,-0.932477621208384,0.264990318595195));
#9353=CARTESIAN_POINT('Ctrl Pts',(2.38214285714286,-0.946666666666666,0.230325496429588));
#9354=CARTESIAN_POINT('Ctrl Pts',(2.38900739422846,-0.946666666666666,0.241748776634731));
#9355=CARTESIAN_POINT('Ctrl Pts',(2.39383275287424,-0.946389567829737,0.254393527870763));
#9356=CARTESIAN_POINT('Ctrl Pts',(2.39632283259139,-0.946238810604192,0.267485174251415));
#9357=CARTESIAN_POINT('Ctrl Pts',(2.37071428571429,-0.96,0.237193213144758));
#9358=CARTESIAN_POINT('Ctrl Pts',(2.37677123020159,-0.96,0.247272578031648));
#9359=CARTESIAN_POINT('Ctrl Pts',(2.3810305225821,-0.96,0.258428676882531));
#9360=CARTESIAN_POINT('Ctrl Pts',(2.38323198035702,-0.96,0.269980029907634));
#9361=CARTESIAN_POINT('',(2.38323198035702,-0.96,0.269980029907634));
#9362=CARTESIAN_POINT('',(2.38323198035702,-0.96,0.269980029907634));
#9363=CARTESIAN_POINT('Ctrl Pts',(2.37071428571429,-0.96,0.237193213144758));
#9364=CARTESIAN_POINT('Ctrl Pts',(2.37677123020159,-0.96,0.247272578031648));
#9365=CARTESIAN_POINT('Ctrl Pts',(2.3810305225821,-0.96,0.258428676882531));
#9366=CARTESIAN_POINT('Ctrl Pts',(2.38323198035702,-0.96,0.269980029907634));
#9367=CARTESIAN_POINT('Ctrl Pts',(2.42250453706028,-0.918716431812556,0.262495462939718));
#9368=CARTESIAN_POINT('Ctrl Pts',(2.42414195248427,-0.918474997677999,0.271128612663978));
#9369=CARTESIAN_POINT('Ctrl Pts',(2.42496501913452,-0.918327503189065,0.279914935832754));
#9370=CARTESIAN_POINT('Ctrl Pts',(2.42496501913446,-0.918327503189076,0.288701088509613));
#9371=CARTESIAN_POINT('Ctrl Pts',(2.4094136848259,-0.932477621208371,0.264990318595867));
#9372=CARTESIAN_POINT('Ctrl Pts',(2.41089702650962,-0.932316665118666,0.272801220515369));
#9373=CARTESIAN_POINT('Ctrl Pts',(2.4116433460897,-0.932218335459376,0.280751189448067));
#9374=CARTESIAN_POINT('Ctrl Pts',(2.41164334608964,-0.932218335459384,0.28870108850951));
#9375=CARTESIAN_POINT('Ctrl Pts',(2.39632283259151,-0.946238810604185,0.267485174252015));
#9376=CARTESIAN_POINT('Ctrl Pts',(2.39765210053496,-0.946158332559333,0.274473828366759));
#9377=CARTESIAN_POINT('Ctrl Pts',(2.39832167304487,-0.946109167729688,0.28158744306338));
#9378=CARTESIAN_POINT('Ctrl Pts',(2.39832167304482,-0.946109167729692,0.288701088509406));
#9379=CARTESIAN_POINT('Ctrl Pts',(2.38323198035712,-0.96,0.269980029908164));
#9380=CARTESIAN_POINT('Ctrl Pts',(2.3844071745603,-0.96,0.276146436218149));
#9381=CARTESIAN_POINT('Ctrl Pts',(2.38500000000005,-0.96,0.282423696678692));
#9382=CARTESIAN_POINT('Ctrl Pts',(2.385,-0.96,0.288701088509303));
#9383=CARTESIAN_POINT('',(2.39629891149147,-0.948218350365072,0.288701088508527));
#9384=CARTESIAN_POINT('Ctrl Pts',(2.42250453706028,-0.918716431812556,0.262495462939718));
#9385=CARTESIAN_POINT('Ctrl Pts',(2.41958318638662,-0.922178556177944,0.265416813613383));
#9386=CARTESIAN_POINT('Ctrl Pts',(2.41661288376408,-0.925657461485129,0.268386976622732));
#9387=CARTESIAN_POINT('Ctrl Pts',(2.4136559734392,-0.92906331715551,0.271343794033856));
#9388=CARTESIAN_POINT('Ctrl Pts',(2.41084984671086,-0.93229549587567,0.274149832586443));
#9389=CARTESIAN_POINT('Ctrl Pts',(2.40798768652728,-0.935540344072274,0.277011954158898));
#9390=CARTESIAN_POINT('Ctrl Pts',(2.40513614028663,-0.938698959730682,0.279863568727801));
#9391=CARTESIAN_POINT('Ctrl Pts',(2.40225077265365,-0.941895038845882,0.282749005499447));
#9392=CARTESIAN_POINT('Ctrl Pts',(2.39927868798113,-0.945111264995145,0.285723182101074));
#9393=CARTESIAN_POINT('Ctrl Pts',(2.39629891149071,-0.948218350365866,0.288701088509391));
#9394=CARTESIAN_POINT('',(2.385,-0.96,0.288701088508527));
#9395=CARTESIAN_POINT('Ctrl Pts',(2.38323198035712,-0.96,0.269980029908164));
#9396=CARTESIAN_POINT('Ctrl Pts',(2.3844071745603,-0.96,0.276146436218149));
#9397=CARTESIAN_POINT('Ctrl Pts',(2.38500000000005,-0.96,0.282423696678692));
#9398=CARTESIAN_POINT('Ctrl Pts',(2.385,-0.96,0.288701088509303));
#9399=CARTESIAN_POINT('',(2.385,-0.96,0.288701088508527));
#9400=CARTESIAN_POINT('Ctrl Pts',(2.39629891149147,-0.948218350365073,0.288701088508527));
#9401=CARTESIAN_POINT('Ctrl Pts',(2.39629891149147,-0.948218350365073,0.292467392339018));
#9402=CARTESIAN_POINT('Ctrl Pts',(2.39629891149147,-0.948218350365073,0.296233696169509));
#9403=CARTESIAN_POINT('Ctrl Pts',(2.39629891149147,-0.948218350365073,0.3));
#9404=CARTESIAN_POINT('Ctrl Pts',(2.39253260766098,-0.952145566910049,0.288701088508527));
#9405=CARTESIAN_POINT('Ctrl Pts',(2.39253260766098,-0.952145566910049,0.292467392339018));
#9406=CARTESIAN_POINT('Ctrl Pts',(2.39253260766098,-0.952145566910049,0.296233696169509));
#9407=CARTESIAN_POINT('Ctrl Pts',(2.39253260766098,-0.952145566910049,0.3));
#9408=CARTESIAN_POINT('Ctrl Pts',(2.38876630383049,-0.956072783455025,0.288701088508527));
#9409=CARTESIAN_POINT('Ctrl Pts',(2.38876630383049,-0.956072783455025,0.292467392339018));
#9410=CARTESIAN_POINT('Ctrl Pts',(2.38876630383049,-0.956072783455025,0.296233696169509));
#9411=CARTESIAN_POINT('Ctrl Pts',(2.38876630383049,-0.956072783455025,0.3));
#9412=CARTESIAN_POINT('Ctrl Pts',(2.385,-0.960000000000001,0.288701088508527));
#9413=CARTESIAN_POINT('Ctrl Pts',(2.385,-0.960000000000001,0.292467392339018));
#9414=CARTESIAN_POINT('Ctrl Pts',(2.385,-0.960000000000001,0.296233696169509));
#9415=CARTESIAN_POINT('Ctrl Pts',(2.385,-0.960000000000001,0.3));
#9416=CARTESIAN_POINT('',(2.385,-0.960000000000001,0.3));
#9417=CARTESIAN_POINT('Ctrl Pts',(2.39629891149147,-0.948218350365073,0.288701088508527));
#9418=CARTESIAN_POINT('Ctrl Pts',(2.39253260766098,-0.952145566910049,0.292467392339018));
#9419=CARTESIAN_POINT('Ctrl Pts',(2.38876630383049,-0.956072783455025,0.296233696169509));
#9420=CARTESIAN_POINT('Ctrl Pts',(2.385,-0.960000000000001,0.3));
#9421=CARTESIAN_POINT('Ctrl Pts',(2.385,-0.960000000000001,0.288701088508527));
#9422=CARTESIAN_POINT('Ctrl Pts',(2.385,-0.960000000000001,0.292467392339018));
#9423=CARTESIAN_POINT('Ctrl Pts',(2.385,-0.960000000000001,0.296233696169509));
#9424=CARTESIAN_POINT('Ctrl Pts',(2.385,-0.960000000000001,0.3));
#9425=CARTESIAN_POINT('Origin',(2.285,-0.549276725679464,0.288701088508527));
#9426=CARTESIAN_POINT('',(2.385,-0.549276725679464,0.288701088508527));
#9427=CARTESIAN_POINT('Origin',(2.385,0.1,0.26));
#9428=CARTESIAN_POINT('',(2.385,3.17887301627792,0.3));
#9429=CARTESIAN_POINT('',(2.385,0.1,0.3));
#9430=CARTESIAN_POINT('',(2.385,3.17887301627792,0.26));
#9431=CARTESIAN_POINT('Origin',(2.405,0.1,0.28));
#9432=CARTESIAN_POINT('',(2.385,3.17887301627792,0.3));
#9433=CARTESIAN_POINT('Origin',(2.655,1.,0.149999999999999));
#9434=CARTESIAN_POINT('',(2.655,0.98,0.235));
#9435=CARTESIAN_POINT('',(2.655,0.0999999999999986,0.235));
#9436=CARTESIAN_POINT('',(2.74,0.98,0.149999999999999));
#9437=CARTESIAN_POINT('Origin',(2.655,0.98,0.149999999999999));
#9438=CARTESIAN_POINT('',(2.74,0.0999999999999974,0.149999999999999));
#9439=CARTESIAN_POINT('Origin',(2.63022245126688,0.099999999999999,0.25));
#9440=CARTESIAN_POINT('',(2.61793517060254,0.98,0.258603646545266));
#9441=CARTESIAN_POINT('',(2.61793517060254,1.,0.258603646545266));
#9442=CARTESIAN_POINT('',(2.63022245126688,0.98,0.235));
#9443=CARTESIAN_POINT('Origin',(2.63022245126688,0.980000000000001,0.25));
#9444=CARTESIAN_POINT('',(2.63022245126688,0.099999999999999,0.235));
#9445=CARTESIAN_POINT('Origin',(2.605,1.,0.0636956521739127));
#9446=CARTESIAN_POINT('',(2.74,0.98,0.0636956521739127));
#9447=CARTESIAN_POINT('',(2.74,0.0999999999999974,0.0636956521739127));
#9448=CARTESIAN_POINT('Origin',(2.605,0.98,0.0636956521739127));
#9449=CARTESIAN_POINT('Origin',(2.74,1.,0.149999999999999));
#9450=CARTESIAN_POINT('',(2.74,0.98,0.194673913043478));
#9451=CARTESIAN_POINT('Origin',(2.79993649224471,1.,0.51852847127298));
#9452=CARTESIAN_POINT('',(2.48597354501922,0.98,0.0701429140019822));
#9453=CARTESIAN_POINT('Origin',(2.63022245126688,3.22857864376269,0.235));
#9454=CARTESIAN_POINT('',(1.96011122563344,0.98,0.235));
#9455=CARTESIAN_POINT('Origin',(2.285,3.17887301627792,0.53));
#9456=CARTESIAN_POINT('',(2.35571067811865,3.24958369439658,0.51));
#9457=CARTESIAN_POINT('',(2.38399494936612,3.27786796564404,0.55));
#9458=CARTESIAN_POINT('Origin',(2.285,3.17887301627792,0.51));
#9459=CARTESIAN_POINT('Origin',(2.405,3.22857864376269,0.53));
#9460=CARTESIAN_POINT('',(2.13458369439658,3.47071067811865,0.51));
#9461=CARTESIAN_POINT('',(2.16286796564404,3.49899494936612,0.55));
#9462=CARTESIAN_POINT('',(2.39085786437627,3.21443650813896,0.51));
#9463=CARTESIAN_POINT('Origin',(2.06387301627792,3.4,0.53));
#9464=CARTESIAN_POINT('',(2.06387301627792,3.5,0.51));
#9465=CARTESIAN_POINT('',(2.06387301627792,3.5,0.51));
#9466=CARTESIAN_POINT('Origin',(2.06387301627792,3.4,0.51));
#9467=CARTESIAN_POINT('Origin',(2.285,3.17887301627792,0.26));
#9468=CARTESIAN_POINT('',(2.35571067811865,3.24958369439658,0.3));
#9469=CARTESIAN_POINT('',(2.35571067811865,3.24958369439658,0.26));
#9470=CARTESIAN_POINT('Origin',(2.285,3.17887301627792,0.3));
#9471=CARTESIAN_POINT('Origin',(2.39085786437627,3.21443650813896,0.26));
#9472=CARTESIAN_POINT('',(2.13458369439658,3.47071067811865,0.3));
#9473=CARTESIAN_POINT('',(2.13458369439658,3.47071067811865,0.26));
#9474=CARTESIAN_POINT('',(2.97800252531694,2.62729184719829,0.299999999999999));
#9475=CARTESIAN_POINT('Origin',(2.06387301627792,3.4,0.26));
#9476=CARTESIAN_POINT('',(2.06387301627792,3.5,0.299999999999999));
#9477=CARTESIAN_POINT('',(2.06387301627792,3.5,0.26));
#9478=CARTESIAN_POINT('Origin',(2.06387301627792,3.4,0.3));
#9479=CARTESIAN_POINT('Origin',(2.285,3.17887301627792,0.28));
#9480=CARTESIAN_POINT('',(2.35571067811865,3.24958369439658,0.3));
#9481=CARTESIAN_POINT('Origin',(2.99214466094067,2.64143398282202,0.279999999999999));
#9482=CARTESIAN_POINT('',(2.13458369439658,3.47071067811865,0.3));
#9483=CARTESIAN_POINT('Origin',(2.06387301627792,3.4,0.28));
#9484=CARTESIAN_POINT('',(2.06387301627792,3.54,0.26));
#9485=CARTESIAN_POINT('Origin',(1.29,0.98,0.239347826086956));
#9486=CARTESIAN_POINT('Origin',(2.11357864376269,3.52,0.229347826086956));
#9487=CARTESIAN_POINT('Origin',(2.11357864376269,3.52,0.51));
#9488=CARTESIAN_POINT('Origin',(2.11357864376269,3.52,0.53));
#9489=CARTESIAN_POINT('',(2.11357864376269,3.91855345135893,0.51));
#9490=CARTESIAN_POINT('',(2.39539849188389,3.8018198481212,0.51));
#9491=CARTESIAN_POINT('Origin',(2.52696703437881,3.64196703437882,0.53));
#9492=CARTESIAN_POINT('',(2.6868198481212,3.51039849188389,0.51));
#9493=CARTESIAN_POINT('Origin',(2.405,3.22857864376269,0.53));
#9494=CARTESIAN_POINT('Origin',(2.16928932188135,3.52,0.28));
#9495=CARTESIAN_POINT('',(0.366126983722081,3.5,0.300000000000001));
#9496=CARTESIAN_POINT('',(2.16928932188135,3.5,0.299999999999999));
#9497=CARTESIAN_POINT('',(0.366126983722081,3.5,0.300000000000001));
#9498=CARTESIAN_POINT('Origin',(1.96357864376269,3.5,0.26));
#9499=CARTESIAN_POINT('',(0.366126983722081,3.5,0.51));
#9500=CARTESIAN_POINT('',(2.10928932188135,3.5,0.51));
#9501=CARTESIAN_POINT('',(0.366126983722081,3.5,0.26));
#9502=CARTESIAN_POINT('Origin',(2.10928932188135,3.52,0.53));
#9503=CARTESIAN_POINT('',(0.366126983722081,3.54,0.55));
#9504=CARTESIAN_POINT('Origin',(1.28571067811865,3.89855345135893,0.53));
#9505=CARTESIAN_POINT('',(0.316421356237309,3.91855345135893,0.51));
#9506=CARTESIAN_POINT('Origin',(0.316421356237309,3.52,0.53));
#9507=CARTESIAN_POINT('',(0.0346015081161077,3.8018198481212,0.51));
#9508=CARTESIAN_POINT('Origin',(0.314822287502531,4.05375635626016,0.53));
#9509=CARTESIAN_POINT('',(-0.256819848121202,3.51039849188389,0.51));
#9510=CARTESIAN_POINT('Origin',(0.0250000000000001,3.22857864376269,0.53));
#9511=CARTESIAN_POINT('',(-0.373553451358929,3.22857864376269,0.51));
#9512=CARTESIAN_POINT('Origin',(-0.35355345135893,2.10428932188134,0.53));
#9513=CARTESIAN_POINT('',(-0.367913752220163,1.82,0.515639699138766));
#9514=CARTESIAN_POINT('',(-0.0528281319974592,1.82,0.830725319361471));
#9515=CARTESIAN_POINT('',(-0.367913752220163,0.98,0.515639699138766));
#9516=CARTESIAN_POINT('',(-0.367913752220163,2.66643398282202,0.515639699138767));
#9517=CARTESIAN_POINT('',(-0.373553451358929,0.98,0.51));
#9518=CARTESIAN_POINT('',(-0.052828131997459,0.98,0.830725319361471));
#9519=CARTESIAN_POINT('',(-0.37355345135893,1.20428932188134,0.51));
#9520=CARTESIAN_POINT('Origin',(-0.373553451358929,0.98,0.53));
#9521=CARTESIAN_POINT('',(-0.373553451358929,0.98,-0.0513043478260874));
#9522=CARTESIAN_POINT('',(-0.373553451358929,0.98,-0.0713043478260873));
#9523=CARTESIAN_POINT('',(-0.37355345135893,1.20428932188134,-0.0513043478260874));
#9524=CARTESIAN_POINT('Origin',(-0.369936492244709,3.22857864376269,0.51852847127298));
#9525=CARTESIAN_POINT('',(-0.187935170602543,1.82,0.258603646545266));
#9526=CARTESIAN_POINT('',(-0.0559735450192243,1.82,0.0701429140019823));
#9527=CARTESIAN_POINT('',(-0.187935170602543,0.98,0.258603646545266));
#9528=CARTESIAN_POINT('',(-0.187935170602543,3.22857864376269,0.258603646545266));
#9529=CARTESIAN_POINT('',(-0.0559735450192244,0.98,0.0701429140019822));
#9530=CARTESIAN_POINT('Origin',(1.29,1.82,0.239347826086956));
#9531=CARTESIAN_POINT('',(-0.31,1.82,0.0636956521739127));
#9532=CARTESIAN_POINT('Origin',(-0.175,1.82,0.0636956521739127));
#9533=CARTESIAN_POINT('',(-0.31,1.82,0.149999999999999));
#9534=CARTESIAN_POINT('',(-0.31,1.82,0.194673913043478));
#9535=CARTESIAN_POINT('',(-0.225,1.82,0.235));
#9536=CARTESIAN_POINT('Origin',(-0.224999999999999,1.82,0.149999999999999));
#9537=CARTESIAN_POINT('',(-0.200222451266879,1.82,0.235));
#9538=CARTESIAN_POINT('',(1.81011122563344,1.82,0.235));
#9539=CARTESIAN_POINT('Origin',(-0.200222451266879,1.82,0.25));
#9540=CARTESIAN_POINT('Origin',(0.366126983722081,3.4,0.26));
#9541=CARTESIAN_POINT('',(0.295416305603427,3.47071067811865,0.51));
#9542=CARTESIAN_POINT('Origin',(0.366126983722081,3.4,0.51));
#9543=CARTESIAN_POINT('',(0.295416305603427,3.47071067811865,0.299999999999998));
#9544=CARTESIAN_POINT('',(0.295416305603427,3.47071067811865,0.26));
#9545=CARTESIAN_POINT('Origin',(0.366126983722081,3.4,0.299999999999998));
#9546=CARTESIAN_POINT('Origin',(0.330563491861042,3.50585786437627,0.26));
#9547=CARTESIAN_POINT('',(0.0742893218813465,3.24958369439657,0.51));
#9548=CARTESIAN_POINT('',(0.742352813742387,3.91764718625761,0.51));
#9549=CARTESIAN_POINT('',(0.0742893218813465,3.24958369439657,0.3));
#9550=CARTESIAN_POINT('',(0.0742893218813465,3.24958369439657,0.26));
#9551=CARTESIAN_POINT('',(0.215208152801715,3.39050252531694,0.3));
#9552=CARTESIAN_POINT('Origin',(0.145000000000001,3.17887301627792,0.26));
#9553=CARTESIAN_POINT('',(0.0450000000000009,3.17887301627792,0.51));
#9554=CARTESIAN_POINT('Origin',(0.145000000000001,3.17887301627792,0.51));
#9555=CARTESIAN_POINT('',(0.0450000000000009,3.17887301627792,0.299999999999998));
#9556=CARTESIAN_POINT('',(0.0450000000000009,3.17887301627792,0.26));
#9557=CARTESIAN_POINT('Origin',(0.145000000000001,3.17887301627792,0.299999999999998));
#9558=CARTESIAN_POINT('Origin',(0.145000000000001,3.17887301627792,0.28));
#9559=CARTESIAN_POINT('',(0.0742893218813465,3.24958369439657,0.3));
#9560=CARTESIAN_POINT('',(0.0450000000000009,3.17887301627792,0.299999999999998));
#9561=CARTESIAN_POINT('Origin',(0.201066017177984,3.40464466094067,0.280000000000001));
#9562=CARTESIAN_POINT('',(0.295416305603427,3.47071067811865,0.299999999999998));
#9563=CARTESIAN_POINT('Origin',(0.366126983722081,3.4,0.28));
#9564=CARTESIAN_POINT('Origin',(0.145000000000001,3.17887301627792,0.53));
#9565=CARTESIAN_POINT('',(0.00500000000000084,3.17887301627792,0.55));
#9566=CARTESIAN_POINT('',(0.0460050506338841,3.27786796564404,0.55));
#9567=CARTESIAN_POINT('Origin',(0.728210678118656,3.93178932188135,0.53));
#9568=CARTESIAN_POINT('',(0.267132034355965,3.49899494936612,0.55));
#9569=CARTESIAN_POINT('Origin',(0.366126983722081,3.4,0.53));
#9570=CARTESIAN_POINT('Origin',(-0.200222451266878,3.22857864376269,0.25));
#9571=CARTESIAN_POINT('',(-0.200222451266879,0.98,0.235));
#9572=CARTESIAN_POINT('',(-0.200222451266878,3.22857864376269,0.235));
#9573=CARTESIAN_POINT('Origin',(-0.200222451266879,0.979999999999998,0.25));
#9574=CARTESIAN_POINT('Origin',(2.48022245126688,3.22857864376269,0.235));
#9575=CARTESIAN_POINT('',(-0.225,0.98,0.235));
#9576=CARTESIAN_POINT('',(-0.224999999999999,3.22857864376269,0.235));
#9577=CARTESIAN_POINT('',(1.81011122563344,0.98,0.235));
#9578=CARTESIAN_POINT('Origin',(-0.175,3.22857864376269,0.0636956521739127));
#9579=CARTESIAN_POINT('',(-0.31,0.98,0.0636956521739127));
#9580=CARTESIAN_POINT('Origin',(-0.175,0.979999999999998,0.0636956521739127));
#9581=CARTESIAN_POINT('',(-0.31,3.22857864376269,0.0636956521739127));
#9582=CARTESIAN_POINT('Origin',(-0.224999999999999,3.22857864376269,0.149999999999999));
#9583=CARTESIAN_POINT('',(-0.31,0.98,0.149999999999999));
#9584=CARTESIAN_POINT('',(-0.309999999999999,3.22857864376269,0.149999999999999));
#9585=CARTESIAN_POINT('Origin',(-0.224999999999999,0.979999999999998,0.149999999999999));
#9586=CARTESIAN_POINT('Origin',(-0.309999999999999,3.22857864376269,0.149999999999999));
#9587=CARTESIAN_POINT('',(-0.31,0.98,0.194673913043478));
#9588=CARTESIAN_POINT('Origin',(1.14,0.98,0.239347826086956));
#9589=CARTESIAN_POINT('',(-0.0628281319974623,0.98,-0.362029667187558));
#9590=CARTESIAN_POINT('Origin',(-0.36355345135893,2.10428932188134,-0.0613043478260874));
#9591=CARTESIAN_POINT('Origin',(0.0250000000000009,2.11428932188134,0.280000000000001));
#9592=CARTESIAN_POINT('',(0.0450000000000009,1.77143398282202,0.3));
#9593=CARTESIAN_POINT('Origin',(0.045000000000001,3.22857864376269,0.26));
#9594=CARTESIAN_POINT('',(0.045000000000001,3.22857864376269,0.51));
#9595=CARTESIAN_POINT('Origin',(0.0250000000000005,3.22857864376269,0.53));
#9596=CARTESIAN_POINT('',(0.,0.,0.));
#9597=CARTESIAN_POINT('',(0.,0.,0.));
#9598=UNCERTAINTY_MEASURE_WITH_UNIT(LENGTH_MEASURE(0.001),#9606,
'DISTANCE_ACCURACY_VALUE',
'Maximum model space distance between geometric entities at asserted c
onnectivities');
#9599=UNCERTAINTY_MEASURE_WITH_UNIT(LENGTH_MEASURE(0.001),#9606,
'DISTANCE_ACCURACY_VALUE',
'Maximum model space distance between geometric entities at asserted c
onnectivities');
#9600=UNCERTAINTY_MEASURE_WITH_UNIT(LENGTH_MEASURE(0.001),#9606,
'DISTANCE_ACCURACY_VALUE',
'Maximum model space distance between geometric entities at asserted c
onnectivities');
#9601=UNCERTAINTY_MEASURE_WITH_UNIT(LENGTH_MEASURE(0.001),#9606,
'DISTANCE_ACCURACY_VALUE',
'Maximum model space distance between geometric entities at asserted c
onnectivities');
#9602=(
GEOMETRIC_REPRESENTATION_CONTEXT(3)
GLOBAL_UNCERTAINTY_ASSIGNED_CONTEXT((#9598))
GLOBAL_UNIT_ASSIGNED_CONTEXT((#9606,#9608,#9609))
REPRESENTATION_CONTEXT('','3D')
);
#9603=(
GEOMETRIC_REPRESENTATION_CONTEXT(3)
GLOBAL_UNCERTAINTY_ASSIGNED_CONTEXT((#9599))
GLOBAL_UNIT_ASSIGNED_CONTEXT((#9606,#9608,#9609))
REPRESENTATION_CONTEXT('','3D')
);
#9604=(
GEOMETRIC_REPRESENTATION_CONTEXT(3)
GLOBAL_UNCERTAINTY_ASSIGNED_CONTEXT((#9600))
GLOBAL_UNIT_ASSIGNED_CONTEXT((#9606,#9608,#9609))
REPRESENTATION_CONTEXT('','3D')
);
#9605=(
GEOMETRIC_REPRESENTATION_CONTEXT(3)
GLOBAL_UNCERTAINTY_ASSIGNED_CONTEXT((#9601))
GLOBAL_UNIT_ASSIGNED_CONTEXT((#9606,#9608,#9609))
REPRESENTATION_CONTEXT('','3D')
);
#9606=(
LENGTH_UNIT()
NAMED_UNIT(*)
SI_UNIT(.CENTI.,.METRE.)
);
#9607=(
LENGTH_UNIT()
NAMED_UNIT(*)
SI_UNIT($,.METRE.)
);
#9608=(
NAMED_UNIT(*)
PLANE_ANGLE_UNIT()
SI_UNIT($,.RADIAN.)
);
#9609=(
NAMED_UNIT(*)
SI_UNIT($,.STERADIAN.)
SOLID_ANGLE_UNIT()
);
#9610=SHAPE_DEFINITION_REPRESENTATION(#9613,#9618);
#9611=SHAPE_DEFINITION_REPRESENTATION(#9614,#9619);
#9612=SHAPE_DEFINITION_REPRESENTATION(#9615,#9620);
#9613=PRODUCT_DEFINITION_SHAPE('',$,#9622);
#9614=PRODUCT_DEFINITION_SHAPE('',$,#9623);
#9615=PRODUCT_DEFINITION_SHAPE('',$,#9624);
#9616=PRODUCT_DEFINITION_SHAPE($,$,#17);
#9617=PRODUCT_DEFINITION_SHAPE($,$,#18);
#9618=SHAPE_REPRESENTATION('',(#5300,#5835,#5836),#9602);
#9619=SHAPE_REPRESENTATION('',(#5301),#9603);
#9620=SHAPE_REPRESENTATION('',(#5452),#9604);
#9621=PRODUCT_DEFINITION_CONTEXT('part definition',#9632,'design');
#9622=PRODUCT_DEFINITION('Vortex F65 ESC Harness',
'Vortex F65 ESC Harness v6',#9625,#9621);
#9623=PRODUCT_DEFINITION('Vortex 80A ESC stack',
'Vortex 80A ESC stack v2',#9626,#9621);
#9624=PRODUCT_DEFINITION('Harness','Harness',#9627,#9621);
#9625=PRODUCT_DEFINITION_FORMATION('',$,#9634);
#9626=PRODUCT_DEFINITION_FORMATION('',$,#9635);
#9627=PRODUCT_DEFINITION_FORMATION('',$,#9636);
#9628=PRODUCT_RELATED_PRODUCT_CATEGORY('Vortex F65 ESC Harness v6',
'Vortex F65 ESC Harness v6',(#9634));
#9629=PRODUCT_RELATED_PRODUCT_CATEGORY('Vortex 80A ESC stack v2',
'Vortex 80A ESC stack v2',(#9635));
#9630=PRODUCT_RELATED_PRODUCT_CATEGORY('Harness','Harness',(#9636));
#9631=APPLICATION_PROTOCOL_DEFINITION('international standard',
'automotive_design',2009,#9632);
#9632=APPLICATION_CONTEXT(
'Core Data for Automotive Mechanical Design Process');
#9633=PRODUCT_CONTEXT('part definition',#9632,'mechanical');
#9634=PRODUCT('Vortex F65 ESC Harness','Vortex F65 ESC Harness v6',$,(#9633));
#9635=PRODUCT('Vortex 80A ESC stack','Vortex 80A ESC stack v2',$,(#9633));
#9636=PRODUCT('Harness','Harness',$,(#9633));
#9637=PRESENTATION_STYLE_ASSIGNMENT((#9646));
#9638=PRESENTATION_STYLE_ASSIGNMENT((#9647));
#9639=PRESENTATION_STYLE_ASSIGNMENT((#9648));
#9640=PRESENTATION_STYLE_ASSIGNMENT((#9649));
#9641=PRESENTATION_STYLE_ASSIGNMENT((#9650));
#9642=PRESENTATION_STYLE_ASSIGNMENT((#9651));
#9643=PRESENTATION_STYLE_ASSIGNMENT((#9652));
#9644=PRESENTATION_STYLE_ASSIGNMENT((#9653));
#9645=PRESENTATION_STYLE_ASSIGNMENT((#9654));
#9646=SURFACE_STYLE_USAGE(.BOTH.,#9655);
#9647=SURFACE_STYLE_USAGE(.BOTH.,#9656);
#9648=SURFACE_STYLE_USAGE(.BOTH.,#9657);
#9649=SURFACE_STYLE_USAGE(.BOTH.,#9658);
#9650=SURFACE_STYLE_USAGE(.BOTH.,#9659);
#9651=SURFACE_STYLE_USAGE(.BOTH.,#9660);
#9652=SURFACE_STYLE_USAGE(.BOTH.,#9661);
#9653=SURFACE_STYLE_USAGE(.BOTH.,#9662);
#9654=SURFACE_STYLE_USAGE(.BOTH.,#9663);
#9655=SURFACE_SIDE_STYLE('',(#9664));
#9656=SURFACE_SIDE_STYLE('',(#9665));
#9657=SURFACE_SIDE_STYLE('',(#9666));
#9658=SURFACE_SIDE_STYLE('',(#9667));
#9659=SURFACE_SIDE_STYLE('',(#9668));
#9660=SURFACE_SIDE_STYLE('',(#9669));
#9661=SURFACE_SIDE_STYLE('',(#9670));
#9662=SURFACE_SIDE_STYLE('',(#9671));
#9663=SURFACE_SIDE_STYLE('',(#9672));
#9664=SURFACE_STYLE_FILL_AREA(#9673);
#9665=SURFACE_STYLE_FILL_AREA(#9674);
#9666=SURFACE_STYLE_FILL_AREA(#9675);
#9667=SURFACE_STYLE_FILL_AREA(#9676);
#9668=SURFACE_STYLE_FILL_AREA(#9677);
#9669=SURFACE_STYLE_FILL_AREA(#9678);
#9670=SURFACE_STYLE_FILL_AREA(#9679);
#9671=SURFACE_STYLE_FILL_AREA(#9680);
#9672=SURFACE_STYLE_FILL_AREA(#9681);
#9673=FILL_AREA_STYLE('Steel - Satin',(#9682));
#9674=FILL_AREA_STYLE('Paint - Metal Flake (Black)',(#9683));
#9675=FILL_AREA_STYLE('Plastic - Matte (Black)',(#9684));
#9676=FILL_AREA_STYLE('Powder Coat - Rough (Green)',(#9685));
#9677=FILL_AREA_STYLE('Aluminum - Satin',(#9686));
#9678=FILL_AREA_STYLE('Powder Coat - Rough (Black)',(#9687));
#9679=FILL_AREA_STYLE('Powder Coat - Rough (White)',(#9688));
#9680=FILL_AREA_STYLE('Powder Coat - Rough (Red)',(#9689));
#9681=FILL_AREA_STYLE('Nylon 12 (with Formlabs Fuse 1 3D Printer)',(#9690));
#9682=FILL_AREA_STYLE_COLOUR('Steel - Satin',#9691);
#9683=FILL_AREA_STYLE_COLOUR('Paint - Metal Flake (Black)',#9692);
#9684=FILL_AREA_STYLE_COLOUR('Plastic - Matte (Black)',#9693);
#9685=FILL_AREA_STYLE_COLOUR('Powder Coat - Rough (Green)',#9694);
#9686=FILL_AREA_STYLE_COLOUR('Aluminum - Satin',#9695);
#9687=FILL_AREA_STYLE_COLOUR('Powder Coat - Rough (Black)',#9696);
#9688=FILL_AREA_STYLE_COLOUR('Powder Coat - Rough (White)',#9697);
#9689=FILL_AREA_STYLE_COLOUR('Powder Coat - Rough (Red)',#9698);
#9690=FILL_AREA_STYLE_COLOUR(
'Nylon 12 (with Formlabs Fuse 1 3D Printer)',#9699);
#9691=COLOUR_RGB('Steel - Satin',0.627450980392157,0.627450980392157,0.627450980392157);
#9692=COLOUR_RGB('Paint - Metal Flake (Black)',0.0980392156862745,0.0980392156862745,
0.0980392156862745);
#9693=COLOUR_RGB('Plastic - Matte (Black)',0.0980392156862745,0.0980392156862745,
0.0980392156862745);
#9694=COLOUR_RGB('Powder Coat - Rough (Green)',0.0784313725490196,0.372549019607843,
0.164705882352941);
#9695=COLOUR_RGB('Aluminum - Satin',0.96078431372549,0.96078431372549,0.964705882352941);
#9696=COLOUR_RGB('Powder Coat - Rough (Black)',0.0980392156862745,0.0980392156862745,
0.0980392156862745);
#9697=COLOUR_RGB('Powder Coat - Rough (White)',0.964705882352941,0.964705882352941,
0.952941176470588);
#9698=COLOUR_RGB('Powder Coat - Rough (Red)',0.768627450980392,0.207843137254902,
0.152941176470588);
#9699=COLOUR_RGB('Nylon 12 (with Formlabs Fuse 1 3D Printer)',0.247058823529412,
0.247058823529412,0.247058823529412);
ENDSEC;
END-ISO-10303-21;
