ISO-10303-21;
HEADER;
FILE_DESCRIPTION (( 'STEP AP214' ),
    '1' );
FILE_NAME ('RCLAMP03348P.U.STEP',
    '2025-07-16T19:18:23',
    ( '' ),
    ( '' ),
    'SwSTEP 2.0',
    'SolidWorks 2021',
    '' );
FILE_SCHEMA (( 'AUTOMOTIVE_DESIGN' ));
ENDSEC;

DATA;
#1 = CARTESIAN_POINT ( 'NONE',  ( -0.3250000000000001776, 0.5250000000000000222, -1.649999999999999911 ) ) ;
#2 = ADVANCED_FACE ( 'NONE', ( #7733 ), #9186, .F. ) ;
#3 = EDGE_LOOP ( 'NONE', ( #7028, #5942, #8993, #1297, #2603, #5423 ) ) ;
#4 = AXIS2_PLACEMENT_3D ( 'NONE', #6439, #9456, #822 ) ;
#5 = CARTESIAN_POINT ( 'NONE',  ( -0.4999999999999825695, 0.1500000000000000222, 0.4675000000000001932 ) ) ;
#6 = LINE ( 'NONE', #3030, #774 ) ;
#7 = VECTOR ( 'NONE', #2826, 1000.000000000000000 ) ;
#8 = CARTESIAN_POINT ( 'NONE',  ( 0.4999999999999997780, 0.2000000000000000111, 1.385000000000000231 ) ) ;
#9 = ADVANCED_FACE ( 'NONE', ( #3882 ), #10030, .F. ) ;
#10 = DIRECTION ( 'NONE',  ( 0.000000000000000000, 0.000000000000000000, -1.000000000000000000 ) ) ;
#11 = EDGE_CURVE ( 'NONE', #9694, #9335, #6315, .T. ) ;
#12 = CIRCLE ( 'NONE', #819, 0.07499999999999998335 ) ;
#13 = CARTESIAN_POINT ( 'NONE',  ( -0.4390192378864581357, 0.2000000000000000111, 0.9000000000000000222 ) ) ;
#14 = DIRECTION ( 'NONE',  ( -0.000000000000000000, -1.000000000000000000, -0.000000000000000000 ) ) ;
#15 = CARTESIAN_POINT ( 'NONE',  ( 0.4999999999999997780, 0.000000000000000000, -1.215000000000000080 ) ) ;
#16 = ORIENTED_EDGE ( 'NONE', *, *, #9913, .T. ) ;
#17 = LINE ( 'NONE', #4799, #4153 ) ;
#18 = ORIENTED_EDGE ( 'NONE', *, *, #3881, .T. ) ;
#19 = DIRECTION ( 'NONE',  ( -1.000000000000000000, 0.000000000000000000, 0.000000000000000000 ) ) ;
#20 = ORIENTED_EDGE ( 'NONE', *, *, #1112, .T. ) ;
#21 = ORIENTED_EDGE ( 'NONE', *, *, #7286, .F. ) ;
#22 = ORIENTED_EDGE ( 'NONE', *, *, #3526, .T. ) ;
#23 = LINE ( 'NONE', #6968, #3222 ) ;
#24 = FACE_OUTER_BOUND ( 'NONE', #5447, .T. ) ;
#25 = ORIENTED_EDGE ( 'NONE', *, *, #7339, .F. ) ;
#26 = LINE ( 'NONE', #2182, #8876 ) ;
#27 = EDGE_CURVE ( 'NONE', #9240, #164, #9386, .T. ) ;
#28 = DIRECTION ( 'NONE',  ( -0.000000000000000000, -0.000000000000000000, -1.000000000000000000 ) ) ;
#29 = AXIS2_PLACEMENT_3D ( 'NONE', #2121, #5119, #8206 ) ;
#30 = FACE_OUTER_BOUND ( 'NONE', #6107, .T. ) ;
#31 = ORIENTED_EDGE ( 'NONE', *, *, #5507, .T. ) ;
#32 = DIRECTION ( 'NONE',  ( -0.000000000000000000, -1.000000000000000000, -0.000000000000000000 ) ) ;
#33 = CARTESIAN_POINT ( 'NONE',  ( 0.000000000000000000, 0.2000000000000000111, 0.000000000000000000 ) ) ;
#34 = SURFACE_STYLE_USAGE ( .BOTH. , #3775 ) ;
#35 = VERTEX_POINT ( 'NONE', #4868 ) ;
#36 = AXIS2_PLACEMENT_3D ( 'NONE', #4663, #7768, #741 ) ;
#37 = ORIENTED_EDGE ( 'NONE', *, *, #6532, .T. ) ;
#38 = ORIENTED_EDGE ( 'NONE', *, *, #3382, .T. ) ;
#39 = ORIENTED_EDGE ( 'NONE', *, *, #6308, .T. ) ;
#40 = ADVANCED_FACE ( 'NONE', ( #4973 ), #7175, .F. ) ;
#41 = CARTESIAN_POINT ( 'NONE',  ( 0.4999999999999997780, 0.2000000000000000111, -1.300000000000000266 ) ) ;
#42 = ORIENTED_EDGE ( 'NONE', *, *, #1578, .T. ) ;
#43 = VECTOR ( 'NONE', #2551, 1000.000000000000000 ) ;
#44 = VECTOR ( 'NONE', #5352, 1000.000000000000000 ) ;
#45 = DIRECTION ( 'NONE',  ( -0.000000000000000000, -1.000000000000000000, -0.000000000000000000 ) ) ;
#46 = EDGE_CURVE ( 'NONE', #3606, #2734, #7276, .T. ) ;
#47 = DIRECTION ( 'NONE',  ( -0.000000000000000000, -0.000000000000000000, -1.000000000000000000 ) ) ;
#48 = VERTEX_POINT ( 'NONE', #8722 ) ;
#49 = ORIENTED_EDGE ( 'NONE', *, *, #6577, .T. ) ;
#50 = AXIS2_PLACEMENT_3D ( 'NONE', #5865, #1901, #5151 ) ;
#51 = DIRECTION ( 'NONE',  ( 0.8660254037844509201, 0.000000000000000000, -0.4999999999999786837 ) ) ;
#52 = ADVANCED_FACE ( 'NONE', ( #7921 ), #136, .F. ) ;
#53 = DIRECTION ( 'NONE',  ( 0.000000000000000000, 0.000000000000000000, 1.000000000000000000 ) ) ;
#54 = CARTESIAN_POINT ( 'NONE',  ( -0.4649999999999908651, 0.2000000000000000111, -0.7149999999999997469 ) ) ;
#55 = VECTOR ( 'NONE', #5701, 1000.000000000000000 ) ;
#56 = VECTOR ( 'NONE', #1577, 1000.000000000000000 ) ;
#57 = CARTESIAN_POINT ( 'NONE',  ( 0.2000000000000184130, 0.000000000000000000, -0.5000000000000002220 ) ) ;
#58 = CARTESIAN_POINT ( 'NONE',  ( 1.000563719179478589E-14, 0.05000000000000000278, 1.614999999999996882 ) ) ;
#59 = VECTOR ( 'NONE', #1461, 1000.000000000000000 ) ;
#60 = ADVANCED_FACE ( 'NONE', ( #9433 ), #1115, .F. ) ;
#61 = LINE ( 'NONE', #5522, #6204 ) ;
#62 = EDGE_CURVE ( 'NONE', #8257, #4205, #4224, .T. ) ;
#63 = CARTESIAN_POINT ( 'NONE',  ( -0.3999999999999908629, 0.1500000000000000222, -1.367500000000000160 ) ) ;
#64 = ORIENTED_EDGE ( 'NONE', *, *, #9460, .F. ) ;
#65 = EDGE_CURVE ( 'NONE', #8087, #5528, #7868, .T. ) ;
#66 = CARTESIAN_POINT ( 'NONE',  ( -0.4649999999999908651, 0.2000000000000000111, -0.8850000000000001199 ) ) ;
#67 = VERTEX_POINT ( 'NONE', #3259 ) ;
#68 = ORIENTED_EDGE ( 'NONE', *, *, #2612, .F. ) ;
#69 = ORIENTED_EDGE ( 'NONE', *, *, #8768, .T. ) ;
#70 = CARTESIAN_POINT ( 'NONE',  ( -0.2000000000000002609, 0.2000000000000000111, -1.599999999999999867 ) ) ;
#71 = FACE_OUTER_BOUND ( 'NONE', #2375, .T. ) ;
#72 = LINE ( 'NONE', #2231, #8121 ) ;
#73 = ADVANCED_FACE ( 'NONE', ( #8018 ), #1668, .F. ) ;
#74 = AXIS2_PLACEMENT_3D ( 'NONE', #2370, #682, #5576 ) ;
#75 = ORIENTED_EDGE ( 'NONE', *, *, #1253, .F. ) ;
#76 = CARTESIAN_POINT ( 'NONE',  ( 0.000000000000000000, 0.1500000000000000222, 0.000000000000000000 ) ) ;
#77 = DIRECTION ( 'NONE',  ( 0.000000000000000000, 0.000000000000000000, -1.000000000000000000 ) ) ;
#78 = LINE ( 'NONE', #7264, #2447 ) ;
#79 = ORIENTED_EDGE ( 'NONE', *, *, #7674, .T. ) ;
#80 = DIRECTION ( 'NONE',  ( 0.000000000000000000, 1.000000000000000000, 0.000000000000000000 ) ) ;
#81 = LINE ( 'NONE', #8673, #3331 ) ;
#82 = VERTEX_POINT ( 'NONE', #1718 ) ;
#83 = EDGE_CURVE ( 'NONE', #6906, #8720, #1008, .T. ) ;
#84 = ORIENTED_EDGE ( 'NONE', *, *, #3289, .T. ) ;
#85 = ORIENTED_EDGE ( 'NONE', *, *, #4547, .F. ) ;
#86 = DIRECTION ( 'NONE',  ( 1.000000000000000000, -0.000000000000000000, -0.000000000000000000 ) ) ;
#87 = ORIENTED_EDGE ( 'NONE', *, *, #3427, .F. ) ;
#88 = DIRECTION ( 'NONE',  ( -1.355252715606880049E-16, 0.000000000000000000, -1.000000000000000000 ) ) ;
#89 = CARTESIAN_POINT ( 'NONE',  ( 0.5000000000000091038, 0.2000000000000000111, 0.06750000000000001832 ) ) ;
#90 = CARTESIAN_POINT ( 'NONE',  ( -0.4999999999999908962, 0.1500000000000000222, -1.232500000000000817 ) ) ;
#91 = EDGE_LOOP ( 'NONE', ( #7531, #2295, #6709, #5573 ) ) ;
#92 = FACE_OUTER_BOUND ( 'NONE', #4719, .T. ) ;
#93 = LINE ( 'NONE', #1676, #207 ) ;
#94 = LINE ( 'NONE', #4181, #670 ) ;
#95 = ADVANCED_FACE ( 'NONE', ( #241 ), #1062, .F. ) ;
#96 = VERTEX_POINT ( 'NONE', #6359 ) ;
#97 = CLOSED_SHELL ( 'NONE', ( #6357, #8422, #6939, #8896, #652, #2707 ) ) ;
#98 = ORIENTED_EDGE ( 'NONE', *, *, #984, .T. ) ;
#99 = CARTESIAN_POINT ( 'NONE',  ( -0.5000000000000002220, 0.05000000000000000278, 1.899999999999999911 ) ) ;
#100 = FACE_OUTER_BOUND ( 'NONE', #3600, .T. ) ;
#101 = DIRECTION ( 'NONE',  ( 1.000000000000000000, -0.000000000000000000, 6.195440985631447034E-15 ) ) ;
#102 = VECTOR ( 'NONE', #5309, 1000.000000000000000 ) ;
#103 = ADVANCED_FACE ( 'NONE', ( #7329 ), #4821, .T. ) ;
#104 = ADVANCED_FACE ( 'NONE', ( #3210 ), #2644, .T. ) ;
#105 = ADVANCED_FACE ( 'NONE', ( #2597 ), #4771, .T. ) ;
#106 = LINE ( 'NONE', #1539, #6458 ) ;
#107 = VECTOR ( 'NONE', #1374, 1000.000000000000000 ) ;
#108 =( LENGTH_UNIT ( ) NAMED_UNIT ( * ) SI_UNIT ( .MILLI., .METRE. ) );
#109 = CARTESIAN_POINT ( 'NONE',  ( -0.4390192378864674616, 0.2000000000000000111, 1.800000000000000044 ) ) ;
#110 = LINE ( 'NONE', #6335, #5379 ) ;
#111 = ORIENTED_EDGE ( 'NONE', *, *, #3244, .F. ) ;
#112 = DIRECTION ( 'NONE',  ( 0.000000000000000000, -0.000000000000000000, 1.000000000000000000 ) ) ;
#113 = VECTOR ( 'NONE', #7110, 1000.000000000000000 ) ;
#114 = CARTESIAN_POINT ( 'NONE',  ( -0.3999999999999907518, 0.1500000000000000222, -0.4675000000000000266 ) ) ;
#115 = EDGE_CURVE ( 'NONE', #5902, #8616, #1876, .T. ) ;
#116 = ORIENTED_EDGE ( 'NONE', *, *, #2197, .F. ) ;
#117 = CARTESIAN_POINT ( 'NONE',  ( 0.5000000000000091038, 0.2000000000000000111, -0.3150000000000001688 ) ) ;
#118 = ORIENTED_EDGE ( 'NONE', *, *, #8372, .F. ) ;
#119 = ORIENTED_EDGE ( 'NONE', *, *, #9913, .F. ) ;
#120 = FACE_OUTER_BOUND ( 'NONE', #5691, .T. ) ;
#121 = CIRCLE ( 'NONE', #9380, 0.06250000000000000000 ) ;
#122 = LINE ( 'NONE', #4107, #1308 ) ;
#123 = VERTEX_POINT ( 'NONE', #7656 ) ;
#124 = LINE ( 'NONE', #4809, #3629 ) ;
#125 = CARTESIAN_POINT ( 'NONE',  ( 0.000000000000000000, 0.1500000000000000222, 0.000000000000000000 ) ) ;
#126 = LINE ( 'NONE', #3250, #2771 ) ;
#127 = ORIENTED_EDGE ( 'NONE', *, *, #6872, .T. ) ;
#128 = CARTESIAN_POINT ( 'NONE',  ( -0.5000000000000002220, 0.5500000000000000444, 1.899999999999999911 ) ) ;
#129 = DIRECTION ( 'NONE',  ( -0.000000000000000000, -1.000000000000000000, -0.000000000000000000 ) ) ;
#130 = AXIS2_PLACEMENT_3D ( 'NONE', #2155, #6122, #5361 ) ;
#131 = EDGE_CURVE ( 'NONE', #2033, #8705, #4445, .T. ) ;
#132 = ORIENTED_EDGE ( 'NONE', *, *, #6090, .F. ) ;
#133 = ORIENTED_EDGE ( 'NONE', *, *, #8437, .T. ) ;
#134 = ORIENTED_EDGE ( 'NONE', *, *, #1785, .F. ) ;
#135 = DIRECTION ( 'NONE',  ( 0.8660254037844378194, 0.000000000000000000, -0.5000000000000013323 ) ) ;
#136 = PLANE ( 'NONE',  #7260 ) ;
#137 = EDGE_CURVE ( 'NONE', #7309, #7618, #9105, .T. ) ;
#138 = CARTESIAN_POINT ( 'NONE',  ( 0.5000000000000091038, 0.2000000000000000111, -1.762499999999999734 ) ) ;
#139 = CARTESIAN_POINT ( 'NONE',  ( -0.3999999999999907518, 0.1500000000000000222, -0.3325000000000000178 ) ) ;
#140 = ORIENTED_EDGE ( 'NONE', *, *, #1970, .F. ) ;
#141 = FACE_OUTER_BOUND ( 'NONE', #6480, .T. ) ;
#142 = CARTESIAN_POINT ( 'NONE',  ( -0.4999999999999825695, 0.2000000000000000111, 0.08500000000000000611 ) ) ;
#143 = VERTEX_POINT ( 'NONE', #5790 ) ;
#144 = ORIENTED_EDGE ( 'NONE', *, *, #6090, .T. ) ;
#145 = VERTEX_POINT ( 'NONE', #7506 ) ;
#146 = DIRECTION ( 'NONE',  ( 0.5000000000000014433, -0.000000000000000000, 0.8660254037844379305 ) ) ;
#147 = ORIENTED_EDGE ( 'NONE', *, *, #857, .F. ) ;
#148 = ADVANCED_FACE ( 'NONE', ( #9630 ), #8440, .F. ) ;
#149 = DIRECTION ( 'NONE',  ( 1.000000000000000000, 0.000000000000000000, -4.336808689942011425E-15 ) ) ;
#150 = CARTESIAN_POINT ( 'NONE',  ( -0.2000000000000002609, 0.2000000000000000111, 1.800000000000000044 ) ) ;
#151 = VECTOR ( 'NONE', #4737, 1000.000000000000000 ) ;
#152 = CARTESIAN_POINT ( 'NONE',  ( -0.4390192378864674616, 0.000000000000000000, 1.800000000000000044 ) ) ;
#153 =( LENGTH_UNIT ( ) NAMED_UNIT ( * ) SI_UNIT ( .MILLI., .METRE. ) );
#154 = ADVANCED_FACE ( 'NONE', ( #2162 ), #2114, .T. ) ;
#155 = FACE_OUTER_BOUND ( 'NONE', #1976, .T. ) ;
#156 = AXIS2_PLACEMENT_3D ( 'NONE', #7160, #1756, #1147 ) ;
#157 = LINE ( 'NONE', #4891, #3316 ) ;
#158 = DIRECTION ( 'NONE',  ( 0.000000000000000000, 0.000000000000000000, -1.000000000000000000 ) ) ;
#159 = ORIENTED_EDGE ( 'NONE', *, *, #5298, .F. ) ;
#160 = DIRECTION ( 'NONE',  ( 6.505213034913017138E-15, 0.000000000000000000, -1.000000000000000000 ) ) ;
#161 = DIRECTION ( 'NONE',  ( 0.000000000000000000, 1.000000000000000000, 0.000000000000000000 ) ) ;
#162 = VERTEX_POINT ( 'NONE', #9156 ) ;
#163 = FILL_AREA_STYLE ('',( #7155 ) ) ;
#164 = VERTEX_POINT ( 'NONE', #347 ) ;
#165 = AXIS2_PLACEMENT_3D ( 'NONE', #5980, #428, #3544 ) ;
#166 = ORIENTED_EDGE ( 'NONE', *, *, #7107, .T. ) ;
#167 = PLANE ( 'NONE',  #5662 ) ;
#168 = CARTESIAN_POINT ( 'NONE',  ( -0.4390192378864674616, 0.2000000000000000111, 1.599999999999999867 ) ) ;
#169 = ORIENTED_EDGE ( 'NONE', *, *, #2761, .F. ) ;
#170 = CARTESIAN_POINT ( 'NONE',  ( 0.4390192378864747891, 0.000000000000000000, -0.5000000000000002220 ) ) ;
#171 = EDGE_CURVE ( 'NONE', #2112, #6906, #3461, .T. ) ;
#172 = CARTESIAN_POINT ( 'NONE',  ( 0.4390192378864654077, 0.2000000000000000111, -1.400000000000000133 ) ) ;
#173 = CARTESIAN_POINT ( 'NONE',  ( 0.4390192378864654077, 0.2000000000000000111, -1.400000000000000133 ) ) ;
#174 = ORIENTED_EDGE ( 'NONE', *, *, #2605, .F. ) ;
#175 = AXIS2_PLACEMENT_3D ( 'NONE', #844, #8571, #3012 ) ;
#176 = DIRECTION ( 'NONE',  ( 0.000000000000000000, 0.000000000000000000, 1.000000000000000000 ) ) ;
#177 = LINE ( 'NONE', #7019, #2844 ) ;
#178 = DIRECTION ( 'NONE',  ( -1.000000000000000000, 0.000000000000000000, 6.195440985631447034E-15 ) ) ;
#179 = ORIENTED_EDGE ( 'NONE', *, *, #1488, .T. ) ;
#180 = ORIENTED_EDGE ( 'NONE', *, *, #9084, .F. ) ;
#181 = ADVANCED_FACE ( 'NONE', ( #3748 ), #8297, .T. ) ;
#182 = EDGE_LOOP ( 'NONE', ( #4001, #1938, #8050, #8150 ) ) ;
#183 = AXIS2_PLACEMENT_3D ( 'NONE', #9010, #6645, #8192 ) ;
#184 = DIRECTION ( 'NONE',  ( 0.000000000000000000, 0.000000000000000000, -1.000000000000000000 ) ) ;
#185 = DIRECTION ( 'NONE',  ( 0.000000000000000000, 0.000000000000000000, 1.000000000000000000 ) ) ;
#186 = DIRECTION ( 'NONE',  ( -1.000000000000000000, 0.000000000000000000, -0.000000000000000000 ) ) ;
#187 = FACE_OUTER_BOUND ( 'NONE', #9916, .T. ) ;
#188 = ORIENTED_EDGE ( 'NONE', *, *, #9978, .F. ) ;
#189 = CARTESIAN_POINT ( 'NONE',  ( 0.4999999999999997780, 0.2000000000000000111, -1.385000000000000231 ) ) ;
#190 = EDGE_CURVE ( 'NONE', #9875, #9269, #3799, .T. ) ;
#191 = EDGE_CURVE ( 'NONE', #7824, #3820, #9062, .T. ) ;
#192 = CARTESIAN_POINT ( 'NONE',  ( 0.4390192378864654077, 0.2000000000000000111, 1.200000000000000178 ) ) ;
#193 = DIRECTION ( 'NONE',  ( 1.000000000000000000, 0.000000000000000000, 0.000000000000000000 ) ) ;
#194 = AXIS2_PLACEMENT_3D ( 'NONE', #5891, #3515, #9077 ) ;
#195 = ORIENTED_EDGE ( 'NONE', *, *, #9342, .T. ) ;
#196 = VERTEX_POINT ( 'NONE', #9851 ) ;
#197 = VERTEX_POINT ( 'NONE', #2982 ) ;
#198 = CARTESIAN_POINT ( 'NONE',  ( -0.4999999999999908962, 0.2000000000000000111, 1.367499999999999494 ) ) ;
#199 = VECTOR ( 'NONE', #792, 1000.000000000000000 ) ;
#200 = VECTOR ( 'NONE', #7283, 1000.000000000000000 ) ;
#201 = FACE_OUTER_BOUND ( 'NONE', #6203, .T. ) ;
#202 = CARTESIAN_POINT ( 'NONE',  ( -0.4650000000000001354, 0.05000000000000000278, 1.614999999999999991 ) ) ;
#203 = VECTOR ( 'NONE', #3335, 1000.000000000000000 ) ;
#204 = ADVANCED_FACE ( 'NONE', ( #8253 ), #8346, .F. ) ;
#205 = FACE_OUTER_BOUND ( 'NONE', #6644, .T. ) ;
#206 = DIRECTION ( 'NONE',  ( -0.000000000000000000, 1.000000000000000000, -0.000000000000000000 ) ) ;
#207 = VECTOR ( 'NONE', #47, 1000.000000000000000 ) ;
#208 = AXIS2_PLACEMENT_3D ( 'NONE', #6367, #2499, #8122 ) ;
#209 = DIRECTION ( 'NONE',  ( -0.000000000000000000, -1.000000000000000000, -0.000000000000000000 ) ) ;
#210 = LINE ( 'NONE', #927, #3435 ) ;
#211 = ORIENTED_EDGE ( 'NONE', *, *, #2414, .T. ) ;
#212 = CARTESIAN_POINT ( 'NONE',  ( -0.5000000000000002220, 0.1999999999999999833, -0.3325000000000001288 ) ) ;
#213 = DIRECTION ( 'NONE',  ( -1.000000000000000000, 0.000000000000000000, 4.336808689942016158E-15 ) ) ;
#214 = EDGE_LOOP ( 'NONE', ( #3923, #4679, #7669, #1969 ) ) ;
#215 = DIRECTION ( 'NONE',  ( 1.000000000000000000, 0.000000000000000000, 6.195440985631447034E-15 ) ) ;
#216 = VECTOR ( 'NONE', #4134, 1000.000000000000000 ) ;
#217 = ORIENTED_EDGE ( 'NONE', *, *, #3786, .F. ) ;
#218 = UNCERTAINTY_MEASURE_WITH_UNIT (LENGTH_MEASURE( 1.000000000000000082E-05 ), #8910, 'distance_accuracy_value', 'NONE');
#219 = VECTOR ( 'NONE', #1615, 1000.000000000000000 ) ;
#220 = ADVANCED_FACE ( 'NONE', ( #5979 ), #6851, .F. ) ;
#221 = VERTEX_POINT ( 'NONE', #6902 ) ;
#222 = DIRECTION ( 'NONE',  ( 0.5000000000000014433, 0.000000000000000000, -0.8660254037844379305 ) ) ;
#223 = LINE ( 'NONE', #6503, #8390 ) ;
#224 = DIRECTION ( 'NONE',  ( 1.000000000000000000, -0.000000000000000000, -0.000000000000000000 ) ) ;
#225 = VERTEX_POINT ( 'NONE', #9953 ) ;
#226 = CARTESIAN_POINT ( 'NONE',  ( -0.1999999999999825528, 0.2000000000000000111, -0.1000000000000000472 ) ) ;
#227 = DIRECTION ( 'NONE',  ( 0.000000000000000000, 0.000000000000000000, 1.000000000000000000 ) ) ;
#228 = CARTESIAN_POINT ( 'NONE',  ( -0.5000000000000002220, 0.5500000000000000444, -1.899999999999999911 ) ) ;
#229 = ORIENTED_EDGE ( 'NONE', *, *, #6734, .T. ) ;
#230 = DIRECTION ( 'NONE',  ( 0.000000000000000000, -1.000000000000000000, 0.000000000000000000 ) ) ;
#231 = CARTESIAN_POINT ( 'NONE',  ( -0.1999999999999825528, 0.2000000000000000111, 0.1000000000000000472 ) ) ;
#232 = LINE ( 'NONE', #4767, #9747 ) ;
#233 = ORIENTED_EDGE ( 'NONE', *, *, #9475, .F. ) ;
#234 = EDGE_CURVE ( 'NONE', #9875, #9443, #674, .T. ) ;
#235 = VERTEX_POINT ( 'NONE', #6024 ) ;
#236 = CARTESIAN_POINT ( 'NONE',  ( 0.4999999999999997780, 0.1500000000000000222, -1.767499999999999627 ) ) ;
#237 = VECTOR ( 'NONE', #5168, 1000.000000000000000 ) ;
#238 = ORIENTED_EDGE ( 'NONE', *, *, #8980, .T. ) ;
#239 = ADVANCED_FACE ( 'NONE', ( #1288 ), #1336, .T. ) ;
#240 = CARTESIAN_POINT ( 'NONE',  ( 0.5000000000000091038, 0.2000000000000000111, 0.7374999999999998224 ) ) ;
#241 = FACE_OUTER_BOUND ( 'NONE', #1196, .T. ) ;
#242 = DIRECTION ( 'NONE',  ( 0.000000000000000000, 0.000000000000000000, 1.000000000000000000 ) ) ;
#243 = DIRECTION ( 'NONE',  ( 0.000000000000000000, -0.000000000000000000, -1.000000000000000000 ) ) ;
#244 = ORIENTED_EDGE ( 'NONE', *, *, #9695, .T. ) ;
#245 = DIRECTION ( 'NONE',  ( 0.000000000000000000, -1.000000000000000000, 0.000000000000000000 ) ) ;
#246 = EDGE_CURVE ( 'NONE', #3717, #2275, #7606, .T. ) ;
#247 = CARTESIAN_POINT ( 'NONE',  ( -0.4649999999999825384, 0.04999999999999999584, -0.08500000000000022815 ) ) ;
#248 = VECTOR ( 'NONE', #3690, 1000.000000000000114 ) ;
#249 = ORIENTED_EDGE ( 'NONE', *, *, #6275, .T. ) ;
#250 = ADVANCED_FACE ( 'NONE', ( #6075 ), #3850, .F. ) ;
#251 = ORIENTED_EDGE ( 'NONE', *, *, #2294, .T. ) ;
#252 = CARTESIAN_POINT ( 'NONE',  ( -0.1999999999999908795, 0.2000000000000000111, -0.6999999999999998446 ) ) ;
#253 = ORIENTED_EDGE ( 'NONE', *, *, #4574, .T. ) ;
#254 = FACE_OUTER_BOUND ( 'NONE', #7080, .T. ) ;
#255 = DIRECTION ( 'NONE',  ( 1.000000000000000000, 0.000000000000000000, -0.000000000000000000 ) ) ;
#256 = UNCERTAINTY_MEASURE_WITH_UNIT (LENGTH_MEASURE( 1.000000000000000082E-05 ), #1849, 'distance_accuracy_value', 'NONE');
#257 = VECTOR ( 'NONE', #8771, 1000.000000000000114 ) ;
#258 = ADVANCED_FACE ( 'NONE', ( #6182 ), #6954, .F. ) ;
#259 = DIRECTION ( 'NONE',  ( 1.355252715606880049E-16, 0.000000000000000000, -1.000000000000000000 ) ) ;
#260 = CARTESIAN_POINT ( 'NONE',  ( 0.000000000000000000, 0.000000000000000000, 0.000000000000000000 ) ) ;
#261 = LINE ( 'NONE', #6004, #4907 ) ;
#262 = EDGE_CURVE ( 'NONE', #6257, #6883, #9258, .T. ) ;
#263 = LINE ( 'NONE', #6491, #8127 ) ;
#264 = AXIS2_PLACEMENT_3D ( 'NONE', #2901, #2176, #6144 ) ;
#265 = FACE_OUTER_BOUND ( 'NONE', #3781, .T. ) ;
#266 = LINE ( 'NONE', #3390, #6684 ) ;
#267 = VERTEX_POINT ( 'NONE', #1206 ) ;
#268 = FILL_AREA_STYLE ('',( #1696 ) ) ;
#269 = LINE ( 'NONE', #1958, #6052 ) ;
#270 = LINE ( 'NONE', #8904, #9795 ) ;
#271 = ORIENTED_EDGE ( 'NONE', *, *, #310, .F. ) ;
#272 =( GEOMETRIC_REPRESENTATION_CONTEXT ( 3 ) GLOBAL_UNCERTAINTY_ASSIGNED_CONTEXT ( ( #9657 ) ) GLOBAL_UNIT_ASSIGNED_CONTEXT ( ( #7475, #1935, #6714 ) ) REPRESENTATION_CONTEXT ( 'NONE', 'WORKASPACE' ) );
#273 = LINE ( 'NONE', #7102, #364 ) ;
#274 = VECTOR ( 'NONE', #1078, 1000.000000000000114 ) ;
#275 = ORIENTED_EDGE ( 'NONE', *, *, #6949, .T. ) ;
#276 = ORIENTED_EDGE ( 'NONE', *, *, #1787, .F. ) ;
#277 = LINE ( 'NONE', #3290, #7447 ) ;
#278 = CARTESIAN_POINT ( 'NONE',  ( -0.4650000000000002465, 0.2000000000000000111, 1.785000000000000142 ) ) ;
#279 = CARTESIAN_POINT ( 'NONE',  ( -0.1999999999999908795, 0.2000000000000000111, -0.9000000000000000222 ) ) ;
#280 = VECTOR ( 'NONE', #7075, 1000.000000000000000 ) ;
#281 = CARTESIAN_POINT ( 'NONE',  ( 0.000000000000000000, 0.2000000000000000111, 0.000000000000000000 ) ) ;
#282 = ORIENTED_EDGE ( 'NONE', *, *, #672, .T. ) ;
#283 = VECTOR ( 'NONE', #7718, 1000.000000000000000 ) ;
#284 = ADVANCED_FACE ( 'NONE', ( #344 ), #8767, .T. ) ;
#285 = FACE_OUTER_BOUND ( 'NONE', #4785, .T. ) ;
#286 = DIRECTION ( 'NONE',  ( -0.000000000000000000, -1.000000000000000000, -0.000000000000000000 ) ) ;
#287 = ORIENTED_EDGE ( 'NONE', *, *, #2310, .F. ) ;
#288 = VERTEX_POINT ( 'NONE', #8210 ) ;
#289 = VECTOR ( 'NONE', #2749, 1000.000000000000000 ) ;
#290 = CARTESIAN_POINT ( 'NONE',  ( 0.2000000000000089762, 0.2000000000000000111, 1.300000000000000266 ) ) ;
#291 = PRESENTATION_LAYER_ASSIGNMENT (  '', '', ( #7766 ) ) ;
#292 = VERTEX_POINT ( 'NONE', #8064 ) ;
#293 = LINE ( 'NONE', #7174, #9046 ) ;
#294 = CARTESIAN_POINT ( 'NONE',  ( 0.000000000000000000, 0.2000000000000000111, 0.000000000000000000 ) ) ;
#295 = CARTESIAN_POINT ( 'NONE',  ( 0.4649999999999997469, 0.2000000000000000111, -1.214999999999999858 ) ) ;
#296 = FACE_OUTER_BOUND ( 'NONE', #1591, .T. ) ;
#297 = CARTESIAN_POINT ( 'NONE',  ( -0.1999999999999825528, 0.2000000000000000111, 0.1000000000000000472 ) ) ;
#298 = ADVANCED_FACE ( 'NONE', ( #1928 ), #4971, .T. ) ;
#299 = ORIENTED_EDGE ( 'NONE', *, *, #1634, .F. ) ;
#300 = LINE ( 'NONE', #3419, #1505 ) ;
#301 = EDGE_CURVE ( 'NONE', #5504, #5324, #3360, .T. ) ;
#302 = LINE ( 'NONE', #354, #2328 ) ;
#303 = AXIS2_PLACEMENT_3D ( 'NONE', #7462, #5730, #1863 ) ;
#304 = SURFACE_STYLE_FILL_AREA ( #6672 ) ;
#305 = ORIENTED_EDGE ( 'NONE', *, *, #9893, .T. ) ;
#306 = ORIENTED_EDGE ( 'NONE', *, *, #7461, .T. ) ;
#307 = ORIENTED_EDGE ( 'NONE', *, *, #6116, .F. ) ;
#308 = CARTESIAN_POINT ( 'NONE',  ( 0.5000000000000091038, 0.000000000000000000, 0.4850000000000002087 ) ) ;
#309 = ORIENTED_EDGE ( 'NONE', *, *, #5514, .F. ) ;
#310 = EDGE_CURVE ( 'NONE', #4926, #3161, #8380, .T. ) ;
#311 = PLANE ( 'NONE',  #7058 ) ;
#312 = EDGE_LOOP ( 'NONE', ( #8760, #7098, #2899, #4659 ) ) ;
#313 = CARTESIAN_POINT ( 'NONE',  ( -0.5000000000000002220, 0.2000000000000000111, 1.614999999999999991 ) ) ;
#314 = DIRECTION ( 'NONE',  ( -1.000000000000000000, -0.000000000000000000, -0.000000000000000000 ) ) ;
#315 = LINE ( 'NONE', #2866, #8144 ) ;
#316 = LINE ( 'NONE', #2520, #6362 ) ;
#317 = CARTESIAN_POINT ( 'NONE',  ( 0.3999999999999999112, 0.1500000000000000222, 0.06750000000000003220 ) ) ;
#318 = FACE_OUTER_BOUND ( 'NONE', #8198, .T. ) ;
#319 = ORIENTED_EDGE ( 'NONE', *, *, #380, .T. ) ;
#320 = EDGE_CURVE ( 'NONE', #2548, #4114, #8870, .T. ) ;
#321 = AXIS2_PLACEMENT_3D ( 'NONE', #5462, #6485, #255 ) ;
#322 = PRESENTATION_STYLE_ASSIGNMENT (( #2574 ) ) ;
#323 = CARTESIAN_POINT ( 'NONE',  ( -0.4649999999999825384, 0.2000000000000000111, 0.08500000000000022815 ) ) ;
#324 = ORIENTED_EDGE ( 'NONE', *, *, #8752, .T. ) ;
#325 = ADVANCED_FACE ( 'NONE', ( #7375 ), #8159, .T. ) ;
#326 = EDGE_LOOP ( 'NONE', ( #1554, #5875, #159, #638 ) ) ;
#327 = UNCERTAINTY_MEASURE_WITH_UNIT (LENGTH_MEASURE( 1.000000000000000082E-05 ), #5149, 'distance_accuracy_value', 'NONE');
#328 = ORIENTED_EDGE ( 'NONE', *, *, #3737, .T. ) ;
#329 = LINE ( 'NONE', #1858, #9196 ) ;
#330 = AXIS2_PLACEMENT_3D ( 'NONE', #482, #3599, #4398 ) ;
#331 = PRESENTATION_STYLE_ASSIGNMENT (( #7312 ) ) ;
#332 = FACE_OUTER_BOUND ( 'NONE', #4040, .T. ) ;
#333 = VERTEX_POINT ( 'NONE', #396 ) ;
#334 = DIRECTION ( 'NONE',  ( -0.000000000000000000, -0.000000000000000000, 1.000000000000000000 ) ) ;
#335 = CARTESIAN_POINT ( 'NONE',  ( 0.000000000000000000, 0.2000000000000000111, 0.000000000000000000 ) ) ;
#336 = DIRECTION ( 'NONE',  ( -0.8660254037844378194, -0.000000000000000000, 0.5000000000000013323 ) ) ;
#337 = ORIENTED_EDGE ( 'NONE', *, *, #368, .F. ) ;
#338 = CARTESIAN_POINT ( 'NONE',  ( -0.4650000000000002465, 0.2000000000000000111, -1.614999999999999769 ) ) ;
#339 = LINE ( 'NONE', #3453, #399 ) ;
#340 = VECTOR ( 'NONE', #1913, 1000.000000000000000 ) ;
#341 = DIRECTION ( 'NONE',  ( 0.000000000000000000, 0.000000000000000000, 1.000000000000000000 ) ) ;
#342 = ORIENTED_EDGE ( 'NONE', *, *, #1707, .F. ) ;
#343 = EDGE_LOOP ( 'NONE', ( #554, #8774, #6384, #1287 ) ) ;
#344 = FACE_OUTER_BOUND ( 'NONE', #1749, .T. ) ;
#345 = ORIENTED_EDGE ( 'NONE', *, *, #7813, .F. ) ;
#346 = EDGE_CURVE ( 'NONE', #3783, #6726, #2640, .T. ) ;
#347 = CARTESIAN_POINT ( 'NONE',  ( -0.3999999999999907518, 0.2000000000000000111, 0.4675000000000001932 ) ) ;
#348 = DIRECTION ( 'NONE',  ( -2.710505431213760099E-16, 0.000000000000000000, -1.000000000000000000 ) ) ;
#349 = LINE ( 'NONE', #5179, #6059 ) ;
#350 = AXIS2_PLACEMENT_3D ( 'NONE', #9711, #8256, #4447 ) ;
#351 = PLANE ( 'NONE',  #1927 ) ;
#352 = ORIENTED_EDGE ( 'NONE', *, *, #8235, .F. ) ;
#353 = DIRECTION ( 'NONE',  ( 0.000000000000000000, 0.000000000000000000, -1.000000000000000000 ) ) ;
#354 = CARTESIAN_POINT ( 'NONE',  ( 0.2000000000000183853, 0.2000000000000000111, -0.3000000000000001554 ) ) ;
#355 = CARTESIAN_POINT ( 'NONE',  ( -0.4999999999999824585, 0.1500000000000000222, -0.4674999999999998601 ) ) ;
#356 = ORIENTED_EDGE ( 'NONE', *, *, #3415, .T. ) ;
#357 = VECTOR ( 'NONE', #6608, 1000.000000000000114 ) ;
#358 = VERTEX_POINT ( 'NONE', #4919 ) ;
#359 = EDGE_CURVE ( 'NONE', #9790, #4022, #2694, .T. ) ;
#360 = DIRECTION ( 'NONE',  ( 0.000000000000000000, 0.000000000000000000, 1.000000000000000000 ) ) ;
#361 = DIRECTION ( 'NONE',  ( -1.000000000000000000, 0.000000000000000000, 0.000000000000000000 ) ) ;
#362 = VERTEX_POINT ( 'NONE', #5885 ) ;
#363 = EDGE_CURVE ( 'NONE', #5205, #5221, #4221, .T. ) ;
#364 = VECTOR ( 'NONE', #3343, 1000.000000000000000 ) ;
#365 = FACE_OUTER_BOUND ( 'NONE', #1848, .T. ) ;
#366 = VECTOR ( 'NONE', #9435, 1000.000000000000000 ) ;
#367 = LINE ( 'NONE', #1027, #2247 ) ;
#368 = EDGE_CURVE ( 'NONE', #2548, #5952, #3411, .T. ) ;
#369 = CARTESIAN_POINT ( 'NONE',  ( 0.5000000000000000000, 0.2000000000000000111, 0.7324999999999994849 ) ) ;
#370 = DIRECTION ( 'NONE',  ( -0.000000000000000000, -1.000000000000000000, -0.000000000000000000 ) ) ;
#371 = CARTESIAN_POINT ( 'NONE',  ( 0.000000000000000000, 0.2000000000000000111, 0.000000000000000000 ) ) ;
#372 = STYLED_ITEM ( 'NONE', ( #322 ), #8566 ) ;
#373 = AXIS2_PLACEMENT_3D ( 'NONE', #1628, #6218, #9294 ) ;
#374 = EDGE_CURVE ( 'NONE', #3542, #3597, #6463, .T. ) ;
#375 = CARTESIAN_POINT ( 'NONE',  ( 0.3999999999999998557, 0.2000000000000000111, -0.8674999999999999378 ) ) ;
#376 = DIRECTION ( 'NONE',  ( 1.000000000000000000, -0.000000000000000000, -0.000000000000000000 ) ) ;
#377 = ORIENTED_EDGE ( 'NONE', *, *, #4626, .T. ) ;
#378 = ADVANCED_FACE ( 'NONE', ( #2031 ), #5786, .T. ) ;
#379 = VECTOR ( 'NONE', #1069, 1000.000000000000000 ) ;
#380 = EDGE_CURVE ( 'NONE', #3729, #7242, #8539, .T. ) ;
#381 = VECTOR ( 'NONE', #209, 1000.000000000000000 ) ;
#382 = DIRECTION ( 'NONE',  ( 0.000000000000000000, 0.000000000000000000, 1.000000000000000000 ) ) ;
#383 = ORIENTED_EDGE ( 'NONE', *, *, #1425, .T. ) ;
#384 = DIRECTION ( 'NONE',  ( -0.000000000000000000, -1.000000000000000000, -0.000000000000000000 ) ) ;
#385 = DIRECTION ( 'NONE',  ( -0.000000000000000000, -1.000000000000000000, -0.000000000000000000 ) ) ;
#386 = ORIENTED_EDGE ( 'NONE', *, *, #4003, .T. ) ;
#387 = FACE_OUTER_BOUND ( 'NONE', #4399, .T. ) ;
#388 = ADVANCED_FACE ( 'NONE', ( #6611 ), #9674, .F. ) ;
#389 = AXIS2_PLACEMENT_3D ( 'NONE', #2690, #1104, #1921 ) ;
#390 = EDGE_CURVE ( 'NONE', #5609, #2275, #8923, .T. ) ;
#391 = LINE ( 'NONE', #2636, #3493 ) ;
#392 = VECTOR ( 'NONE', #2300, 1000.000000000000000 ) ;
#393 = DIRECTION ( 'NONE',  ( 1.000000000000000000, 0.000000000000000000, 0.000000000000000000 ) ) ;
#394 = ORIENTED_EDGE ( 'NONE', *, *, #8585, .F. ) ;
#395 = EDGE_LOOP ( 'NONE', ( #134, #8819, #6578, #5472 ) ) ;
#396 = CARTESIAN_POINT ( 'NONE',  ( 0.5000000000000000000, 0.1500000000000000222, 0.8675000000000002709 ) ) ;
#397 = EDGE_CURVE ( 'NONE', #9524, #8087, #4559, .T. ) ;
#398 = ORIENTED_EDGE ( 'NONE', *, *, #5212, .F. ) ;
#399 = VECTOR ( 'NONE', #7413, 999.9999999999998863 ) ;
#400 = DIRECTION ( 'NONE',  ( 1.000000000000000000, 0.000000000000000000, 0.000000000000000000 ) ) ;
#401 = ORIENTED_EDGE ( 'NONE', *, *, #8140, .F. ) ;
#402 = DIRECTION ( 'NONE',  ( 1.000000000000000000, 0.000000000000000000, 0.000000000000000000 ) ) ;
#403 = LINE ( 'NONE', #8075, #7686 ) ;
#404 = LINE ( 'NONE', #3421, #8815 ) ;
#405 = EDGE_CURVE ( 'NONE', #4554, #2061, #3050, .T. ) ;
#406 = ORIENTED_EDGE ( 'NONE', *, *, #4897, .T. ) ;
#407 = ORIENTED_EDGE ( 'NONE', *, *, #7423, .F. ) ;
#408 = CARTESIAN_POINT ( 'NONE',  ( -0.4999999999999908962, 0.1500000000000000222, -1.367499999999999494 ) ) ;
#409 = DIRECTION ( 'NONE',  ( 0.8660254037844509201, -0.000000000000000000, -0.4999999999999786837 ) ) ;
#410 = ORIENTED_EDGE ( 'NONE', *, *, #9106, .F. ) ;
#411 = VECTOR ( 'NONE', #2897, 1000.000000000000000 ) ;
#412 = CARTESIAN_POINT ( 'NONE',  ( 0.000000000000000000, 0.2000000000000000111, 0.000000000000000000 ) ) ;
#413 = EDGE_CURVE ( 'NONE', #7005, #680, #3658, .T. ) ;
#414 = VECTOR ( 'NONE', #2215, 1000.000000000000000 ) ;
#415 = DIRECTION ( 'NONE',  ( -1.000000000000000000, 0.000000000000000000, -0.000000000000000000 ) ) ;
#416 = DIRECTION ( 'NONE',  ( 1.000000000000000000, -0.000000000000000000, -0.000000000000000000 ) ) ;
#417 = FILL_AREA_STYLE ('',( #6588 ) ) ;
#418 = ADVANCED_FACE ( 'NONE', ( #3710 ), #9911, .T. ) ;
#419 = DIRECTION ( 'NONE',  ( -0.000000000000000000, 0.000000000000000000, -1.000000000000000000 ) ) ;
#420 = DIRECTION ( 'NONE',  ( 0.000000000000000000, -1.000000000000000000, 0.000000000000000000 ) ) ;
#421 = DIRECTION ( 'NONE',  ( -1.000000000000000000, -0.000000000000000000, -0.000000000000000000 ) ) ;
#422 = EDGE_CURVE ( 'NONE', #3783, #2112, #5223, .T. ) ;
#423 = FACE_OUTER_BOUND ( 'NONE', #8211, .T. ) ;
#424 = ORIENTED_EDGE ( 'NONE', *, *, #3741, .T. ) ;
#425 = EDGE_LOOP ( 'NONE', ( #7818, #7878, #5845, #3468 ) ) ;
#426 = AXIS2_PLACEMENT_3D ( 'NONE', #6466, #4073, #3309 ) ;
#427 = SURFACE_STYLE_FILL_AREA ( #5775 ) ;
#428 = DIRECTION ( 'NONE',  ( 0.000000000000000000, -1.000000000000000000, 0.000000000000000000 ) ) ;
#429 = ORIENTED_EDGE ( 'NONE', *, *, #7938, .F. ) ;
#430 = LINE ( 'NONE', #8103, #7774 ) ;
#431 = DIRECTION ( 'NONE',  ( 0.000000000000000000, 1.000000000000000000, 0.000000000000000000 ) ) ;
#432 = ORIENTED_EDGE ( 'NONE', *, *, #2451, .T. ) ;
#433 = EDGE_CURVE ( 'NONE', #8000, #2372, #7591, .T. ) ;
#434 =( GEOMETRIC_REPRESENTATION_CONTEXT ( 3 ) GLOBAL_UNCERTAINTY_ASSIGNED_CONTEXT ( ( #5002 ) ) GLOBAL_UNIT_ASSIGNED_CONTEXT ( ( #153, #3231, #2518 ) ) REPRESENTATION_CONTEXT ( 'NONE', 'WORKASPACE' ) );
#435 = VECTOR ( 'NONE', #7419, 1000.000000000000000 ) ;
#436 = CARTESIAN_POINT ( 'NONE',  ( 0.4999999999999997780, 0.2000000000000000111, -1.362500000000000044 ) ) ;
#437 = LINE ( 'NONE', #6762, #998 ) ;
#438 = ORIENTED_EDGE ( 'NONE', *, *, #8636, .T. ) ;
#439 = ORIENTED_EDGE ( 'NONE', *, *, #3701, .T. ) ;
#440 = CARTESIAN_POINT ( 'NONE',  ( 0.5000000000000091038, 0.2000000000000000111, 0.06750000000000001832 ) ) ;
#441 = ORIENTED_EDGE ( 'NONE', *, *, #1932, .F. ) ;
#442 = AXIS2_PLACEMENT_3D ( 'NONE', #1575, #7684, #1470 ) ;
#443 = SURFACE_SIDE_STYLE ('',( #9777 ) ) ;
#444 = VECTOR ( 'NONE', #5042, 1000.000000000000000 ) ;
#445 = CARTESIAN_POINT ( 'NONE',  ( -0.3999999999999908629, 0.1500000000000000222, 1.367500000000000160 ) ) ;
#446 = CARTESIAN_POINT ( 'NONE',  ( -0.4999999999999908962, 0.2000000000000000111, 1.232500000000000373 ) ) ;
#447 = ORIENTED_EDGE ( 'NONE', *, *, #8905, .F. ) ;
#448 = CARTESIAN_POINT ( 'NONE',  ( 0.4390192378864654077, 0.2000000000000000111, 1.200000000000000178 ) ) ;
#449 = DIRECTION ( 'NONE',  ( -1.000000000000000000, 0.000000000000000000, 6.195440985631458867E-15 ) ) ;
#450 = EDGE_CURVE ( 'NONE', #7817, #776, #7745, .T. ) ;
#451 = LINE ( 'NONE', #9735, #1679 ) ;
#452 = VECTOR ( 'NONE', #6767, 1000.000000000000000 ) ;
#453 = COLOUR_RGB ( '',0.7921568627450980005, 0.8196078431372548767, 0.9333333333333333481 ) ;
#454 = ORIENTED_EDGE ( 'NONE', *, *, #2677, .F. ) ;
#455 = ORIENTED_EDGE ( 'NONE', *, *, #9830, .F. ) ;
#456 = EDGE_CURVE ( 'NONE', #9584, #2178, #5325, .T. ) ;
#457 = EDGE_LOOP ( 'NONE', ( #3706, #9365, #4021, #968 ) ) ;
#458 = CARTESIAN_POINT ( 'NONE',  ( 0.5000000000000091038, 0.2000000000000000111, -0.4850000000000002087 ) ) ;
#459 = DIRECTION ( 'NONE',  ( 6.195440985631458867E-15, 0.000000000000000000, -1.000000000000000000 ) ) ;
#460 = AXIS2_PLACEMENT_3D ( 'NONE', #5794, #493, #3568 ) ;
#461 = ORIENTED_EDGE ( 'NONE', *, *, #7699, .F. ) ;
#462 = COLOUR_RGB ( '',0.7921568627450980005, 0.8196078431372548767, 0.9333333333333333481 ) ;
#463 = PLANE ( 'NONE',  #2346 ) ;
#464 = AXIS2_PLACEMENT_3D ( 'NONE', #6554, #4259, #8913 ) ;
#465 = VERTEX_POINT ( 'NONE', #7716 ) ;
#466 = CARTESIAN_POINT ( 'NONE',  ( 0.5000000000000000000, 0.2000000000000000111, -0.7324999999999994849 ) ) ;
#467 = EDGE_CURVE ( 'NONE', #1352, #3829, #2376, .T. ) ;
#468 = LINE ( 'NONE', #2667, #3703 ) ;
#469 = CARTESIAN_POINT ( 'NONE',  ( 0.4999999999999997780, 0.1999999999999999833, -1.699999999999999956 ) ) ;
#470 = DIRECTION ( 'NONE',  ( 0.8660254037844378194, 0.000000000000000000, 0.5000000000000013323 ) ) ;
#471 = DIRECTION ( 'NONE',  ( 0.000000000000000000, -1.000000000000000000, 0.000000000000000000 ) ) ;
#472 = CARTESIAN_POINT ( 'NONE',  ( 0.000000000000000000, 0.1500000000000000222, 0.000000000000000000 ) ) ;
#473 = ORIENTED_EDGE ( 'NONE', *, *, #8492, .F. ) ;
#474 = CARTESIAN_POINT ( 'NONE',  ( 0.000000000000000000, 0.2000000000000000111, 0.000000000000000000 ) ) ;
#475 = ORIENTED_EDGE ( 'NONE', *, *, #8379, .T. ) ;
#476 = EDGE_CURVE ( 'NONE', #2536, #2932, #4805, .T. ) ;
#477 = EDGE_CURVE ( 'NONE', #6942, #1805, #2473, .T. ) ;
#478 = LINE ( 'NONE', #9013, #3394 ) ;
#479 = DIRECTION ( 'NONE',  ( 0.000000000000000000, -0.000000000000000000, 1.000000000000000000 ) ) ;
#480 = ORIENTED_EDGE ( 'NONE', *, *, #8843, .T. ) ;
#481 = LINE ( 'NONE', #4163, #5989 ) ;
#482 = CARTESIAN_POINT ( 'NONE',  ( -0.3999999999999908629, 0.1500000000000000222, -1.367500000000000160 ) ) ;
#483 = ORIENTED_EDGE ( 'NONE', *, *, #9125, .F. ) ;
#484 = DIRECTION ( 'NONE',  ( 0.000000000000000000, 0.000000000000000000, -1.000000000000000000 ) ) ;
#485 = LINE ( 'NONE', #2847, #9431 ) ;
#486 = ORIENTED_EDGE ( 'NONE', *, *, #8778, .T. ) ;
#487 = VECTOR ( 'NONE', #2989, 1000.000000000000000 ) ;
#488 = ORIENTED_EDGE ( 'NONE', *, *, #5336, .T. ) ;
#489 = EDGE_LOOP ( 'NONE', ( #8506, #275, #4256, #7797, #4279, #1113 ) ) ;
#490 = EDGE_CURVE ( 'NONE', #1831, #3662, #5628, .T. ) ;
#491 = DIRECTION ( 'NONE',  ( -0.000000000000000000, 0.000000000000000000, 1.000000000000000000 ) ) ;
#492 = DIRECTION ( 'NONE',  ( -0.000000000000000000, 0.000000000000000000, 1.000000000000000000 ) ) ;
#493 = DIRECTION ( 'NONE',  ( 0.000000000000000000, -1.000000000000000000, 0.000000000000000000 ) ) ;
#494 = VERTEX_POINT ( 'NONE', #7008 ) ;
#495 = CARTESIAN_POINT ( 'NONE',  ( 0.2000000000000183853, 0.2000000000000000111, 0.3000000000000001554 ) ) ;
#496 = VECTOR ( 'NONE', #4342, 1000.000000000000000 ) ;
#497 = PLANE ( 'NONE',  #2657 ) ;
#498 = CARTESIAN_POINT ( 'NONE',  ( 0.4390192378864747891, 0.2000000000000000111, 0.5000000000000002220 ) ) ;
#499 = CARTESIAN_POINT ( 'NONE',  ( 0.5000000000000091038, 0.2000000000000000111, -0.7374999999999998224 ) ) ;
#500 = ORIENTED_EDGE ( 'NONE', *, *, #5812, .F. ) ;
#501 = ORIENTED_EDGE ( 'NONE', *, *, #9058, .F. ) ;
#502 = CIRCLE ( 'NONE', #8772, 0.06250000000000000000 ) ;
#503 = CARTESIAN_POINT ( 'NONE',  ( -0.4390192378864674616, 0.2000000000000000111, -1.599999999999999867 ) ) ;
#504 = ADVANCED_FACE ( 'NONE', ( #7763 ), #784, .F. ) ;
#505 = FACE_OUTER_BOUND ( 'NONE', #5120, .T. ) ;
#506 = DIRECTION ( 'NONE',  ( -1.000000000000000000, 0.000000000000000000, 0.000000000000000000 ) ) ;
#507 = ADVANCED_FACE ( 'NONE', ( #6196 ), #9466, .F. ) ;
#508 = ORIENTED_EDGE ( 'NONE', *, *, #2245, .F. ) ;
#509 =( LENGTH_UNIT ( ) NAMED_UNIT ( * ) SI_UNIT ( .MILLI., .METRE. ) );
#510 = CARTESIAN_POINT ( 'NONE',  ( -0.4390192378864497535, 0.2000000000000000111, 0.1000000000000000472 ) ) ;
#511 = ADVANCED_FACE ( 'NONE', ( #1702 ), #7106, .T. ) ;
#512 = MECHANICAL_DESIGN_GEOMETRIC_PRESENTATION_REPRESENTATION (  '', ( #3450 ), #5226 ) ;
#513 = PLANE ( 'NONE',  #2402 ) ;
#514 = VECTOR ( 'NONE', #215, 1000.000000000000000 ) ;
#515 = LINE ( 'NONE', #5250, #9202 ) ;
#516 = DIRECTION ( 'NONE',  ( -1.355252715606880049E-16, 0.000000000000000000, -1.000000000000000000 ) ) ;
#517 = CARTESIAN_POINT ( 'NONE',  ( 0.1933540818529388694, 0.05000000000000000278, 0.3348990936201202695 ) ) ;
#518 = CARTESIAN_POINT ( 'NONE',  ( 0.5000000000000091038, 0.2000000000000000111, 0.8624999999999999334 ) ) ;
#519 = DIRECTION ( 'NONE',  ( -1.000000000000000000, -0.000000000000000000, 6.195440985631458078E-15 ) ) ;
#520 = EDGE_CURVE ( 'NONE', #6369, #8063, #1605, .T. ) ;
#521 = VECTOR ( 'NONE', #6932, 1000.000000000000000 ) ;
#522 = ORIENTED_EDGE ( 'NONE', *, *, #6308, .F. ) ;
#523 = PLANE ( 'NONE',  #4420 ) ;
#524 = ORIENTED_EDGE ( 'NONE', *, *, #6935, .T. ) ;
#525 = VERTEX_POINT ( 'NONE', #6448 ) ;
#526 = PLANE ( 'NONE',  #4982 ) ;
#527 = CARTESIAN_POINT ( 'NONE',  ( 0.4650000000000091283, 0.000000000000000000, -0.3149999999999999467 ) ) ;
#528 = LINE ( 'NONE', #4304, #3550 ) ;
#529 = DIRECTION ( 'NONE',  ( 0.000000000000000000, -1.000000000000000000, 0.000000000000000000 ) ) ;
#530 = VECTOR ( 'NONE', #5637, 1000.000000000000000 ) ;
#531 = ORIENTED_EDGE ( 'NONE', *, *, #8117, .T. ) ;
#532 = VECTOR ( 'NONE', #8863, 1000.000000000000000 ) ;
#533 = CARTESIAN_POINT ( 'NONE',  ( -0.4650000000000002465, 0.2000000000000000111, 1.785000000000000142 ) ) ;
#534 = ORIENTED_EDGE ( 'NONE', *, *, #5618, .T. ) ;
#535 = CARTESIAN_POINT ( 'NONE',  ( -0.4999999999999908962, 0.2000000000000000111, 1.367499999999999494 ) ) ;
#536 = FACE_OUTER_BOUND ( 'NONE', #3198, .T. ) ;
#537 = EDGE_CURVE ( 'NONE', #2954, #5436, #329, .T. ) ;
#538 = CARTESIAN_POINT ( 'NONE',  ( 0.000000000000000000, 0.2000000000000000111, 0.000000000000000000 ) ) ;
#539 = PRESENTATION_LAYER_ASSIGNMENT (  '', '', ( #6394 ) ) ;
#540 = ORIENTED_EDGE ( 'NONE', *, *, #7791, .F. ) ;
#541 = ORIENTED_EDGE ( 'NONE', *, *, #4423, .F. ) ;
#542 = DIRECTION ( 'NONE',  ( -0.8660254037844509201, -0.000000000000000000, -0.4999999999999786837 ) ) ;
#543 = ORIENTED_EDGE ( 'NONE', *, *, #1127, .T. ) ;
#544 = CARTESIAN_POINT ( 'NONE',  ( 0.4999999999999997780, 0.000000000000000000, -1.385000000000000231 ) ) ;
#545 = FACE_OUTER_BOUND ( 'NONE', #985, .T. ) ;
#546 = DIRECTION ( 'NONE',  ( -1.000000000000000000, -0.000000000000000000, -0.000000000000000000 ) ) ;
#547 = CARTESIAN_POINT ( 'NONE',  ( 0.2000000000000090317, 0.2000000000000000111, -1.400000000000000133 ) ) ;
#548 = ORIENTED_EDGE ( 'NONE', *, *, #4298, .T. ) ;
#549 = LINE ( 'NONE', #8167, #2998 ) ;
#550 = VECTOR ( 'NONE', #6421, 1000.000000000000000 ) ;
#551 = VECTOR ( 'NONE', #4042, 1000.000000000000000 ) ;
#552 = DIRECTION ( 'NONE',  ( 0.000000000000000000, 0.000000000000000000, 1.000000000000000000 ) ) ;
#553 = DIRECTION ( 'NONE',  ( 1.000000000000000000, 0.000000000000000000, 1.355252715606880049E-16 ) ) ;
#554 = ORIENTED_EDGE ( 'NONE', *, *, #10007, .T. ) ;
#555 = ORIENTED_EDGE ( 'NONE', *, *, #5215, .F. ) ;
#556 = EDGE_CURVE ( 'NONE', #3908, #7627, #2726, .T. ) ;
#557 = VECTOR ( 'NONE', #9783, 1000.000000000000000 ) ;
#558 = EDGE_LOOP ( 'NONE', ( #8166, #4019, #5894, #8160 ) ) ;
#559 = LINE ( 'NONE', #2965, #4674 ) ;
#560 = FACE_OUTER_BOUND ( 'NONE', #5315, .T. ) ;
#561 = LINE ( 'NONE', #8177, #6651 ) ;
#562 = ORIENTED_EDGE ( 'NONE', *, *, #2663, .T. ) ;
#563 = LINE ( 'NONE', #6785, #8334 ) ;
#564 = EDGE_CURVE ( 'NONE', #9519, #3018, #8909, .T. ) ;
#565 = DIRECTION ( 'NONE',  ( 0.000000000000000000, 0.000000000000000000, -1.000000000000000000 ) ) ;
#566 = AXIS2_PLACEMENT_3D ( 'NONE', #472, #8293, #9009 ) ;
#567 = DIRECTION ( 'NONE',  ( -0.000000000000000000, -1.000000000000000000, -0.000000000000000000 ) ) ;
#568 = SURFACE_STYLE_FILL_AREA ( #417 ) ;
#569 = FACE_OUTER_BOUND ( 'NONE', #3657, .T. ) ;
#570 = DIRECTION ( 'NONE',  ( 0.000000000000000000, 1.000000000000000000, 0.000000000000000000 ) ) ;
#571 = AXIS2_PLACEMENT_3D ( 'NONE', #2869, #2920, #1369 ) ;
#572 = LINE ( 'NONE', #8955, #2870 ) ;
#573 = ORIENTED_EDGE ( 'NONE', *, *, #3228, .F. ) ;
#574 = CARTESIAN_POINT ( 'NONE',  ( -0.4999999999999908962, 0.1500000000000000222, -1.367499999999999494 ) ) ;
#575 = EDGE_CURVE ( 'NONE', #7162, #123, #5774, .T. ) ;
#576 = CARTESIAN_POINT ( 'NONE',  ( 0.000000000000000000, 0.2000000000000000111, 0.000000000000000000 ) ) ;
#577 = LINE ( 'NONE', #3696, #6642 ) ;
#578 = CARTESIAN_POINT ( 'NONE',  ( -0.4390192378864581357, 0.2000000000000000111, 0.9000000000000000222 ) ) ;
#579 = ORIENTED_EDGE ( 'NONE', *, *, #5537, .F. ) ;
#580 = EDGE_LOOP ( 'NONE', ( #3890, #8621, #3692, #3287 ) ) ;
#581 = LINE ( 'NONE', #8353, #9130 ) ;
#582 = LINE ( 'NONE', #634, #7560 ) ;
#583 = PLANE ( 'NONE',  #3621 ) ;
#584 = CLOSED_SHELL ( 'NONE', ( #2923, #60, #2134, #7176, #6117, #8671 ) ) ;
#585 = ORIENTED_EDGE ( 'NONE', *, *, #7513, .F. ) ;
#586 = ORIENTED_EDGE ( 'NONE', *, *, #1662, .F. ) ;
#587 = CARTESIAN_POINT ( 'NONE',  ( 0.5000000000000091038, 0.1999999999999999833, -0.4000000000000001887 ) ) ;
#588 = ORIENTED_EDGE ( 'NONE', *, *, #5963, .T. ) ;
#589 = CARTESIAN_POINT ( 'NONE',  ( -0.4999999999999908962, 0.2000000000000000111, 0.7149999999999999689 ) ) ;
#590 = EDGE_LOOP ( 'NONE', ( #4614, #6313, #2139, #5214, #7633, #5560 ) ) ;
#591 = EDGE_CURVE ( 'NONE', #4990, #9447, #7403, .T. ) ;
#592 = DIRECTION ( 'NONE',  ( 2.710505431213760099E-16, 0.000000000000000000, 1.000000000000000000 ) ) ;
#593 = LINE ( 'NONE', #8312, #6147 ) ;
#594 = ORIENTED_EDGE ( 'NONE', *, *, #3728, .T. ) ;
#595 = DIRECTION ( 'NONE',  ( -1.000000000000000000, 0.000000000000000000, 0.000000000000000000 ) ) ;
#596 = VECTOR ( 'NONE', #9527, 1000.000000000000000 ) ;
#597 = DIRECTION ( 'NONE',  ( 0.000000000000000000, -0.000000000000000000, 1.000000000000000000 ) ) ;
#598 = FACE_OUTER_BOUND ( 'NONE', #4211, .T. ) ;
#599 = FACE_OUTER_BOUND ( 'NONE', #2674, .T. ) ;
#600 = VERTEX_POINT ( 'NONE', #9512 ) ;
#601 = AXIS2_PLACEMENT_3D ( 'NONE', #6013, #1376, #88 ) ;
#602 = AXIS2_PLACEMENT_3D ( 'NONE', #8588, #3934, #9345 ) ;
#603 = ORIENTED_EDGE ( 'NONE', *, *, #3551, .F. ) ;
#604 = EDGE_CURVE ( 'NONE', #7063, #7076, #6598, .T. ) ;
#605 = PLANE ( 'NONE',  #6312 ) ;
#606 = EDGE_CURVE ( 'NONE', #235, #5176, #7311, .T. ) ;
#607 = LINE ( 'NONE', #1523, #3067 ) ;
#608 = VERTEX_POINT ( 'NONE', #8856 ) ;
#609 = SURFACE_STYLE_FILL_AREA ( #4378 ) ;
#610 = PLANE ( 'NONE',  #7542 ) ;
#611 = AXIS2_PLACEMENT_3D ( 'NONE', #10029, #3116, #6211 ) ;
#612 = AXIS2_PLACEMENT_3D ( 'NONE', #3196, #3956, #8754 ) ;
#613 = CARTESIAN_POINT ( 'NONE',  ( 0.06749999999999997669, 0.2000000000000000111, 1.899999999999999911 ) ) ;
#614 = VECTOR ( 'NONE', #9516, 1000.000000000000114 ) ;
#615 = CARTESIAN_POINT ( 'NONE',  ( 0.3999999999999998557, 0.1500000000000000222, 0.8674999999999997158 ) ) ;
#616 = AXIS2_PLACEMENT_3D ( 'NONE', #13, #1691, #1789 ) ;
#617 = ADVANCED_FACE ( 'NONE', ( #1963 ), #990, .T. ) ;
#618 = CARTESIAN_POINT ( 'NONE',  ( -0.4999999999999908962, 0.2000000000000000111, 0.7149999999999999689 ) ) ;
#619 = DIRECTION ( 'NONE',  ( -1.000000000000000000, 0.000000000000000000, -0.000000000000000000 ) ) ;
#620 = LINE ( 'NONE', #4591, #7952 ) ;
#621 = DIRECTION ( 'NONE',  ( -1.000000000000000000, 0.000000000000000000, -6.195440985631447034E-15 ) ) ;
#622 = ADVANCED_FACE ( 'NONE', ( #5055 ), #8148, .F. ) ;
#623 = ORIENTED_EDGE ( 'NONE', *, *, #3652, .F. ) ;
#624 = CARTESIAN_POINT ( 'NONE',  ( -0.4999999999999908962, 0.2000000000000000111, -0.7149999999999999689 ) ) ;
#625 = DIRECTION ( 'NONE',  ( -6.195440985631458867E-15, 0.000000000000000000, 1.000000000000000000 ) ) ;
#626 = CARTESIAN_POINT ( 'NONE',  ( -0.3250000000000001776, 0.5250000000000000222, -1.649999999999999911 ) ) ;
#627 = LINE ( 'NONE', #3750, #8157 ) ;
#628 = CARTESIAN_POINT ( 'NONE',  ( -0.4390192378864674616, 0.04999999999999999584, -1.800000000000000044 ) ) ;
#629 = ORIENTED_EDGE ( 'NONE', *, *, #4441, .F. ) ;
#630 = ADVANCED_FACE ( 'NONE', ( #8707 ), #4105, .T. ) ;
#631 = CARTESIAN_POINT ( 'NONE',  ( 0.4390192378864747891, 0.2000000000000000111, 0.5000000000000002220 ) ) ;
#632 = ORIENTED_EDGE ( 'NONE', *, *, #1922, .T. ) ;
#633 = DIRECTION ( 'NONE',  ( 0.000000000000000000, 0.000000000000000000, -1.000000000000000000 ) ) ;
#634 = CARTESIAN_POINT ( 'NONE',  ( -0.5000000000000002220, 0.5500000000000000444, -1.899999999999999911 ) ) ;
#635 = ORIENTED_EDGE ( 'NONE', *, *, #2725, .F. ) ;
#636 = DIRECTION ( 'NONE',  ( -0.000000000000000000, -1.000000000000000000, -0.000000000000000000 ) ) ;
#637 = VERTEX_POINT ( 'NONE', #7553 ) ;
#638 = ORIENTED_EDGE ( 'NONE', *, *, #7316, .F. ) ;
#639 = DIRECTION ( 'NONE',  ( 0.000000000000000000, 0.000000000000000000, 1.000000000000000000 ) ) ;
#640 = DIRECTION ( 'NONE',  ( -1.000000000000000000, 0.000000000000000000, -6.195440985631458078E-15 ) ) ;
#641 = DIRECTION ( 'NONE',  ( -1.000000000000000000, 0.000000000000000000, -3.252606517456508569E-15 ) ) ;
#642 = ORIENTED_EDGE ( 'NONE', *, *, #9498, .F. ) ;
#643 = PLANE ( 'NONE',  #3217 ) ;
#644 = DIRECTION ( 'NONE',  ( -1.000000000000000000, 0.000000000000000000, -0.000000000000000000 ) ) ;
#645 = LINE ( 'NONE', #9277, #9693 ) ;
#646 = ORIENTED_EDGE ( 'NONE', *, *, #9893, .F. ) ;
#647 = CARTESIAN_POINT ( 'NONE',  ( 0.4999999999999997780, 0.5500000000000000444, 1.899999999999999911 ) ) ;
#648 = DIRECTION ( 'NONE',  ( 1.000000000000000000, 0.000000000000000000, 0.000000000000000000 ) ) ;
#649 = DIRECTION ( 'NONE',  ( 0.000000000000000000, 0.000000000000000000, 1.000000000000000000 ) ) ;
#650 = VECTOR ( 'NONE', #2069, 1000.000000000000000 ) ;
#651 = ORIENTED_EDGE ( 'NONE', *, *, #7887, .F. ) ;
#652 = ADVANCED_FACE ( 'NONE', ( #8252 ), #8345, .F. ) ;
#653 = VERTEX_POINT ( 'NONE', #9012 ) ;
#654 = ORIENTED_EDGE ( 'NONE', *, *, #3073, .T. ) ;
#655 = VECTOR ( 'NONE', #1694, 1000.000000000000000 ) ;
#656 = LINE ( 'NONE', #3782, #931 ) ;
#657 = ORIENTED_EDGE ( 'NONE', *, *, #6326, .F. ) ;
#658 = DIRECTION ( 'NONE',  ( -4.336808689942016158E-15, 0.000000000000000000, 1.000000000000000000 ) ) ;
#659 = CARTESIAN_POINT ( 'NONE',  ( -0.5000000000000002220, 0.2000000000000000111, -1.614999999999999991 ) ) ;
#660 = DIRECTION ( 'NONE',  ( 0.000000000000000000, -0.000000000000000000, -1.000000000000000000 ) ) ;
#661 = ADVANCED_FACE ( 'NONE', ( #6696 ), #526, .F. ) ;
#662 = VECTOR ( 'NONE', #529, 1000.000000000000000 ) ;
#663 = CARTESIAN_POINT ( 'NONE',  ( 0.5000000000000000000, 0.2000000000000000111, 0.7324999999999994849 ) ) ;
#664 = EDGE_CURVE ( 'NONE', #4168, #525, #4392, .T. ) ;
#665 = CARTESIAN_POINT ( 'NONE',  ( 0.5000000000000091038, 0.2000000000000000111, 0.06750000000000001832 ) ) ;
#666 = CARTESIAN_POINT ( 'NONE',  ( -0.5000000000000002220, 0.2000000000000000111, -0.8624999999999999334 ) ) ;
#667 = DIRECTION ( 'NONE',  ( 1.000000000000000000, 0.000000000000000000, 0.000000000000000000 ) ) ;
#668 = CARTESIAN_POINT ( 'NONE',  ( -0.4390192378864674616, 0.2000000000000000111, 1.800000000000000044 ) ) ;
#669 = ADVANCED_FACE ( 'NONE', ( #2016 ), #6849, .F. ) ;
#670 = VECTOR ( 'NONE', #1122, 1000.000000000000000 ) ;
#671 = VERTEX_POINT ( 'NONE', #5928 ) ;
#672 = EDGE_CURVE ( 'NONE', #3242, #4653, #9803, .T. ) ;
#673 = CARTESIAN_POINT ( 'NONE',  ( 0.06750000000000000444, 0.1500000000000000222, -1.800000000000000044 ) ) ;
#674 = LINE ( 'NONE', #6130, #4334 ) ;
#675 = PLANE ( 'NONE',  #3562 ) ;
#676 = LINE ( 'NONE', #3037, #4731 ) ;
#677 = EDGE_LOOP ( 'NONE', ( #1108, #6915, #5140, #1991, #5136, #8579 ) ) ;
#678 = EDGE_CURVE ( 'NONE', #292, #6002, #2883, .T. ) ;
#679 = CARTESIAN_POINT ( 'NONE',  ( 0.06750000000000000444, 0.1500000000000000222, 1.800000000000000044 ) ) ;
#680 = VERTEX_POINT ( 'NONE', #9061 ) ;
#681 = VECTOR ( 'NONE', #2297, 1000.000000000000000 ) ;
#682 = DIRECTION ( 'NONE',  ( -6.195440985631447034E-15, 0.000000000000000000, 1.000000000000000000 ) ) ;
#683 = EDGE_LOOP ( 'NONE', ( #8016, #7054, #8213, #7872, #3521, #4704 ) ) ;
#684 = DIRECTION ( 'NONE',  ( -1.000000000000000000, 0.000000000000000000, 0.000000000000000000 ) ) ;
#685 = ORIENTED_EDGE ( 'NONE', *, *, #5562, .F. ) ;
#686 = ORIENTED_EDGE ( 'NONE', *, *, #8037, .T. ) ;
#687 = DIRECTION ( 'NONE',  ( -0.000000000000000000, -1.000000000000000000, -0.000000000000000000 ) ) ;
#688 = VECTOR ( 'NONE', #6521, 1000.000000000000000 ) ;
#689 = VECTOR ( 'NONE', #2549, 1000.000000000000000 ) ;
#690 = CARTESIAN_POINT ( 'NONE',  ( -0.5000000000000002220, 0.1999999999999999833, 1.699999999999999956 ) ) ;
#691 = LINE ( 'NONE', #2583, #3761 ) ;
#692 = VERTEX_POINT ( 'NONE', #9951 ) ;
#693 = DIRECTION ( 'NONE',  ( 0.000000000000000000, 0.000000000000000000, 1.000000000000000000 ) ) ;
#694 = LINE ( 'NONE', #5993, #1589 ) ;
#695 = VERTEX_POINT ( 'NONE', #2113 ) ;
#696 = DIRECTION ( 'NONE',  ( -1.000000000000000000, 0.000000000000000000, 0.000000000000000000 ) ) ;
#697 = EDGE_CURVE ( 'NONE', #8908, #196, #8295, .T. ) ;
#698 = CARTESIAN_POINT ( 'NONE',  ( -0.4999999999999908962, 0.000000000000000000, 0.8849999999999998979 ) ) ;
#699 = MECHANICAL_DESIGN_GEOMETRIC_PRESENTATION_REPRESENTATION (  '', ( #9298 ), #7047 ) ;
#700 = LINE ( 'NONE', #3774, #59 ) ;
#701 = VECTOR ( 'NONE', #7250, 1000.000000000000000 ) ;
#702 = CARTESIAN_POINT ( 'NONE',  ( 0.4999999999999997780, 0.1500000000000000222, -1.632500000000000284 ) ) ;
#703 = ADVANCED_FACE ( 'NONE', ( #5872 ), #5105, .T. ) ;
#704 = ORIENTED_EDGE ( 'NONE', *, *, #5083, .F. ) ;
#705 = VERTEX_POINT ( 'NONE', #4642 ) ;
#706 = ORIENTED_EDGE ( 'NONE', *, *, #6273, .F. ) ;
#707 = PRESENTATION_LAYER_ASSIGNMENT (  '', '', ( #6895 ) ) ;
#708 = VECTOR ( 'NONE', #3987, 1000.000000000000000 ) ;
#709 = DIRECTION ( 'NONE',  ( 0.000000000000000000, 0.000000000000000000, -1.000000000000000000 ) ) ;
#710 = LINE ( 'NONE', #9089, #4991 ) ;
#711 = ORIENTED_EDGE ( 'NONE', *, *, #2191, .T. ) ;
#712 = DIRECTION ( 'NONE',  ( 0.5000000000000014433, 0.000000000000000000, -0.8660254037844379305 ) ) ;
#713 = ORIENTED_EDGE ( 'NONE', *, *, #4781, .T. ) ;
#714 = VECTOR ( 'NONE', #2609, 1000.000000000000000 ) ;
#715 = DIRECTION ( 'NONE',  ( 0.000000000000000000, -1.000000000000000000, 0.000000000000000000 ) ) ;
#716 = EDGE_CURVE ( 'NONE', #8275, #4817, #4597, .T. ) ;
#717 = LINE ( 'NONE', #2154, #7692 ) ;
#718 = CARTESIAN_POINT ( 'NONE',  ( 0.5000000000000091038, 0.2000000000000000111, 0.3150000000000001688 ) ) ;
#719 = AXIS2_PLACEMENT_3D ( 'NONE', #5923, #5867, #8143 ) ;
#720 = EDGE_LOOP ( 'NONE', ( #8689, #711, #9725, #1552 ) ) ;
#721 = DIRECTION ( 'NONE',  ( -1.000000000000000000, 0.000000000000000000, 6.195440985631458867E-15 ) ) ;
#722 = DIRECTION ( 'NONE',  ( 0.000000000000000000, 0.000000000000000000, -1.000000000000000000 ) ) ;
#723 = EDGE_CURVE ( 'NONE', #4477, #1454, #3034, .T. ) ;
#724 = DIRECTION ( 'NONE',  ( -0.000000000000000000, 1.000000000000000000, -0.000000000000000000 ) ) ;
#725 = ORIENTED_EDGE ( 'NONE', *, *, #1140, .T. ) ;
#726 = EDGE_CURVE ( 'NONE', #2094, #1910, #8493, .T. ) ;
#727 = LINE ( 'NONE', #8398, #9400 ) ;
#728 = ORIENTED_EDGE ( 'NONE', *, *, #9271, .T. ) ;
#729 = MECHANICAL_DESIGN_GEOMETRIC_PRESENTATION_REPRESENTATION (  '', ( #2050 ), #6600 ) ;
#730 = ADVANCED_FACE ( 'NONE', ( #9309 ), #4049, .T. ) ;
#731 = DIRECTION ( 'NONE',  ( 0.000000000000000000, 1.000000000000000000, 0.000000000000000000 ) ) ;
#732 = CARTESIAN_POINT ( 'NONE',  ( -0.4650000000000002465, 0.2000000000000000111, -1.785000000000000142 ) ) ;
#733 = ORIENTED_EDGE ( 'NONE', *, *, #1218, .T. ) ;
#734 = LINE ( 'NONE', #7665, #6703 ) ;
#735 = VERTEX_POINT ( 'NONE', #818 ) ;
#736 = ORIENTED_EDGE ( 'NONE', *, *, #3048, .F. ) ;
#737 = ORIENTED_EDGE ( 'NONE', *, *, #2991, .T. ) ;
#738 = DIRECTION ( 'NONE',  ( -1.000000000000000000, 0.000000000000000000, 0.000000000000000000 ) ) ;
#739 = CARTESIAN_POINT ( 'NONE',  ( -0.3999999999999907518, 0.1500000000000000222, -0.4675000000000000266 ) ) ;
#740 = VERTEX_POINT ( 'NONE', #5415 ) ;
#741 = DIRECTION ( 'NONE',  ( 1.000000000000000000, 0.000000000000000000, 4.336808689942016158E-15 ) ) ;
#742 = EDGE_CURVE ( 'NONE', #6880, #2030, #9256, .T. ) ;
#743 = CARTESIAN_POINT ( 'NONE',  ( 0.4999999999999997780, 0.1999999999999999833, 1.699999999999999956 ) ) ;
#744 = EDGE_LOOP ( 'NONE', ( #1158, #9720, #2889, #1438, #8937, #3440 ) ) ;
#745 = LINE ( 'NONE', #9972, #1503 ) ;
#746 = CARTESIAN_POINT ( 'NONE',  ( -0.1999999999999908795, 0.05000000000000000278, 0.000000000000000000 ) ) ;
#747 = PRESENTATION_STYLE_ASSIGNMENT (( #1617 ) ) ;
#748 = EDGE_LOOP ( 'NONE', ( #1468, #9942, #3752, #6071, #1519, #6888 ) ) ;
#749 = VERTEX_POINT ( 'NONE', #2459 ) ;
#750 = EDGE_LOOP ( 'NONE', ( #3853, #6980, #8473, #6010 ) ) ;
#751 = DIRECTION ( 'NONE',  ( 0.8660254037844378194, 0.000000000000000000, -0.5000000000000013323 ) ) ;
#752 = VECTOR ( 'NONE', #770, 1000.000000000000000 ) ;
#753 = FACE_BOUND ( 'NONE', #2987, .T. ) ;
#754 = ORIENTED_EDGE ( 'NONE', *, *, #1922, .F. ) ;
#755 = EDGE_CURVE ( 'NONE', #8209, #3962, #106, .T. ) ;
#756 = FACE_OUTER_BOUND ( 'NONE', #343, .T. ) ;
#757 = CARTESIAN_POINT ( 'NONE',  ( -0.5000000000000002220, 0.2000000000000000111, 1.784999999999999920 ) ) ;
#758 = CARTESIAN_POINT ( 'NONE',  ( 0.4999999999999997780, 0.1999999999999999833, -0.06749999999999962974 ) ) ;
#759 = VECTOR ( 'NONE', #4539, 1000.000000000000000 ) ;
#760 = VECTOR ( 'NONE', #1532, 1000.000000000000000 ) ;
#761 = ORIENTED_EDGE ( 'NONE', *, *, #9378, .T. ) ;
#762 = LINE ( 'NONE', #4735, #1582 ) ;
#763 = CIRCLE ( 'NONE', #7756, 0.06249999999999984041 ) ;
#764 = DIRECTION ( 'NONE',  ( 1.000000000000000000, 0.000000000000000000, 6.195440985631447034E-15 ) ) ;
#765 = LINE ( 'NONE', #9892, #4210 ) ;
#766 = CARTESIAN_POINT ( 'NONE',  ( 0.4390192378864747891, 0.2000000000000000111, -0.5000000000000002220 ) ) ;
#767 = CIRCLE ( 'NONE', #6482, 0.06249999999999984041 ) ;
#768 = VECTOR ( 'NONE', #640, 1000.000000000000000 ) ;
#769 = ADVANCED_FACE ( 'NONE', ( #6952 ), #3183, .F. ) ;
#770 = DIRECTION ( 'NONE',  ( -0.000000000000000000, 1.000000000000000000, -0.000000000000000000 ) ) ;
#771 = CARTESIAN_POINT ( 'NONE',  ( -0.4999999999999825695, 0.000000000000000000, 0.08500000000000000611 ) ) ;
#772 = CARTESIAN_POINT ( 'NONE',  ( -0.3999999999999907518, 0.1500000000000000222, -0.3325000000000000178 ) ) ;
#773 = CARTESIAN_POINT ( 'NONE',  ( 0.4999999999999997780, 0.1999999999999999833, 0.7324999999999993738 ) ) ;
#774 = VECTOR ( 'NONE', #8487, 1000.000000000000000 ) ;
#775 = DIRECTION ( 'NONE',  ( -0.000000000000000000, -0.000000000000000000, 1.000000000000000000 ) ) ;
#776 = VERTEX_POINT ( 'NONE', #4694 ) ;
#777 =( NAMED_UNIT ( * ) PLANE_ANGLE_UNIT ( ) SI_UNIT ( $, .RADIAN. ) );
#778 = DIRECTION ( 'NONE',  ( 0.000000000000000000, 0.000000000000000000, 1.000000000000000000 ) ) ;
#779 = ORIENTED_EDGE ( 'NONE', *, *, #8037, .F. ) ;
#780 = CARTESIAN_POINT ( 'NONE',  ( -0.1999999999999825251, 0.2000000000000000111, 0.000000000000000000 ) ) ;
#781 = ORIENTED_EDGE ( 'NONE', *, *, #4003, .F. ) ;
#782 = EDGE_CURVE ( 'NONE', #3700, #5003, #1489, .T. ) ;
#783 = ORIENTED_EDGE ( 'NONE', *, *, #6040, .F. ) ;
#784 = PLANE ( 'NONE',  #4339 ) ;
#785 = VERTEX_POINT ( 'NONE', #3230 ) ;
#786 = CARTESIAN_POINT ( 'NONE',  ( 0.5000000000000000000, 0.2000000000000000111, -0.7324999999999994849 ) ) ;
#787 = EDGE_CURVE ( 'NONE', #7308, #2088, #6180, .T. ) ;
#788 = ORIENTED_EDGE ( 'NONE', *, *, #7946, .F. ) ;
#789 = LINE ( 'NONE', #1559, #1178 ) ;
#790 = CARTESIAN_POINT ( 'NONE',  ( 0.5000000000000000000, 0.1500000000000000222, -0.7324999999999994849 ) ) ;
#791 = ORIENTED_EDGE ( 'NONE', *, *, #6529, .T. ) ;
#792 = DIRECTION ( 'NONE',  ( 1.000000000000000000, -0.000000000000000000, -4.336808689942011425E-15 ) ) ;
#793 = CARTESIAN_POINT ( 'NONE',  ( -0.4650000000000002465, 0.2000000000000000111, -1.785000000000000142 ) ) ;
#794 = DIRECTION ( 'NONE',  ( -0.000000000000000000, -0.000000000000000000, -1.000000000000000000 ) ) ;
#795 = ORIENTED_EDGE ( 'NONE', *, *, #6263, .F. ) ;
#796 = EDGE_CURVE ( 'NONE', #7627, #1767, #8593, .T. ) ;
#797 = ORIENTED_EDGE ( 'NONE', *, *, #9125, .T. ) ;
#798 = VERTEX_POINT ( 'NONE', #6329 ) ;
#799 = CARTESIAN_POINT ( 'NONE',  ( 0.000000000000000000, 0.2000000000000000111, 0.000000000000000000 ) ) ;
#800 = ORIENTED_EDGE ( 'NONE', *, *, #6789, .T. ) ;
#801 = DIRECTION ( 'NONE',  ( 0.000000000000000000, 0.000000000000000000, 1.000000000000000000 ) ) ;
#802 = LINE ( 'NONE', #9139, #8884 ) ;
#803 = VERTEX_POINT ( 'NONE', #3848 ) ;
#804 = EDGE_CURVE ( 'NONE', #803, #1402, #3704, .T. ) ;
#805 = DIRECTION ( 'NONE',  ( -0.4999999999999786837, 0.000000000000000000, -0.8660254037844510311 ) ) ;
#806 = DIRECTION ( 'NONE',  ( 0.000000000000000000, -1.000000000000000000, 0.000000000000000000 ) ) ;
#807 = CARTESIAN_POINT ( 'NONE',  ( -0.3999999999999908629, 0.1500000000000000222, -1.367500000000000160 ) ) ;
#808 = ADVANCED_FACE ( 'NONE', ( #5568 ), #3941, .F. ) ;
#809 = VERTEX_POINT ( 'NONE', #8648 ) ;
#810 = EDGE_CURVE ( 'NONE', #803, #2486, #1690, .T. ) ;
#811 = VECTOR ( 'NONE', #7219, 999.9999999999998863 ) ;
#812 = CARTESIAN_POINT ( 'NONE',  ( 0.4390192378864654077, 0.2000000000000000111, 1.400000000000000133 ) ) ;
#813 = EDGE_CURVE ( 'NONE', #5229, #2088, #9210, .T. ) ;
#814 = CARTESIAN_POINT ( 'NONE',  ( 0.4649999999999997469, 0.2000000000000000111, -1.385000000000000453 ) ) ;
#815 = DIRECTION ( 'NONE',  ( 0.000000000000000000, -1.000000000000000000, 0.000000000000000000 ) ) ;
#816 = LINE ( 'NONE', #3938, #4797 ) ;
#817 = EDGE_CURVE ( 'NONE', #9134, #9240, #7347, .T. ) ;
#818 = CARTESIAN_POINT ( 'NONE',  ( -0.2000000000000002609, 0.2000000000000000111, -1.762499999999999734 ) ) ;
#819 = AXIS2_PLACEMENT_3D ( 'NONE', #3334, #6437, #925 ) ;
#820 = FILL_AREA_STYLE ('',( #976 ) ) ;
#821 = CARTESIAN_POINT ( 'NONE',  ( 0.3999999999999998557, 0.2000000000000000111, 0.8674999999999997158 ) ) ;
#822 = DIRECTION ( 'NONE',  ( 1.000000000000000000, 0.000000000000000000, -0.000000000000000000 ) ) ;
#823 = ORIENTED_EDGE ( 'NONE', *, *, #1481, .F. ) ;
#824 = ADVANCED_FACE ( 'NONE', ( #8088 ), #4244, .F. ) ;
#825 = CARTESIAN_POINT ( 'NONE',  ( -0.4999999999999824585, 0.2000000000000000111, -0.3324999999999999623 ) ) ;
#826 = FACE_OUTER_BOUND ( 'NONE', #3463, .T. ) ;
#827 = VECTOR ( 'NONE', #3828, 1000.000000000000000 ) ;
#828 = VERTEX_POINT ( 'NONE', #3277 ) ;
#829 = LINE ( 'NONE', #4801, #7511 ) ;
#830 = EDGE_LOOP ( 'NONE', ( #6364, #473, #788, #2248 ) ) ;
#831 = ORIENTED_EDGE ( 'NONE', *, *, #1130, .T. ) ;
#832 = CARTESIAN_POINT ( 'NONE',  ( -0.1999999999999908795, 0.2000000000000000111, -0.8624999999999999334 ) ) ;
#833 = PLANE ( 'NONE',  #7334 ) ;
#834 = ORIENTED_EDGE ( 'NONE', *, *, #390, .F. ) ;
#835 = DIRECTION ( 'NONE',  ( 1.000000000000000000, -0.000000000000000000, 6.195440985631447034E-15 ) ) ;
#836 = CARTESIAN_POINT ( 'NONE',  ( -0.4390192378864581357, 0.2000000000000000111, -0.6999999999999998446 ) ) ;
#837 = VECTOR ( 'NONE', #5900, 1000.000000000000000 ) ;
#838 = DIRECTION ( 'NONE',  ( 0.000000000000000000, -1.000000000000000000, 0.000000000000000000 ) ) ;
#839 = ORIENTED_EDGE ( 'NONE', *, *, #8483, .F. ) ;
#840 = ADVANCED_FACE ( 'NONE', ( #205 ), #8899, .F. ) ;
#841 = EDGE_CURVE ( 'NONE', #7782, #6999, #6380, .T. ) ;
#842 = LINE ( 'NONE', #6156, #5897 ) ;
#843 = LINE ( 'NONE', #7728, #7548 ) ;
#844 = CARTESIAN_POINT ( 'NONE',  ( -0.5000000000000002220, 0.2000000000000000111, -1.784999999999999920 ) ) ;
#845 = ORIENTED_EDGE ( 'NONE', *, *, #9885, .T. ) ;
#846 = VECTOR ( 'NONE', #28, 1000.000000000000000 ) ;
#847 = VERTEX_POINT ( 'NONE', #8696 ) ;
#848 = ORIENTED_EDGE ( 'NONE', *, *, #9830, .T. ) ;
#849 = VERTEX_POINT ( 'NONE', #8842 ) ;
#850 = CARTESIAN_POINT ( 'NONE',  ( 0.3999999999999998557, 0.1500000000000000222, -0.8674999999999999378 ) ) ;
#851 = DIRECTION ( 'NONE',  ( 0.000000000000000000, 0.000000000000000000, 1.000000000000000000 ) ) ;
#852 = CARTESIAN_POINT ( 'NONE',  ( 0.4999999999999997780, 0.1500000000000000222, 1.767499999999999627 ) ) ;
#853 = EDGE_CURVE ( 'NONE', #3508, #3047, #367, .T. ) ;
#854 = ORIENTED_EDGE ( 'NONE', *, *, #8519, .F. ) ;
#855 = VECTOR ( 'NONE', #1989, 1000.000000000000000 ) ;
#856 = VECTOR ( 'NONE', #2909, 1000.000000000000000 ) ;
#857 = EDGE_CURVE ( 'NONE', #4168, #1142, #7247, .T. ) ;
#858 = CARTESIAN_POINT ( 'NONE',  ( -0.4999999999999908962, 0.2000000000000000111, -0.8849999999999998979 ) ) ;
#859 = DIRECTION ( 'NONE',  ( 0.8660254037844378194, -0.000000000000000000, 0.5000000000000013323 ) ) ;
#860 = ADVANCED_FACE ( 'NONE', ( #3333 ), #7939, .T. ) ;
#861 = ORIENTED_EDGE ( 'NONE', *, *, #3581, .T. ) ;
#862 = AXIS2_PLACEMENT_3D ( 'NONE', #3686, #5253, #8341 ) ;
#863 = DIRECTION ( 'NONE',  ( -0.4999999999999786837, 0.000000000000000000, 0.8660254037844510311 ) ) ;
#864 = ADVANCED_FACE ( 'NONE', ( #5814 ), #8741, .F. ) ;
#865 = CARTESIAN_POINT ( 'NONE',  ( 0.5000000000000091038, 0.000000000000000000, -0.3150000000000001688 ) ) ;
#866 = DIRECTION ( 'NONE',  ( 1.000000000000000000, 0.000000000000000000, -6.195440985631447034E-15 ) ) ;
#867 = VECTOR ( 'NONE', #7975, 1000.000000000000000 ) ;
#868 = VECTOR ( 'NONE', #4189, 1000.000000000000000 ) ;
#869 = CARTESIAN_POINT ( 'NONE',  ( 0.4999999999999997780, 0.05000000000000000278, 1.899999999999999911 ) ) ;
#870 = VECTOR ( 'NONE', #2387, 1000.000000000000000 ) ;
#871 = PLANE ( 'NONE',  #616 ) ;
#872 = DIRECTION ( 'NONE',  ( 0.000000000000000000, 1.000000000000000000, 0.000000000000000000 ) ) ;
#873 = DIRECTION ( 'NONE',  ( 0.000000000000000000, 1.000000000000000000, 0.000000000000000000 ) ) ;
#874 = DIRECTION ( 'NONE',  ( -1.000000000000000000, 0.000000000000000000, 6.195440985631447034E-15 ) ) ;
#875 = EDGE_LOOP ( 'NONE', ( #1255, #9634, #455, #7533, #2243, #2700, #5829, #6613 ) ) ;
#876 = EDGE_CURVE ( 'NONE', #987, #692, #3430, .T. ) ;
#877 = LINE ( 'NONE', #66, #2860 ) ;
#878 = ORIENTED_EDGE ( 'NONE', *, *, #9793, .T. ) ;
#879 = ADVANCED_FACE ( 'NONE', ( #2517 ), #1898, .F. ) ;
#880 = ORIENTED_EDGE ( 'NONE', *, *, #5013, .T. ) ;
#881 = ORIENTED_EDGE ( 'NONE', *, *, #3533, .F. ) ;
#882 = DIRECTION ( 'NONE',  ( 0.000000000000000000, 1.000000000000000000, 0.000000000000000000 ) ) ;
#883 = LINE ( 'NONE', #1653, #6483 ) ;
#884 = LINE ( 'NONE', #5382, #7650 ) ;
#885 = VECTOR ( 'NONE', #7467, 1000.000000000000000 ) ;
#886 = CARTESIAN_POINT ( 'NONE',  ( 0.4999999999999997780, 0.2000000000000000111, 1.767499999999999627 ) ) ;
#887 = ORIENTED_EDGE ( 'NONE', *, *, #7791, .T. ) ;
#888 = PLANE ( 'NONE',  #1098 ) ;
#889 = CARTESIAN_POINT ( 'NONE',  ( 0.3262611604177129698, 0.05000000000000000278, 0.5651009063798909660 ) ) ;
#890 = VERTEX_POINT ( 'NONE', #6488 ) ;
#891 = CARTESIAN_POINT ( 'NONE',  ( 0.5000000000000000000, 0.1500000000000000222, -0.8675000000000002709 ) ) ;
#892 = DIRECTION ( 'NONE',  ( 0.000000000000000000, -0.000000000000000000, -1.000000000000000000 ) ) ;
#893 = CARTESIAN_POINT ( 'NONE',  ( -0.1999999999999825528, 0.2000000000000000111, -0.1000000000000000472 ) ) ;
#894 = ORIENTED_EDGE ( 'NONE', *, *, #4094, .T. ) ;
#895 = EDGE_LOOP ( 'NONE', ( #4509, #9666, #4595, #7679 ) ) ;
#896 = ORIENTED_EDGE ( 'NONE', *, *, #4778, .F. ) ;
#897 = EDGE_CURVE ( 'NONE', #8706, #6440, #1951, .T. ) ;
#898 = PLANE ( 'NONE',  #4673 ) ;
#899 = DIRECTION ( 'NONE',  ( -0.000000000000000000, 1.000000000000000000, -0.000000000000000000 ) ) ;
#900 = LINE ( 'NONE', #138, #4033 ) ;
#901 = DIRECTION ( 'NONE',  ( -0.000000000000000000, -0.000000000000000000, 1.000000000000000000 ) ) ;
#902 = CARTESIAN_POINT ( 'NONE',  ( 0.000000000000000000, 0.1500000000000000222, 0.000000000000000000 ) ) ;
#903 = ORIENTED_EDGE ( 'NONE', *, *, #971, .T. ) ;
#904 = LINE ( 'NONE', #4031, #8661 ) ;
#905 = LINE ( 'NONE', #4032, #9454 ) ;
#906 = ORIENTED_EDGE ( 'NONE', *, *, #4763, .F. ) ;
#907 = EDGE_CURVE ( 'NONE', #7460, #1631, #9595, .T. ) ;
#908 = VECTOR ( 'NONE', #3646, 1000.000000000000000 ) ;
#909 = ORIENTED_EDGE ( 'NONE', *, *, #2407, .T. ) ;
#910 = ORIENTED_EDGE ( 'NONE', *, *, #3867, .F. ) ;
#911 = EDGE_CURVE ( 'NONE', #8605, #9876, #2613, .T. ) ;
#912 = FACE_OUTER_BOUND ( 'NONE', #3170, .T. ) ;
#913 = EDGE_LOOP ( 'NONE', ( #2101, #7226, #1016, #7807 ) ) ;
#914 = CARTESIAN_POINT ( 'NONE',  ( 0.4999999999999997780, 0.1500000000000000222, -1.632500000000000284 ) ) ;
#915 = DIRECTION ( 'NONE',  ( 0.000000000000000000, -0.000000000000000000, -1.000000000000000000 ) ) ;
#916 = EDGE_CURVE ( 'NONE', #6728, #5504, #1788, .T. ) ;
#917 = DIRECTION ( 'NONE',  ( 0.8660254037844378194, 0.000000000000000000, 0.5000000000000013323 ) ) ;
#918 = VECTOR ( 'NONE', #6502, 1000.000000000000000 ) ;
#919 = CARTESIAN_POINT ( 'NONE',  ( -0.4649999999999908651, 0.2000000000000000111, -0.7149999999999997469 ) ) ;
#920 = EDGE_CURVE ( 'NONE', #3264, #5222, #1840, .T. ) ;
#921 = VECTOR ( 'NONE', #5695, 1000.000000000000000 ) ;
#922 = DIRECTION ( 'NONE',  ( -0.000000000000000000, -0.000000000000000000, -1.000000000000000000 ) ) ;
#923 = AXIS2_PLACEMENT_3D ( 'NONE', #5301, #7646, #5513 ) ;
#924 = LINE ( 'NONE', #7794, #5821 ) ;
#925 = DIRECTION ( 'NONE',  ( 0.000000000000000000, 0.000000000000000000, 1.000000000000000000 ) ) ;
#926 = CARTESIAN_POINT ( 'NONE',  ( 0.4999999999999997780, 0.1999999999999999833, -0.8675000000000003819 ) ) ;
#927 = CARTESIAN_POINT ( 'NONE',  ( 0.4649999999999997469, 0.2000000000000000111, 1.214999999999999858 ) ) ;
#928 = ORIENTED_EDGE ( 'NONE', *, *, #1304, .F. ) ;
#929 = FILL_AREA_STYLE ('',( #6387 ) ) ;
#930 = EDGE_CURVE ( 'NONE', #9336, #4222, #2873, .T. ) ;
#931 = VECTOR ( 'NONE', #6882, 1000.000000000000000 ) ;
#932 = VECTOR ( 'NONE', #5826, 1000.000000000000000 ) ;
#933 = DIRECTION ( 'NONE',  ( 1.000000000000000000, 0.000000000000000000, 0.000000000000000000 ) ) ;
#934 = ORIENTED_EDGE ( 'NONE', *, *, #2110, .T. ) ;
#935 = CARTESIAN_POINT ( 'NONE',  ( -0.4649999999999908651, 0.2000000000000000111, -0.8850000000000001199 ) ) ;
#936 = ORIENTED_EDGE ( 'NONE', *, *, #7074, .F. ) ;
#937 = ORIENTED_EDGE ( 'NONE', *, *, #3201, .T. ) ;
#938 = DIRECTION ( 'NONE',  ( 0.000000000000000000, -1.000000000000000000, 0.000000000000000000 ) ) ;
#939 = EDGE_CURVE ( 'NONE', #7202, #5324, #3682, .T. ) ;
#940 = ADVANCED_FACE ( 'NONE', ( #7446 ), #8238, .F. ) ;
#941 = LINE ( 'NONE', #2426, #9360 ) ;
#942 = AXIS2_PLACEMENT_3D ( 'NONE', #4012, #5589, #6400 ) ;
#943 = CARTESIAN_POINT ( 'NONE',  ( 0.5000000000000000000, 0.1500000000000000222, 0.8675000000000002709 ) ) ;
#944 = ORIENTED_EDGE ( 'NONE', *, *, #920, .F. ) ;
#945 = CARTESIAN_POINT ( 'NONE',  ( 0.3999999999999998557, 0.1500000000000000222, 0.8674999999999997158 ) ) ;
#946 = PLANE ( 'NONE',  #4523 ) ;
#947 = DIRECTION ( 'NONE',  ( -0.000000000000000000, -0.000000000000000000, 1.000000000000000000 ) ) ;
#948 = ORIENTED_EDGE ( 'NONE', *, *, #1684, .T. ) ;
#949 = EDGE_CURVE ( 'NONE', #48, #6726, #5197, .T. ) ;
#950 = DIRECTION ( 'NONE',  ( 6.505213034913025026E-15, 0.000000000000000000, -1.000000000000000000 ) ) ;
#951 = DIRECTION ( 'NONE',  ( -0.000000000000000000, 1.000000000000000000, -0.000000000000000000 ) ) ;
#952 = VERTEX_POINT ( 'NONE', #5860 ) ;
#953 = ORIENTED_EDGE ( 'NONE', *, *, #4233, .F. ) ;
#954 = ORIENTED_EDGE ( 'NONE', *, *, #6200, .T. ) ;
#955 = CARTESIAN_POINT ( 'NONE',  ( -0.5000000000000002220, 0.2000000000000000111, 0.7999999999999999334 ) ) ;
#956 = DIRECTION ( 'NONE',  ( -0.000000000000000000, 1.000000000000000000, -0.000000000000000000 ) ) ;
#957 = DIRECTION ( 'NONE',  ( -1.000000000000000000, 0.000000000000000000, -0.000000000000000000 ) ) ;
#958 = LINE ( 'NONE', #7179, #8308 ) ;
#959 = LINE ( 'NONE', #90, #1267 ) ;
#960 = ORIENTED_EDGE ( 'NONE', *, *, #3737, .F. ) ;
#961 = CARTESIAN_POINT ( 'NONE',  ( 0.5000000000000091038, 0.2000000000000000111, 0.4850000000000002087 ) ) ;
#962 = CARTESIAN_POINT ( 'NONE',  ( 0.4390192378864654077, 0.2000000000000000111, 1.400000000000000133 ) ) ;
#963 = DIRECTION ( 'NONE',  ( -0.000000000000000000, -0.000000000000000000, 1.000000000000000000 ) ) ;
#964 = EDGE_CURVE ( 'NONE', #3512, #4560, #4483, .T. ) ;
#965 = ORIENTED_EDGE ( 'NONE', *, *, #697, .F. ) ;
#966 = EDGE_LOOP ( 'NONE', ( #8854, #7843, #7508, #5134 ) ) ;
#967 = EDGE_LOOP ( 'NONE', ( #5343, #3609, #5530, #5068 ) ) ;
#968 = ORIENTED_EDGE ( 'NONE', *, *, #6525, .T. ) ;
#969 = DIRECTION ( 'NONE',  ( 1.000000000000000000, 0.000000000000000000, -6.195440985631458867E-15 ) ) ;
#970 = CARTESIAN_POINT ( 'NONE',  ( 0.4390192378864654077, 0.2000000000000000111, 1.400000000000000133 ) ) ;
#971 = EDGE_CURVE ( 'NONE', #6571, #9584, #9749, .T. ) ;
#972 = AXIS2_PLACEMENT_3D ( 'NONE', #3405, #7910, #2586 ) ;
#973 = ORIENTED_EDGE ( 'NONE', *, *, #2818, .F. ) ;
#974 = CARTESIAN_POINT ( 'NONE',  ( -0.4999999999999825695, 0.2000000000000000111, 0.08500000000000000611 ) ) ;
#975 = CARTESIAN_POINT ( 'NONE',  ( -0.4390192378864674616, 0.000000000000000000, 1.599999999999999867 ) ) ;
#976 = FILL_AREA_STYLE_COLOUR ( '', #462 ) ;
#977 = LINE ( 'NONE', #5417, #2167 ) ;
#978 = CARTESIAN_POINT ( 'NONE',  ( 0.4390192378864654077, 0.2000000000000000111, -1.200000000000000178 ) ) ;
#979 = AXIS2_PLACEMENT_3D ( 'NONE', #5622, #5572, #8654 ) ;
#980 = DIRECTION ( 'NONE',  ( -0.000000000000000000, -0.000000000000000000, 1.000000000000000000 ) ) ;
#981 = ORIENTED_EDGE ( 'NONE', *, *, #787, .F. ) ;
#982 = EDGE_CURVE ( 'NONE', #7715, #1666, #4381, .T. ) ;
#983 = CARTESIAN_POINT ( 'NONE',  ( 0.3999999999999997446, 0.1500000000000000222, 1.632499999999999840 ) ) ;
#984 = EDGE_CURVE ( 'NONE', #8500, #4800, #3740, .T. ) ;
#985 = EDGE_LOOP ( 'NONE', ( #3396, #854, #9328, #169 ) ) ;
#986 = LINE ( 'NONE', #9555, #514 ) ;
#987 = VERTEX_POINT ( 'NONE', #7496 ) ;
#988 = VECTOR ( 'NONE', #641, 1000.000000000000000 ) ;
#989 = ORIENTED_EDGE ( 'NONE', *, *, #7477, .F. ) ;
#990 = PLANE ( 'NONE',  #4494 ) ;
#991 = EDGE_CURVE ( 'NONE', #680, #1177, #9095, .T. ) ;
#992 = FACE_OUTER_BOUND ( 'NONE', #9931, .T. ) ;
#993 = CARTESIAN_POINT ( 'NONE',  ( -0.1999999999999908795, 0.2000000000000000111, -0.9000000000000000222 ) ) ;
#994 = CARTESIAN_POINT ( 'NONE',  ( 0.3999999999999997446, 0.1500000000000000222, 1.632499999999999840 ) ) ;
#995 = DIRECTION ( 'NONE',  ( 1.000000000000000000, -0.000000000000000000, 2.710505431213760099E-16 ) ) ;
#996 = PLANE ( 'NONE',  #6343 ) ;
#997 = ORIENTED_EDGE ( 'NONE', *, *, #9561, .F. ) ;
#998 = VECTOR ( 'NONE', #9719, 1000.000000000000000 ) ;
#999 = EDGE_CURVE ( 'NONE', #5188, #5025, #6634, .T. ) ;
#1000 = DIRECTION ( 'NONE',  ( 2.710505431213760099E-16, 0.000000000000000000, 1.000000000000000000 ) ) ;
#1001 = PLANE ( 'NONE',  #389 ) ;
#1002 = DIRECTION ( 'NONE',  ( 0.000000000000000000, -1.000000000000000000, 0.000000000000000000 ) ) ;
#1003 = ORIENTED_EDGE ( 'NONE', *, *, #3622, .F. ) ;
#1004 = ORIENTED_EDGE ( 'NONE', *, *, #1373, .F. ) ;
#1005 = ORIENTED_EDGE ( 'NONE', *, *, #9990, .T. ) ;
#1006 = VECTOR ( 'NONE', #1602, 1000.000000000000000 ) ;
#1007 = CARTESIAN_POINT ( 'NONE',  ( -0.3999999999999908629, 0.1500000000000000222, 1.367500000000000160 ) ) ;
#1008 = LINE ( 'NONE', #4124, #5955 ) ;
#1009 = DIRECTION ( 'NONE',  ( 0.000000000000000000, -1.000000000000000000, 0.000000000000000000 ) ) ;
#1010 = EDGE_LOOP ( 'NONE', ( #5235, #948, #1571, #7690, #4717, #2587 ) ) ;
#1011 = LINE ( 'NONE', #7183, #4433 ) ;
#1012 = CARTESIAN_POINT ( 'NONE',  ( -0.4650000000000002465, 0.2000000000000000111, -1.614999999999999769 ) ) ;
#1013 = EDGE_CURVE ( 'NONE', #5176, #1439, #6063, .T. ) ;
#1014 = LINE ( 'NONE', #6621, #9933 ) ;
#1015 = VECTOR ( 'NONE', #3106, 999.9999999999998863 ) ;
#1016 = ORIENTED_EDGE ( 'NONE', *, *, #2626, .T. ) ;
#1017 = EDGE_CURVE ( 'NONE', #3957, #5003, #8336, .T. ) ;
#1018 = ORIENTED_EDGE ( 'NONE', *, *, #5840, .F. ) ;
#1019 = DIRECTION ( 'NONE',  ( -1.000000000000000000, -0.000000000000000000, -0.000000000000000000 ) ) ;
#1020 = AXIS2_PLACEMENT_3D ( 'NONE', #8010, #1811, #4912 ) ;
#1021 = AXIS2_PLACEMENT_3D ( 'NONE', #4188, #8737, #8782 ) ;
#1022 = ORIENTED_EDGE ( 'NONE', *, *, #6663, .F. ) ;
#1023 = CARTESIAN_POINT ( 'NONE',  ( 0.4650000000000091283, 0.000000000000000000, -0.3149999999999999467 ) ) ;
#1024 = CARTESIAN_POINT ( 'NONE',  ( -0.1999999999999826361, 0.2000000000000000111, -0.06250000000000000000 ) ) ;
#1025 = COLOUR_RGB ( '',0.7921568627450980005, 0.8196078431372548767, 0.9333333333333333481 ) ;
#1026 = VECTOR ( 'NONE', #7351, 1000.000000000000000 ) ;
#1027 = CARTESIAN_POINT ( 'NONE',  ( 0.2000000000000183853, 0.2000000000000000111, -0.3000000000000001554 ) ) ;
#1028 = ADVANCED_FACE ( 'NONE', ( #1228 ), #2822, .T. ) ;
#1029 = CARTESIAN_POINT ( 'NONE',  ( -0.5000000000000002220, 0.05000000000000000278, -0.08499999999999935385 ) ) ;
#1030 = DIRECTION ( 'NONE',  ( -0.000000000000000000, 1.000000000000000000, -0.000000000000000000 ) ) ;
#1031 = DIRECTION ( 'NONE',  ( 0.000000000000000000, -1.000000000000000000, 0.000000000000000000 ) ) ;
#1032 = AXIS2_PLACEMENT_3D ( 'NONE', #4736, #3895, #915 ) ;
#1033 = CARTESIAN_POINT ( 'NONE',  ( -0.2000000000000002609, 0.000000000000000000, 1.800000000000000044 ) ) ;
#1034 = LINE ( 'NONE', #9504, #4557 ) ;
#1035 = EDGE_LOOP ( 'NONE', ( #3813, #8586, #5598, #2118 ) ) ;
#1036 = CARTESIAN_POINT ( 'NONE',  ( 0.4999999999999997780, 0.05000000000000000278, -0.3149999999999991140 ) ) ;
#1037 = LINE ( 'NONE', #7153, #4790 ) ;
#1038 = EDGE_LOOP ( 'NONE', ( #2578, #3846, #1117, #9185 ) ) ;
#1039 = DIRECTION ( 'NONE',  ( -0.000000000000000000, -0.000000000000000000, -1.000000000000000000 ) ) ;
#1040 = VECTOR ( 'NONE', #9280, 1000.000000000000000 ) ;
#1041 = VERTEX_POINT ( 'NONE', #615 ) ;
#1042 = VECTOR ( 'NONE', #4930, 1000.000000000000000 ) ;
#1043 = ORIENTED_EDGE ( 'NONE', *, *, #1112, .F. ) ;
#1044 = ADVANCED_FACE ( 'NONE', ( #2766 ), #513, .F. ) ;
#1045 = ADVANCED_FACE ( 'NONE', ( #8948 ), #9003, .T. ) ;
#1046 = CARTESIAN_POINT ( 'NONE',  ( -0.2000000000000002609, 0.05000000000000000278, 0.000000000000000000 ) ) ;
#1047 = DIRECTION ( 'NONE',  ( 0.000000000000000000, -1.000000000000000000, 0.000000000000000000 ) ) ;
#1048 = CARTESIAN_POINT ( 'NONE',  ( -0.4999999999999908962, 0.2000000000000000111, 1.232500000000000373 ) ) ;
#1049 = ORIENTED_EDGE ( 'NONE', *, *, #9058, .T. ) ;
#1050 = EDGE_CURVE ( 'NONE', #2536, #740, #2973, .T. ) ;
#1051 = DIRECTION ( 'NONE',  ( 1.000000000000000000, 0.000000000000000000, 0.000000000000000000 ) ) ;
#1052 = CARTESIAN_POINT ( 'NONE',  ( 0.5000000000000000000, 0.1500000000000000222, -0.7324999999999994849 ) ) ;
#1053 = ORIENTED_EDGE ( 'NONE', *, *, #1391, .T. ) ;
#1054 = PLANE ( 'NONE',  #8496 ) ;
#1055 = DIRECTION ( 'NONE',  ( 6.195440985631447034E-15, 0.000000000000000000, -1.000000000000000000 ) ) ;
#1056 = ORIENTED_EDGE ( 'NONE', *, *, #2925, .F. ) ;
#1057 = ORIENTED_EDGE ( 'NONE', *, *, #3324, .F. ) ;
#1058 = CARTESIAN_POINT ( 'NONE',  ( -0.1999999999999825251, 0.2000000000000000111, 0.000000000000000000 ) ) ;
#1059 = VECTOR ( 'NONE', #7997, 1000.000000000000000 ) ;
#1060 = ORIENTED_EDGE ( 'NONE', *, *, #7450, .T. ) ;
#1061 = EDGE_CURVE ( 'NONE', #9406, #1870, #9149, .T. ) ;
#1062 = PLANE ( 'NONE',  #3046 ) ;
#1063 = CARTESIAN_POINT ( 'NONE',  ( -0.5000000000000002220, 0.2000000000000000111, -1.784999999999999920 ) ) ;
#1064 = DIRECTION ( 'NONE',  ( -0.4999999999999786837, 0.000000000000000000, -0.8660254037844510311 ) ) ;
#1065 = ORIENTED_EDGE ( 'NONE', *, *, #4250, .T. ) ;
#1066 = LINE ( 'NONE', #961, #5738 ) ;
#1067 = DIRECTION ( 'NONE',  ( -6.195440985631458867E-15, 0.000000000000000000, -1.000000000000000000 ) ) ;
#1068 = VECTOR ( 'NONE', #8490, 1000.000000000000000 ) ;
#1069 = DIRECTION ( 'NONE',  ( -0.000000000000000000, -0.000000000000000000, -1.000000000000000000 ) ) ;
#1070 = VERTEX_POINT ( 'NONE', #2208 ) ;
#1071 = ORIENTED_EDGE ( 'NONE', *, *, #5199, .T. ) ;
#1072 = EDGE_CURVE ( 'NONE', #7916, #3662, #9353, .T. ) ;
#1073 = EDGE_LOOP ( 'NONE', ( #7071, #9184, #6165, #2981 ) ) ;
#1074 = LINE ( 'NONE', #8784, #2018 ) ;
#1075 = EDGE_CURVE ( 'NONE', #2734, #4053, #2455, .T. ) ;
#1076 = UNCERTAINTY_MEASURE_WITH_UNIT (LENGTH_MEASURE( 1.000000000000000082E-05 ), #9044, 'distance_accuracy_value', 'NONE');
#1077 = VECTOR ( 'NONE', #5311, 1000.000000000000000 ) ;
#1078 = DIRECTION ( 'NONE',  ( -0.8660254037844378194, 0.000000000000000000, 0.5000000000000013323 ) ) ;
#1079 = DIRECTION ( 'NONE',  ( -0.8660254037844378194, -0.000000000000000000, 0.5000000000000013323 ) ) ;
#1080 = CARTESIAN_POINT ( 'NONE',  ( -0.4999999999999908962, 0.000000000000000000, -0.8849999999999998979 ) ) ;
#1081 = LINE ( 'NONE', #4199, #6531 ) ;
#1082 = VECTOR ( 'NONE', #4902, 1000.000000000000000 ) ;
#1083 = CARTESIAN_POINT ( 'NONE',  ( -0.5000000000000002220, 0.2000000000000000111, -1.614999999999999991 ) ) ;
#1084 = PLANE ( 'NONE',  #4084 ) ;
#1085 = ORIENTED_EDGE ( 'NONE', *, *, #2138, .F. ) ;
#1086 = CARTESIAN_POINT ( 'NONE',  ( 0.2000000000000183575, 0.2000000000000000111, -0.4625000000000001887 ) ) ;
#1087 = CARTESIAN_POINT ( 'NONE',  ( -0.4999999999999908962, 0.2000000000000000111, 1.232500000000000373 ) ) ;
#1088 = EDGE_CURVE ( 'NONE', #653, #7930, #7787, .T. ) ;
#1089 = VERTEX_POINT ( 'NONE', #5459 ) ;
#1090 = AXIS2_PLACEMENT_3D ( 'NONE', #3683, #9888, #2875 ) ;
#1091 = VECTOR ( 'NONE', #5714, 1000.000000000000000 ) ;
#1092 = ORIENTED_EDGE ( 'NONE', *, *, #4585, .F. ) ;
#1093 = DIRECTION ( 'NONE',  ( 1.000000000000000000, 0.000000000000000000, -6.195440985631447034E-15 ) ) ;
#1094 = FILL_AREA_STYLE ('',( #8254 ) ) ;
#1095 = DIRECTION ( 'NONE',  ( -1.000000000000000000, 0.000000000000000000, -0.000000000000000000 ) ) ;
#1096 = ORIENTED_EDGE ( 'NONE', *, *, #7034, .F. ) ;
#1097 = CARTESIAN_POINT ( 'NONE',  ( -0.5000000000000002220, 0.2000000000000000111, -1.762499999999999734 ) ) ;
#1098 = AXIS2_PLACEMENT_3D ( 'NONE', #8006, #9562, #1706 ) ;
#1099 = LINE ( 'NONE', #4861, #9248 ) ;
#1100 = LINE ( 'NONE', #4261, #7373 ) ;
#1101 = EDGE_LOOP ( 'NONE', ( #2962, #8375, #5449, #6778 ) ) ;
#1102 = AXIS2_PLACEMENT_3D ( 'NONE', #4510, #1453, #3103 ) ;
#1103 = CARTESIAN_POINT ( 'NONE',  ( -0.4999999999999825695, 0.2000000000000000111, -0.08500000000000000611 ) ) ;
#1104 = DIRECTION ( 'NONE',  ( 0.000000000000000000, 1.000000000000000000, 0.000000000000000000 ) ) ;
#1105 = ADVANCED_FACE ( 'NONE', ( #3026 ), #4690, .F. ) ;
#1106 = SURFACE_STYLE_FILL_AREA ( #5690 ) ;
#1107 = VERTEX_POINT ( 'NONE', #8536 ) ;
#1108 = ORIENTED_EDGE ( 'NONE', *, *, #4893, .F. ) ;
#1109 = VECTOR ( 'NONE', #8364, 1000.000000000000000 ) ;
#1110 = DIRECTION ( 'NONE',  ( 0.000000000000000000, 1.000000000000000000, 0.000000000000000000 ) ) ;
#1111 = PRESENTATION_LAYER_ASSIGNMENT (  '', '', ( #2260 ) ) ;
#1112 = EDGE_CURVE ( 'NONE', #4926, #3325, #8432, .T. ) ;
#1113 = ORIENTED_EDGE ( 'NONE', *, *, #191, .T. ) ;
#1114 = DIRECTION ( 'NONE',  ( -1.000000000000000000, 0.000000000000000000, 0.000000000000000000 ) ) ;
#1115 = PLANE ( 'NONE',  #4487 ) ;
#1116 = DIRECTION ( 'NONE',  ( -0.8660254037844510311, 0.000000000000000000, 0.4999999999999786837 ) ) ;
#1117 = ORIENTED_EDGE ( 'NONE', *, *, #1949, .F. ) ;
#1118 = LINE ( 'NONE', #8683, #689 ) ;
#1119 = DIRECTION ( 'NONE',  ( 1.000000000000000000, 0.000000000000000000, -1.355252715606880049E-16 ) ) ;
#1120 = AXIS2_PLACEMENT_3D ( 'NONE', #7438, #2659, #8081 ) ;
#1121 = FILL_AREA_STYLE_COLOUR ( '', #8488 ) ;
#1122 = DIRECTION ( 'NONE',  ( -1.000000000000000000, -0.000000000000000000, -0.000000000000000000 ) ) ;
#1123 = VERTEX_POINT ( 'NONE', #7087 ) ;
#1124 = ORIENTED_EDGE ( 'NONE', *, *, #1726, .T. ) ;
#1125 = DIRECTION ( 'NONE',  ( 1.355252715606880049E-16, 0.000000000000000000, -1.000000000000000000 ) ) ;
#1126 = DIRECTION ( 'NONE',  ( 0.000000000000000000, -0.000000000000000000, -1.000000000000000000 ) ) ;
#1127 = EDGE_CURVE ( 'NONE', #2144, #6037, #762, .T. ) ;
#1128 = ORIENTED_EDGE ( 'NONE', *, *, #9726, .T. ) ;
#1129 = LINE ( 'NONE', #8085, #6405 ) ;
#1130 = EDGE_CURVE ( 'NONE', #4584, #2030, #2404, .T. ) ;
#1131 = EDGE_CURVE ( 'NONE', #9662, #2070, #9200, .T. ) ;
#1132 = EDGE_LOOP ( 'NONE', ( #1368, #1319, #5981, #8277 ) ) ;
#1133 = DIRECTION ( 'NONE',  ( 0.000000000000000000, 1.000000000000000000, 0.000000000000000000 ) ) ;
#1134 = CARTESIAN_POINT ( 'NONE',  ( 0.5000000000000091038, 0.2000000000000000111, -0.3150000000000001688 ) ) ;
#1135 = DIRECTION ( 'NONE',  ( 0.000000000000000000, 0.000000000000000000, -1.000000000000000000 ) ) ;
#1136 = LINE ( 'NONE', #8138, #2010 ) ;
#1137 = LINE ( 'NONE', #7399, #9403 ) ;
#1138 = VECTOR ( 'NONE', #7790, 1000.000000000000000 ) ;
#1139 = DIRECTION ( 'NONE',  ( -1.000000000000000000, 0.000000000000000000, -6.505213034913017138E-15 ) ) ;
#1140 = EDGE_CURVE ( 'NONE', #890, #9490, #4587, .T. ) ;
#1141 = DIRECTION ( 'NONE',  ( 0.000000000000000000, -1.000000000000000000, 0.000000000000000000 ) ) ;
#1142 = VERTEX_POINT ( 'NONE', #7036 ) ;
#1143 = VERTEX_POINT ( 'NONE', #6991 ) ;
#1144 = ORIENTED_EDGE ( 'NONE', *, *, #9251, .F. ) ;
#1145 = DIRECTION ( 'NONE',  ( -1.000000000000000000, 0.000000000000000000, -6.195440985631458867E-15 ) ) ;
#1146 = VECTOR ( 'NONE', #9852, 1000.000000000000000 ) ;
#1147 = DIRECTION ( 'NONE',  ( 0.000000000000000000, -0.000000000000000000, -1.000000000000000000 ) ) ;
#1148 = EDGE_LOOP ( 'NONE', ( #2392, #75, #8736, #3286 ) ) ;
#1149 = ADVANCED_FACE ( 'NONE', ( #1633 ), #9943, .F. ) ;
#1150 = LINE ( 'NONE', #2630, #2100 ) ;
#1151 = DIRECTION ( 'NONE',  ( -0.8660254037844378194, 0.000000000000000000, 0.5000000000000013323 ) ) ;
#1152 = ORIENTED_EDGE ( 'NONE', *, *, #6855, .F. ) ;
#1153 = PLANE ( 'NONE',  #6229 ) ;
#1154 = DIRECTION ( 'NONE',  ( 0.000000000000000000, 1.000000000000000000, 0.000000000000000000 ) ) ;
#1155 = AXIS2_PLACEMENT_3D ( 'NONE', #6599, #9108, #9014 ) ;
#1156 = LINE ( 'NONE', #2898, #7348 ) ;
#1157 = ORIENTED_EDGE ( 'NONE', *, *, #2502, .F. ) ;
#1158 = ORIENTED_EDGE ( 'NONE', *, *, #5246, .F. ) ;
#1159 = CARTESIAN_POINT ( 'NONE',  ( -0.4999999999999825695, 0.1500000000000000222, 0.4675000000000001932 ) ) ;
#1160 = ORIENTED_EDGE ( 'NONE', *, *, #5520, .F. ) ;
#1161 = ORIENTED_EDGE ( 'NONE', *, *, #4529, .T. ) ;
#1162 = PLANE ( 'NONE',  #7602 ) ;
#1163 = EDGE_CURVE ( 'NONE', #1993, #8285, #3176, .T. ) ;
#1164 = DIRECTION ( 'NONE',  ( 1.000000000000000000, 0.000000000000000000, -0.000000000000000000 ) ) ;
#1165 = LINE ( 'NONE', #2086, #3559 ) ;
#1166 = ORIENTED_EDGE ( 'NONE', *, *, #2895, .F. ) ;
#1167 = CARTESIAN_POINT ( 'NONE',  ( 0.5000000000000091038, 0.1500000000000000222, 0.06750000000000001832 ) ) ;
#1168 = LINE ( 'NONE', #7237, #688 ) ;
#1169 = FACE_OUTER_BOUND ( 'NONE', #6035, .T. ) ;
#1170 = DIRECTION ( 'NONE',  ( 1.000000000000000000, 0.000000000000000000, -4.336808689942011425E-15 ) ) ;
#1171 = ORIENTED_EDGE ( 'NONE', *, *, #7409, .F. ) ;
#1172 = VECTOR ( 'NONE', #8320, 1000.000000000000000 ) ;
#1173 = ORIENTED_EDGE ( 'NONE', *, *, #7145, .T. ) ;
#1174 = EDGE_CURVE ( 'NONE', #196, #2024, #6277, .T. ) ;
#1175 = DIRECTION ( 'NONE',  ( 1.000000000000000000, -0.000000000000000000, -0.000000000000000000 ) ) ;
#1176 = LINE ( 'NONE', #9743, #8897 ) ;
#1177 = VERTEX_POINT ( 'NONE', #3220 ) ;
#1178 = VECTOR ( 'NONE', #5332, 1000.000000000000114 ) ;
#1179 = ADVANCED_FACE ( 'NONE', ( #6175 ), #9396, .F. ) ;
#1180 = LINE ( 'NONE', #3377, #8012 ) ;
#1181 = AXIS2_PLACEMENT_3D ( 'NONE', #7573, #8460, #9917 ) ;
#1182 = DIRECTION ( 'NONE',  ( 1.000000000000000000, 0.000000000000000000, 0.000000000000000000 ) ) ;
#1183 = ADVANCED_FACE ( 'NONE', ( #1480 ), #7693, .T. ) ;
#1184 = CARTESIAN_POINT ( 'NONE',  ( 0.4649999999999997469, 0.2000000000000000111, 1.385000000000000453 ) ) ;
#1185 = FACE_OUTER_BOUND ( 'NONE', #8419, .T. ) ;
#1186 = CARTESIAN_POINT ( 'NONE',  ( -0.1999999999999908795, 0.04999999999999999584, -0.6999999999999998446 ) ) ;
#1187 = PLANE ( 'NONE',  #4879 ) ;
#1188 = MECHANICAL_DESIGN_GEOMETRIC_PRESENTATION_REPRESENTATION (  '', ( #8972 ), #3315 ) ;
#1189 = AXIS2_PLACEMENT_3D ( 'NONE', #5846, #4414, #5230 ) ;
#1190 = DIRECTION ( 'NONE',  ( 0.000000000000000000, -1.000000000000000000, 0.000000000000000000 ) ) ;
#1191 = DIRECTION ( 'NONE',  ( -0.000000000000000000, 0.000000000000000000, -1.000000000000000000 ) ) ;
#1192 = AXIS2_PLACEMENT_3D ( 'NONE', #8378, #7643, #660 ) ;
#1193 = VECTOR ( 'NONE', #2006, 1000.000000000000114 ) ;
#1194 = DIRECTION ( 'NONE',  ( 1.000000000000000000, 0.000000000000000000, -0.000000000000000000 ) ) ;
#1195 = DIRECTION ( 'NONE',  ( -1.000000000000000000, 0.000000000000000000, 0.000000000000000000 ) ) ;
#1196 = EDGE_LOOP ( 'NONE', ( #1501, #3727, #960, #1966 ) ) ;
#1197 = LINE ( 'NONE', #8862, #6815 ) ;
#1198 = CARTESIAN_POINT ( 'NONE',  ( -0.4999999999999825695, 0.1500000000000000222, 0.3325000000000001843 ) ) ;
#1199 = ORIENTED_EDGE ( 'NONE', *, *, #857, .T. ) ;
#1200 = EDGE_CURVE ( 'NONE', #2217, #4751, #4637, .T. ) ;
#1201 = CARTESIAN_POINT ( 'NONE',  ( -0.3999999999999907518, 0.1500000000000000222, 0.4675000000000001932 ) ) ;
#1202 = VECTOR ( 'NONE', #7039, 1000.000000000000114 ) ;
#1203 = CARTESIAN_POINT ( 'NONE',  ( -0.4650000000000002465, 0.2000000000000000111, -1.785000000000000142 ) ) ;
#1204 = EDGE_LOOP ( 'NONE', ( #9119, #3593, #4656, #2523 ) ) ;
#1205 = VERTEX_POINT ( 'NONE', #5756 ) ;
#1206 = CARTESIAN_POINT ( 'NONE',  ( 0.5000000000000091038, 0.2000000000000000111, -1.362500000000000044 ) ) ;
#1207 = EDGE_LOOP ( 'NONE', ( #1160, #4474, #4005, #132 ) ) ;
#1208 = CARTESIAN_POINT ( 'NONE',  ( 0.06749999999999997669, 0.1500000000000000222, -1.899999999999999911 ) ) ;
#1209 = DIRECTION ( 'NONE',  ( 0.000000000000000000, 1.000000000000000000, 0.000000000000000000 ) ) ;
#1210 = LINE ( 'NONE', #4321, #5887 ) ;
#1211 = LINE ( 'NONE', #8072, #9049 ) ;
#1212 = EDGE_LOOP ( 'NONE', ( #8344, #6971, #2130, #6539 ) ) ;
#1213 = LINE ( 'NONE', #448, #3159 ) ;
#1214 = DIRECTION ( 'NONE',  ( 0.000000000000000000, 1.000000000000000000, 0.000000000000000000 ) ) ;
#1215 = CARTESIAN_POINT ( 'NONE',  ( -0.3999999999999908629, 0.1500000000000000222, 1.232500000000000373 ) ) ;
#1216 = PLANE ( 'NONE',  #1656 ) ;
#1217 = VERTEX_POINT ( 'NONE', #1889 ) ;
#1218 = EDGE_CURVE ( 'NONE', #1805, #7014, #6425, .T. ) ;
#1219 = VERTEX_POINT ( 'NONE', #4085 ) ;
#1220 = PLANE ( 'NONE',  #4195 ) ;
#1221 = CARTESIAN_POINT ( 'NONE',  ( 0.000000000000000000, 0.2000000000000000111, 0.000000000000000000 ) ) ;
#1222 = ORIENTED_EDGE ( 'NONE', *, *, #2407, .F. ) ;
#1223 = DIRECTION ( 'NONE',  ( 0.000000000000000000, 0.000000000000000000, 1.000000000000000000 ) ) ;
#1224 = AXIS2_PLACEMENT_3D ( 'NONE', #3031, #9255, #6897 ) ;
#1225 = CARTESIAN_POINT ( 'NONE',  ( 0.5000000000000091038, 0.2000000000000000111, -1.362500000000000044 ) ) ;
#1226 = EDGE_CURVE ( 'NONE', #8930, #6037, #8031, .T. ) ;
#1227 = EDGE_CURVE ( 'NONE', #798, #8725, #7191, .T. ) ;
#1228 = FACE_OUTER_BOUND ( 'NONE', #8250, .T. ) ;
#1229 = CARTESIAN_POINT ( 'NONE',  ( -0.5000000000000002220, 0.2000000000000000111, -1.784999999999999920 ) ) ;
#1230 = DIRECTION ( 'NONE',  ( 0.000000000000000000, -1.000000000000000000, 0.000000000000000000 ) ) ;
#1231 = LINE ( 'NONE', #3389, #5595 ) ;
#1232 = CARTESIAN_POINT ( 'NONE',  ( -0.4999999999999824585, 0.2000000000000000111, -0.4674999999999998601 ) ) ;
#1233 = LINE ( 'NONE', #5257, #1381 ) ;
#1234 = EDGE_CURVE ( 'NONE', #6241, #8750, #8837, .T. ) ;
#1235 = ORIENTED_EDGE ( 'NONE', *, *, #4048, .T. ) ;
#1236 = ORIENTED_EDGE ( 'NONE', *, *, #2671, .F. ) ;
#1237 = ORIENTED_EDGE ( 'NONE', *, *, #8379, .F. ) ;
#1238 = DIRECTION ( 'NONE',  ( 0.000000000000000000, 0.000000000000000000, 1.000000000000000000 ) ) ;
#1239 = VECTOR ( 'NONE', #4395, 1000.000000000000114 ) ;
#1240 = PLANE ( 'NONE',  #4025 ) ;
#1241 = PLANE ( 'NONE',  #6019 ) ;
#1242 = ORIENTED_EDGE ( 'NONE', *, *, #8580, .T. ) ;
#1243 = DIRECTION ( 'NONE',  ( 0.000000000000000000, -0.000000000000000000, -1.000000000000000000 ) ) ;
#1244 = EDGE_CURVE ( 'NONE', #4800, #6374, #9492, .T. ) ;
#1245 = CARTESIAN_POINT ( 'NONE',  ( 0.000000000000000000, 0.2000000000000000111, 0.000000000000000000 ) ) ;
#1246 = DIRECTION ( 'NONE',  ( -0.000000000000000000, 1.000000000000000000, -0.000000000000000000 ) ) ;
#1247 = VERTEX_POINT ( 'NONE', #308 ) ;
#1248 = FACE_OUTER_BOUND ( 'NONE', #2625, .T. ) ;
#1249 = VECTOR ( 'NONE', #4292, 1000.000000000000000 ) ;
#1250 = VECTOR ( 'NONE', #1110, 1000.000000000000000 ) ;
#1251 = DIRECTION ( 'NONE',  ( 1.000000000000000000, -0.000000000000000000, -6.195440985631458078E-15 ) ) ;
#1252 = LINE ( 'NONE', #1203, #4577 ) ;
#1253 = EDGE_CURVE ( 'NONE', #2501, #798, #6527, .T. ) ;
#1254 = EDGE_CURVE ( 'NONE', #6243, #7518, #9586, .T. ) ;
#1255 = ORIENTED_EDGE ( 'NONE', *, *, #8721, .F. ) ;
#1256 = ORIENTED_EDGE ( 'NONE', *, *, #3942, .T. ) ;
#1257 = ORIENTED_EDGE ( 'NONE', *, *, #7295, .F. ) ;
#1258 = VECTOR ( 'NONE', #6319, 1000.000000000000000 ) ;
#1259 = ADVANCED_FACE ( 'NONE', ( #4836 ), #9540, .F. ) ;
#1260 = VECTOR ( 'NONE', #7197, 1000.000000000000114 ) ;
#1261 = CARTESIAN_POINT ( 'NONE',  ( -0.4650000000000002465, 0.000000000000000000, -1.785000000000000142 ) ) ;
#1262 = FACE_OUTER_BOUND ( 'NONE', #1678, .T. ) ;
#1263 = ORIENTED_EDGE ( 'NONE', *, *, #3361, .F. ) ;
#1264 = CARTESIAN_POINT ( 'NONE',  ( 0.3999999999999997446, 0.2000000000000000111, -1.767500000000000071 ) ) ;
#1265 = CARTESIAN_POINT ( 'NONE',  ( 0.2000000000000184130, 0.2000000000000000111, 0.3375000000000001887 ) ) ;
#1266 = DIRECTION ( 'NONE',  ( -0.000000000000000000, 1.000000000000000000, -0.000000000000000000 ) ) ;
#1267 = VECTOR ( 'NONE', #7130, 1000.000000000000000 ) ;
#1268 = PRESENTATION_LAYER_ASSIGNMENT (  '', '', ( #2576 ) ) ;
#1269 = EDGE_LOOP ( 'NONE', ( #4062, #989, #2453, #4818 ) ) ;
#1270 = ORIENTED_EDGE ( 'NONE', *, *, #7316, .T. ) ;
#1271 = LINE ( 'NONE', #9742, #5975 ) ;
#1272 = LINE ( 'NONE', #9788, #7037 ) ;
#1273 = CARTESIAN_POINT ( 'NONE',  ( 0.2000000000000183853, 0.2000000000000000111, -0.3000000000000001554 ) ) ;
#1274 = VECTOR ( 'NONE', #1534, 1000.000000000000000 ) ;
#1275 = EDGE_LOOP ( 'NONE', ( #4407, #4006, #5016, #6341 ) ) ;
#1276 = DIRECTION ( 'NONE',  ( -1.000000000000000000, 0.000000000000000000, 0.000000000000000000 ) ) ;
#1277 = EDGE_CURVE ( 'NONE', #6402, #1929, #7933, .T. ) ;
#1278 = CARTESIAN_POINT ( 'NONE',  ( -0.1999999999999908795, 0.2000000000000000111, -0.6999999999999998446 ) ) ;
#1279 = CARTESIAN_POINT ( 'NONE',  ( 0.3999999999999999112, 0.1500000000000000222, 0.06750000000000003220 ) ) ;
#1280 = CARTESIAN_POINT ( 'NONE',  ( 0.000000000000000000, 0.000000000000000000, 0.000000000000000000 ) ) ;
#1281 = CARTESIAN_POINT ( 'NONE',  ( 0.000000000000000000, 0.1500000000000000222, 0.000000000000000000 ) ) ;
#1282 = ADVANCED_FACE ( 'NONE', ( #9444 ), #7978, .F. ) ;
#1283 = DIRECTION ( 'NONE',  ( -0.000000000000000000, 1.000000000000000000, -0.000000000000000000 ) ) ;
#1284 = LINE ( 'NONE', #1232, #6844 ) ;
#1285 = FACE_OUTER_BOUND ( 'NONE', #8512, .T. ) ;
#1286 = PLANE ( 'NONE',  #3787 ) ;
#1287 = ORIENTED_EDGE ( 'NONE', *, *, #8761, .T. ) ;
#1288 = FACE_OUTER_BOUND ( 'NONE', #9639, .T. ) ;
#1289 = DIRECTION ( 'NONE',  ( -1.000000000000000000, 0.000000000000000000, 0.000000000000000000 ) ) ;
#1290 = ORIENTED_EDGE ( 'NONE', *, *, #6326, .T. ) ;
#1291 = CARTESIAN_POINT ( 'NONE',  ( 0.5000000000000091038, 0.2000000000000000111, -0.8624999999999999334 ) ) ;
#1292 = EDGE_LOOP ( 'NONE', ( #5121, #4301, #3726, #588 ) ) ;
#1293 = EDGE_CURVE ( 'NONE', #1143, #7125, #4235, .T. ) ;
#1294 =( NAMED_UNIT ( * ) PLANE_ANGLE_UNIT ( ) SI_UNIT ( $, .RADIAN. ) );
#1295 = LINE ( 'NONE', #9906, #5114 ) ;
#1296 = CARTESIAN_POINT ( 'NONE',  ( -0.4390192378864581357, 0.04999999999999999584, -0.9000000000000000222 ) ) ;
#1297 = ORIENTED_EDGE ( 'NONE', *, *, #5242, .F. ) ;
#1298 = AXIS2_PLACEMENT_3D ( 'NONE', #6228, #7195, #866 ) ;
#1299 = ORIENTED_EDGE ( 'NONE', *, *, #8140, .T. ) ;
#1300 = ORIENTED_EDGE ( 'NONE', *, *, #7339, .T. ) ;
#1301 = EDGE_LOOP ( 'NONE', ( #8780, #8110, #3120, #2554 ) ) ;
#1302 = DIRECTION ( 'NONE',  ( -1.000000000000000000, 0.000000000000000000, 6.195440985631447034E-15 ) ) ;
#1303 = CARTESIAN_POINT ( 'NONE',  ( -0.1999999999999908795, 0.2000000000000000111, 0.7374999999999998224 ) ) ;
#1304 = EDGE_CURVE ( 'NONE', #8078, #2861, #7340, .T. ) ;
#1305 = FACE_OUTER_BOUND ( 'NONE', #8521, .T. ) ;
#1306 = EDGE_LOOP ( 'NONE', ( #8922, #6508, #9932, #2173 ) ) ;
#1307 = CARTESIAN_POINT ( 'NONE',  ( -0.4999999999999908962, 0.2000000000000000111, -0.7149999999999999689 ) ) ;
#1308 = VECTOR ( 'NONE', #1047, 1000.000000000000000 ) ;
#1309 = DIRECTION ( 'NONE',  ( 0.000000000000000000, 1.000000000000000000, 0.000000000000000000 ) ) ;
#1310 = DIRECTION ( 'NONE',  ( -1.000000000000000000, 0.000000000000000000, -2.710505431213760099E-16 ) ) ;
#1311 = LINE ( 'NONE', #6622, #5567 ) ;
#1312 = ORIENTED_EDGE ( 'NONE', *, *, #6015, .T. ) ;
#1313 = ORIENTED_EDGE ( 'NONE', *, *, #916, .T. ) ;
#1314 = ORIENTED_EDGE ( 'NONE', *, *, #6116, .T. ) ;
#1315 = AXIS2_PLACEMENT_3D ( 'NONE', #1281, #5916, #1328 ) ;
#1316 = DIRECTION ( 'NONE',  ( 1.000000000000000000, 0.000000000000000000, 0.000000000000000000 ) ) ;
#1317 = CARTESIAN_POINT ( 'NONE',  ( 0.3999999999999997446, 0.1500000000000000222, -1.767500000000000071 ) ) ;
#1318 = CARTESIAN_POINT ( 'NONE',  ( -0.4999999999999824585, 0.1500000000000000222, -0.4674999999999998601 ) ) ;
#1319 = ORIENTED_EDGE ( 'NONE', *, *, #8047, .F. ) ;
#1320 = ADVANCED_FACE ( 'NONE', ( #912 ), #4038, .T. ) ;
#1321 = FACE_OUTER_BOUND ( 'NONE', #6710, .T. ) ;
#1322 = DIRECTION ( 'NONE',  ( 0.000000000000000000, 0.000000000000000000, -1.000000000000000000 ) ) ;
#1323 = EDGE_CURVE ( 'NONE', #6555, #4666, #3471, .T. ) ;
#1324 = ORIENTED_EDGE ( 'NONE', *, *, #3551, .T. ) ;
#1325 = CARTESIAN_POINT ( 'NONE',  ( 3.004788878031277966E-15, 0.05000000000000000278, 0.4850000000000032618 ) ) ;
#1326 = VECTOR ( 'NONE', #7896, 1000.000000000000000 ) ;
#1327 = LINE ( 'NONE', #4435, #9828 ) ;
#1328 = DIRECTION ( 'NONE',  ( 0.000000000000000000, -0.000000000000000000, -1.000000000000000000 ) ) ;
#1329 = DIRECTION ( 'NONE',  ( 0.8660254037844510311, 0.000000000000000000, 0.4999999999999786837 ) ) ;
#1330 = CARTESIAN_POINT ( 'NONE',  ( -0.1999999999999908795, 0.2000000000000000111, 0.6999999999999998446 ) ) ;
#1331 = DIRECTION ( 'NONE',  ( -1.000000000000000000, -0.000000000000000000, 5.421010862427972807E-16 ) ) ;
#1332 = VECTOR ( 'NONE', #5225, 1000.000000000000000 ) ;
#1333 = ADVANCED_FACE ( 'NONE', ( #5804 ), #2507, .F. ) ;
#1334 = ORIENTED_EDGE ( 'NONE', *, *, #5879, .T. ) ;
#1335 = DIRECTION ( 'NONE',  ( 0.000000000000000000, 0.000000000000000000, -1.000000000000000000 ) ) ;
#1336 = PLANE ( 'NONE',  #2386 ) ;
#1337 = SURFACE_SIDE_STYLE ('',( #1491 ) ) ;
#1338 = CARTESIAN_POINT ( 'NONE',  ( 0.4649999999999997469, 0.2000000000000000111, 1.214999999999999858 ) ) ;
#1339 = VECTOR ( 'NONE', #1214, 1000.000000000000000 ) ;
#1340 = ORIENTED_EDGE ( 'NONE', *, *, #8086, .T. ) ;
#1341 = AXIS2_PLACEMENT_3D ( 'NONE', #4872, #245, #1939 ) ;
#1342 = DIRECTION ( 'NONE',  ( -0.8660254037844509201, 0.000000000000000000, -0.4999999999999786837 ) ) ;
#1343 = ORIENTED_EDGE ( 'NONE', *, *, #5548, .T. ) ;
#1344 = CARTESIAN_POINT ( 'NONE',  ( -0.3999999999999907518, 0.1500000000000000222, 0.3325000000000001843 ) ) ;
#1345 = ADVANCED_FACE ( 'NONE', ( #2916 ), #1220, .T. ) ;
#1346 = LINE ( 'NONE', #6707, #357 ) ;
#1347 = COLOUR_RGB ( '',1.000000000000000000, 1.000000000000000000, 1.000000000000000000 ) ;
#1348 = ORIENTED_EDGE ( 'NONE', *, *, #3664, .T. ) ;
#1349 = EDGE_CURVE ( 'NONE', #3778, #9817, #6830, .T. ) ;
#1350 = ORIENTED_EDGE ( 'NONE', *, *, #9071, .T. ) ;
#1351 = DIRECTION ( 'NONE',  ( -0.000000000000000000, -0.000000000000000000, -1.000000000000000000 ) ) ;
#1352 = VERTEX_POINT ( 'NONE', #503 ) ;
#1353 = LINE ( 'NONE', #7010, #8550 ) ;
#1354 = DIRECTION ( 'NONE',  ( -1.000000000000000000, -0.000000000000000000, -0.000000000000000000 ) ) ;
#1355 = CARTESIAN_POINT ( 'NONE',  ( 0.2000000000000183853, 0.2000000000000000111, -0.3000000000000001554 ) ) ;
#1356 = ORIENTED_EDGE ( 'NONE', *, *, #4856, .T. ) ;
#1357 = DIRECTION ( 'NONE',  ( 0.000000000000000000, -1.000000000000000000, 0.000000000000000000 ) ) ;
#1358 = AXIS2_PLACEMENT_3D ( 'NONE', #8332, #6115, #2147 ) ;
#1359 = VECTOR ( 'NONE', #3274, 1000.000000000000000 ) ;
#1360 = CARTESIAN_POINT ( 'NONE',  ( -0.2000000000000002609, 0.2000000000000000111, 1.599999999999999867 ) ) ;
#1361 = CARTESIAN_POINT ( 'NONE',  ( 0.5000000000000091038, 0.2000000000000000111, 0.4850000000000002087 ) ) ;
#1362 = ORIENTED_EDGE ( 'NONE', *, *, #1634, .T. ) ;
#1363 = EDGE_CURVE ( 'NONE', #9272, #2287, #7487, .T. ) ;
#1364 = EDGE_LOOP ( 'NONE', ( #6342, #8822, #9491, #3914 ) ) ;
#1365 = VERTEX_POINT ( 'NONE', #2047 ) ;
#1366 = LINE ( 'NONE', #4475, #5815 ) ;
#1367 = FACE_OUTER_BOUND ( 'NONE', #6931, .T. ) ;
#1368 = ORIENTED_EDGE ( 'NONE', *, *, #5807, .F. ) ;
#1369 = DIRECTION ( 'NONE',  ( 0.000000000000000000, -0.000000000000000000, 1.000000000000000000 ) ) ;
#1370 = CARTESIAN_POINT ( 'NONE',  ( -0.1999999999999908795, 0.000000000000000000, 0.9000000000000000222 ) ) ;
#1371 = LINE ( 'NONE', #4480, #6068 ) ;
#1372 = ORIENTED_EDGE ( 'NONE', *, *, #6738, .F. ) ;
#1373 = EDGE_CURVE ( 'NONE', #1352, #6942, #8128, .T. ) ;
#1374 = DIRECTION ( 'NONE',  ( -1.000000000000000000, 0.000000000000000000, -3.252606517456508569E-15 ) ) ;
#1375 = VECTOR ( 'NONE', #9506, 1000.000000000000000 ) ;
#1376 = DIRECTION ( 'NONE',  ( 1.000000000000000000, 0.000000000000000000, -1.355252715606880049E-16 ) ) ;
#1377 = EDGE_CURVE ( 'NONE', #3691, #7715, #3577, .T. ) ;
#1378 = EDGE_CURVE ( 'NONE', #6188, #4365, #7583, .T. ) ;
#1379 = FACE_OUTER_BOUND ( 'NONE', #7314, .T. ) ;
#1380 = LINE ( 'NONE', #3687, #1274 ) ;
#1381 = VECTOR ( 'NONE', #8247, 1000.000000000000114 ) ;
#1382 = CARTESIAN_POINT ( 'NONE',  ( -0.1999999999999908795, 0.000000000000000000, 0.6999999999999998446 ) ) ;
#1383 = ORIENTED_EDGE ( 'NONE', *, *, #4644, .T. ) ;
#1384 = ORIENTED_EDGE ( 'NONE', *, *, #3764, .F. ) ;
#1385 = CARTESIAN_POINT ( 'NONE',  ( 0.000000000000000000, 0.1500000000000000222, 0.000000000000000000 ) ) ;
#1386 = CARTESIAN_POINT ( 'NONE',  ( -0.4999999999999825695, 0.1500000000000000222, 0.3325000000000001843 ) ) ;
#1387 = CARTESIAN_POINT ( 'NONE',  ( 0.4999999999999997780, 0.1500000000000000222, 1.632499999999999840 ) ) ;
#1388 = ORIENTED_EDGE ( 'NONE', *, *, #11, .F. ) ;
#1389 = LINE ( 'NONE', #7611, #1786 ) ;
#1390 = VERTEX_POINT ( 'NONE', #3624 ) ;
#1391 = EDGE_CURVE ( 'NONE', #637, #2833, #7437, .T. ) ;
#1392 = PLANE ( 'NONE',  #7835 ) ;
#1393 = CARTESIAN_POINT ( 'NONE',  ( -0.5000000000000002220, 0.1999999999999999833, -1.699999999999999956 ) ) ;
#1394 = ORIENTED_EDGE ( 'NONE', *, *, #8835, .T. ) ;
#1395 = DIRECTION ( 'NONE',  ( 1.000000000000000000, 0.000000000000000000, -1.626303258728391941E-15 ) ) ;
#1396 = CLOSED_SHELL ( 'NONE', ( #7368, #7815, #864, #3469, #95, #6990, #3065, #5803, #9020, #9844, #4469, #1105 ) ) ;
#1397 = ORIENTED_EDGE ( 'NONE', *, *, #9930, .F. ) ;
#1398 = VERTEX_POINT ( 'NONE', #9833 ) ;
#1399 = ORIENTED_EDGE ( 'NONE', *, *, #3260, .T. ) ;
#1400 = LINE ( 'NONE', #8310, #2406 ) ;
#1401 = CARTESIAN_POINT ( 'NONE',  ( -0.3999999999999907518, 0.1500000000000000222, 0.4675000000000001932 ) ) ;
#1402 = VERTEX_POINT ( 'NONE', #7534 ) ;
#1403 = LINE ( 'NONE', #9866, #1497 ) ;
#1404 = FACE_OUTER_BOUND ( 'NONE', #8587, .T. ) ;
#1405 = VECTOR ( 'NONE', #2983, 1000.000000000000000 ) ;
#1406 = EDGE_LOOP ( 'NONE', ( #3412, #1797, #7866, #1880 ) ) ;
#1407 = FACE_BOUND ( 'NONE', #5725, .T. ) ;
#1408 = VECTOR ( 'NONE', #882, 1000.000000000000000 ) ;
#1409 = ADVANCED_FACE ( 'NONE', ( #6627 ), #9691, .F. ) ;
#1410 = LINE ( 'NONE', #3773, #6385 ) ;
#1411 = PLANE ( 'NONE',  #6258 ) ;
#1412 = ORIENTED_EDGE ( 'NONE', *, *, #9978, .T. ) ;
#1413 = ORIENTED_EDGE ( 'NONE', *, *, #83, .T. ) ;
#1414 = AXIS2_PLACEMENT_3D ( 'NONE', #9434, #2645, #957 ) ;
#1415 = AXIS2_PLACEMENT_3D ( 'NONE', #2105, #6840, #9887 ) ;
#1416 = VERTEX_POINT ( 'NONE', #9878 ) ;
#1417 = ORIENTED_EDGE ( 'NONE', *, *, #9301, .F. ) ;
#1418 = PLANE ( 'NONE',  #3714 ) ;
#1419 = ORIENTED_EDGE ( 'NONE', *, *, #10021, .T. ) ;
#1420 = LINE ( 'NONE', #7539, #6766 ) ;
#1421 = PLANE ( 'NONE',  #9780 ) ;
#1422 = CIRCLE ( 'NONE', #5327, 0.06250000000000005551 ) ;
#1423 = CARTESIAN_POINT ( 'NONE',  ( 0.4999999999999997780, 0.2000000000000000111, -1.632500000000000284 ) ) ;
#1424 = VECTOR ( 'NONE', #8941, 1000.000000000000000 ) ;
#1425 = EDGE_CURVE ( 'NONE', #7050, #3569, #1271, .T. ) ;
#1426 = ORIENTED_EDGE ( 'NONE', *, *, #810, .T. ) ;
#1427 = EDGE_CURVE ( 'NONE', #4122, #4014, #559, .T. ) ;
#1428 = VECTOR ( 'NONE', #400, 1000.000000000000000 ) ;
#1429 = CARTESIAN_POINT ( 'NONE',  ( 0.4999999999999997780, 0.1500000000000000222, -1.767499999999999627 ) ) ;
#1430 = VECTOR ( 'NONE', #2364, 1000.000000000000000 ) ;
#1431 = CARTESIAN_POINT ( 'NONE',  ( -0.4999999999999908962, 0.2000000000000000111, 0.7149999999999999689 ) ) ;
#1432 = ADVANCED_FACE ( 'NONE', ( #3523 ), #605, .T. ) ;
#1433 = CARTESIAN_POINT ( 'NONE',  ( 0.4390192378864654077, 0.2000000000000000111, -1.400000000000000133 ) ) ;
#1434 = CARTESIAN_POINT ( 'NONE',  ( 0.5000000000000091038, 0.1500000000000000222, 0.06750000000000001832 ) ) ;
#1435 = AXIS2_PLACEMENT_3D ( 'NONE', #5932, #2068, #2841 ) ;
#1436 = DIRECTION ( 'NONE',  ( 0.000000000000000000, 0.000000000000000000, -1.000000000000000000 ) ) ;
#1437 = FACE_OUTER_BOUND ( 'NONE', #1073, .T. ) ;
#1438 = ORIENTED_EDGE ( 'NONE', *, *, #2662, .F. ) ;
#1439 = VERTEX_POINT ( 'NONE', #3730 ) ;
#1440 = ADVANCED_FACE ( 'NONE', ( #2759 ), #1994, .T. ) ;
#1441 = DIRECTION ( 'NONE',  ( 0.8660254037844509201, -0.000000000000000000, -0.4999999999999786837 ) ) ;
#1442 = DIRECTION ( 'NONE',  ( -1.000000000000000000, -0.000000000000000000, -0.000000000000000000 ) ) ;
#1443 = DIRECTION ( 'NONE',  ( 0.000000000000000000, -0.000000000000000000, 1.000000000000000000 ) ) ;
#1444 = EDGE_LOOP ( 'NONE', ( #8766, #3998, #736, #5788 ) ) ;
#1445 = ORIENTED_EDGE ( 'NONE', *, *, #413, .T. ) ;
#1446 = ADVANCED_FACE ( 'NONE', ( #2141 ), #6729, .F. ) ;
#1447 = FILL_AREA_STYLE ('',( #3188 ) ) ;
#1448 = CARTESIAN_POINT ( 'NONE',  ( 0.5000000000000091038, 0.2000000000000000111, 0.3375000000000001887 ) ) ;
#1449 = VERTEX_POINT ( 'NONE', #2864 ) ;
#1450 = LINE ( 'NONE', #3905, #1992 ) ;
#1451 = ORIENTED_EDGE ( 'NONE', *, *, #1528, .F. ) ;
#1452 = ORIENTED_EDGE ( 'NONE', *, *, #7154, .T. ) ;
#1453 = DIRECTION ( 'NONE',  ( -1.000000000000000000, 0.000000000000000000, 0.000000000000000000 ) ) ;
#1454 = VERTEX_POINT ( 'NONE', #8889 ) ;
#1455 = LINE ( 'NONE', #2381, #8549 ) ;
#1456 = PLANE ( 'NONE',  #36 ) ;
#1457 = CARTESIAN_POINT ( 'NONE',  ( -0.4390192378864581357, 0.04999999999999999584, -0.6999999999999998446 ) ) ;
#1458 = ORIENTED_EDGE ( 'NONE', *, *, #5393, .T. ) ;
#1459 = LINE ( 'NONE', #3233, #1682 ) ;
#1460 = CARTESIAN_POINT ( 'NONE',  ( 0.000000000000000000, 0.2000000000000000111, 0.000000000000000000 ) ) ;
#1461 = DIRECTION ( 'NONE',  ( 0.000000000000000000, 1.000000000000000000, 0.000000000000000000 ) ) ;
#1462 = CIRCLE ( 'NONE', #7158, 0.07499999999999998335 ) ;
#1463 =( NAMED_UNIT ( * ) SI_UNIT ( $, .STERADIAN. ) SOLID_ANGLE_UNIT ( ) );
#1464 = VERTEX_POINT ( 'NONE', #8325 ) ;
#1465 = ORIENTED_EDGE ( 'NONE', *, *, #6119, .T. ) ;
#1466 = EDGE_CURVE ( 'NONE', #3409, #494, #1366, .T. ) ;
#1467 = ORIENTED_EDGE ( 'NONE', *, *, #6179, .F. ) ;
#1468 = ORIENTED_EDGE ( 'NONE', *, *, #5274, .F. ) ;
#1469 = CIRCLE ( 'NONE', #7170, 0.07499999999999998335 ) ;
#1470 = DIRECTION ( 'NONE',  ( 0.000000000000000000, -0.000000000000000000, -1.000000000000000000 ) ) ;
#1471 = ORIENTED_EDGE ( 'NONE', *, *, #390, .T. ) ;
#1472 = CARTESIAN_POINT ( 'NONE',  ( 0.2000000000000183575, 0.2000000000000000111, -0.4625000000000001887 ) ) ;
#1473 = CARTESIAN_POINT ( 'NONE',  ( -0.1999999999999825528, 0.2000000000000000111, -0.1000000000000000472 ) ) ;
#1474 = FACE_OUTER_BOUND ( 'NONE', #3932, .T. ) ;
#1475 = ORIENTED_EDGE ( 'NONE', *, *, #5194, .T. ) ;
#1476 = AXIS2_PLACEMENT_3D ( 'NONE', #2083, #9075, #3660 ) ;
#1477 = EDGE_CURVE ( 'NONE', #8078, #3512, #4561, .T. ) ;
#1478 = VERTEX_POINT ( 'NONE', #4460 ) ;
#1479 = EDGE_CURVE ( 'NONE', #2861, #197, #7919, .T. ) ;
#1480 = FACE_OUTER_BOUND ( 'NONE', #2076, .T. ) ;
#1481 = EDGE_CURVE ( 'NONE', #5597, #4097, #4660, .T. ) ;
#1482 = VECTOR ( 'NONE', #7775, 1000.000000000000000 ) ;
#1483 = DIRECTION ( 'NONE',  ( -1.000000000000000000, 0.000000000000000000, 0.000000000000000000 ) ) ;
#1484 = CARTESIAN_POINT ( 'NONE',  ( -0.3250000000000001776, 0.5500000000000000444, -1.649999999999999911 ) ) ;
#1485 = LINE ( 'NONE', #718, #3678 ) ;
#1486 = VECTOR ( 'NONE', #6390, 1000.000000000000000 ) ;
#1487 = ORIENTED_EDGE ( 'NONE', *, *, #723, .F. ) ;
#1488 = EDGE_CURVE ( 'NONE', #2329, #7754, #1353, .T. ) ;
#1489 = LINE ( 'NONE', #58, #5969 ) ;
#1490 = DIRECTION ( 'NONE',  ( -0.000000000000000000, 1.000000000000000000, -0.000000000000000000 ) ) ;
#1491 = SURFACE_STYLE_FILL_AREA ( #2886 ) ;
#1492 = CARTESIAN_POINT ( 'NONE',  ( -0.4649999999999908651, 0.000000000000000000, -0.7149999999999997469 ) ) ;
#1493 = PLANE ( 'NONE',  #7345 ) ;
#1494 = VERTEX_POINT ( 'NONE', #8408 ) ;
#1495 = CARTESIAN_POINT ( 'NONE',  ( 0.2000000000000090317, 0.2000000000000000111, 1.400000000000000133 ) ) ;
#1496 = ORIENTED_EDGE ( 'NONE', *, *, #8309, .F. ) ;
#1497 = VECTOR ( 'NONE', #5438, 1000.000000000000000 ) ;
#1498 = PLANE ( 'NONE',  #5769 ) ;
#1499 = EDGE_LOOP ( 'NONE', ( #8967, #9964, #3876, #704 ) ) ;
#1500 = LINE ( 'NONE', #9167, #4270 ) ;
#1501 = ORIENTED_EDGE ( 'NONE', *, *, #8134, .T. ) ;
#1502 = VERTEX_POINT ( 'NONE', #589 ) ;
#1503 = VECTOR ( 'NONE', #7726, 1000.000000000000000 ) ;
#1504 = EDGE_CURVE ( 'NONE', #8046, #8887, #23, .T. ) ;
#1505 = VECTOR ( 'NONE', #8119, 1000.000000000000000 ) ;
#1506 = DIRECTION ( 'NONE',  ( 1.000000000000000000, 0.000000000000000000, 0.000000000000000000 ) ) ;
#1507 = CARTESIAN_POINT ( 'NONE',  ( -0.2000000000000002609, 0.000000000000000000, 1.599999999999999867 ) ) ;
#1508 = EDGE_LOOP ( 'NONE', ( #2572, #5747, #3144, #6150 ) ) ;
#1509 = DIRECTION ( 'NONE',  ( 0.000000000000000000, 0.000000000000000000, 1.000000000000000000 ) ) ;
#1510 = FACE_OUTER_BOUND ( 'NONE', #3113, .T. ) ;
#1511 = ORIENTED_EDGE ( 'NONE', *, *, #8855, .F. ) ;
#1512 = LINE ( 'NONE', #3872, #4623 ) ;
#1513 = AXIS2_PLACEMENT_3D ( 'NONE', #9114, #6704, #4451 ) ;
#1514 = PLANE ( 'NONE',  #3822 ) ;
#1515 =( LENGTH_UNIT ( ) NAMED_UNIT ( * ) SI_UNIT ( .MILLI., .METRE. ) );
#1516 = VERTEX_POINT ( 'NONE', #3815 ) ;
#1517 = ORIENTED_EDGE ( 'NONE', *, *, #8938, .T. ) ;
#1518 = ORIENTED_EDGE ( 'NONE', *, *, #3225, .F. ) ;
#1519 = ORIENTED_EDGE ( 'NONE', *, *, #8117, .F. ) ;
#1520 = VECTOR ( 'NONE', #963, 1000.000000000000000 ) ;
#1521 = VECTOR ( 'NONE', #5700, 1000.000000000000000 ) ;
#1522 = CARTESIAN_POINT ( 'NONE',  ( -0.1530560796608350649, 0.05000000000000000278, 0.2651009063798748233 ) ) ;
#1523 = CARTESIAN_POINT ( 'NONE',  ( 0.000000000000000000, 0.05000000000000000278, -1.400000000000000133 ) ) ;
#1524 = ORIENTED_EDGE ( 'NONE', *, *, #9392, .F. ) ;
#1525 = FACE_OUTER_BOUND ( 'NONE', #7418, .T. ) ;
#1526 = CARTESIAN_POINT ( 'NONE',  ( 0.5000000000000091038, 0.2000000000000000111, -1.762499999999999734 ) ) ;
#1527 = PRESENTATION_STYLE_ASSIGNMENT (( #3023 ) ) ;
#1528 = EDGE_CURVE ( 'NONE', #6571, #6143, #1400, .T. ) ;
#1529 = AXIS2_PLACEMENT_3D ( 'NONE', #1616, #951, #9426 ) ;
#1530 = EDGE_LOOP ( 'NONE', ( #7538, #1815, #9442, #1128 ) ) ;
#1531 = AXIS2_PLACEMENT_3D ( 'NONE', #7018, #80, #6205 ) ;
#1532 = DIRECTION ( 'NONE',  ( -0.000000000000000000, -0.000000000000000000, 1.000000000000000000 ) ) ;
#1533 = CARTESIAN_POINT ( 'NONE',  ( 0.3999999999999998002, 0.1500000000000000222, 0.7324999999999995959 ) ) ;
#1534 = DIRECTION ( 'NONE',  ( 0.000000000000000000, 0.000000000000000000, 1.000000000000000000 ) ) ;
#1535 = EDGE_CURVE ( 'NONE', #6339, #4762, #6864, .T. ) ;
#1536 = LINE ( 'NONE', #1588, #4478 ) ;
#1537 = VECTOR ( 'NONE', #7758, 1000.000000000000000 ) ;
#1538 = EDGE_CURVE ( 'NONE', #4365, #7162, #2906, .T. ) ;
#1539 = CARTESIAN_POINT ( 'NONE',  ( 0.5000000000000091038, 0.2000000000000000111, 0.3150000000000001688 ) ) ;
#1540 = DIRECTION ( 'NONE',  ( 1.000000000000000000, -0.000000000000000000, 0.000000000000000000 ) ) ;
#1541 = DIRECTION ( 'NONE',  ( 0.000000000000000000, -1.000000000000000000, 0.000000000000000000 ) ) ;
#1542 = CARTESIAN_POINT ( 'NONE',  ( 0.4999999999999997780, 0.1500000000000000222, -1.767499999999999627 ) ) ;
#1543 = ORIENTED_EDGE ( 'NONE', *, *, #9071, .F. ) ;
#1544 = LINE ( 'NONE', #1495, #5034 ) ;
#1545 = VERTEX_POINT ( 'NONE', #3149 ) ;
#1546 = VECTOR ( 'NONE', #6178, 1000.000000000000000 ) ;
#1547 =( NAMED_UNIT ( * ) SI_UNIT ( $, .STERADIAN. ) SOLID_ANGLE_UNIT ( ) );
#1548 = LINE ( 'NONE', #5474, #3339 ) ;
#1549 = ORIENTED_EDGE ( 'NONE', *, *, #6419, .F. ) ;
#1550 = CARTESIAN_POINT ( 'NONE',  ( 0.3999999999999999112, 0.1500000000000000222, 0.06750000000000003220 ) ) ;
#1551 = EDGE_LOOP ( 'NONE', ( #7998, #2868, #5773, #1161, #7675, #79 ) ) ;
#1552 = ORIENTED_EDGE ( 'NONE', *, *, #3986, .F. ) ;
#1553 = CARTESIAN_POINT ( 'NONE',  ( -0.4390192378864674616, 0.2000000000000000111, -1.599999999999999867 ) ) ;
#1554 = ORIENTED_EDGE ( 'NONE', *, *, #1757, .F. ) ;
#1555 = ADVANCED_FACE ( 'NONE', ( #6916 ), #6250, .T. ) ;
#1556 = DIRECTION ( 'NONE',  ( 0.000000000000000000, 0.000000000000000000, -1.000000000000000000 ) ) ;
#1557 = LINE ( 'NONE', #786, #2947 ) ;
#1558 = VERTEX_POINT ( 'NONE', #7570 ) ;
#1559 = CARTESIAN_POINT ( 'NONE',  ( -0.8891776728776136229, 0.05000000000000000278, -1.540100906379880064 ) ) ;
#1560 = CARTESIAN_POINT ( 'NONE',  ( 0.2000000000000184130, 0.1999999999999999833, 0.4000000000000001887 ) ) ;
#1561 = ORIENTED_EDGE ( 'NONE', *, *, #6049, .F. ) ;
#1562 = CARTESIAN_POINT ( 'NONE',  ( 0.2000000000000088374, 0.05000000000000000278, 2.710505431213880339E-17 ) ) ;
#1563 = AXIS2_PLACEMENT_3D ( 'NONE', #5694, #4174, #8824 ) ;
#1564 = ADVANCED_FACE ( 'NONE', ( #6041, #3051 ), #6197, .F. ) ;
#1565 = FACE_OUTER_BOUND ( 'NONE', #5299, .T. ) ;
#1566 = EDGE_CURVE ( 'NONE', #7308, #3804, #5277, .T. ) ;
#1567 = CARTESIAN_POINT ( 'NONE',  ( -0.4999999999999908962, 0.1500000000000000222, -1.232500000000000817 ) ) ;
#1568 = ORIENTED_EDGE ( 'NONE', *, *, #3080, .F. ) ;
#1569 = ORIENTED_EDGE ( 'NONE', *, *, #262, .T. ) ;
#1570 = EDGE_CURVE ( 'NONE', #1449, #3542, #6091, .T. ) ;
#1571 = ORIENTED_EDGE ( 'NONE', *, *, #9791, .T. ) ;
#1572 = LINE ( 'NONE', #3165, #6311 ) ;
#1573 = CARTESIAN_POINT ( 'NONE',  ( 0.4999999999999997780, 0.2000000000000000111, -1.385000000000000231 ) ) ;
#1574 = AXIS2_PLACEMENT_3D ( 'NONE', #290, #3457, #8015 ) ;
#1575 = CARTESIAN_POINT ( 'NONE',  ( 0.000000000000000000, 0.2000000000000000111, 0.000000000000000000 ) ) ;
#1576 = ORIENTED_EDGE ( 'NONE', *, *, #742, .F. ) ;
#1577 = DIRECTION ( 'NONE',  ( -0.000000000000000000, -0.000000000000000000, 1.000000000000000000 ) ) ;
#1578 = EDGE_CURVE ( 'NONE', #9165, #3242, #2281, .T. ) ;
#1579 = LINE ( 'NONE', #1526, #7529 ) ;
#1580 = DIRECTION ( 'NONE',  ( -1.000000000000000000, 0.000000000000000000, -6.195440985631447034E-15 ) ) ;
#1581 = VECTOR ( 'NONE', #7522, 1000.000000000000000 ) ;
#1582 = VECTOR ( 'NONE', #9989, 1000.000000000000000 ) ;
#1583 = ORIENTED_EDGE ( 'NONE', *, *, #450, .F. ) ;
#1584 = ADVANCED_FACE ( 'NONE', ( #71 ), #1703, .T. ) ;
#1585 = AXIS2_PLACEMENT_3D ( 'NONE', #2852, #5888, #1114 ) ;
#1586 = FACE_OUTER_BOUND ( 'NONE', #4955, .T. ) ;
#1587 = LINE ( 'NONE', #150, #1138 ) ;
#1588 = CARTESIAN_POINT ( 'NONE',  ( 0.4999999999999997780, 0.2000000000000000111, 1.215000000000000080 ) ) ;
#1589 = VECTOR ( 'NONE', #4566, 1000.000000000000000 ) ;
#1590 = VECTOR ( 'NONE', #9157, 1000.000000000000114 ) ;
#1591 = EDGE_LOOP ( 'NONE', ( #306, #1762, #7282, #8751 ) ) ;
#1592 = DIRECTION ( 'NONE',  ( -0.000000000000000000, -1.000000000000000000, -0.000000000000000000 ) ) ;
#1593 = EDGE_CURVE ( 'NONE', #6372, #5436, #3400, .T. ) ;
#1594 = EDGE_CURVE ( 'NONE', #4323, #1219, #941, .T. ) ;
#1595 = PLANE ( 'NONE',  #2235 ) ;
#1596 = CARTESIAN_POINT ( 'NONE',  ( 0.000000000000000000, 0.2000000000000000111, 0.000000000000000000 ) ) ;
#1597 = VECTOR ( 'NONE', #2812, 1000.000000000000000 ) ;
#1598 = VERTEX_POINT ( 'NONE', #6450 ) ;
#1599 = FACE_OUTER_BOUND ( 'NONE', #748, .T. ) ;
#1600 = FACE_OUTER_BOUND ( 'NONE', #558, .T. ) ;
#1601 = EDGE_LOOP ( 'NONE', ( #3057, #7660, #8126, #3494 ) ) ;
#1602 = DIRECTION ( 'NONE',  ( -1.000000000000000000, 0.000000000000000000, 6.195440985631447034E-15 ) ) ;
#1603 = ORIENTED_EDGE ( 'NONE', *, *, #2284, .F. ) ;
#1604 = ORIENTED_EDGE ( 'NONE', *, *, #7214, .T. ) ;
#1605 = LINE ( 'NONE', #3194, #5477 ) ;
#1606 = ADVANCED_FACE ( 'NONE', ( #992 ), #4806, .F. ) ;
#1607 = CARTESIAN_POINT ( 'NONE',  ( -0.06749999999999997669, 0.1500000000000000222, 1.899999999999999911 ) ) ;
#1608 = FACE_BOUND ( 'NONE', #913, .T. ) ;
#1609 = EDGE_LOOP ( 'NONE', ( #543, #3811, #6758, #9237 ) ) ;
#1610 = CARTESIAN_POINT ( 'NONE',  ( 0.4999999999999997780, 0.1500000000000000222, -1.632500000000000284 ) ) ;
#1611 = CARTESIAN_POINT ( 'NONE',  ( -0.2000000000000002609, 0.04999999999999999584, -1.599999999999999867 ) ) ;
#1612 = ADVANCED_FACE ( 'NONE', ( #3245 ), #6344, .F. ) ;
#1613 = CARTESIAN_POINT ( 'NONE',  ( 0.5000000000000091038, 0.2000000000000000111, 1.637500000000000178 ) ) ;
#1614 = ORIENTED_EDGE ( 'NONE', *, *, #2046, .T. ) ;
#1615 = DIRECTION ( 'NONE',  ( 1.000000000000000000, 0.000000000000000000, 6.195440985631447034E-15 ) ) ;
#1616 = CARTESIAN_POINT ( 'NONE',  ( -0.3250000000000001776, 0.5250000000000000222, -1.724999999999999867 ) ) ;
#1617 = SURFACE_STYLE_USAGE ( .BOTH. , #5495 ) ;
#1618 = VERTEX_POINT ( 'NONE', #4059 ) ;
#1619 = ORIENTED_EDGE ( 'NONE', *, *, #6181, .T. ) ;
#1620 = ORIENTED_EDGE ( 'NONE', *, *, #6102, .T. ) ;
#1621 = ADVANCED_FACE ( 'NONE', ( #4857 ), #1803, .F. ) ;
#1622 = VERTEX_POINT ( 'NONE', #832 ) ;
#1623 = LINE ( 'NONE', #3973, #759 ) ;
#1624 = LINE ( 'NONE', #4870, #7918 ) ;
#1625 = ORIENTED_EDGE ( 'NONE', *, *, #4531, .F. ) ;
#1626 = AXIS2_PLACEMENT_3D ( 'NONE', #3179, #5565, #3937 ) ;
#1627 = LINE ( 'NONE', #4728, #392 ) ;
#1628 = CARTESIAN_POINT ( 'NONE',  ( 0.4650000000000091283, 0.2000000000000000111, 0.3149999999999999467 ) ) ;
#1629 = PLANE ( 'NONE',  #7697 ) ;
#1630 = ORIENTED_EDGE ( 'NONE', *, *, #9690, .F. ) ;
#1631 = VERTEX_POINT ( 'NONE', #1607 ) ;
#1632 = VECTOR ( 'NONE', #158, 1000.000000000000000 ) ;
#1633 = FACE_OUTER_BOUND ( 'NONE', #2283, .T. ) ;
#1634 = EDGE_CURVE ( 'NONE', #3512, #4464, #883, .T. ) ;
#1635 = PLANE ( 'NONE',  #1032 ) ;
#1636 = FACE_OUTER_BOUND ( 'NONE', #3970, .T. ) ;
#1637 = VECTOR ( 'NONE', #224, 1000.000000000000000 ) ;
#1638 = DIRECTION ( 'NONE',  ( 0.8660254037844378194, -0.000000000000000000, 0.5000000000000013323 ) ) ;
#1639 = VECTOR ( 'NONE', #8499, 1000.000000000000000 ) ;
#1640 = PRESENTATION_STYLE_ASSIGNMENT (( #8649 ) ) ;
#1641 = DIRECTION ( 'NONE',  ( -0.8660254037844378194, -0.000000000000000000, 0.5000000000000013323 ) ) ;
#1642 = LINE ( 'NONE', #978, #5219 ) ;
#1643 = LINE ( 'NONE', #4795, #203 ) ;
#1644 = ORIENTED_EDGE ( 'NONE', *, *, #3252, .F. ) ;
#1645 = DIRECTION ( 'NONE',  ( 1.000000000000000000, -0.000000000000000000, 6.195440985631447034E-15 ) ) ;
#1646 = CARTESIAN_POINT ( 'NONE',  ( 0.5000000000000091038, 0.2000000000000000111, -0.4850000000000002087 ) ) ;
#1647 = ADVANCED_FACE ( 'NONE', ( #2474 ), #5483, .F. ) ;
#1648 = VECTOR ( 'NONE', #7370, 1000.000000000000000 ) ;
#1649 = EDGE_LOOP ( 'NONE', ( #4969, #8264, #4621, #9998, #9117, #881, #9437, #4266 ) ) ;
#1650 = ORIENTED_EDGE ( 'NONE', *, *, #3831, .F. ) ;
#1651 = ORIENTED_EDGE ( 'NONE', *, *, #1373, .T. ) ;
#1652 = DIRECTION ( 'NONE',  ( 1.000000000000000000, 0.000000000000000000, 0.000000000000000000 ) ) ;
#1653 = CARTESIAN_POINT ( 'NONE',  ( -0.2000000000000002609, 0.2000000000000000111, 1.599999999999999867 ) ) ;
#1654 = DIRECTION ( 'NONE',  ( 1.000000000000000000, 0.000000000000000000, 0.000000000000000000 ) ) ;
#1655 = CARTESIAN_POINT ( 'NONE',  ( 0.3999999999999997446, 0.1500000000000000222, -1.767500000000000071 ) ) ;
#1656 = AXIS2_PLACEMENT_3D ( 'NONE', #4470, #2805, #8936 ) ;
#1657 = CARTESIAN_POINT ( 'NONE',  ( -0.06749999999999997669, 0.1500000000000000222, -1.899999999999999911 ) ) ;
#1658 = DIRECTION ( 'NONE',  ( 0.8660254037844509201, -0.000000000000000000, -0.4999999999999786837 ) ) ;
#1659 = EDGE_LOOP ( 'NONE', ( #7421, #3088, #7592, #328, #845, #8101 ) ) ;
#1660 = LINE ( 'NONE', #3824, #2819 ) ;
#1661 = PLANE ( 'NONE',  #8172 ) ;
#1662 = EDGE_CURVE ( 'NONE', #4609, #1398, #8559, .T. ) ;
#1663 =( NAMED_UNIT ( * ) PLANE_ANGLE_UNIT ( ) SI_UNIT ( $, .RADIAN. ) );
#1664 = ORIENTED_EDGE ( 'NONE', *, *, #5071, .F. ) ;
#1665 = AXIS2_PLACEMENT_3D ( 'NONE', #1317, #3625, #6732 ) ;
#1666 = VERTEX_POINT ( 'NONE', #7902 ) ;
#1667 = DIRECTION ( 'NONE',  ( 0.5000000000000014433, 0.000000000000000000, 0.8660254037844379305 ) ) ;
#1668 = PLANE ( 'NONE',  #7095 ) ;
#1669 = CARTESIAN_POINT ( 'NONE',  ( 0.4999999999999997780, 0.1500000000000000222, 1.767499999999999627 ) ) ;
#1670 = LINE ( 'NONE', #4028, #5407 ) ;
#1671 = CARTESIAN_POINT ( 'NONE',  ( -0.4999999999999908962, 0.2000000000000000111, -1.367499999999999494 ) ) ;
#1672 = VECTOR ( 'NONE', #3236, 1000.000000000000000 ) ;
#1673 = VECTOR ( 'NONE', #6670, 1000.000000000000000 ) ;
#1674 = APPLICATION_CONTEXT ( 'automotive_design' ) ;
#1675 = DIRECTION ( 'NONE',  ( 0.5000000000000014433, 0.000000000000000000, 0.8660254037844379305 ) ) ;
#1676 = CARTESIAN_POINT ( 'NONE',  ( 0.4999999999999997780, 0.000000000000000000, -1.385000000000000231 ) ) ;
#1677 = ADVANCED_FACE ( 'NONE', ( #120 ), #167, .T. ) ;
#1678 = EDGE_LOOP ( 'NONE', ( #1888, #20, #244, #2730, #6562, #4457 ) ) ;
#1679 = VECTOR ( 'NONE', #2705, 1000.000000000000000 ) ;
#1680 = EDGE_LOOP ( 'NONE', ( #1524, #7931, #2470, #3202, #287, #1487, #783, #839 ) ) ;
#1681 = ORIENTED_EDGE ( 'NONE', *, *, #3536, .T. ) ;
#1682 = VECTOR ( 'NONE', #9503, 1000.000000000000000 ) ;
#1683 = DIRECTION ( 'NONE',  ( -0.000000000000000000, 1.000000000000000000, -0.000000000000000000 ) ) ;
#1684 = EDGE_CURVE ( 'NONE', #1832, #5641, #277, .T. ) ;
#1685 = CARTESIAN_POINT ( 'NONE',  ( -0.06750000000000000444, 0.1500000000000000222, 1.800000000000000044 ) ) ;
#1686 = DIRECTION ( 'NONE',  ( 0.000000000000000000, -1.000000000000000000, 0.000000000000000000 ) ) ;
#1687 = CIRCLE ( 'NONE', #2515, 0.06249999999999984041 ) ;
#1688 = EDGE_CURVE ( 'NONE', #4560, #8605, #7953, .T. ) ;
#1689 = EDGE_CURVE ( 'NONE', #9336, #4315, #4706, .T. ) ;
#1690 = LINE ( 'NONE', #7886, #7749 ) ;
#1691 = DIRECTION ( 'NONE',  ( 0.000000000000000000, 0.000000000000000000, -1.000000000000000000 ) ) ;
#1692 = CARTESIAN_POINT ( 'NONE',  ( 0.5000000000000000000, 0.1500000000000000222, 0.7324999999999994849 ) ) ;
#1693 = LINE ( 'NONE', #2462, #4602 ) ;
#1694 = DIRECTION ( 'NONE',  ( -0.000000000000000000, 1.000000000000000000, -0.000000000000000000 ) ) ;
#1695 = ORIENTED_EDGE ( 'NONE', *, *, #9606, .F. ) ;
#1696 = FILL_AREA_STYLE_COLOUR ( '', #6236 ) ;
#1697 = CARTESIAN_POINT ( 'NONE',  ( 0.4649999999999997469, 0.2000000000000000111, 1.385000000000000453 ) ) ;
#1698 = ORIENTED_EDGE ( 'NONE', *, *, #7647, .T. ) ;
#1699 = DIRECTION ( 'NONE',  ( 0.000000000000000000, -1.000000000000000000, 0.000000000000000000 ) ) ;
#1700 = ORIENTED_EDGE ( 'NONE', *, *, #782, .T. ) ;
#1701 = ORIENTED_EDGE ( 'NONE', *, *, #3685, .F. ) ;
#1702 = FACE_OUTER_BOUND ( 'NONE', #1035, .T. ) ;
#1703 = PLANE ( 'NONE',  #8719 ) ;
#1704 = CARTESIAN_POINT ( 'NONE',  ( -0.1999999999999908795, 0.2000000000000000111, -0.6999999999999998446 ) ) ;
#1705 = VECTOR ( 'NONE', #3141, 1000.000000000000000 ) ;
#1706 = DIRECTION ( 'NONE',  ( -1.000000000000000000, 0.000000000000000000, 6.195440985631458867E-15 ) ) ;
#1707 = EDGE_CURVE ( 'NONE', #7636, #5609, #223, .T. ) ;
#1708 = DIRECTION ( 'NONE',  ( -0.000000000000000000, -1.000000000000000000, -0.000000000000000000 ) ) ;
#1709 = CARTESIAN_POINT ( 'NONE',  ( -0.4999999999999908962, 0.2000000000000000111, -1.367499999999999494 ) ) ;
#1710 = ORIENTED_EDGE ( 'NONE', *, *, #115, .F. ) ;
#1711 = DIRECTION ( 'NONE',  ( 1.000000000000000000, 0.000000000000000000, -6.195440985631447034E-15 ) ) ;
#1712 = CARTESIAN_POINT ( 'NONE',  ( 0.4390192378864747891, 0.2000000000000000111, -0.3000000000000001554 ) ) ;
#1713 = AXIS2_PLACEMENT_3D ( 'NONE', #5241, #1223, #4331 ) ;
#1714 = ORIENTED_EDGE ( 'NONE', *, *, #397, .T. ) ;
#1715 = ORIENTED_EDGE ( 'NONE', *, *, #9752, .T. ) ;
#1716 = VERTEX_POINT ( 'NONE', #2627 ) ;
#1717 = DIRECTION ( 'NONE',  ( -0.4999999999999786837, 0.000000000000000000, 0.8660254037844510311 ) ) ;
#1718 = CARTESIAN_POINT ( 'NONE',  ( 0.3999999999999998557, 0.2000000000000000111, -0.7324999999999998179 ) ) ;
#1719 = PLANE ( 'NONE',  #6467 ) ;
#1720 = EDGE_CURVE ( 'NONE', #8765, #494, #2779, .T. ) ;
#1721 = CARTESIAN_POINT ( 'NONE',  ( -0.3250000000000001776, 0.5250000000000000222, -1.800000000000000044 ) ) ;
#1722 = PLANE ( 'NONE',  #4842 ) ;
#1723 = ORIENTED_EDGE ( 'NONE', *, *, #591, .T. ) ;
#1724 = LINE ( 'NONE', #9579, #6889 ) ;
#1725 = CARTESIAN_POINT ( 'NONE',  ( 0.3999999999999998557, 0.2000000000000000111, 0.8674999999999997158 ) ) ;
#1726 = EDGE_CURVE ( 'NONE', #5287, #1398, #528, .T. ) ;
#1727 = CARTESIAN_POINT ( 'NONE',  ( -0.5000000000000002220, 0.04999999999999999584, 1.784999999999999920 ) ) ;
#1728 = ORIENTED_EDGE ( 'NONE', *, *, #5039, .F. ) ;
#1729 = CLOSED_SHELL ( 'NONE', ( #7561, #669, #9199, #940, #4738, #9532, #1882, #808, #3491, #6727, #2150, #2874 ) ) ;
#1730 = ORIENTED_EDGE ( 'NONE', *, *, #5922, .F. ) ;
#1731 = CARTESIAN_POINT ( 'NONE',  ( 0.4999999999999997780, 0.1500000000000000222, -1.767499999999999627 ) ) ;
#1732 = ORIENTED_EDGE ( 'NONE', *, *, #4844, .F. ) ;
#1733 = EDGE_CURVE ( 'NONE', #9335, #4983, #7404, .T. ) ;
#1734 = CARTESIAN_POINT ( 'NONE',  ( -0.4650000000000002465, 0.2000000000000000111, 1.614999999999999769 ) ) ;
#1735 = STYLED_ITEM ( 'NONE', ( #8981 ), #2282 ) ;
#1736 = MANIFOLD_SOLID_BREP ( 'Boss-Extrude5[2]', #3852 ) ;
#1737 = CARTESIAN_POINT ( 'NONE',  ( 0.2000000000000090039, 0.000000000000000000, 1.200000000000000178 ) ) ;
#1738 = AXIS2_PLACEMENT_3D ( 'NONE', #2742, #5838, #7273 ) ;
#1739 = ADVANCED_FACE ( 'NONE', ( #8099 ), #1240, .F. ) ;
#1740 = CARTESIAN_POINT ( 'NONE',  ( -1.105886215935217363E-14, 0.05000000000000000278, 1.785000000000003029 ) ) ;
#1741 = AXIS2_PLACEMENT_3D ( 'NONE', #4194, #1133, #9646 ) ;
#1742 = ADVANCED_FACE ( 'NONE', ( #9559 ), #8858, .T. ) ;
#1743 = CARTESIAN_POINT ( 'NONE',  ( -0.4649999999999825384, 0.000000000000000000, -0.08500000000000022815 ) ) ;
#1744 = CARTESIAN_POINT ( 'NONE',  ( -0.5000000000000002220, 0.04999999999999999584, 1.614999999999999991 ) ) ;
#1745 = DIRECTION ( 'NONE',  ( 1.000000000000000000, 0.000000000000000000, -2.710505431213760099E-16 ) ) ;
#1746 = ORIENTED_EDGE ( 'NONE', *, *, #9924, .T. ) ;
#1747 = AXIS2_PLACEMENT_3D ( 'NONE', #8462, #7524, #7724 ) ;
#1748 = FACE_OUTER_BOUND ( 'NONE', #4881, .T. ) ;
#1749 = EDGE_LOOP ( 'NONE', ( #1372, #7116, #5802, #9222 ) ) ;
#1750 = PRESENTATION_STYLE_ASSIGNMENT (( #8802 ) ) ;
#1751 = ORIENTED_EDGE ( 'NONE', *, *, #3770, .F. ) ;
#1752 = ORIENTED_EDGE ( 'NONE', *, *, #3842, .F. ) ;
#1753 = CARTESIAN_POINT ( 'NONE',  ( 0.4649999999999997469, 0.2000000000000000111, 1.385000000000000453 ) ) ;
#1754 = DIRECTION ( 'NONE',  ( 0.000000000000000000, 0.000000000000000000, -1.000000000000000000 ) ) ;
#1755 = CIRCLE ( 'NONE', #6641, 0.06250000000000005551 ) ;
#1756 = DIRECTION ( 'NONE',  ( 0.000000000000000000, -1.000000000000000000, 0.000000000000000000 ) ) ;
#1757 = EDGE_CURVE ( 'NONE', #9638, #3569, #478, .T. ) ;
#1758 = PRESENTATION_LAYER_ASSIGNMENT (  '', '', ( #6161 ) ) ;
#1759 = ORIENTED_EDGE ( 'NONE', *, *, #4302, .F. ) ;
#1760 = PLANE ( 'NONE',  #9368 ) ;
#1761 = DIRECTION ( 'NONE',  ( -0.8660254037844378194, 0.000000000000000000, 0.5000000000000013323 ) ) ;
#1762 = ORIENTED_EDGE ( 'NONE', *, *, #1949, .T. ) ;
#1763 = CARTESIAN_POINT ( 'NONE',  ( -0.4999999999999908962, 0.1500000000000000222, -1.232500000000000817 ) ) ;
#1764 = DIRECTION ( 'NONE',  ( -0.000000000000000000, -1.000000000000000000, -0.000000000000000000 ) ) ;
#1765 = AXIS2_PLACEMENT_3D ( 'NONE', #5139, #459, #9587 ) ;
#1766 = ORIENTED_EDGE ( 'NONE', *, *, #3989, .T. ) ;
#1767 = VERTEX_POINT ( 'NONE', #1859 ) ;
#1768 = ORIENTED_EDGE ( 'NONE', *, *, #7029, .F. ) ;
#1769 = CARTESIAN_POINT ( 'NONE',  ( -0.06749999999999997669, 0.1500000000000000222, 1.899999999999999911 ) ) ;
#1770 = DIRECTION ( 'NONE',  ( -0.000000000000000000, -0.000000000000000000, -1.000000000000000000 ) ) ;
#1771 = FACE_OUTER_BOUND ( 'NONE', #1943, .T. ) ;
#1772 = ORIENTED_EDGE ( 'NONE', *, *, #1688, .F. ) ;
#1773 = CARTESIAN_POINT ( 'NONE',  ( -0.1999999999999825528, 0.000000000000000000, -0.1000000000000000472 ) ) ;
#1774 = DIRECTION ( 'NONE',  ( -1.355252715606880049E-16, -0.000000000000000000, 1.000000000000000000 ) ) ;
#1775 = DIRECTION ( 'NONE',  ( -1.000000000000000000, 0.000000000000000000, 0.000000000000000000 ) ) ;
#1776 = EDGE_CURVE ( 'NONE', #7137, #5124, #8196, .T. ) ;
#1777 = ORIENTED_EDGE ( 'NONE', *, *, #65, .T. ) ;
#1778 = ORIENTED_EDGE ( 'NONE', *, *, #9145, .T. ) ;
#1779 = DIRECTION ( 'NONE',  ( 1.000000000000000000, -0.000000000000000000, 1.355252715606880049E-16 ) ) ;
#1780 = ORIENTED_EDGE ( 'NONE', *, *, #5659, .T. ) ;
#1781 = DIRECTION ( 'NONE',  ( 1.000000000000000000, 0.000000000000000000, -0.000000000000000000 ) ) ;
#1782 = MANIFOLD_SOLID_BREP ( 'Cut-Extrude5[6]', #1396 ) ;
#1783 = LINE ( 'NONE', #7244, #151 ) ;
#1784 = EDGE_CURVE ( 'NONE', #8516, #3409, #5265, .T. ) ;
#1785 = EDGE_CURVE ( 'NONE', #7384, #3077, #5158, .T. ) ;
#1786 = VECTOR ( 'NONE', #5314, 1000.000000000000000 ) ;
#1787 = EDGE_CURVE ( 'NONE', #9343, #847, #6903, .T. ) ;
#1788 = LINE ( 'NONE', #4886, #1091 ) ;
#1789 = DIRECTION ( 'NONE',  ( -1.000000000000000000, 0.000000000000000000, -0.000000000000000000 ) ) ;
#1790 = PLANE ( 'NONE',  #1665 ) ;
#1791 = LINE ( 'NONE', #4890, #1973 ) ;
#1792 = VECTOR ( 'NONE', #7097, 1000.000000000000000 ) ;
#1793 = PLANE ( 'NONE',  #7048 ) ;
#1794 = LINE ( 'NONE', #4892, #1792 ) ;
#1795 = EDGE_LOOP ( 'NONE', ( #5489, #6934, #1022, #2222 ) ) ;
#1796 = DIRECTION ( 'NONE',  ( 0.8660254037844510311, 0.000000000000000000, 0.4999999999999786837 ) ) ;
#1797 = ORIENTED_EDGE ( 'NONE', *, *, #5681, .T. ) ;
#1798 = MANIFOLD_SOLID_BREP ( 'Boss-Extrude5[3]', #6449 ) ;
#1799 = CARTESIAN_POINT ( 'NONE',  ( -0.3250000000000001776, 0.5250000000000000222, -1.800000000000000044 ) ) ;
#1800 = ORIENTED_EDGE ( 'NONE', *, *, #2513, .F. ) ;
#1801 = VECTOR ( 'NONE', #3994, 1000.000000000000000 ) ;
#1802 = VERTEX_POINT ( 'NONE', #771 ) ;
#1803 = PLANE ( 'NONE',  #4993 ) ;
#1804 = DIRECTION ( 'NONE',  ( -0.8660254037844378194, 0.000000000000000000, 0.5000000000000013323 ) ) ;
#1805 = VERTEX_POINT ( 'NONE', #7607 ) ;
#1806 = CARTESIAN_POINT ( 'NONE',  ( -0.1999999999999825528, 0.2000000000000000111, 0.1000000000000000472 ) ) ;
#1807 = LINE ( 'NONE', #5684, #2418 ) ;
#1808 = CARTESIAN_POINT ( 'NONE',  ( -0.5000000000000002220, 0.2000000000000000111, 1.614999999999999991 ) ) ;
#1809 = ORIENTED_EDGE ( 'NONE', *, *, #2991, .F. ) ;
#1810 = AXIS2_PLACEMENT_3D ( 'NONE', #7225, #1813, #3358 ) ;
#1811 = DIRECTION ( 'NONE',  ( -1.000000000000000000, 0.000000000000000000, 0.000000000000000000 ) ) ;
#1812 = CARTESIAN_POINT ( 'NONE',  ( -0.4390192378864497535, 0.2000000000000000111, -0.1000000000000000472 ) ) ;
#1813 = DIRECTION ( 'NONE',  ( -1.000000000000000000, 0.000000000000000000, 0.000000000000000000 ) ) ;
#1814 = EDGE_CURVE ( 'NONE', #1123, #6030, #577, .T. ) ;
#1815 = ORIENTED_EDGE ( 'NONE', *, *, #3341, .T. ) ;
#1816 = ORIENTED_EDGE ( 'NONE', *, *, #5294, .T. ) ;
#1817 = DIRECTION ( 'NONE',  ( 0.000000000000000000, -0.000000000000000000, -1.000000000000000000 ) ) ;
#1818 = ORIENTED_EDGE ( 'NONE', *, *, #3164, .T. ) ;
#1819 = VECTOR ( 'NONE', #4851, 1000.000000000000000 ) ;
#1820 = LINE ( 'NONE', #4023, #5813 ) ;
#1821 = CARTESIAN_POINT ( 'NONE',  ( 0.4999999999999997780, 0.1500000000000000222, 1.632499999999999840 ) ) ;
#1822 = MANIFOLD_SOLID_BREP ( 'Cut-Extrude5[4]', #2227 ) ;
#1823 = EDGE_CURVE ( 'NONE', #4700, #465, #6754, .T. ) ;
#1824 = LINE ( 'NONE', #5744, #3056 ) ;
#1825 = FACE_OUTER_BOUND ( 'NONE', #6601, .T. ) ;
#1826 = LINE ( 'NONE', #4925, #7765 ) ;
#1827 = ORIENTED_EDGE ( 'NONE', *, *, #3747, .F. ) ;
#1828 = FACE_OUTER_BOUND ( 'NONE', #9480, .T. ) ;
#1829 = LINE ( 'NONE', #6620, #1042 ) ;
#1830 = VECTOR ( 'NONE', #7078, 1000.000000000000000 ) ;
#1831 = VERTEX_POINT ( 'NONE', #626 ) ;
#1832 = VERTEX_POINT ( 'NONE', #6852 ) ;
#1833 = DIRECTION ( 'NONE',  ( -0.000000000000000000, 1.000000000000000000, -0.000000000000000000 ) ) ;
#1834 = VECTOR ( 'NONE', #7367, 1000.000000000000000 ) ;
#1835 = EDGE_LOOP ( 'NONE', ( #10012, #6358, #6355, #7035 ) ) ;
#1836 = EDGE_CURVE ( 'NONE', #9394, #7356, #2936, .T. ) ;
#1837 = LINE ( 'NONE', #3428, #5098 ) ;
#1838 = VECTOR ( 'NONE', #2108, 1000.000000000000000 ) ;
#1839 = ORIENTED_EDGE ( 'NONE', *, *, #8755, .T. ) ;
#1840 = LINE ( 'NONE', #4944, #274 ) ;
#1841 = LINE ( 'NONE', #8039, #6951 ) ;
#1842 = CARTESIAN_POINT ( 'NONE',  ( 0.2000000000000090039, 0.2000000000000000111, -1.200000000000000178 ) ) ;
#1843 = FACE_OUTER_BOUND ( 'NONE', #8688, .T. ) ;
#1844 = VECTOR ( 'NONE', #2754, 1000.000000000000000 ) ;
#1845 = VECTOR ( 'NONE', #7493, 1000.000000000000000 ) ;
#1846 = DIRECTION ( 'NONE',  ( -1.000000000000000000, -0.000000000000000000, -0.000000000000000000 ) ) ;
#1847 = FACE_OUTER_BOUND ( 'NONE', #1364, .T. ) ;
#1848 = EDGE_LOOP ( 'NONE', ( #2591, #9554, #7172, #6515 ) ) ;
#1849 =( LENGTH_UNIT ( ) NAMED_UNIT ( * ) SI_UNIT ( .MILLI., .METRE. ) );
#1850 = ADVANCED_FACE ( 'NONE', ( #6183 ), #675, .T. ) ;
#1851 = CARTESIAN_POINT ( 'NONE',  ( 0.4999999999999997780, 0.2000000000000000111, -1.632500000000000284 ) ) ;
#1852 = ORIENTED_EDGE ( 'NONE', *, *, #5593, .T. ) ;
#1853 = LINE ( 'NONE', #2832, #4739 ) ;
#1854 = VECTOR ( 'NONE', #129, 1000.000000000000000 ) ;
#1855 = ORIENTED_EDGE ( 'NONE', *, *, #1234, .F. ) ;
#1856 = UNCERTAINTY_MEASURE_WITH_UNIT (LENGTH_MEASURE( 1.000000000000000082E-05 ), #4496, 'distance_accuracy_value', 'NONE');
#1857 = EDGE_LOOP ( 'NONE', ( #4916, #8944, #1549, #6393 ) ) ;
#1858 = CARTESIAN_POINT ( 'NONE',  ( -0.2000000000000002609, 0.2000000000000000111, -1.800000000000000044 ) ) ;
#1859 = CARTESIAN_POINT ( 'NONE',  ( -0.4390192378864497535, 0.000000000000000000, 0.1000000000000000472 ) ) ;
#1860 = CARTESIAN_POINT ( 'NONE',  ( 0.06749999999999997669, 0.2000000000000000111, 1.899999999999999911 ) ) ;
#1861 = ORIENTED_EDGE ( 'NONE', *, *, #3764, .T. ) ;
#1862 = ADVANCED_FACE ( 'NONE', ( #2567 ), #871, .T. ) ;
#1863 = DIRECTION ( 'NONE',  ( 0.000000000000000000, 0.000000000000000000, 1.000000000000000000 ) ) ;
#1864 = DIRECTION ( 'NONE',  ( 0.000000000000000000, 0.000000000000000000, -1.000000000000000000 ) ) ;
#1865 = EDGE_LOOP ( 'NONE', ( #8476, #6861, #3402, #4254 ) ) ;
#1866 = DIRECTION ( 'NONE',  ( -1.000000000000000000, 0.000000000000000000, -6.505213034913025026E-15 ) ) ;
#1867 = DIRECTION ( 'NONE',  ( -1.000000000000000000, -0.000000000000000000, -0.000000000000000000 ) ) ;
#1868 = SURFACE_STYLE_USAGE ( .BOTH. , #3302 ) ;
#1869 = EDGE_LOOP ( 'NONE', ( #4076, #39, #3620, #8373, #4327, #8430 ) ) ;
#1870 = VERTEX_POINT ( 'NONE', #5619 ) ;
#1871 = ADVANCED_FACE ( 'NONE', ( #3943 ), #1595, .F. ) ;
#1872 = DIRECTION ( 'NONE',  ( 0.000000000000000000, -1.000000000000000000, 0.000000000000000000 ) ) ;
#1873 = AXIS2_PLACEMENT_3D ( 'NONE', #8716, #7563, #6083 ) ;
#1874 = VERTEX_POINT ( 'NONE', #3899 ) ;
#1875 = DIRECTION ( 'NONE',  ( -1.000000000000000000, -0.000000000000000000, -0.000000000000000000 ) ) ;
#1876 = LINE ( 'NONE', #2219, #9344 ) ;
#1877 = MANIFOLD_SOLID_BREP ( 'Boss-Extrude5[8]', #8207 ) ;
#1878 = EDGE_CURVE ( 'NONE', #952, #5927, #924, .T. ) ;
#1879 = DIRECTION ( 'NONE',  ( -1.000000000000000000, -0.000000000000000000, -0.000000000000000000 ) ) ;
#1880 = ORIENTED_EDGE ( 'NONE', *, *, #2633, .F. ) ;
#1881 = FACE_OUTER_BOUND ( 'NONE', #1306, .T. ) ;
#1882 = ADVANCED_FACE ( 'NONE', ( #7888 ), #8595, .F. ) ;
#1883 = FACE_OUTER_BOUND ( 'NONE', #2902, .T. ) ;
#1884 = VECTOR ( 'NONE', #5293, 1000.000000000000000 ) ;
#1885 = SURFACE_STYLE_USAGE ( .BOTH. , #6475 ) ;
#1886 = EDGE_CURVE ( 'NONE', #5806, #7817, #7839, .T. ) ;
#1887 = ORIENTED_EDGE ( 'NONE', *, *, #7644, .F. ) ;
#1888 = ORIENTED_EDGE ( 'NONE', *, *, #3592, .F. ) ;
#1889 = CARTESIAN_POINT ( 'NONE',  ( -0.06750000000000000444, 0.1500000000000000222, 1.800000000000000044 ) ) ;
#1890 = DIRECTION ( 'NONE',  ( 0.000000000000000000, 0.000000000000000000, -1.000000000000000000 ) ) ;
#1891 = ORIENTED_EDGE ( 'NONE', *, *, #1707, .T. ) ;
#1892 = EDGE_CURVE ( 'NONE', #776, #4834, #5521, .T. ) ;
#1893 = DIRECTION ( 'NONE',  ( 0.000000000000000000, 0.000000000000000000, 1.000000000000000000 ) ) ;
#1894 = MANIFOLD_SOLID_BREP ( 'Cut-Extrude5[9]', #7890 ) ;
#1895 = CLOSED_SHELL ( 'NONE', ( #9098, #6909, #8546, #8049, #4020, #2976, #52, #2446, #6648, #298, #181, #2675, #2804, #4467, #1564, #2641, #3975, #8644, #103, #9493, #2491, #2595, #2119, #325, #7821, #5785, #7980, #7898, #6586, #5953, #5093, #7108, #1584, #1621, #154, #7210, #8610, #860, #2573, #418, #1897, #378, #9308, #4280, #3128, #5925, #7117, #7416, #2608, #104, #7401, #617, #9679, #3959, #5440, #3814, #7885, #5405, #5566, #3849, #630, #1862, #6237, #4664, #2514, #5758, #9897, #1028, #3739, #6848, #1555, #2242, #8354, #1988, #2107, #7729, #7689, #7245, #5862, #1345, #7882, #9169, #8343, #6331, #1432, #4481, #2553, #9489, #5200, #3355, #5135, #9397, #2773, #4542, #1320, #5464, #5281, #284, #3078, #7015, #1742, #9051, #5227, #4343, #1677, #6252, #3238, #4957, #6549, #8947, #4044, #9183, #2871, #2745, #6219, #2269, #4732, #8501, #9968, #7515, #5146, #4549, #5049, #1850, #511, #8319, #1045, #4718, #730, #239, #9351, #5617, #5178, #4855, #7779, #7710, #5965, #4680, #6378, #1440, #9799, #4934, #4333, #7349, #703, #9768, #2439, #6392, #3357, #7361, #4833, #3916, #3182, #8219 ) ) ;
#1896 = ORIENTED_EDGE ( 'NONE', *, *, #8890, .F. ) ;
#1897 = ADVANCED_FACE ( 'NONE', ( #6637 ), #9452, .T. ) ;
#1898 = PLANE ( 'NONE',  #1908 ) ;
#1899 = CARTESIAN_POINT ( 'NONE',  ( 0.000000000000000000, 0.2000000000000000111, 0.000000000000000000 ) ) ;
#1900 = AXIS2_PLACEMENT_3D ( 'NONE', #4317, #6514, #2593 ) ;
#1901 = DIRECTION ( 'NONE',  ( -1.000000000000000000, 0.000000000000000000, 0.000000000000000000 ) ) ;
#1902 = DIRECTION ( 'NONE',  ( 1.000000000000000000, 0.000000000000000000, 0.000000000000000000 ) ) ;
#1903 = ORIENTED_EDGE ( 'NONE', *, *, #1997, .F. ) ;
#1904 = LINE ( 'NONE', #4251, #2986 ) ;
#1905 = DIRECTION ( 'NONE',  ( -1.000000000000000000, 0.000000000000000000, 4.336808689942016158E-15 ) ) ;
#1906 = VECTOR ( 'NONE', #348, 1000.000000000000000 ) ;
#1907 = CARTESIAN_POINT ( 'NONE',  ( -0.4999999999999908962, 0.1500000000000000222, -1.367499999999999494 ) ) ;
#1908 = AXIS2_PLACEMENT_3D ( 'NONE', #4845, #5761, #4992 ) ;
#1909 = EDGE_CURVE ( 'NONE', #7076, #292, #6489, .T. ) ;
#1910 = VERTEX_POINT ( 'NONE', #5094 ) ;
#1911 = CARTESIAN_POINT ( 'NONE',  ( -0.5000000000000002220, 0.2000000000000000111, 1.784999999999999920 ) ) ;
#1912 = CARTESIAN_POINT ( 'NONE',  ( 0.4999999999999997780, 0.1500000000000000222, 1.632499999999999840 ) ) ;
#1913 = DIRECTION ( 'NONE',  ( -0.000000000000000000, -0.000000000000000000, -1.000000000000000000 ) ) ;
#1914 = ORIENTED_EDGE ( 'NONE', *, *, #7513, .T. ) ;
#1915 = DIRECTION ( 'NONE',  ( -0.000000000000000000, -0.000000000000000000, 1.000000000000000000 ) ) ;
#1916 = AXIS2_PLACEMENT_3D ( 'NONE', #955, #4072, #184 ) ;
#1917 = LINE ( 'NONE', #5877, #2123 ) ;
#1918 = ORIENTED_EDGE ( 'NONE', *, *, #3581, .F. ) ;
#1919 = VECTOR ( 'NONE', #6373, 1000.000000000000000 ) ;
#1920 = DIRECTION ( 'NONE',  ( -0.000000000000000000, -0.000000000000000000, -1.000000000000000000 ) ) ;
#1921 = DIRECTION ( 'NONE',  ( 0.000000000000000000, -0.000000000000000000, 1.000000000000000000 ) ) ;
#1922 = EDGE_CURVE ( 'NONE', #7289, #8555, #8185, .T. ) ;
#1923 = CARTESIAN_POINT ( 'NONE',  ( -0.4999999999999825695, 0.2000000000000000111, -0.08500000000000000611 ) ) ;
#1924 = ORIENTED_EDGE ( 'NONE', *, *, #9890, .F. ) ;
#1925 = ADVANCED_FACE ( 'NONE', ( #3529 ), #2716, .T. ) ;
#1926 = EDGE_LOOP ( 'NONE', ( #4544, #7865, #4346, #4768, #9827, #3015, #3193, #3070 ) ) ;
#1927 = AXIS2_PLACEMENT_3D ( 'NONE', #4175, #6570, #4367 ) ;
#1928 = FACE_OUTER_BOUND ( 'NONE', #6981, .T. ) ;
#1929 = VERTEX_POINT ( 'NONE', #5043 ) ;
#1930 = STYLED_ITEM ( 'NONE', ( #331 ), #1782 ) ;
#1931 = ORIENTED_EDGE ( 'NONE', *, *, #3175, .T. ) ;
#1932 = EDGE_CURVE ( 'NONE', #8191, #8516, #4336, .T. ) ;
#1933 = CARTESIAN_POINT ( 'NONE',  ( 0.3999999999999999112, 0.2000000000000000111, 0.06750000000000003220 ) ) ;
#1934 = DIRECTION ( 'NONE',  ( 0.000000000000000000, -0.000000000000000000, -1.000000000000000000 ) ) ;
#1935 =( NAMED_UNIT ( * ) PLANE_ANGLE_UNIT ( ) SI_UNIT ( $, .RADIAN. ) );
#1936 = CARTESIAN_POINT ( 'NONE',  ( 0.2000000000000090317, 0.2000000000000000111, 1.400000000000000133 ) ) ;
#1937 = FACE_OUTER_BOUND ( 'NONE', #8362, .T. ) ;
#1938 = ORIENTED_EDGE ( 'NONE', *, *, #7838, .F. ) ;
#1939 = DIRECTION ( 'NONE',  ( 0.000000000000000000, -0.000000000000000000, -1.000000000000000000 ) ) ;
#1940 = FACE_OUTER_BOUND ( 'NONE', #7436, .T. ) ;
#1941 = AXIS2_PLACEMENT_3D ( 'NONE', #335, #2685, #4353 ) ;
#1942 = CARTESIAN_POINT ( 'NONE',  ( -0.2000000000000002609, 0.2000000000000000111, 1.762499999999999734 ) ) ;
#1943 = EDGE_LOOP ( 'NONE', ( #9675, #6422, #7009, #603 ) ) ;
#1944 = ORIENTED_EDGE ( 'NONE', *, *, #6673, .T. ) ;
#1945 = CARTESIAN_POINT ( 'NONE',  ( -0.2000000000000002609, 0.2000000000000000111, -1.599999999999999867 ) ) ;
#1946 = DIRECTION ( 'NONE',  ( 0.000000000000000000, 1.000000000000000000, 0.000000000000000000 ) ) ;
#1947 = ORIENTED_EDGE ( 'NONE', *, *, #490, .T. ) ;
#1948 = CARTESIAN_POINT ( 'NONE',  ( 0.3999999999999998557, 0.2000000000000000111, 0.8674999999999997158 ) ) ;
#1949 = EDGE_CURVE ( 'NONE', #2033, #9134, #6535, .T. ) ;
#1950 = ORIENTED_EDGE ( 'NONE', *, *, #4035, .T. ) ;
#1951 = LINE ( 'NONE', #1740, #6960 ) ;
#1952 = CARTESIAN_POINT ( 'NONE',  ( 0.5000000000000091038, 0.2000000000000000111, -0.3150000000000001688 ) ) ;
#1953 = EDGE_CURVE ( 'NONE', #5054, #4609, #468, .T. ) ;
#1954 = LINE ( 'NONE', #5044, #2956 ) ;
#1955 = DIRECTION ( 'NONE',  ( 0.000000000000000000, 0.000000000000000000, -1.000000000000000000 ) ) ;
#1956 = CARTESIAN_POINT ( 'NONE',  ( -0.3250000000000001776, 0.3128679656440358503, -1.800000000000000044 ) ) ;
#1957 = VECTOR ( 'NONE', #775, 1000.000000000000000 ) ;
#1958 = CARTESIAN_POINT ( 'NONE',  ( -0.4999999999999825695, 0.2000000000000000111, 0.4675000000000001932 ) ) ;
#1959 = CARTESIAN_POINT ( 'NONE',  ( 0.4390192378864654077, 0.000000000000000000, 1.400000000000000133 ) ) ;
#1960 = CARTESIAN_POINT ( 'NONE',  ( 0.4650000000000091283, 0.2000000000000000111, 0.4850000000000004308 ) ) ;
#1961 = VERTEX_POINT ( 'NONE', #1184 ) ;
#1962 = UNCERTAINTY_MEASURE_WITH_UNIT (LENGTH_MEASURE( 1.000000000000000082E-05 ), #6768, 'distance_accuracy_value', 'NONE');
#1963 = FACE_OUTER_BOUND ( 'NONE', #4103, .T. ) ;
#1964 = VECTOR ( 'NONE', #1902, 1000.000000000000000 ) ;
#1965 = FACE_OUTER_BOUND ( 'NONE', #7762, .T. ) ;
#1966 = ORIENTED_EDGE ( 'NONE', *, *, #4594, .T. ) ;
#1967 = DIRECTION ( 'NONE',  ( 0.000000000000000000, -1.000000000000000000, 0.000000000000000000 ) ) ;
#1968 = CARTESIAN_POINT ( 'NONE',  ( -0.4390192378864581357, 0.2000000000000000111, -0.6999999999999998446 ) ) ;
#1969 = ORIENTED_EDGE ( 'NONE', *, *, #5300, .T. ) ;
#1970 = EDGE_CURVE ( 'NONE', #4933, #3003, #3585, .T. ) ;
#1971 = PLANE ( 'NONE',  #1513 ) ;
#1972 = LINE ( 'NONE', #6404, #3181 ) ;
#1973 = VECTOR ( 'NONE', #8698, 999.9999999999998863 ) ;
#1974 = CARTESIAN_POINT ( 'NONE',  ( -0.4390192378864581357, 0.000000000000000000, 0.9000000000000000222 ) ) ;
#1975 = ORIENTED_EDGE ( 'NONE', *, *, #3481, .F. ) ;
#1976 = EDGE_LOOP ( 'NONE', ( #635, #7568, #5613, #8803 ) ) ;
#1977 = CARTESIAN_POINT ( 'NONE',  ( 0.3999999999999998557, 0.1500000000000000222, -0.7324999999999998179 ) ) ;
#1978 = VERTEX_POINT ( 'NONE', #5861 ) ;
#1979 = EDGE_LOOP ( 'NONE', ( #5676, #1681, #18, #2527, #2221, #1651 ) ) ;
#1980 = CARTESIAN_POINT ( 'NONE',  ( -0.4999999999999825695, 0.1500000000000000222, 0.4675000000000001932 ) ) ;
#1981 = DIRECTION ( 'NONE',  ( 0.000000000000000000, -1.000000000000000000, 0.000000000000000000 ) ) ;
#1982 = DIRECTION ( 'NONE',  ( -1.000000000000000000, 0.000000000000000000, -6.505213034913017138E-15 ) ) ;
#1983 =( GEOMETRIC_REPRESENTATION_CONTEXT ( 3 ) GLOBAL_UNCERTAINTY_ASSIGNED_CONTEXT ( ( #2512 ) ) GLOBAL_UNIT_ASSIGNED_CONTEXT ( ( #9478, #1663, #7864 ) ) REPRESENTATION_CONTEXT ( 'NONE', 'WORKASPACE' ) );
#1984 = DIRECTION ( 'NONE',  ( -1.000000000000000000, -0.000000000000000000, -6.195440985631447034E-15 ) ) ;
#1985 = EDGE_CURVE ( 'NONE', #162, #6417, #2767, .T. ) ;
#1986 = VERTEX_POINT ( 'NONE', #9548 ) ;
#1987 = CARTESIAN_POINT ( 'NONE',  ( 0.2000000000000184130, 0.04999999999999999584, -0.5000000000000002220 ) ) ;
#1988 = ADVANCED_FACE ( 'NONE', ( #8089 ), #9647, .T. ) ;
#1989 = DIRECTION ( 'NONE',  ( 1.000000000000000000, 0.000000000000000000, 0.000000000000000000 ) ) ;
#1990 = LINE ( 'NONE', #6576, #55 ) ;
#1991 = ORIENTED_EDGE ( 'NONE', *, *, #234, .T. ) ;
#1992 = VECTOR ( 'NONE', #5272, 1000.000000000000000 ) ;
#1993 = VERTEX_POINT ( 'NONE', #9006 ) ;
#1994 = PLANE ( 'NONE',  #7288 ) ;
#1995 = FACE_OUTER_BOUND ( 'NONE', #6826, .T. ) ;
#1996 = ORIENTED_EDGE ( 'NONE', *, *, #8337, .T. ) ;
#1997 = EDGE_CURVE ( 'NONE', #2096, #9394, #7299, .T. ) ;
#1998 = CARTESIAN_POINT ( 'NONE',  ( -0.4999999999999908962, 0.2000000000000000111, 0.7149999999999999689 ) ) ;
#1999 = VECTOR ( 'NONE', #5997, 1000.000000000000000 ) ;
#2000 = ORIENTED_EDGE ( 'NONE', *, *, #2688, .T. ) ;
#2001 = AXIS2_PLACEMENT_3D ( 'NONE', #2186, #1357, #7429 ) ;
#2002 = EDGE_CURVE ( 'NONE', #2229, #4323, #3386, .T. ) ;
#2003 = CARTESIAN_POINT ( 'NONE',  ( 0.2000000000000090039, 0.2000000000000000111, -1.200000000000000178 ) ) ;
#2004 = DIRECTION ( 'NONE',  ( -1.000000000000000000, 0.000000000000000000, 6.195440985631458867E-15 ) ) ;
#2005 = CARTESIAN_POINT ( 'NONE',  ( -0.4650000000000002465, 0.2000000000000000111, -1.614999999999999769 ) ) ;
#2006 = DIRECTION ( 'NONE',  ( -0.8660254037844378194, 0.000000000000000000, 0.5000000000000013323 ) ) ;
#2007 = LINE ( 'NONE', #6591, #2778 ) ;
#2008 = EDGE_CURVE ( 'NONE', #847, #7824, #1841, .T. ) ;
#2009 = EDGE_CURVE ( 'NONE', #9601, #6669, #4245, .T. ) ;
#2010 = VECTOR ( 'NONE', #8243, 1000.000000000000000 ) ;
#2011 = EDGE_CURVE ( 'NONE', #2932, #162, #5147, .T. ) ;
#2012 = CARTESIAN_POINT ( 'NONE',  ( 0.4999999999999997780, 0.2000000000000000111, 1.300000000000000266 ) ) ;
#2013 = ORIENTED_EDGE ( 'NONE', *, *, #6782, .F. ) ;
#2014 = ORIENTED_EDGE ( 'NONE', *, *, #7477, .T. ) ;
#2015 = ORIENTED_EDGE ( 'NONE', *, *, #7622, .F. ) ;
#2016 = FACE_OUTER_BOUND ( 'NONE', #4397, .T. ) ;
#2017 =( GEOMETRIC_REPRESENTATION_CONTEXT ( 3 ) GLOBAL_UNCERTAINTY_ASSIGNED_CONTEXT ( ( #8785 ) ) GLOBAL_UNIT_ASSIGNED_CONTEXT ( ( #6786, #9938, #2971 ) ) REPRESENTATION_CONTEXT ( 'NONE', 'WORKASPACE' ) );
#2018 = VECTOR ( 'NONE', #4240, 1000.000000000000000 ) ;
#2019 = DIRECTION ( 'NONE',  ( 0.000000000000000000, 0.000000000000000000, 1.000000000000000000 ) ) ;
#2020 = DIRECTION ( 'NONE',  ( 0.000000000000000000, 1.000000000000000000, 0.000000000000000000 ) ) ;
#2021 = ORIENTED_EDGE ( 'NONE', *, *, #3604, .F. ) ;
#2022 = PLANE ( 'NONE',  #5827 ) ;
#2023 = LINE ( 'NONE', #2842, #7796 ) ;
#2024 = VERTEX_POINT ( 'NONE', #1029 ) ;
#2025 = CIRCLE ( 'NONE', #9939, 0.06250000000000005551 ) ;
#2026 = LINE ( 'NONE', #9811, #3027 ) ;
#2027 = AXIS2_PLACEMENT_3D ( 'NONE', #5284, #5131, #8223 ) ;
#2028 = CARTESIAN_POINT ( 'NONE',  ( 0.3999999999999999112, 0.2000000000000000111, 0.06750000000000003220 ) ) ;
#2029 = VERTEX_POINT ( 'NONE', #8136 ) ;
#2030 = VERTEX_POINT ( 'NONE', #369 ) ;
#2031 = FACE_OUTER_BOUND ( 'NONE', #744, .T. ) ;
#2032 = ORIENTED_EDGE ( 'NONE', *, *, #374, .F. ) ;
#2033 = VERTEX_POINT ( 'NONE', #9701 ) ;
#2034 = EDGE_CURVE ( 'NONE', #1494, #7076, #3483, .T. ) ;
#2035 = FACE_OUTER_BOUND ( 'NONE', #2052, .T. ) ;
#2036 = FACE_OUTER_BOUND ( 'NONE', #6006, .T. ) ;
#2037 = ORIENTED_EDGE ( 'NONE', *, *, #6009, .T. ) ;
#2038 = CARTESIAN_POINT ( 'NONE',  ( 0.2000000000000090039, 0.2000000000000000111, 1.200000000000000178 ) ) ;
#2039 = FACE_OUTER_BOUND ( 'NONE', #6751, .T. ) ;
#2040 = CARTESIAN_POINT ( 'NONE',  ( -0.4999999999999824585, 0.1500000000000000222, -0.4674999999999998601 ) ) ;
#2041 = DIRECTION ( 'NONE',  ( 1.000000000000000000, 0.000000000000000000, 0.000000000000000000 ) ) ;
#2042 = VECTOR ( 'NONE', #8505, 1000.000000000000000 ) ;
#2043 = VERTEX_POINT ( 'NONE', #9201 ) ;
#2044 = VERTEX_POINT ( 'NONE', #8338 ) ;
#2045 = ORIENTED_EDGE ( 'NONE', *, *, #6348, .T. ) ;
#2046 = EDGE_CURVE ( 'NONE', #7162, #4769, #2211, .T. ) ;
#2047 = CARTESIAN_POINT ( 'NONE',  ( 0.4390192378864747891, 0.2000000000000000111, -0.3000000000000001554 ) ) ;
#2048 = LINE ( 'NONE', #7341, #1597 ) ;
#2049 = ORIENTED_EDGE ( 'NONE', *, *, #9974, .F. ) ;
#2050 = STYLED_ITEM ( 'NONE', ( #6058 ), #3477 ) ;
#2051 = LINE ( 'NONE', #2204, #4444 ) ;
#2052 = EDGE_LOOP ( 'NONE', ( #7516, #5018, #1092, #8410 ) ) ;
#2053 = DIRECTION ( 'NONE',  ( -0.000000000000000000, -0.000000000000000000, 1.000000000000000000 ) ) ;
#2054 = ADVANCED_FACE ( 'NONE', ( #9052 ), #2261, .F. ) ;
#2055 = CARTESIAN_POINT ( 'NONE',  ( 0.2000000000000184130, 0.2000000000000000111, -0.5000000000000002220 ) ) ;
#2056 = CARTESIAN_POINT ( 'NONE',  ( 0.4390192378864747891, 0.2000000000000000111, -0.5000000000000002220 ) ) ;
#2057 = DIRECTION ( 'NONE',  ( 0.000000000000000000, 1.000000000000000000, 0.000000000000000000 ) ) ;
#2058 = CLOSED_SHELL ( 'NONE', ( #4787, #9583, #6876, #5089, #9249, #9246 ) ) ;
#2059 = EDGE_CURVE ( 'NONE', #6143, #2178, #2926, .T. ) ;
#2060 = DIRECTION ( 'NONE',  ( 0.000000000000000000, 0.000000000000000000, -1.000000000000000000 ) ) ;
#2061 = VERTEX_POINT ( 'NONE', #5358 ) ;
#2062 = EDGE_LOOP ( 'NONE', ( #2684, #3344, #2695, #4752, #6856, #1257 ) ) ;
#2063 = ORIENTED_EDGE ( 'NONE', *, *, #930, .F. ) ;
#2064 = EDGE_CURVE ( 'NONE', #1502, #3651, #2106, .T. ) ;
#2065 = AXIS2_PLACEMENT_3D ( 'NONE', #3543, #6649, #2777 ) ;
#2066 = FACE_OUTER_BOUND ( 'NONE', #2840, .T. ) ;
#2067 = VERTEX_POINT ( 'NONE', #6891 ) ;
#2068 = DIRECTION ( 'NONE',  ( 0.5000000000000014433, 0.000000000000000000, -0.8660254037844379305 ) ) ;
#2069 = DIRECTION ( 'NONE',  ( 1.000000000000000000, 0.000000000000000000, 0.000000000000000000 ) ) ;
#2070 = VERTEX_POINT ( 'NONE', #6317 ) ;
#2071 = VECTOR ( 'NONE', #7350, 1000.000000000000000 ) ;
#2072 = VECTOR ( 'NONE', #1833, 1000.000000000000000 ) ;
#2073 = LINE ( 'NONE', #5937, #237 ) ;
#2074 = ORIENTED_EDGE ( 'NONE', *, *, #3296, .F. ) ;
#2075 = DIRECTION ( 'NONE',  ( -0.000000000000000000, 1.000000000000000000, -0.000000000000000000 ) ) ;
#2076 = EDGE_LOOP ( 'NONE', ( #4551, #249, #6623, #1778 ) ) ;
#2077 = VERTEX_POINT ( 'NONE', #8576 ) ;
#2078 = ORIENTED_EDGE ( 'NONE', *, *, #1776, .F. ) ;
#2079 = EDGE_CURVE ( 'NONE', #1767, #5591, #1623, .T. ) ;
#2080 = ORIENTED_EDGE ( 'NONE', *, *, #4004, .F. ) ;
#2081 = CARTESIAN_POINT ( 'NONE',  ( 0.2000000000000184130, 0.2000000000000000111, 0.5000000000000002220 ) ) ;
#2082 = VECTOR ( 'NONE', #9615, 1000.000000000000000 ) ;
#2083 = CARTESIAN_POINT ( 'NONE',  ( -0.06750000000000000444, 0.1500000000000000222, 1.800000000000000044 ) ) ;
#2084 = VECTOR ( 'NONE', #4880, 1000.000000000000000 ) ;
#2085 = CARTESIAN_POINT ( 'NONE',  ( -0.06750000000000000444, 0.2000000000000000111, -1.800000000000000044 ) ) ;
#2086 = CARTESIAN_POINT ( 'NONE',  ( 0.4649999999999997469, 0.000000000000000000, -1.385000000000000453 ) ) ;
#2088 = VERTEX_POINT ( 'NONE', #9096 ) ;
#2087 = EDGE_CURVE ( 'NONE', #3162, #4554, #9796, .T. ) ;
#2089 = DIRECTION ( 'NONE',  ( 0.000000000000000000, 0.000000000000000000, -1.000000000000000000 ) ) ;
#2090 = CARTESIAN_POINT ( 'NONE',  ( -0.4999999999999825695, 0.2000000000000000111, -0.08500000000000000611 ) ) ;
#2091 = CARTESIAN_POINT ( 'NONE',  ( 0.5000000000000091038, 0.2000000000000000111, -0.3150000000000001688 ) ) ;
#2092 = VECTOR ( 'NONE', #8680, 1000.000000000000000 ) ;
#2093 = LINE ( 'NONE', #5184, #7355 ) ;
#2094 = VERTEX_POINT ( 'NONE', #7648 ) ;
#2095 = ORIENTED_EDGE ( 'NONE', *, *, #5316, .F. ) ;
#2096 = VERTEX_POINT ( 'NONE', #3742 ) ;
#2097 = CARTESIAN_POINT ( 'NONE',  ( -0.4390192378864581357, 0.000000000000000000, -0.6999999999999998446 ) ) ;
#2098 = LINE ( 'NONE', #4197, #2653 ) ;
#2099 = DIRECTION ( 'NONE',  ( 6.195440985631447034E-15, -0.000000000000000000, 1.000000000000000000 ) ) ;
#2100 = VECTOR ( 'NONE', #3546, 1000.000000000000000 ) ;
#2101 = ORIENTED_EDGE ( 'NONE', *, *, #7727, .F. ) ;
#2102 = LINE ( 'NONE', #6885, #2188 ) ;
#2103 = CARTESIAN_POINT ( 'NONE',  ( -0.4390192378864674616, 0.000000000000000000, 1.599999999999999867 ) ) ;
#2104 = ORIENTED_EDGE ( 'NONE', *, *, #2059, .F. ) ;
#2105 = CARTESIAN_POINT ( 'NONE',  ( -0.4999999999999824585, 0.1500000000000000222, -0.3324999999999999623 ) ) ;
#2106 = LINE ( 'NONE', #1431, #3539 ) ;
#2107 = ADVANCED_FACE ( 'NONE', ( #6065 ), #6842, .T. ) ;
#2108 = DIRECTION ( 'NONE',  ( -0.000000000000000000, -1.000000000000000000, -0.000000000000000000 ) ) ;
#2109 = DIRECTION ( 'NONE',  ( -0.000000000000000000, -1.000000000000000000, -0.000000000000000000 ) ) ;
#2110 = EDGE_CURVE ( 'NONE', #8403, #3651, #1327, .T. ) ;
#2111 = CARTESIAN_POINT ( 'NONE',  ( -0.4999999999999825695, 0.2000000000000000111, 0.08500000000000000611 ) ) ;
#2112 = VERTEX_POINT ( 'NONE', #850 ) ;
#2113 = CARTESIAN_POINT ( 'NONE',  ( 0.5000000000000091038, 0.2000000000000000111, 0.3375000000000001887 ) ) ;
#2114 = PLANE ( 'NONE',  #8699 ) ;
#2115 = LINE ( 'NONE', #3648, #5543 ) ;
#2116 = ORIENTED_EDGE ( 'NONE', *, *, #7494, .F. ) ;
#2117 = CARTESIAN_POINT ( 'NONE',  ( -5.266124837786921909E-16, 0.05000000000000000278, -0.08500000000000311473 ) ) ;
#2118 = ORIENTED_EDGE ( 'NONE', *, *, #4493, .T. ) ;
#2119 = ADVANCED_FACE ( 'NONE', ( #6790 ), #3792, .T. ) ;
#2120 = LINE ( 'NONE', #7615, #885 ) ;
#2121 = CARTESIAN_POINT ( 'NONE',  ( -0.2000000000000002609, 0.2000000000000000111, 1.800000000000000044 ) ) ;
#2122 = ORIENTED_EDGE ( 'NONE', *, *, #1570, .T. ) ;
#2123 = VECTOR ( 'NONE', #1151, 1000.000000000000114 ) ;
#2124 = ORIENTED_EDGE ( 'NONE', *, *, #1662, .T. ) ;
#2125 = ORIENTED_EDGE ( 'NONE', *, *, #5175, .F. ) ;
#2126 = DIRECTION ( 'NONE',  ( -0.000000000000000000, 0.000000000000000000, 1.000000000000000000 ) ) ;
#2127 = PRESENTATION_STYLE_ASSIGNMENT (( #5992 ) ) ;
#2128 = DIRECTION ( 'NONE',  ( -0.000000000000000000, 1.000000000000000000, -0.000000000000000000 ) ) ;
#2129 = FACE_OUTER_BOUND ( 'NONE', #7977, .T. ) ;
#2130 = ORIENTED_EDGE ( 'NONE', *, *, #4802, .F. ) ;
#2131 = PLANE ( 'NONE',  #9926 ) ;
#2132 = VECTOR ( 'NONE', #5484, 1000.000000000000000 ) ;
#2133 = DIRECTION ( 'NONE',  ( -1.000000000000000000, 0.000000000000000000, 0.000000000000000000 ) ) ;
#2134 = ADVANCED_FACE ( 'NONE', ( #2975 ), #4723, .F. ) ;
#2135 = DIRECTION ( 'NONE',  ( 6.505213034913025026E-15, -0.000000000000000000, 1.000000000000000000 ) ) ;
#2136 = LINE ( 'NONE', #4277, #1172 ) ;
#2137 = ORIENTED_EDGE ( 'NONE', *, *, #8194, .T. ) ;
#2138 = EDGE_CURVE ( 'NONE', #8869, #8191, #9387, .T. ) ;
#2139 = ORIENTED_EDGE ( 'NONE', *, *, #8626, .F. ) ;
#2140 = AXIS2_PLACEMENT_3D ( 'NONE', #4293, #9648, #3684 ) ;
#2141 = FACE_OUTER_BOUND ( 'NONE', #91, .T. ) ;
#2142 = PLANE ( 'NONE',  #4276 ) ;
#2143 = DIRECTION ( 'NONE',  ( -1.000000000000000000, -0.000000000000000000, -0.000000000000000000 ) ) ;
#2144 = VERTEX_POINT ( 'NONE', #2442 ) ;
#2145 =( NAMED_UNIT ( * ) PLANE_ANGLE_UNIT ( ) SI_UNIT ( $, .RADIAN. ) );
#2146 = DIRECTION ( 'NONE',  ( -1.000000000000000000, 0.000000000000000000, 4.336808689942016158E-15 ) ) ;
#2147 = DIRECTION ( 'NONE',  ( 0.000000000000000000, -0.000000000000000000, 1.000000000000000000 ) ) ;
#2148 = VECTOR ( 'NONE', #6511, 1000.000000000000000 ) ;
#2149 = DIRECTION ( 'NONE',  ( 0.000000000000000000, -1.000000000000000000, 0.000000000000000000 ) ) ;
#2150 = ADVANCED_FACE ( 'NONE', ( #2152 ), #8240, .T. ) ;
#2151 = VECTOR ( 'NONE', #2278, 1000.000000000000000 ) ;
#2152 = FACE_OUTER_BOUND ( 'NONE', #4543, .T. ) ;
#2153 = DIRECTION ( 'NONE',  ( -0.000000000000000000, -0.000000000000000000, -1.000000000000000000 ) ) ;
#2154 = CARTESIAN_POINT ( 'NONE',  ( 0.5000000000000091038, 0.2000000000000000111, 0.4625000000000001887 ) ) ;
#2155 = CARTESIAN_POINT ( 'NONE',  ( 0.5000000000000091038, 0.1999999999999999833, -1.699999999999999956 ) ) ;
#2156 = PLANE ( 'NONE',  #719 ) ;
#2157 = AXIS2_PLACEMENT_3D ( 'NONE', #2382, #1354, #8412 ) ;
#2158 = EDGE_LOOP ( 'NONE', ( #2750, #9228, #4627, #3066 ) ) ;
#2159 = ORIENTED_EDGE ( 'NONE', *, *, #7394, .T. ) ;
#2160 = DIRECTION ( 'NONE',  ( 0.000000000000000000, 1.000000000000000000, -0.000000000000000000 ) ) ;
#2161 = EDGE_CURVE ( 'NONE', #2789, #1516, #515, .T. ) ;
#2162 = FACE_OUTER_BOUND ( 'NONE', #5531, .T. ) ;
#2163 =( NAMED_UNIT ( * ) PLANE_ANGLE_UNIT ( ) SI_UNIT ( $, .RADIAN. ) );
#2164 = FACE_OUTER_BOUND ( 'NONE', #4920, .T. ) ;
#2165 = AXIS2_PLACEMENT_3D ( 'NONE', #9330, #4624, #8672 ) ;
#2166 = ORIENTED_EDGE ( 'NONE', *, *, #664, .T. ) ;
#2167 = VECTOR ( 'NONE', #7642, 1000.000000000000000 ) ;
#2168 = CARTESIAN_POINT ( 'NONE',  ( 0.4650000000000091283, 0.2000000000000000111, 0.3149999999999999467 ) ) ;
#2169 = ORIENTED_EDGE ( 'NONE', *, *, #1566, .F. ) ;
#2170 = EDGE_CURVE ( 'NONE', #2393, #5205, #8383, .T. ) ;
#2171 = LINE ( 'NONE', #9770, #9004 ) ;
#2172 = FACE_OUTER_BOUND ( 'NONE', #9159, .T. ) ;
#2173 = ORIENTED_EDGE ( 'NONE', *, *, #2890, .T. ) ;
#2174 = AXIS2_PLACEMENT_3D ( 'NONE', #8598, #1745, #3058 ) ;
#2175 = ORIENTED_EDGE ( 'NONE', *, *, #359, .F. ) ;
#2176 = DIRECTION ( 'NONE',  ( -0.4999999999999786837, 0.000000000000000000, -0.8660254037844510311 ) ) ;
#2177 = EDGE_LOOP ( 'NONE', ( #2654, #531, #2336, #8414 ) ) ;
#2178 = VERTEX_POINT ( 'NONE', #4125 ) ;
#2179 = ADVANCED_FACE ( 'NONE', ( #3261 ), #4869, .F. ) ;
#2180 = DIRECTION ( 'NONE',  ( -0.000000000000000000, 1.000000000000000000, -0.000000000000000000 ) ) ;
#2181 = ORIENTED_EDGE ( 'NONE', *, *, #1823, .T. ) ;
#2182 = CARTESIAN_POINT ( 'NONE',  ( 0.4390192378864747891, 0.000000000000000000, 0.3000000000000001554 ) ) ;
#2183 = FACE_OUTER_BOUND ( 'NONE', #8611, .T. ) ;
#2184 = CARTESIAN_POINT ( 'NONE',  ( -0.1999999999999908795, 0.2000000000000000111, 0.6999999999999998446 ) ) ;
#2185 = ORIENTED_EDGE ( 'NONE', *, *, #4708, .F. ) ;
#2186 = CARTESIAN_POINT ( 'NONE',  ( 0.000000000000000000, 0.2000000000000000111, 0.000000000000000000 ) ) ;
#2187 = AXIS2_PLACEMENT_3D ( 'NONE', #6272, #4729, #4829 ) ;
#2188 = VECTOR ( 'NONE', #3679, 1000.000000000000000 ) ;
#2189 = FACE_OUTER_BOUND ( 'NONE', #4628, .T. ) ;
#2190 = DIRECTION ( 'NONE',  ( -0.000000000000000000, -0.000000000000000000, -1.000000000000000000 ) ) ;
#2191 = EDGE_CURVE ( 'NONE', #7804, #7252, #1824, .T. ) ;
#2192 =( NAMED_UNIT ( * ) PLANE_ANGLE_UNIT ( ) SI_UNIT ( $, .RADIAN. ) );
#2193 = ORIENTED_EDGE ( 'NONE', *, *, #7544, .F. ) ;
#2194 = ORIENTED_EDGE ( 'NONE', *, *, #1886, .T. ) ;
#2195 = CIRCLE ( 'NONE', #5097, 0.07499999999999998335 ) ;
#2196 = VERTEX_POINT ( 'NONE', #2598 ) ;
#2197 = EDGE_CURVE ( 'NONE', #2508, #7242, #8826, .T. ) ;
#2198 = ORIENTED_EDGE ( 'NONE', *, *, #3225, .T. ) ;
#2199 = EDGE_CURVE ( 'NONE', #6188, #123, #6127, .T. ) ;
#2200 = DIRECTION ( 'NONE',  ( -0.000000000000000000, -1.000000000000000000, -0.000000000000000000 ) ) ;
#2201 = FACE_OUTER_BOUND ( 'NONE', #7190, .T. ) ;
#2202 = ORIENTED_EDGE ( 'NONE', *, *, #8014, .F. ) ;
#2203 = CARTESIAN_POINT ( 'NONE',  ( 0.4999999999999997780, 0.1500000000000000222, 1.767499999999999627 ) ) ;
#2204 = CARTESIAN_POINT ( 'NONE',  ( 0.4999999999999997780, 0.2000000000000000111, -1.215000000000000080 ) ) ;
#2205 = LINE ( 'NONE', #8377, #2487 ) ;
#2206 = EDGE_CURVE ( 'NONE', #3325, #9817, #6413, .T. ) ;
#2207 = VERTEX_POINT ( 'NONE', #7279 ) ;
#2208 = CARTESIAN_POINT ( 'NONE',  ( 0.5000000000000091038, 0.2000000000000000111, -0.06749999999999996281 ) ) ;
#2209 = ADVANCED_FACE ( 'NONE', ( #7178 ), #7128, .F. ) ;
#2210 = VECTOR ( 'NONE', #8657, 1000.000000000000000 ) ;
#2211 = LINE ( 'NONE', #618, #4190 ) ;
#2212 = CARTESIAN_POINT ( 'NONE',  ( -0.4999999999999908962, 0.2000000000000000111, 0.8849999999999998979 ) ) ;
#2213 = FACE_OUTER_BOUND ( 'NONE', #6443, .T. ) ;
#2214 = AXIS2_PLACEMENT_3D ( 'NONE', #5972, #9894, #9057 ) ;
#2215 = DIRECTION ( 'NONE',  ( -0.000000000000000000, -1.000000000000000000, -0.000000000000000000 ) ) ;
#2216 = EDGE_CURVE ( 'NONE', #2776, #8124, #3364, .T. ) ;
#2217 = VERTEX_POINT ( 'NONE', #295 ) ;
#2218 = CARTESIAN_POINT ( 'NONE',  ( -0.4999999999999908962, 0.2000000000000000111, -0.7149999999999999689 ) ) ;
#2219 = CARTESIAN_POINT ( 'NONE',  ( -0.4649999999999908651, 0.000000000000000000, 0.8850000000000001199 ) ) ;
#2220 = CARTESIAN_POINT ( 'NONE',  ( -1.105886215935217363E-14, 0.05000000000000000278, -1.785000000000003029 ) ) ;
#2221 = ORIENTED_EDGE ( 'NONE', *, *, #7393, .T. ) ;
#2222 = ORIENTED_EDGE ( 'NONE', *, *, #363, .F. ) ;
#2223 = EDGE_CURVE ( 'NONE', #4804, #2043, #5551, .T. ) ;
#2224 = DIRECTION ( 'NONE',  ( 1.000000000000000000, -0.000000000000000000, 0.000000000000000000 ) ) ;
#2225 = ORIENTED_EDGE ( 'NONE', *, *, #6565, .T. ) ;
#2226 = LINE ( 'NONE', #3098, #9750 ) ;
#2227 = CLOSED_SHELL ( 'NONE', ( #879, #6892, #8681, #504, #2179, #2341, #8260, #3235, #8141, #6779, #5271, #7177 ) ) ;
#2228 = ORIENTED_EDGE ( 'NONE', *, *, #2626, .F. ) ;
#2229 = VERTEX_POINT ( 'NONE', #7869 ) ;
#2230 = CARTESIAN_POINT ( 'NONE',  ( -0.3250000000000001776, 0.5250000000000000222, -1.724999999999999867 ) ) ;
#2231 = CARTESIAN_POINT ( 'NONE',  ( 0.000000000000000000, 0.05000000000000000278, -0.6999999999999998446 ) ) ;
#2232 = ORIENTED_EDGE ( 'NONE', *, *, #8445, .F. ) ;
#2233 = FACE_OUTER_BOUND ( 'NONE', #6544, .T. ) ;
#2234 = CARTESIAN_POINT ( 'NONE',  ( 0.2000000000000183853, 0.04999999999999999584, -0.3000000000000001554 ) ) ;
#2235 = AXIS2_PLACEMENT_3D ( 'NONE', #6996, #7940, #3135 ) ;
#2236 = ORIENTED_EDGE ( 'NONE', *, *, #4088, .F. ) ;
#2237 = CARTESIAN_POINT ( 'NONE',  ( 0.000000000000000000, 0.05000000000000000278, -0.5000000000000002220 ) ) ;
#2238 = AXIS2_PLACEMENT_3D ( 'NONE', #7211, #222, #3346 ) ;
#2239 = CARTESIAN_POINT ( 'NONE',  ( 0.06749999999999997669, 0.1500000000000000222, -1.899999999999999911 ) ) ;
#2240 = EDGE_CURVE ( 'NONE', #3258, #735, #900, .T. ) ;
#2241 = DIRECTION ( 'NONE',  ( 0.000000000000000000, 0.000000000000000000, 1.000000000000000000 ) ) ;
#2242 = ADVANCED_FACE ( 'NONE', ( #5601 ), #1719, .T. ) ;
#2243 = ORIENTED_EDGE ( 'NONE', *, *, #5482, .F. ) ;
#2244 = ORIENTED_EDGE ( 'NONE', *, *, #6365, .T. ) ;
#2245 = EDGE_CURVE ( 'NONE', #5631, #7867, #5645, .T. ) ;
#2246 = VECTOR ( 'NONE', #5762, 1000.000000000000000 ) ;
#2247 = VECTOR ( 'NONE', #4092, 1000.000000000000000 ) ;
#2248 = ORIENTED_EDGE ( 'NONE', *, *, #8905, .T. ) ;
#2249 = EDGE_LOOP ( 'NONE', ( #8406, #4997, #5540, #4528, #9473, #299 ) ) ;
#2250 = CARTESIAN_POINT ( 'NONE',  ( -0.2000000000000002609, 0.2000000000000000111, 1.800000000000000044 ) ) ;
#2251 = DIRECTION ( 'NONE',  ( 0.000000000000000000, 0.000000000000000000, 1.000000000000000000 ) ) ;
#2252 = ORIENTED_EDGE ( 'NONE', *, *, #1784, .T. ) ;
#2253 = PLANE ( 'NONE',  #9941 ) ;
#2254 = CARTESIAN_POINT ( 'NONE',  ( 0.1933540818529388694, 0.05000000000000000278, -0.3348990936201202695 ) ) ;
#2255 = VECTOR ( 'NONE', #2811, 1000.000000000000000 ) ;
#2256 = LINE ( 'NONE', #5353, #4287 ) ;
#2257 = EDGE_CURVE ( 'NONE', #6560, #8706, #8927, .T. ) ;
#2258 = ORIENTED_EDGE ( 'NONE', *, *, #2671, .T. ) ;
#2259 = VECTOR ( 'NONE', #6153, 1000.000000000000000 ) ;
#2260 = STYLED_ITEM ( 'NONE', ( #8347 ), #1822 ) ;
#2261 = PLANE ( 'NONE',  #2893 ) ;
#2262 = PLANE ( 'NONE',  #862 ) ;
#2263 = CYLINDRICAL_SURFACE ( 'NONE', #130, 0.06249999999999984041 ) ;
#2264 = CIRCLE ( 'NONE', #7932, 0.06250000000000000000 ) ;
#2265 = DIRECTION ( 'NONE',  ( -0.000000000000000000, -0.000000000000000000, 1.000000000000000000 ) ) ;
#2266 = EDGE_CURVE ( 'NONE', #7005, #7073, #5809, .T. ) ;
#2267 = ORIENTED_EDGE ( 'NONE', *, *, #678, .F. ) ;
#2268 = CARTESIAN_POINT ( 'NONE',  ( 0.4999999999999997780, 0.2000000000000000111, -1.215000000000000080 ) ) ;
#2269 = ADVANCED_FACE ( 'NONE', ( #8164 ), #8878, .T. ) ;
#2270 = DIRECTION ( 'NONE',  ( 0.000000000000000000, -1.000000000000000000, 0.000000000000000000 ) ) ;
#2271 = FILL_AREA_STYLE_COLOUR ( '', #9370 ) ;
#2272 = CARTESIAN_POINT ( 'NONE',  ( 0.4649999999999997469, 0.04999999999999999584, 1.214999999999999858 ) ) ;
#2273 = ORIENTED_EDGE ( 'NONE', *, *, #3505, .T. ) ;
#2274 = DIRECTION ( 'NONE',  ( -0.000000000000000000, -1.000000000000000000, -0.000000000000000000 ) ) ;
#2275 = VERTEX_POINT ( 'NONE', #1261 ) ;
#2276 = LINE ( 'NONE', #3807, #1705 ) ;
#2277 = VERTEX_POINT ( 'NONE', #2698 ) ;
#2278 = DIRECTION ( 'NONE',  ( 1.000000000000000000, 0.000000000000000000, 0.000000000000000000 ) ) ;
#2279 = VERTEX_POINT ( 'NONE', #2085 ) ;
#2280 = EDGE_LOOP ( 'NONE', ( #3425, #6191, #4877, #6662 ) ) ;
#2281 = LINE ( 'NONE', #8663, #3716 ) ;
#2282 = MANIFOLD_SOLID_BREP ( 'Boss-Extrude5[4]', #584 ) ;
#2283 = EDGE_LOOP ( 'NONE', ( #5433, #429, #8251, #2666 ) ) ;
#2284 = EDGE_CURVE ( 'NONE', #8209, #2077, #8267, .T. ) ;
#2285 = CARTESIAN_POINT ( 'NONE',  ( 0.4390192378864747891, 0.2000000000000000111, 0.3000000000000001554 ) ) ;
#2286 = DIRECTION ( 'NONE',  ( 0.000000000000000000, 0.000000000000000000, 1.000000000000000000 ) ) ;
#2287 = VERTEX_POINT ( 'NONE', #3565 ) ;
#2288 = PLANE ( 'NONE',  #4915 ) ;
#2289 = PLANE ( 'NONE',  #8825 ) ;
#2290 = VECTOR ( 'NONE', #6907, 1000.000000000000000 ) ;
#2291 = ORIENTED_EDGE ( 'NONE', *, *, #6164, .T. ) ;
#2292 = ORIENTED_EDGE ( 'NONE', *, *, #3918, .T. ) ;
#2293 = ORIENTED_EDGE ( 'NONE', *, *, #2725, .T. ) ;
#2294 = EDGE_CURVE ( 'NONE', #3288, #4526, #7572, .T. ) ;
#2295 = ORIENTED_EDGE ( 'NONE', *, *, #456, .F. ) ;
#2296 = ADVANCED_FACE ( 'NONE', ( #6094 ), #643, .T. ) ;
#2297 = DIRECTION ( 'NONE',  ( -0.000000000000000000, -1.000000000000000000, -0.000000000000000000 ) ) ;
#2298 = VECTOR ( 'NONE', #8042, 1000.000000000000114 ) ;
#2299 = PLANE ( 'NONE',  #4830 ) ;
#2300 = DIRECTION ( 'NONE',  ( 0.000000000000000000, 0.000000000000000000, 1.000000000000000000 ) ) ;
#2301 = CARTESIAN_POINT ( 'NONE',  ( -0.4649999999999825384, 0.2000000000000000111, -0.08500000000000022815 ) ) ;
#2302 = ORIENTED_EDGE ( 'NONE', *, *, #380, .F. ) ;
#2303 = AXIS2_PLACEMENT_3D ( 'NONE', #7397, #8289, #516 ) ;
#2304 = EDGE_LOOP ( 'NONE', ( #98, #800, #179, #9371 ) ) ;
#2305 = DIRECTION ( 'NONE',  ( 0.000000000000000000, -1.000000000000000000, 0.000000000000000000 ) ) ;
#2306 = EDGE_CURVE ( 'NONE', #8750, #5504, #5437, .T. ) ;
#2307 = CARTESIAN_POINT ( 'NONE',  ( -0.3250000000000001776, 0.5250000000000000222, -1.724999999999999867 ) ) ;
#2308 = DIRECTION ( 'NONE',  ( -0.000000000000000000, -0.000000000000000000, -1.000000000000000000 ) ) ;
#2309 = DIRECTION ( 'NONE',  ( 1.000000000000000000, -0.000000000000000000, -0.000000000000000000 ) ) ;
#2310 = EDGE_CURVE ( 'NONE', #1454, #8046, #26, .T. ) ;
#2311 = VECTOR ( 'NONE', #1395, 1000.000000000000000 ) ;
#2312 = DIRECTION ( 'NONE',  ( 0.5000000000000014433, -0.000000000000000000, 0.8660254037844379305 ) ) ;
#2313 = CARTESIAN_POINT ( 'NONE',  ( 0.3999999999999997446, 0.2000000000000000111, -1.767500000000000071 ) ) ;
#2314 = DIRECTION ( 'NONE',  ( 1.000000000000000000, -0.000000000000000000, 4.336808689942016158E-15 ) ) ;
#2315 = DIRECTION ( 'NONE',  ( 0.000000000000000000, 1.000000000000000000, 0.000000000000000000 ) ) ;
#2316 = ORIENTED_EDGE ( 'NONE', *, *, #1017, .T. ) ;
#2317 = EDGE_CURVE ( 'NONE', #2061, #9406, #3152, .T. ) ;
#2318 = EDGE_CURVE ( 'NONE', #9019, #8575, #1455, .T. ) ;
#2319 = CARTESIAN_POINT ( 'NONE',  ( -0.4999999999999908962, 0.000000000000000000, -0.7149999999999999689 ) ) ;
#2320 = ORIENTED_EDGE ( 'NONE', *, *, #4158, .F. ) ;
#2321 = VECTOR ( 'NONE', #8667, 1000.000000000000000 ) ;
#2322 = FACE_OUTER_BOUND ( 'NONE', #9485, .T. ) ;
#2323 = FACE_OUTER_BOUND ( 'NONE', #6681, .T. ) ;
#2324 = ORIENTED_EDGE ( 'NONE', *, *, #8606, .F. ) ;
#2325 = CARTESIAN_POINT ( 'NONE',  ( -0.06749999999999997669, 0.1500000000000000222, 1.899999999999999911 ) ) ;
#2326 = ORIENTED_EDGE ( 'NONE', *, *, #7085, .T. ) ;
#2327 = ORIENTED_EDGE ( 'NONE', *, *, #7836, .F. ) ;
#2328 = VECTOR ( 'NONE', #1774, 1000.000000000000000 ) ;
#2329 = VERTEX_POINT ( 'NONE', #1610 ) ;
#2330 = VECTOR ( 'NONE', #9937, 1000.000000000000000 ) ;
#2331 = DIRECTION ( 'NONE',  ( 0.000000000000000000, 0.000000000000000000, -1.000000000000000000 ) ) ;
#2332 = DIRECTION ( 'NONE',  ( -1.000000000000000000, 0.000000000000000000, 6.195440985631447034E-15 ) ) ;
#2333 = ORIENTED_EDGE ( 'NONE', *, *, #1814, .F. ) ;
#2334 = CARTESIAN_POINT ( 'NONE',  ( 0.2000000000000090039, 0.2000000000000000111, -1.200000000000000178 ) ) ;
#2335 = DIRECTION ( 'NONE',  ( 0.000000000000000000, 0.000000000000000000, 1.000000000000000000 ) ) ;
#2336 = ORIENTED_EDGE ( 'NONE', *, *, #3712, .T. ) ;
#2337 = CARTESIAN_POINT ( 'NONE',  ( -0.1999999999999908795, 0.2000000000000000111, 0.6999999999999998446 ) ) ;
#2338 = CARTESIAN_POINT ( 'NONE',  ( -0.4999999999999908962, 0.1500000000000000222, -1.232500000000000817 ) ) ;
#2339 = VECTOR ( 'NONE', #9822, 1000.000000000000000 ) ;
#2340 = ORIENTED_EDGE ( 'NONE', *, *, #476, .T. ) ;
#2341 = ADVANCED_FACE ( 'NONE', ( #7722 ), #9229, .F. ) ;
#2342 = ORIENTED_EDGE ( 'NONE', *, *, #9791, .F. ) ;
#2343 = ORIENTED_EDGE ( 'NONE', *, *, #6841, .F. ) ;
#2344 = ORIENTED_EDGE ( 'NONE', *, *, #2605, .T. ) ;
#2345 = VECTOR ( 'NONE', #5820, 1000.000000000000000 ) ;
#2346 = AXIS2_PLACEMENT_3D ( 'NONE', #412, #4286, #3527 ) ;
#2347 = CARTESIAN_POINT ( 'NONE',  ( -0.3999999999999907518, 0.1500000000000000222, -0.4675000000000000266 ) ) ;
#2348 = FACE_OUTER_BOUND ( 'NONE', #8083, .T. ) ;
#2349 = ORIENTED_EDGE ( 'NONE', *, *, #9952, .T. ) ;
#2350 = PLANE ( 'NONE',  #4613 ) ;
#2351 = DIRECTION ( 'NONE',  ( 0.000000000000000000, -1.000000000000000000, 0.000000000000000000 ) ) ;
#2352 = CARTESIAN_POINT ( 'NONE',  ( 0.5000000000000000000, 0.1500000000000000222, -0.7324999999999994849 ) ) ;
#2353 = AXIS2_PLACEMENT_3D ( 'NONE', #6459, #2589, #4265 ) ;
#2354 = ORIENTED_EDGE ( 'NONE', *, *, #2079, .T. ) ;
#2355 = VECTOR ( 'NONE', #648, 1000.000000000000000 ) ;
#2356 = ADVANCED_FACE ( 'NONE', ( #3817 ), #9966, .F. ) ;
#2357 = ORIENTED_EDGE ( 'NONE', *, *, #2760, .F. ) ;
#2358 = DIRECTION ( 'NONE',  ( -0.8660254037844510311, 0.000000000000000000, 0.4999999999999786837 ) ) ;
#2359 = PLANE ( 'NONE',  #321 ) ;
#2360 = DIRECTION ( 'NONE',  ( 0.000000000000000000, 1.000000000000000000, 0.000000000000000000 ) ) ;
#2361 = AXIS2_PLACEMENT_3D ( 'NONE', #8747, #4204, #1796 ) ;
#2362 = EDGE_CURVE ( 'NONE', #1802, #7627, #4710, .T. ) ;
#2363 = DIRECTION ( 'NONE',  ( -0.8660254037844509201, 0.000000000000000000, -0.4999999999999786837 ) ) ;
#2364 = DIRECTION ( 'NONE',  ( 1.000000000000000000, 0.000000000000000000, 0.000000000000000000 ) ) ;
#2365 = DIRECTION ( 'NONE',  ( 0.000000000000000000, -0.000000000000000000, 1.000000000000000000 ) ) ;
#2366 = CARTESIAN_POINT ( 'NONE',  ( -0.02014900109605283901, 0.05000000000000000278, 0.03489909362012650479 ) ) ;
#2367 = ORIENTED_EDGE ( 'NONE', *, *, #4035, .F. ) ;
#2368 = AXIS2_PLACEMENT_3D ( 'NONE', #9837, #1276, #3734 ) ;
#2369 = SURFACE_STYLE_FILL_AREA ( #9313 ) ;
#2370 = CARTESIAN_POINT ( 'NONE',  ( 0.4999999999999997780, 0.2000000000000000111, 1.215000000000000080 ) ) ;
#2371 = EDGE_CURVE ( 'NONE', #7976, #2501, #3958, .T. ) ;
#2372 = VERTEX_POINT ( 'NONE', #8666 ) ;
#2373 = CARTESIAN_POINT ( 'NONE',  ( 0.4649999999999997469, 0.2000000000000000111, -1.385000000000000453 ) ) ;
#2374 = ORIENTED_EDGE ( 'NONE', *, *, #3793, .T. ) ;
#2375 = EDGE_LOOP ( 'NONE', ( #1827, #1290, #6336, #4688 ) ) ;
#2376 = LINE ( 'NONE', #1553, #3372 ) ;
#2377 = ORIENTED_EDGE ( 'NONE', *, *, #2703, .F. ) ;
#2378 = DIRECTION ( 'NONE',  ( 0.000000000000000000, 0.000000000000000000, -1.000000000000000000 ) ) ;
#2379 = DIRECTION ( 'NONE',  ( -0.8660254037844378194, 0.000000000000000000, 0.5000000000000013323 ) ) ;
#2380 = ORIENTED_EDGE ( 'NONE', *, *, #5978, .F. ) ;
#2381 = CARTESIAN_POINT ( 'NONE',  ( 0.5000000000000091038, 0.2000000000000000111, -0.3150000000000001688 ) ) ;
#2382 = CARTESIAN_POINT ( 'NONE',  ( -0.2000000000000003164, 0.1999999999999999833, 1.699999999999999956 ) ) ;
#2383 = FACE_OUTER_BOUND ( 'NONE', #6471, .T. ) ;
#2384 = ORIENTED_EDGE ( 'NONE', *, *, #9593, .T. ) ;
#2385 = CARTESIAN_POINT ( 'NONE',  ( -0.3999999999999908629, 0.2000000000000000111, -1.367500000000000160 ) ) ;
#2386 = AXIS2_PLACEMENT_3D ( 'NONE', #6568, #5366, #9898 ) ;
#2387 = DIRECTION ( 'NONE',  ( 0.000000000000000000, 0.000000000000000000, -1.000000000000000000 ) ) ;
#2388 = CARTESIAN_POINT ( 'NONE',  ( 0.4999999999999997780, 0.2000000000000000111, -1.385000000000000231 ) ) ;
#2389 = ADVANCED_FACE ( 'NONE', ( #2533 ), #888, .F. ) ;
#2390 = ORIENTED_EDGE ( 'NONE', *, *, #9191, .T. ) ;
#2391 = VERTEX_POINT ( 'NONE', #226 ) ;
#2392 = ORIENTED_EDGE ( 'NONE', *, *, #9036, .T. ) ;
#2393 = VERTEX_POINT ( 'NONE', #1655 ) ;
#2394 = VECTOR ( 'NONE', #8051, 1000.000000000000000 ) ;
#2395 = CARTESIAN_POINT ( 'NONE',  ( -0.4649999999999908651, 0.2000000000000000111, 0.7149999999999997469 ) ) ;
#2396 = CARTESIAN_POINT ( 'NONE',  ( 0.2000000000000090317, 0.000000000000000000, 1.400000000000000133 ) ) ;
#2397 = ORIENTED_EDGE ( 'NONE', *, *, #6595, .F. ) ;
#2398 = DIRECTION ( 'NONE',  ( 0.8660254037844378194, -0.000000000000000000, 0.5000000000000013323 ) ) ;
#2399 = CARTESIAN_POINT ( 'NONE',  ( -0.5000000000000002220, 0.05000000000000000278, 1.899999999999999911 ) ) ;
#2400 = CARTESIAN_POINT ( 'NONE',  ( -0.4999999999999908962, 0.2000000000000000111, 1.367499999999999494 ) ) ;
#2401 = PRESENTATION_LAYER_ASSIGNMENT (  '', '', ( #1735 ) ) ;
#2402 = AXIS2_PLACEMENT_3D ( 'NONE', #3634, #565, #415 ) ;
#2403 = ORIENTED_EDGE ( 'NONE', *, *, #476, .F. ) ;
#2404 = LINE ( 'NONE', #663, #4831 ) ;
#2405 = AXIS2_PLACEMENT_3D ( 'NONE', #4564, #8459, #7670 ) ;
#2406 = VECTOR ( 'NONE', #2180, 1000.000000000000000 ) ;
#2407 = EDGE_CURVE ( 'NONE', #7741, #2508, #4758, .T. ) ;
#2408 = CARTESIAN_POINT ( 'NONE',  ( -0.4649999999999908651, 0.2000000000000000111, -0.8850000000000001199 ) ) ;
#2409 = DIRECTION ( 'NONE',  ( -0.000000000000000000, -0.000000000000000000, 1.000000000000000000 ) ) ;
#2410 = UNCERTAINTY_MEASURE_WITH_UNIT (LENGTH_MEASURE( 1.000000000000000082E-05 ), #7999, 'distance_accuracy_value', 'NONE');
#2411 = DIRECTION ( 'NONE',  ( -1.000000000000000000, -0.000000000000000000, -0.000000000000000000 ) ) ;
#2412 = VECTOR ( 'NONE', #8710, 1000.000000000000000 ) ;
#2413 = CARTESIAN_POINT ( 'NONE',  ( 0.4650000000000091283, 0.000000000000000000, 0.3149999999999999467 ) ) ;
#2414 = EDGE_CURVE ( 'NONE', #2477, #7209, #5683, .T. ) ;
#2415 = CARTESIAN_POINT ( 'NONE',  ( -0.4390192378864581357, 0.2000000000000000111, 0.6999999999999998446 ) ) ;
#2416 = EDGE_CURVE ( 'NONE', #8371, #8209, #3294, .T. ) ;
#2417 = PLANE ( 'NONE',  #2174 ) ;
#2418 = VECTOR ( 'NONE', #1915, 1000.000000000000000 ) ;
#2419 = LINE ( 'NONE', #3999, #8645 ) ;
#2420 = PLANE ( 'NONE',  #3668 ) ;
#2421 = ORIENTED_EDGE ( 'NONE', *, *, #907, .T. ) ;
#2422 = EDGE_CURVE ( 'NONE', #3830, #10013, #7956, .T. ) ;
#2423 = PLANE ( 'NONE',  #6543 ) ;
#2424 = EDGE_LOOP ( 'NONE', ( #7800, #1057, #6389, #9290 ) ) ;
#2425 = VERTEX_POINT ( 'NONE', #8861 ) ;
#2426 = CARTESIAN_POINT ( 'NONE',  ( 0.2000000000000183853, 0.000000000000000000, -0.3000000000000001554 ) ) ;
#2427 = PLANE ( 'NONE',  #9094 ) ;
#2428 = ORIENTED_EDGE ( 'NONE', *, *, #8980, .F. ) ;
#2429 = FACE_OUTER_BOUND ( 'NONE', #5771, .T. ) ;
#2430 = EDGE_CURVE ( 'NONE', #6880, #6626, #3446, .T. ) ;
#2431 = FACE_OUTER_BOUND ( 'NONE', #8812, .T. ) ;
#2432 = PLANE ( 'NONE',  #972 ) ;
#2433 = ORIENTED_EDGE ( 'NONE', *, *, #9663, .T. ) ;
#2434 = CARTESIAN_POINT ( 'NONE',  ( -0.4999999999999908962, 0.2000000000000000111, -0.8849999999999998979 ) ) ;
#2435 = DIRECTION ( 'NONE',  ( -6.195440985631458867E-15, 0.000000000000000000, 1.000000000000000000 ) ) ;
#2436 = FACE_OUTER_BOUND ( 'NONE', #9505, .T. ) ;
#2437 = VERTEX_POINT ( 'NONE', #4721 ) ;
#2438 = EDGE_LOOP ( 'NONE', ( #8468, #2185, #1543, #3777 ) ) ;
#2439 = ADVANCED_FACE ( 'NONE', ( #9979 ), #4676, .T. ) ;
#2440 = ORIENTED_EDGE ( 'NONE', *, *, #2813, .T. ) ;
#2441 = CARTESIAN_POINT ( 'NONE',  ( 0.2000000000000090317, 0.2000000000000000111, 1.400000000000000133 ) ) ;
#2442 = CARTESIAN_POINT ( 'NONE',  ( -0.4999999999999824585, 0.2000000000000000111, -0.3324999999999999623 ) ) ;
#2443 = PLANE ( 'NONE',  #6225 ) ;
#2444 = CARTESIAN_POINT ( 'NONE',  ( -0.1999999999999825528, 0.05000000000000000278, 0.000000000000000000 ) ) ;
#2445 = ORIENTED_EDGE ( 'NONE', *, *, #397, .F. ) ;
#2446 = ADVANCED_FACE ( 'NONE', ( #9286 ), #3780, .F. ) ;
#2447 = VECTOR ( 'NONE', #1761, 1000.000000000000114 ) ;
#2448 = FACE_OUTER_BOUND ( 'NONE', #1551, .T. ) ;
#2449 = DIRECTION ( 'NONE',  ( 0.000000000000000000, 1.000000000000000000, 0.000000000000000000 ) ) ;
#2450 = EDGE_CURVE ( 'NONE', #6262, #2908, #1572, .T. ) ;
#2451 = EDGE_CURVE ( 'NONE', #735, #67, #763, .T. ) ;
#2452 = ORIENTED_EDGE ( 'NONE', *, *, #9069, .F. ) ;
#2453 = ORIENTED_EDGE ( 'NONE', *, *, #7029, .T. ) ;
#2454 = VECTOR ( 'NONE', #4707, 1000.000000000000000 ) ;
#2455 = LINE ( 'NONE', #812, #2723 ) ;
#2456 = CARTESIAN_POINT ( 'NONE',  ( 0.5000000000000000000, 0.1500000000000000222, -0.8675000000000002709 ) ) ;
#2457 = LINE ( 'NONE', #3988, #3919 ) ;
#2458 = VECTOR ( 'NONE', #14, 1000.000000000000000 ) ;
#2459 = CARTESIAN_POINT ( 'NONE',  ( 0.4999999999999997780, 0.2000000000000000111, 0.4625000000000001887 ) ) ;
#2460 = COLOUR_RGB ( '',0.7921568627450980005, 0.8196078431372548767, 0.9333333333333333481 ) ;
#2461 = LINE ( 'NONE', #7889, #5711 ) ;
#2462 = CARTESIAN_POINT ( 'NONE',  ( -0.06749999999999997669, 0.2000000000000000111, 1.899999999999999911 ) ) ;
#2463 = FACE_OUTER_BOUND ( 'NONE', #720, .T. ) ;
#2464 = ORIENTED_EDGE ( 'NONE', *, *, #9952, .F. ) ;
#2465 = LINE ( 'NONE', #8481, #2345 ) ;
#2466 = CARTESIAN_POINT ( 'NONE',  ( -0.4390192378864581357, 0.2000000000000000111, 0.9000000000000000222 ) ) ;
#2467 = AXIS2_PLACEMENT_3D ( 'NONE', #8123, #7483, #9034 ) ;
#2468 = ORIENTED_EDGE ( 'NONE', *, *, #2161, .T. ) ;
#2469 = DIRECTION ( 'NONE',  ( 1.000000000000000000, 0.000000000000000000, -0.000000000000000000 ) ) ;
#2470 = ORIENTED_EDGE ( 'NONE', *, *, #8189, .F. ) ;
#2471 = EDGE_CURVE ( 'NONE', #6170, #5334, #2543, .T. ) ;
#2472 = VERTEX_POINT ( 'NONE', #8823 ) ;
#2473 = LINE ( 'NONE', #70, #9502 ) ;
#2474 = FACE_OUTER_BOUND ( 'NONE', #6447, .T. ) ;
#2475 = EDGE_CURVE ( 'NONE', #7005, #3760, #4173, .T. ) ;
#2476 = LINE ( 'NONE', #994, #9292 ) ;
#2477 = VERTEX_POINT ( 'NONE', #4820 ) ;
#2478 = CARTESIAN_POINT ( 'NONE',  ( -0.06750000000000001832, 0.1999999999999999833, -1.899999999999999911 ) ) ;
#2479 = VECTOR ( 'NONE', #6490, 1000.000000000000000 ) ;
#2480 = LINE ( 'NONE', #3297, #5163 ) ;
#2481 = CARTESIAN_POINT ( 'NONE',  ( -0.4390192378864674616, 0.000000000000000000, -1.599999999999999867 ) ) ;
#2482 = ORIENTED_EDGE ( 'NONE', *, *, #9738, .F. ) ;
#2483 = CARTESIAN_POINT ( 'NONE',  ( 0.2000000000000184130, 0.000000000000000000, 0.5000000000000002220 ) ) ;
#2484 = LINE ( 'NONE', #4715, #4294 ) ;
#2485 = CARTESIAN_POINT ( 'NONE',  ( -0.4999999999999908962, 0.2000000000000000111, -1.232500000000000817 ) ) ;
#2486 = VERTEX_POINT ( 'NONE', #7967 ) ;
#2487 = VECTOR ( 'NONE', #4535, 1000.000000000000000 ) ;
#2488 = EDGE_CURVE ( 'NONE', #5025, #2526, #293, .T. ) ;
#2489 = ORIENTED_EDGE ( 'NONE', *, *, #7255, .T. ) ;
#2490 = ORIENTED_EDGE ( 'NONE', *, *, #6692, .F. ) ;
#2491 = ADVANCED_FACE ( 'NONE', ( #8677 ), #898, .T. ) ;
#2492 = CARTESIAN_POINT ( 'NONE',  ( -0.2000000000000003164, 0.1999999999999999833, -1.699999999999999956 ) ) ;
#2493 = DIRECTION ( 'NONE',  ( -6.195440985631447034E-15, 0.000000000000000000, -1.000000000000000000 ) ) ;
#2494 = LINE ( 'NONE', #1721, #4589 ) ;
#2495 = DIRECTION ( 'NONE',  ( 0.000000000000000000, -1.000000000000000000, 0.000000000000000000 ) ) ;
#2496 = ORIENTED_EDGE ( 'NONE', *, *, #9477, .T. ) ;
#2497 = VECTOR ( 'NONE', #4599, 1000.000000000000000 ) ;
#2498 = EDGE_CURVE ( 'NONE', #3760, #5188, #6959, .T. ) ;
#2499 = DIRECTION ( 'NONE',  ( -6.195440985631458867E-15, 0.000000000000000000, 1.000000000000000000 ) ) ;
#2500 = LINE ( 'NONE', #7186, #9620 ) ;
#2501 = VERTEX_POINT ( 'NONE', #1007 ) ;
#2502 = EDGE_CURVE ( 'NONE', #3910, #1478, #4123, .T. ) ;
#2503 = AXIS2_PLACEMENT_3D ( 'NONE', #6887, #6061, #7541 ) ;
#2504 = ORIENTED_EDGE ( 'NONE', *, *, #5356, .F. ) ;
#2505 = ORIENTED_EDGE ( 'NONE', *, *, #7146, .F. ) ;
#2506 = VECTOR ( 'NONE', #1483, 1000.000000000000000 ) ;
#2507 = PLANE ( 'NONE',  #3385 ) ;
#2508 = VERTEX_POINT ( 'NONE', #6465 ) ;
#2509 = CARTESIAN_POINT ( 'NONE',  ( -0.1999999999999908795, 0.2000000000000000111, 0.9000000000000000222 ) ) ;
#2510 = DIRECTION ( 'NONE',  ( 4.336808689942011425E-15, -0.000000000000000000, 1.000000000000000000 ) ) ;
#2511 = LINE ( 'NONE', #7834, #4078 ) ;
#2512 = UNCERTAINTY_MEASURE_WITH_UNIT (LENGTH_MEASURE( 1.000000000000000082E-05 ), #9478, 'distance_accuracy_value', 'NONE');
#2513 = EDGE_CURVE ( 'NONE', #8958, #3789, #1820, .T. ) ;
#2514 = ADVANCED_FACE ( 'NONE', ( #5549 ), #8627, .T. ) ;
#2515 = AXIS2_PLACEMENT_3D ( 'NONE', #3074, #9438, #6217 ) ;
#2516 = ADVANCED_FACE ( 'NONE', ( #2035 ), #1162, .F. ) ;
#2517 = FACE_OUTER_BOUND ( 'NONE', #1010, .T. ) ;
#2518 =( NAMED_UNIT ( * ) SI_UNIT ( $, .STERADIAN. ) SOLID_ANGLE_UNIT ( ) );
#2519 = LINE ( 'NONE', #1743, #6722 ) ;
#2520 = CARTESIAN_POINT ( 'NONE',  ( -0.4649999999999908651, 0.2000000000000000111, 0.7149999999999997469 ) ) ;
#2521 = FACE_OUTER_BOUND ( 'NONE', #4981, .T. ) ;
#2522 = LINE ( 'NONE', #63, #3926 ) ;
#2523 = ORIENTED_EDGE ( 'NONE', *, *, #3361, .T. ) ;
#2524 = VECTOR ( 'NONE', #6911, 1000.000000000000000 ) ;
#2525 = DIRECTION ( 'NONE',  ( 0.000000000000000000, 0.000000000000000000, -1.000000000000000000 ) ) ;
#2526 = VERTEX_POINT ( 'NONE', #2746 ) ;
#2527 = ORIENTED_EDGE ( 'NONE', *, *, #1776, .T. ) ;
#2528 = ORIENTED_EDGE ( 'NONE', *, *, #4130, .F. ) ;
#2529 = CARTESIAN_POINT ( 'NONE',  ( -0.4390192378864674616, 0.2000000000000000111, 1.599999999999999867 ) ) ;
#2530 = FACE_OUTER_BOUND ( 'NONE', #9578, .T. ) ;
#2531 = CIRCLE ( 'NONE', #2368, 0.06250000000000000000 ) ;
#2532 = CARTESIAN_POINT ( 'NONE',  ( 0.3999999999999997446, 0.1500000000000000222, 1.632499999999999840 ) ) ;
#2533 = FACE_OUTER_BOUND ( 'NONE', #4630, .T. ) ;
#2534 = LINE ( 'NONE', #6300, #8237 ) ;
#2535 = DIRECTION ( 'NONE',  ( 6.195440985631447034E-15, 0.000000000000000000, -1.000000000000000000 ) ) ;
#2536 = VERTEX_POINT ( 'NONE', #8978 ) ;
#2537 = CARTESIAN_POINT ( 'NONE',  ( -0.4999999999999908962, 0.1500000000000000222, 1.232500000000000373 ) ) ;
#2538 = FACE_OUTER_BOUND ( 'NONE', #6822, .T. ) ;
#2539 = PRESENTATION_STYLE_ASSIGNMENT (( #1868 ) ) ;
#2540 = VERTEX_POINT ( 'NONE', #5021 ) ;
#2541 = VERTEX_POINT ( 'NONE', #2796 ) ;
#2542 = VERTEX_POINT ( 'NONE', #9727 ) ;
#2543 = LINE ( 'NONE', #6314, #5155 ) ;
#2544 = CARTESIAN_POINT ( 'NONE',  ( -0.3999999999999907518, 0.1500000000000000222, 0.4675000000000001932 ) ) ;
#2545 = DIRECTION ( 'NONE',  ( 0.8660254037844378194, 0.000000000000000000, -0.5000000000000013323 ) ) ;
#2546 = DIRECTION ( 'NONE',  ( 1.000000000000000000, 0.000000000000000000, 0.000000000000000000 ) ) ;
#2547 = EDGE_CURVE ( 'NONE', #785, #2548, #7377, .T. ) ;
#2548 = VERTEX_POINT ( 'NONE', #2081 ) ;
#2549 = DIRECTION ( 'NONE',  ( -0.000000000000000000, -1.000000000000000000, -0.000000000000000000 ) ) ;
#2550 = CLOSED_SHELL ( 'NONE', ( #1409, #8693, #8324, #5798, #2296, #3278 ) ) ;
#2551 = DIRECTION ( 'NONE',  ( 0.000000000000000000, 1.000000000000000000, 0.000000000000000000 ) ) ;
#2552 = DIRECTION ( 'NONE',  ( -6.195440985631447034E-15, 0.000000000000000000, 1.000000000000000000 ) ) ;
#2553 = ADVANCED_FACE ( 'NONE', ( #4223 ), #6712, .T. ) ;
#2554 = ORIENTED_EDGE ( 'NONE', *, *, #7274, .T. ) ;
#2555 = AXIS2_PLACEMENT_3D ( 'NONE', #3090, #5416, #8497 ) ;
#2556 = ORIENTED_EDGE ( 'NONE', *, *, #4538, .F. ) ;
#2557 = CARTESIAN_POINT ( 'NONE',  ( 0.2000000000000090039, 0.2000000000000000111, -1.200000000000000178 ) ) ;
#2558 = VERTEX_POINT ( 'NONE', #3513 ) ;
#2559 = ADVANCED_FACE ( 'NONE', ( #7422 ), #9074, .F. ) ;
#2560 = CARTESIAN_POINT ( 'NONE',  ( 0.06749999999999997669, 0.1500000000000000222, 1.899999999999999911 ) ) ;
#2561 = VECTOR ( 'NONE', #7546, 1000.000000000000000 ) ;
#2562 = CARTESIAN_POINT ( 'NONE',  ( 0.4650000000000091283, 0.04999999999999999584, -0.4850000000000004308 ) ) ;
#2563 = VECTOR ( 'NONE', #7951, 1000.000000000000000 ) ;
#2564 = VECTOR ( 'NONE', #6363, 1000.000000000000000 ) ;
#2565 = CARTESIAN_POINT ( 'NONE',  ( -0.06750000000000000444, 0.1500000000000000222, -1.800000000000000044 ) ) ;
#2566 = AXIS2_PLACEMENT_3D ( 'NONE', #6284, #5467, #6233 ) ;
#2567 = FACE_OUTER_BOUND ( 'NONE', #8676, .T. ) ;
#2568 = DIRECTION ( 'NONE',  ( 0.000000000000000000, -0.000000000000000000, -1.000000000000000000 ) ) ;
#2569 = DIRECTION ( 'NONE',  ( 2.710505431213760099E-16, -0.000000000000000000, -1.000000000000000000 ) ) ;
#2570 = DIRECTION ( 'NONE',  ( -1.000000000000000000, -0.000000000000000000, -0.000000000000000000 ) ) ;
#2571 = CARTESIAN_POINT ( 'NONE',  ( -0.06749999999999997669, 0.2000000000000000111, 1.899999999999999911 ) ) ;
#2572 = ORIENTED_EDGE ( 'NONE', *, *, #7085, .F. ) ;
#2573 = ADVANCED_FACE ( 'NONE', ( #5789 ), #9776, .T. ) ;
#2574 = SURFACE_STYLE_USAGE ( .BOTH. , #4098 ) ;
#2575 = VECTOR ( 'NONE', #10018, 1000.000000000000000 ) ;
#2576 = STYLED_ITEM ( 'NONE', ( #7458 ), #1736 ) ;
#2577 = LINE ( 'NONE', #1087, #9481 ) ;
#2578 = ORIENTED_EDGE ( 'NONE', *, *, #5824, .T. ) ;
#2579 = LINE ( 'NONE', #7055, #3459 ) ;
#2580 = ORIENTED_EDGE ( 'NONE', *, *, #3610, .F. ) ;
#2581 = VERTEX_POINT ( 'NONE', #3564 ) ;
#2582 = AXIS2_PLACEMENT_3D ( 'NONE', #3896, #9055, #7599 ) ;
#2583 = CARTESIAN_POINT ( 'NONE',  ( 0.4390192378864747891, 0.2000000000000000111, -0.3000000000000001554 ) ) ;
#2584 = ORIENTED_EDGE ( 'NONE', *, *, #9818, .T. ) ;
#2585 = FACE_OUTER_BOUND ( 'NONE', #4373, .T. ) ;
#2586 = DIRECTION ( 'NONE',  ( 0.000000000000000000, -0.000000000000000000, 1.000000000000000000 ) ) ;
#2587 = ORIENTED_EDGE ( 'NONE', *, *, #2450, .T. ) ;
#2588 = CARTESIAN_POINT ( 'NONE',  ( -0.5000000000000002220, 0.2000000000000000111, -1.637500000000000178 ) ) ;
#2589 = DIRECTION ( 'NONE',  ( 1.000000000000000000, 0.000000000000000000, 0.000000000000000000 ) ) ;
#2590 = LINE ( 'NONE', #893, #3779 ) ;
#2591 = ORIENTED_EDGE ( 'NONE', *, *, #5666, .F. ) ;
#2592 = ORIENTED_EDGE ( 'NONE', *, *, #3604, .T. ) ;
#2593 = DIRECTION ( 'NONE',  ( 0.000000000000000000, 0.000000000000000000, 1.000000000000000000 ) ) ;
#2594 = VERTEX_POINT ( 'NONE', #5125 ) ;
#2595 = ADVANCED_FACE ( 'NONE', ( #3460 ), #2903, .T. ) ;
#2596 = DIRECTION ( 'NONE',  ( 0.000000000000000000, 0.000000000000000000, 1.000000000000000000 ) ) ;
#2597 = FACE_OUTER_BOUND ( 'NONE', #8181, .T. ) ;
#2598 = CARTESIAN_POINT ( 'NONE',  ( 0.4650000000000091283, 0.2000000000000000111, -0.4850000000000004308 ) ) ;
#2599 = CARTESIAN_POINT ( 'NONE',  ( -0.3999999999999907518, 0.2000000000000000111, -0.4675000000000000266 ) ) ;
#2600 = ORIENTED_EDGE ( 'NONE', *, *, #8204, .T. ) ;
#2601 = CARTESIAN_POINT ( 'NONE',  ( -0.4649999999999908651, 0.2000000000000000111, 0.8850000000000001199 ) ) ;
#2602 = CARTESIAN_POINT ( 'NONE',  ( -0.06749999999999997669, 0.1500000000000000222, 1.899999999999999911 ) ) ;
#2603 = ORIENTED_EDGE ( 'NONE', *, *, #7185, .F. ) ;
#2604 = ORIENTED_EDGE ( 'NONE', *, *, #5045, .F. ) ;
#2605 = EDGE_CURVE ( 'NONE', #9790, #7518, #6664, .T. ) ;
#2606 = CARTESIAN_POINT ( 'NONE',  ( -0.3999999999999908629, 0.1500000000000000222, 1.367500000000000160 ) ) ;
#2607 = ORIENTED_EDGE ( 'NONE', *, *, #7393, .F. ) ;
#2608 = ADVANCED_FACE ( 'NONE', ( #9629 ), #8265, .T. ) ;
#2609 = DIRECTION ( 'NONE',  ( -1.000000000000000000, -0.000000000000000000, -6.195440985631458078E-15 ) ) ;
#2610 = CARTESIAN_POINT ( 'NONE',  ( -0.06749999999999997669, 0.1500000000000000222, -1.899999999999999911 ) ) ;
#2611 = VECTOR ( 'NONE', #3224, 1000.000000000000000 ) ;
#2612 = EDGE_CURVE ( 'NONE', #2178, #9333, #4409, .T. ) ;
#2613 = LINE ( 'NONE', #975, #1260 ) ;
#2614 = CARTESIAN_POINT ( 'NONE',  ( 0.4390192378864747891, 0.2000000000000000111, 0.3000000000000001554 ) ) ;
#2615 = DIRECTION ( 'NONE',  ( 0.000000000000000000, -0.000000000000000000, -1.000000000000000000 ) ) ;
#2616 = VECTOR ( 'NONE', #8599, 1000.000000000000000 ) ;
#2617 = DIRECTION ( 'NONE',  ( 0.000000000000000000, 1.000000000000000000, 0.000000000000000000 ) ) ;
#2618 = DIRECTION ( 'NONE',  ( 0.000000000000000000, 0.000000000000000000, 1.000000000000000000 ) ) ;
#2619 = VERTEX_POINT ( 'NONE', #544 ) ;
#2620 = EDGE_CURVE ( 'NONE', #1874, #8263, #8067, .T. ) ;
#2621 = CARTESIAN_POINT ( 'NONE',  ( -0.4650000000000002465, 0.2000000000000000111, 1.785000000000000142 ) ) ;
#2622 = ORIENTED_EDGE ( 'NONE', *, *, #4045, .F. ) ;
#2623 = ORIENTED_EDGE ( 'NONE', *, *, #5300, .F. ) ;
#2624 = VECTOR ( 'NONE', #724, 1000.000000000000000 ) ;
#2625 = EDGE_LOOP ( 'NONE', ( #795, #432, #180, #7725, #733, #5383 ) ) ;
#2626 = EDGE_CURVE ( 'NONE', #9956, #6756, #8162, .T. ) ;
#2627 = CARTESIAN_POINT ( 'NONE',  ( 0.2000000000000183853, 0.2000000000000000111, -0.3000000000000001554 ) ) ;
#2628 = DIRECTION ( 'NONE',  ( 1.000000000000000000, -0.000000000000000000, -0.000000000000000000 ) ) ;
#2629 = ORIENTED_EDGE ( 'NONE', *, *, #5921, .F. ) ;
#2630 = CARTESIAN_POINT ( 'NONE',  ( -0.1999999999999908795, 0.2000000000000000111, 0.6999999999999998446 ) ) ;
#2631 = FACE_OUTER_BOUND ( 'NONE', #5707, .T. ) ;
#2632 = EDGE_LOOP ( 'NONE', ( #9802, #9382, #3099, #4709 ) ) ;
#2633 = EDGE_CURVE ( 'NONE', #7639, #8575, #8426, .T. ) ;
#2634 = PRESENTATION_LAYER_ASSIGNMENT (  '', '', ( #4263 ) ) ;
#2635 = DIRECTION ( 'NONE',  ( 6.195440985631447034E-15, 0.000000000000000000, 1.000000000000000000 ) ) ;
#2636 = CARTESIAN_POINT ( 'NONE',  ( 8.580685765099573355E-15, 0.05000000000000000278, -1.385000000000003118 ) ) ;
#2637 = LINE ( 'NONE', #2485, #3935 ) ;
#2638 = ORIENTED_EDGE ( 'NONE', *, *, #5507, .F. ) ;
#2639 = ORIENTED_EDGE ( 'NONE', *, *, #374, .T. ) ;
#2640 = LINE ( 'NONE', #1977, #1250 ) ;
#2641 = ADVANCED_FACE ( 'NONE', ( #4532, #2201 ), #1418, .F. ) ;
#2642 = ORIENTED_EDGE ( 'NONE', *, *, #1481, .T. ) ;
#2643 = MECHANICAL_DESIGN_GEOMETRIC_PRESENTATION_REPRESENTATION (  '', ( #7672 ), #8949 ) ;
#2644 = PLANE ( 'NONE',  #4016 ) ;
#2645 = DIRECTION ( 'NONE',  ( 0.000000000000000000, 0.000000000000000000, -1.000000000000000000 ) ) ;
#2646 = DIRECTION ( 'NONE',  ( 0.000000000000000000, -0.000000000000000000, -1.000000000000000000 ) ) ;
#2647 = PLANE ( 'NONE',  #460 ) ;
#2648 = ORIENTED_EDGE ( 'NONE', *, *, #5242, .T. ) ;
#2649 = DIRECTION ( 'NONE',  ( 0.000000000000000000, 0.000000000000000000, -1.000000000000000000 ) ) ;
#2650 = LINE ( 'NONE', #2602, #1521 ) ;
#2651 = CARTESIAN_POINT ( 'NONE',  ( -0.5000000000000002220, 0.5500000000000000444, -1.899999999999999911 ) ) ;
#2652 = ADVANCED_FACE ( 'NONE', ( #5348 ), #9835, .F. ) ;
#2653 = VECTOR ( 'NONE', #7300, 1000.000000000000000 ) ;
#2654 = ORIENTED_EDGE ( 'NONE', *, *, #6935, .F. ) ;
#2655 = ORIENTED_EDGE ( 'NONE', *, *, #433, .F. ) ;
#2656 = DIRECTION ( 'NONE',  ( -1.000000000000000000, 0.000000000000000000, 6.195440985631447034E-15 ) ) ;
#2657 = AXIS2_PLACEMENT_3D ( 'NONE', #3617, #6719, #5948 ) ;
#2658 = VECTOR ( 'NONE', #7380, 1000.000000000000000 ) ;
#2659 = DIRECTION ( 'NONE',  ( -1.000000000000000000, 0.000000000000000000, 0.000000000000000000 ) ) ;
#2660 = ORIENTED_EDGE ( 'NONE', *, *, #83, .F. ) ;
#2661 = LINE ( 'NONE', #2817, #8174 ) ;
#2662 = EDGE_CURVE ( 'NONE', #3092, #5186, #6005, .T. ) ;
#2663 = EDGE_CURVE ( 'NONE', #9490, #9136, #6168, .T. ) ;
#2664 = VECTOR ( 'NONE', #5526, 1000.000000000000000 ) ;
#2665 = VECTOR ( 'NONE', #2617, 1000.000000000000000 ) ;
#2666 = ORIENTED_EDGE ( 'NONE', *, *, #8027, .T. ) ;
#2667 = CARTESIAN_POINT ( 'NONE',  ( 0.000000000000000000, 0.05000000000000000278, 1.800000000000000044 ) ) ;
#2668 = FACE_OUTER_BOUND ( 'NONE', #875, .T. ) ;
#2669 =( GEOMETRIC_REPRESENTATION_CONTEXT ( 3 ) GLOBAL_UNCERTAINTY_ASSIGNED_CONTEXT ( ( #6486 ) ) GLOBAL_UNIT_ASSIGNED_CONTEXT ( ( #7204, #6441, #9652 ) ) REPRESENTATION_CONTEXT ( 'NONE', 'WORKASPACE' ) );
#2670 = VECTOR ( 'NONE', #5664, 1000.000000000000000 ) ;
#2671 = EDGE_CURVE ( 'NONE', #6983, #8063, #607, .T. ) ;
#2672 = DIRECTION ( 'NONE',  ( -1.000000000000000000, 0.000000000000000000, -0.000000000000000000 ) ) ;
#2673 = LINE ( 'NONE', #6538, #2298 ) ;
#2674 = EDGE_LOOP ( 'NONE', ( #8871, #2452, #651, #6717 ) ) ;
#2675 = ADVANCED_FACE ( 'NONE', ( #753, #6783, #3119, #8475, #1367 ), #3731, .F. ) ;
#2676 = LINE ( 'NONE', #6496, #6759 ) ;
#2677 = EDGE_CURVE ( 'NONE', #828, #5372, #710, .T. ) ;
#2678 = CARTESIAN_POINT ( 'NONE',  ( 0.4999999999999997780, 0.2000000000000000111, -1.237500000000000266 ) ) ;
#2679 = VECTOR ( 'NONE', #6101, 1000.000000000000114 ) ;
#2680 = EDGE_LOOP ( 'NONE', ( #7420, #642, #7121, #8202 ) ) ;
#2681 = UNCERTAINTY_MEASURE_WITH_UNIT (LENGTH_MEASURE( 1.000000000000000082E-05 ), #1515, 'distance_accuracy_value', 'NONE');
#2682 =( LENGTH_UNIT ( ) NAMED_UNIT ( * ) SI_UNIT ( .MILLI., .METRE. ) );
#2683 = LINE ( 'NONE', #993, #340 ) ;
#2684 = ORIENTED_EDGE ( 'NONE', *, *, #2046, .F. ) ;
#2685 = DIRECTION ( 'NONE',  ( 0.000000000000000000, -1.000000000000000000, 0.000000000000000000 ) ) ;
#2686 = LINE ( 'NONE', #9018, #4873 ) ;
#2687 = ORIENTED_EDGE ( 'NONE', *, *, #2318, .F. ) ;
#2688 = EDGE_CURVE ( 'NONE', #2196, #2477, #802, .T. ) ;
#2689 = LINE ( 'NONE', #2537, #1834 ) ;
#2690 = CARTESIAN_POINT ( 'NONE',  ( 0.000000000000000000, 0.1500000000000000222, 0.000000000000000000 ) ) ;
#2691 = LINE ( 'NONE', #8404, #5061 ) ;
#2692 = ORIENTED_EDGE ( 'NONE', *, *, #8951, .T. ) ;
#2693 = EDGE_LOOP ( 'NONE', ( #878, #9763, #307, #1471 ) ) ;
#2694 = LINE ( 'NONE', #1159, #7267 ) ;
#2695 = ORIENTED_EDGE ( 'NONE', *, *, #7674, .F. ) ;
#2696 = CARTESIAN_POINT ( 'NONE',  ( -0.4390192378864674616, 0.2000000000000000111, -1.800000000000000044 ) ) ;
#2697 = DIRECTION ( 'NONE',  ( 1.000000000000000000, -0.000000000000000000, -4.336808689942011425E-15 ) ) ;
#2698 = CARTESIAN_POINT ( 'NONE',  ( -0.06749999999999997669, 0.2000000000000000111, -1.899999999999999911 ) ) ;
#2699 = FACE_OUTER_BOUND ( 'NONE', #7479, .T. ) ;
#2700 = ORIENTED_EDGE ( 'NONE', *, *, #6119, .F. ) ;
#2701 = CARTESIAN_POINT ( 'NONE',  ( -0.4390192378864674616, 0.2000000000000000111, 1.599999999999999867 ) ) ;
#2702 = CARTESIAN_POINT ( 'NONE',  ( 0.4650000000000091283, 0.2000000000000000111, 0.4850000000000004308 ) ) ;
#2703 = EDGE_CURVE ( 'NONE', #4101, #6854, #1422, .T. ) ;
#2704 = VECTOR ( 'NONE', #8436, 1000.000000000000114 ) ;
#2705 = DIRECTION ( 'NONE',  ( 1.000000000000000000, 0.000000000000000000, 0.000000000000000000 ) ) ;
#2706 = ORIENTED_EDGE ( 'NONE', *, *, #6365, .F. ) ;
#2707 = ADVANCED_FACE ( 'NONE', ( #6982 ), #2299, .T. ) ;
#2708 = ORIENTED_EDGE ( 'NONE', *, *, #3370, .F. ) ;
#2709 = DIRECTION ( 'NONE',  ( -1.000000000000000000, 0.000000000000000000, -6.195440985631447034E-15 ) ) ;
#2710 = DIRECTION ( 'NONE',  ( 0.000000000000000000, 0.000000000000000000, 1.000000000000000000 ) ) ;
#2711 = ORIENTED_EDGE ( 'NONE', *, *, #1072, .T. ) ;
#2712 = CARTESIAN_POINT ( 'NONE',  ( -0.4390192378864674616, 0.2000000000000000111, -1.800000000000000044 ) ) ;
#2713 = AXIS2_PLACEMENT_3D ( 'NONE', #5550, #2493, #6411 ) ;
#2714 = DIRECTION ( 'NONE',  ( 1.000000000000000000, 0.000000000000000000, 1.355252715606880049E-16 ) ) ;
#2715 = EDGE_CURVE ( 'NONE', #3561, #1247, #8374, .T. ) ;
#2716 = PLANE ( 'NONE',  #5967 ) ;
#2717 =( NAMED_UNIT ( * ) SI_UNIT ( $, .STERADIAN. ) SOLID_ANGLE_UNIT ( ) );
#2718 = CARTESIAN_POINT ( 'NONE',  ( -0.4999999999999908962, 0.2000000000000000111, 0.8624999999999999334 ) ) ;
#2719 = DIRECTION ( 'NONE',  ( -1.000000000000000000, 0.000000000000000000, 0.000000000000000000 ) ) ;
#2720 = CARTESIAN_POINT ( 'NONE',  ( -0.4999999999999825695, 0.2000000000000000111, 0.4675000000000001932 ) ) ;
#2721 = DIRECTION ( 'NONE',  ( -0.000000000000000000, -0.000000000000000000, -1.000000000000000000 ) ) ;
#2722 = AXIS2_PLACEMENT_3D ( 'NONE', #7822, #3212, #9944 ) ;
#2723 = VECTOR ( 'NONE', #715, 1000.000000000000000 ) ;
#2724 = ORIENTED_EDGE ( 'NONE', *, *, #2206, .T. ) ;
#2725 = EDGE_CURVE ( 'NONE', #35, #4853, #656, .T. ) ;
#2726 = LINE ( 'NONE', #5678, #2394 ) ;
#2727 = EDGE_CURVE ( 'NONE', #9394, #776, #5398, .T. ) ;
#2728 = SURFACE_SIDE_STYLE ('',( #427 ) ) ;
#2729 = LINE ( 'NONE', #8960, #662 ) ;
#2730 = ORIENTED_EDGE ( 'NONE', *, *, #8235, .T. ) ;
#2731 = DIRECTION ( 'NONE',  ( 1.000000000000000000, 0.000000000000000000, -1.626303258728391941E-15 ) ) ;
#2732 = AXIS2_PLACEMENT_3D ( 'NONE', #3053, #1509, #4618 ) ;
#2733 = LINE ( 'NONE', #8104, #650 ) ;
#2734 = VERTEX_POINT ( 'NONE', #3017 ) ;
#2735 = VECTOR ( 'NONE', #7805, 1000.000000000000000 ) ;
#2736 = CARTESIAN_POINT ( 'NONE',  ( 0.06749999999999997669, 0.2000000000000000111, -1.899999999999999911 ) ) ;
#2737 = CARTESIAN_POINT ( 'NONE',  ( -0.4649999999999909206, 0.05000000000000000278, 0.7149999999999996358 ) ) ;
#2738 = CARTESIAN_POINT ( 'NONE',  ( -0.4999999999999908962, 0.1500000000000000222, -1.232500000000000817 ) ) ;
#2739 = ORIENTED_EDGE ( 'NONE', *, *, #8647, .F. ) ;
#2740 = ORIENTED_EDGE ( 'NONE', *, *, #6984, .F. ) ;
#2741 = VECTOR ( 'NONE', #6517, 1000.000000000000000 ) ;
#2742 = CARTESIAN_POINT ( 'NONE',  ( -0.06749999999999997669, 0.1500000000000000222, -1.899999999999999911 ) ) ;
#2743 = ORIENTED_EDGE ( 'NONE', *, *, #9832, .F. ) ;
#2744 = ORIENTED_EDGE ( 'NONE', *, *, #9145, .F. ) ;
#2745 = ADVANCED_FACE ( 'NONE', ( #2348 ), #6110, .T. ) ;
#2746 = CARTESIAN_POINT ( 'NONE',  ( -0.4649999999999908651, 0.2000000000000000111, 0.8850000000000001199 ) ) ;
#2747 = CARTESIAN_POINT ( 'NONE',  ( 0.5000000000000000000, 0.1500000000000000222, -0.7324999999999994849 ) ) ;
#2748 = DIRECTION ( 'NONE',  ( 0.000000000000000000, 0.000000000000000000, 1.000000000000000000 ) ) ;
#2749 = DIRECTION ( 'NONE',  ( 0.000000000000000000, 0.000000000000000000, -1.000000000000000000 ) ) ;
#2750 = ORIENTED_EDGE ( 'NONE', *, *, #5994, .F. ) ;
#2751 = DIRECTION ( 'NONE',  ( -1.000000000000000000, 0.000000000000000000, -0.000000000000000000 ) ) ;
#2752 = CARTESIAN_POINT ( 'NONE',  ( -0.3250000000000001776, 0.5250000000000000222, -1.649999999999999911 ) ) ;
#2753 = VECTOR ( 'NONE', #1967, 1000.000000000000000 ) ;
#2754 = DIRECTION ( 'NONE',  ( 0.000000000000000000, 0.000000000000000000, -1.000000000000000000 ) ) ;
#2755 = EDGE_CURVE ( 'NONE', #2831, #8232, #6933, .T. ) ;
#2756 = PLANE ( 'NONE',  #6375 ) ;
#2757 = ORIENTED_EDGE ( 'NONE', *, *, #4172, .T. ) ;
#2758 = VERTEX_POINT ( 'NONE', #5503 ) ;
#2759 = FACE_OUTER_BOUND ( 'NONE', #4432, .T. ) ;
#2760 = EDGE_CURVE ( 'NONE', #5222, #3700, #1624, .T. ) ;
#2761 = EDGE_CURVE ( 'NONE', #4700, #8607, #3169, .T. ) ;
#2762 = LINE ( 'NONE', #8838, #3572 ) ;
#2763 = VERTEX_POINT ( 'NONE', #139 ) ;
#2764 = CARTESIAN_POINT ( 'NONE',  ( -0.5000000000000002220, 0.1999999999999999833, 0.4675000000000002487 ) ) ;
#2765 = EDGE_CURVE ( 'NONE', #680, #4422, #4075, .T. ) ;
#2766 = FACE_OUTER_BOUND ( 'NONE', #4527, .T. ) ;
#2767 = LINE ( 'NONE', #9751, #4822 ) ;
#2768 = LINE ( 'NONE', #6743, #3127 ) ;
#2769 = LINE ( 'NONE', #4995, #2665 ) ;
#2770 = FACE_OUTER_BOUND ( 'NONE', #590, .T. ) ;
#2771 = VECTOR ( 'NONE', #947, 1000.000000000000000 ) ;
#2772 = PLANE ( 'NONE',  #3022 ) ;
#2773 = ADVANCED_FACE ( 'NONE', ( #4126 ), #9436, .T. ) ;
#2774 = ORIENTED_EDGE ( 'NONE', *, *, #6992, .F. ) ;
#2775 = DIRECTION ( 'NONE',  ( 0.000000000000000000, 1.000000000000000000, 0.000000000000000000 ) ) ;
#2776 = VERTEX_POINT ( 'NONE', #4726 ) ;
#2777 = DIRECTION ( 'NONE',  ( 0.000000000000000000, -0.000000000000000000, -1.000000000000000000 ) ) ;
#2778 = VECTOR ( 'NONE', #8188, 1000.000000000000000 ) ;
#2779 = LINE ( 'NONE', #6550, #932 ) ;
#2780 = PLANE ( 'NONE',  #165 ) ;
#2781 = ORIENTED_EDGE ( 'NONE', *, *, #7214, .F. ) ;
#2782 = LINE ( 'NONE', #3447, #9224 ) ;
#2783 = DIRECTION ( 'NONE',  ( 0.000000000000000000, 0.000000000000000000, 1.000000000000000000 ) ) ;
#2784 = VERTEX_POINT ( 'NONE', #7922 ) ;
#2785 = LINE ( 'NONE', #7614, #3157 ) ;
#2786 = CARTESIAN_POINT ( 'NONE',  ( 0.5000000000000000000, 0.2000000000000000111, -0.8675000000000002709 ) ) ;
#2787 = EDGE_CURVE ( 'NONE', #2393, #7384, #6416, .T. ) ;
#2788 = VECTOR ( 'NONE', #7094, 1000.000000000000000 ) ;
#2789 = VERTEX_POINT ( 'NONE', #7234 ) ;
#2790 = CARTESIAN_POINT ( 'NONE',  ( -0.2000000000000002609, 0.04999999999999999584, -1.800000000000000044 ) ) ;
#2791 = EDGE_LOOP ( 'NONE', ( #7007, #5500, #4784, #8096, #7323, #2623 ) ) ;
#2792 = ORIENTED_EDGE ( 'NONE', *, *, #3701, .F. ) ;
#2793 = CARTESIAN_POINT ( 'NONE',  ( 0.2000000000000184130, 0.2000000000000000111, 0.5000000000000002220 ) ) ;
#2794 = VERTEX_POINT ( 'NONE', #9484 ) ;
#2795 = ORIENTED_EDGE ( 'NONE', *, *, #6678, .F. ) ;
#2796 = CARTESIAN_POINT ( 'NONE',  ( 0.3999999999999998002, 0.1500000000000000222, 0.7324999999999995959 ) ) ;
#2797 = SURFACE_SIDE_STYLE ('',( #9728 ) ) ;
#2798 = STYLED_ITEM ( 'NONE', ( #2127 ), #5187 ) ;
#2799 = CYLINDRICAL_SURFACE ( 'NONE', #9996, 0.06250000000000005551 ) ;
#2800 = ORIENTED_EDGE ( 'NONE', *, *, #755, .T. ) ;
#2801 = LINE ( 'NONE', #2038, #2339 ) ;
#2802 = DIRECTION ( 'NONE',  ( 6.195440985631447034E-15, -0.000000000000000000, 1.000000000000000000 ) ) ;
#2803 = LINE ( 'NONE', #9637, #867 ) ;
#2804 = ADVANCED_FACE ( 'NONE', ( #187 ), #3927, .T. ) ;
#2805 = DIRECTION ( 'NONE',  ( 0.000000000000000000, 1.000000000000000000, -0.000000000000000000 ) ) ;
#2806 = ORIENTED_EDGE ( 'NONE', *, *, #2809, .F. ) ;
#2807 = AXIS2_PLACEMENT_3D ( 'NONE', #4390, #8142, #8850 ) ;
#2808 = ORIENTED_EDGE ( 'NONE', *, *, #5879, .F. ) ;
#2809 = EDGE_CURVE ( 'NONE', #9817, #9662, #3263, .T. ) ;
#2810 = EDGE_LOOP ( 'NONE', ( #8323, #6811, #1947, #6323 ) ) ;
#2811 = DIRECTION ( 'NONE',  ( -1.000000000000000000, -0.000000000000000000, -0.000000000000000000 ) ) ;
#2812 = DIRECTION ( 'NONE',  ( 1.000000000000000000, 0.000000000000000000, 0.000000000000000000 ) ) ;
#2813 = EDGE_CURVE ( 'NONE', #3983, #2794, #3365, .T. ) ;
#2814 = ORIENTED_EDGE ( 'NONE', *, *, #8491, .F. ) ;
#2815 = APPLICATION_PROTOCOL_DEFINITION ( 'draft international standard', 'automotive_design', 1998, #3062 ) ;
#2816 = VECTOR ( 'NONE', #6920, 1000.000000000000114 ) ;
#2817 = CARTESIAN_POINT ( 'NONE',  ( 0.4999999999999997780, 0.000000000000000000, -1.215000000000000080 ) ) ;
#2818 = EDGE_CURVE ( 'NONE', #1464, #3508, #7079, .T. ) ;
#2819 = VECTOR ( 'NONE', #32, 1000.000000000000000 ) ;
#2820 = VERTEX_POINT ( 'NONE', #7027 ) ;
#2821 = VECTOR ( 'NONE', #3075, 1000.000000000000000 ) ;
#2822 = PLANE ( 'NONE',  #5810 ) ;
#2823 = DIRECTION ( 'NONE',  ( 0.000000000000000000, -1.000000000000000000, 0.000000000000000000 ) ) ;
#2824 = CARTESIAN_POINT ( 'NONE',  ( -0.06750000000000000444, 0.2000000000000000111, 1.800000000000000044 ) ) ;
#2825 = DIRECTION ( 'NONE',  ( -0.000000000000000000, -1.000000000000000000, -0.000000000000000000 ) ) ;
#2826 = DIRECTION ( 'NONE',  ( 1.000000000000000000, 0.000000000000000000, -6.195440985631458078E-15 ) ) ;
#2827 = COLOUR_RGB ( '',0.7921568627450980005, 0.8196078431372548767, 0.9333333333333333481 ) ;
#2828 = VECTOR ( 'NONE', #9152, 1000.000000000000000 ) ;
#2829 = EDGE_CURVE ( 'NONE', #9165, #2437, #959, .T. ) ;
#2830 = DIRECTION ( 'NONE',  ( 1.000000000000000000, 0.000000000000000000, 0.000000000000000000 ) ) ;
#2831 = VERTEX_POINT ( 'NONE', #9337 ) ;
#2832 = CARTESIAN_POINT ( 'NONE',  ( 0.5830655135559347224, 0.05000000000000000278, 1.009899093620115318 ) ) ;
#2833 = VERTEX_POINT ( 'NONE', #8578 ) ;
#2834 = ORIENTED_EDGE ( 'NONE', *, *, #6499, .F. ) ;
#2835 = EDGE_CURVE ( 'NONE', #1666, #1494, #3213, .T. ) ;
#2836 = AXIS2_PLACEMENT_3D ( 'NONE', #4932, #8989, #8777 ) ;
#2837 = VECTOR ( 'NONE', #6484, 1000.000000000000000 ) ;
#2838 = CARTESIAN_POINT ( 'NONE',  ( -0.4650000000000002465, 0.2000000000000000111, -1.614999999999999769 ) ) ;
#2839 = CARTESIAN_POINT ( 'NONE',  ( 0.4999999999999997780, 0.1500000000000000222, 1.767499999999999627 ) ) ;
#2840 = EDGE_LOOP ( 'NONE', ( #8973, #4406, #4530, #4677 ) ) ;
#2841 = DIRECTION ( 'NONE',  ( -0.8660254037844378194, 0.000000000000000000, -0.5000000000000013323 ) ) ;
#2842 = CARTESIAN_POINT ( 'NONE',  ( -0.4999999999999908962, 0.1500000000000000222, 1.367499999999999494 ) ) ;
#2843 = EDGE_LOOP ( 'NONE', ( #4262, #447, #2505, #2849 ) ) ;
#2844 = VECTOR ( 'NONE', #6260, 1000.000000000000000 ) ;
#2845 = CARTESIAN_POINT ( 'NONE',  ( 0.5000000000000091038, 0.2000000000000000111, -0.3150000000000001688 ) ) ;
#2846 = VECTOR ( 'NONE', #7266, 1000.000000000000000 ) ;
#2847 = CARTESIAN_POINT ( 'NONE',  ( -0.06749999999999997669, 0.1500000000000000222, -1.899999999999999911 ) ) ;
#2848 = VERTEX_POINT ( 'NONE', #4825 ) ;
#2849 = ORIENTED_EDGE ( 'NONE', *, *, #6680, .T. ) ;
#2850 = VERTEX_POINT ( 'NONE', #2599 ) ;
#2851 = ORIENTED_EDGE ( 'NONE', *, *, #4345, .F. ) ;
#2852 = CARTESIAN_POINT ( 'NONE',  ( 0.4390192378864747891, 0.2000000000000000111, -0.3000000000000001554 ) ) ;
#2853 = EDGE_CURVE ( 'NONE', #3865, #1978, #5553, .T. ) ;
#2854 = CARTESIAN_POINT ( 'NONE',  ( 0.5000000000000091038, 0.2000000000000000111, 1.300000000000000266 ) ) ;
#2855 = CARTESIAN_POINT ( 'NONE',  ( 0.2000000000000183853, 0.04999999999999999584, 0.3000000000000001554 ) ) ;
#2856 = EDGE_LOOP ( 'NONE', ( #337, #7220, #7557, #9722 ) ) ;
#2857 = CARTESIAN_POINT ( 'NONE',  ( 0.4649999999999997469, 0.2000000000000000111, 1.214999999999999858 ) ) ;
#2858 = PLANE ( 'NONE',  #2027 ) ;
#2859 = FACE_OUTER_BOUND ( 'NONE', #4135, .T. ) ;
#2860 = VECTOR ( 'NONE', #10008, 1000.000000000000114 ) ;
#2861 = VERTEX_POINT ( 'NONE', #5648 ) ;
#2862 = EDGE_LOOP ( 'NONE', ( #9869, #1356, #6253, #6612, #9950, #4558 ) ) ;
#2863 = EDGE_CURVE ( 'NONE', #7417, #9638, #8773, .T. ) ;
#2864 = CARTESIAN_POINT ( 'NONE',  ( -0.5000000000000002220, 0.2000000000000000111, 1.614999999999999991 ) ) ;
#2865 = EDGE_CURVE ( 'NONE', #145, #333, #1826, .T. ) ;
#2866 = CARTESIAN_POINT ( 'NONE',  ( -0.1999999999999908795, 0.2000000000000000111, -0.6999999999999998446 ) ) ;
#2867 = DIRECTION ( 'NONE',  ( 0.000000000000000000, 0.000000000000000000, 1.000000000000000000 ) ) ;
#2868 = ORIENTED_EDGE ( 'NONE', *, *, #4291, .T. ) ;
#2869 = CARTESIAN_POINT ( 'NONE',  ( 0.000000000000000000, 0.1500000000000000222, 0.000000000000000000 ) ) ;
#2870 = VECTOR ( 'NONE', #1331, 1000.000000000000000 ) ;
#2871 = ADVANCED_FACE ( 'NONE', ( #1771 ), #1722, .F. ) ;
#2872 = CARTESIAN_POINT ( 'NONE',  ( 0.4999999999999997780, 0.2000000000000000111, -1.632500000000000284 ) ) ;
#2873 = LINE ( 'NONE', #9842, #7912 ) ;
#2874 = ADVANCED_FACE ( 'NONE', ( #4272 ), #2799, .F. ) ;
#2875 = DIRECTION ( 'NONE',  ( -1.000000000000000000, 0.000000000000000000, -6.195440985631447034E-15 ) ) ;
#2876 = LINE ( 'NONE', #9054, #1838 ) ;
#2877 = CARTESIAN_POINT ( 'NONE',  ( -0.4999999999999908962, 0.1500000000000000222, 1.232500000000000373 ) ) ;
#2878 = CLOSED_SHELL ( 'NONE', ( #9016, #8184, #105, #4603 ) ) ;
#2879 = FACE_OUTER_BOUND ( 'NONE', #1659, .T. ) ;
#2880 = LINE ( 'NONE', #3540, #3940 ) ;
#2881 = EDGE_LOOP ( 'NONE', ( #2354, #5642, #3922, #6141 ) ) ;
#2882 = ORIENTED_EDGE ( 'NONE', *, *, #9302, .F. ) ;
#2883 = LINE ( 'NONE', #2934, #3871 ) ;
#2884 = AXIS2_PLACEMENT_3D ( 'NONE', #7326, #8976, #1817 ) ;
#2885 = CARTESIAN_POINT ( 'NONE',  ( -0.4999999999999824585, 0.1500000000000000222, -0.3324999999999999623 ) ) ;
#2886 = FILL_AREA_STYLE ('',( #2271 ) ) ;
#2887 = DIRECTION ( 'NONE',  ( 1.000000000000000000, 0.000000000000000000, -0.000000000000000000 ) ) ;
#2888 = LINE ( 'NONE', #9063, #2624 ) ;
#2889 = ORIENTED_EDGE ( 'NONE', *, *, #4455, .F. ) ;
#2890 = EDGE_CURVE ( 'NONE', #1961, #2070, #3516, .T. ) ;
#2891 = CARTESIAN_POINT ( 'NONE',  ( 0.4390192378864654077, 0.04999999999999999584, 1.400000000000000133 ) ) ;
#2892 = ORIENTED_EDGE ( 'NONE', *, *, #2216, .T. ) ;
#2893 = AXIS2_PLACEMENT_3D ( 'NONE', #5302, #5198, #8288 ) ;
#2894 = ADVANCED_FACE ( 'NONE', ( #1937 ), #5024, .F. ) ;
#2895 = EDGE_CURVE ( 'NONE', #6030, #7171, #8983, .T. ) ;
#2896 = VECTOR ( 'NONE', #1182, 1000.000000000000000 ) ;
#2897 = DIRECTION ( 'NONE',  ( -1.000000000000000000, -0.000000000000000000, -0.000000000000000000 ) ) ;
#2898 = CARTESIAN_POINT ( 'NONE',  ( 0.3999999999999999112, 0.1500000000000000222, -0.06749999999999997669 ) ) ;
#2899 = ORIENTED_EDGE ( 'NONE', *, *, #6410, .F. ) ;
#2900 = ORIENTED_EDGE ( 'NONE', *, *, #8800, .T. ) ;
#2901 = CARTESIAN_POINT ( 'NONE',  ( 0.4650000000000091283, 0.2000000000000000111, -0.3149999999999999467 ) ) ;
#2902 = EDGE_LOOP ( 'NONE', ( #7485, #8361, #5157, #8898 ) ) ;
#2903 = PLANE ( 'NONE',  #4193 ) ;
#2904 = AXIS2_PLACEMENT_3D ( 'NONE', #7126, #1667, #135 ) ;
#2905 = DIRECTION ( 'NONE',  ( -0.000000000000000000, -1.000000000000000000, -0.000000000000000000 ) ) ;
#2906 = CIRCLE ( 'NONE', #1102, 0.06250000000000005551 ) ;
#2907 = CARTESIAN_POINT ( 'NONE',  ( -0.5000000000000002220, 0.2000000000000000111, 1.784999999999999920 ) ) ;
#2908 = VERTEX_POINT ( 'NONE', #297 ) ;
#2909 = DIRECTION ( 'NONE',  ( 1.355252715606880049E-16, 0.000000000000000000, 1.000000000000000000 ) ) ;
#2910 = DIRECTION ( 'NONE',  ( -0.8660254037844509201, 0.000000000000000000, -0.4999999999999786837 ) ) ;
#2911 = DIRECTION ( 'NONE',  ( -2.710505431213760099E-16, 0.000000000000000000, 1.000000000000000000 ) ) ;
#2912 = VECTOR ( 'NONE', #9867, 1000.000000000000000 ) ;
#2913 = LINE ( 'NONE', #5999, #837 ) ;
#2914 = ORIENTED_EDGE ( 'NONE', *, *, #9475, .T. ) ;
#2915 = ORIENTED_EDGE ( 'NONE', *, *, #6904, .T. ) ;
#2916 = FACE_OUTER_BOUND ( 'NONE', #7337, .T. ) ;
#2917 = DIRECTION ( 'NONE',  ( -1.000000000000000000, 0.000000000000000000, 0.000000000000000000 ) ) ;
#2918 = VECTOR ( 'NONE', #5191, 1000.000000000000000 ) ;
#2919 = EDGE_LOOP ( 'NONE', ( #3138, #4234, #5926, #8658 ) ) ;
#2920 = DIRECTION ( 'NONE',  ( 0.000000000000000000, 1.000000000000000000, 0.000000000000000000 ) ) ;
#2921 = LINE ( 'NONE', #8427, #4138 ) ;
#2922 = PLANE ( 'NONE',  #2503 ) ;
#2923 = ADVANCED_FACE ( 'NONE', ( #2036 ), #8116, .F. ) ;
#2924 = DIRECTION ( 'NONE',  ( -1.000000000000000000, 0.000000000000000000, 0.000000000000000000 ) ) ;
#2925 = EDGE_CURVE ( 'NONE', #2794, #1618, #1211, .T. ) ;
#2926 = LINE ( 'NONE', #665, #3378 ) ;
#2927 = CARTESIAN_POINT ( 'NONE',  ( -0.4390192378864497535, 0.2000000000000000111, 0.1000000000000000472 ) ) ;
#2928 = CARTESIAN_POINT ( 'NONE',  ( -0.4650000000000002465, 0.2000000000000000111, -1.785000000000000142 ) ) ;
#2929 = DIRECTION ( 'NONE',  ( -0.000000000000000000, -1.000000000000000000, -0.000000000000000000 ) ) ;
#2930 = CARTESIAN_POINT ( 'NONE',  ( 0.4999999999999997780, 0.000000000000000000, 1.215000000000000080 ) ) ;
#2931 = EDGE_CURVE ( 'NONE', #2619, #3676, #1165, .T. ) ;
#2932 = VERTEX_POINT ( 'NONE', #6668 ) ;
#2933 = ORIENTED_EDGE ( 'NONE', *, *, #2925, .T. ) ;
#2934 = CARTESIAN_POINT ( 'NONE',  ( -0.4999999999999908962, 0.000000000000000000, -0.8849999999999998979 ) ) ;
#2935 = DIRECTION ( 'NONE',  ( 0.000000000000000000, -1.000000000000000000, 0.000000000000000000 ) ) ;
#2936 = LINE ( 'NONE', #9899, #1405 ) ;
#2937 = CARTESIAN_POINT ( 'NONE',  ( -0.4999999999999908962, 0.2000000000000000111, 0.8849999999999998979 ) ) ;
#2938 = ORIENTED_EDGE ( 'NONE', *, *, #2498, .F. ) ;
#2939 = AXIS2_PLACEMENT_3D ( 'NONE', #4260, #5213, #2783 ) ;
#2940 = CARTESIAN_POINT ( 'NONE',  ( -0.5000000000000002220, 0.2000000000000000111, -0.8624999999999999334 ) ) ;
#2941 = ORIENTED_EDGE ( 'NONE', *, *, #1878, .F. ) ;
#2942 = DIRECTION ( 'NONE',  ( -1.000000000000000000, -0.000000000000000000, -6.505213034913024237E-15 ) ) ;
#2943 = DIRECTION ( 'NONE',  ( 0.000000000000000000, 0.000000000000000000, 1.000000000000000000 ) ) ;
#2944 = ADVANCED_FACE ( 'NONE', ( #5128 ), #9680, .F. ) ;
#2945 = FACE_OUTER_BOUND ( 'NONE', #3507, .T. ) ;
#2946 = ADVANCED_FACE ( 'NONE', ( #1262 ), #351, .T. ) ;
#2947 = VECTOR ( 'NONE', #4661, 1000.000000000000000 ) ;
#2948 = EDGE_LOOP ( 'NONE', ( #8828, #3069, #4537, #10003, #9814, #823 ) ) ;
#2949 = EDGE_LOOP ( 'NONE', ( #1399, #4066, #5161, #8795 ) ) ;
#2950 = VERTEX_POINT ( 'NONE', #9633 ) ;
#2951 = CARTESIAN_POINT ( 'NONE',  ( -0.3999999999999908629, 0.1500000000000000222, 1.367500000000000160 ) ) ;
#2952 = DIRECTION ( 'NONE',  ( 1.000000000000000000, 0.000000000000000000, 0.000000000000000000 ) ) ;
#2953 = CARTESIAN_POINT ( 'NONE',  ( -0.4390192378864674616, 0.2000000000000000111, -1.599999999999999867 ) ) ;
#2954 = VERTEX_POINT ( 'NONE', #4322 ) ;
#2955 = CARTESIAN_POINT ( 'NONE',  ( 0.5000000000000000000, 0.1500000000000000222, 0.7324999999999994849 ) ) ;
#2956 = VECTOR ( 'NONE', #5863, 1000.000000000000000 ) ;
#2957 = CARTESIAN_POINT ( 'NONE',  ( 0.2000000000000090039, 0.2000000000000000111, 1.200000000000000178 ) ) ;
#2958 = CARTESIAN_POINT ( 'NONE',  ( 0.4390192378864747891, 0.2000000000000000111, 0.3000000000000001554 ) ) ;
#2959 = FACE_OUTER_BOUND ( 'NONE', #1865, .T. ) ;
#2960 = EDGE_CURVE ( 'NONE', #5934, #3337, #7427, .T. ) ;
#2961 = ORIENTED_EDGE ( 'NONE', *, *, #697, .T. ) ;
#2962 = ORIENTED_EDGE ( 'NONE', *, *, #911, .T. ) ;
#2963 = AXIS2_PLACEMENT_3D ( 'NONE', #1692, #9550, #7941 ) ;
#2964 = DIRECTION ( 'NONE',  ( 0.000000000000000000, 1.000000000000000000, -0.000000000000000000 ) ) ;
#2965 = CARTESIAN_POINT ( 'NONE',  ( -0.4999999999999908962, 0.2000000000000000111, -0.7149999999999999689 ) ) ;
#2966 = DIRECTION ( 'NONE',  ( 0.8660254037844378194, 0.000000000000000000, 0.5000000000000013323 ) ) ;
#2967 = DIRECTION ( 'NONE',  ( 0.000000000000000000, 1.000000000000000000, -0.000000000000000000 ) ) ;
#2968 = ORIENTED_EDGE ( 'NONE', *, *, #8995, .T. ) ;
#2969 = EDGE_CURVE ( 'NONE', #7292, #4122, #1755, .T. ) ;
#2970 = DIRECTION ( 'NONE',  ( -0.000000000000000000, 0.000000000000000000, -1.000000000000000000 ) ) ;
#2971 =( NAMED_UNIT ( * ) SI_UNIT ( $, .STERADIAN. ) SOLID_ANGLE_UNIT ( ) );
#2972 = COLOUR_RGB ( '',0.7921568627450980005, 0.8196078431372548767, 0.9333333333333333481 ) ;
#2973 = LINE ( 'NONE', #5145, #5319 ) ;
#2974 = VECTOR ( 'NONE', #8454, 1000.000000000000000 ) ;
#2975 = FACE_OUTER_BOUND ( 'NONE', #2949, .T. ) ;
#2976 = ADVANCED_FACE ( 'NONE', ( #2699 ), #2647, .T. ) ;
#2977 = CARTESIAN_POINT ( 'NONE',  ( 0.000000000000000000, 0.05000000000000000278, 1.599999999999999867 ) ) ;
#2978 = CARTESIAN_POINT ( 'NONE',  ( -0.4390192378864674616, 0.2000000000000000111, -1.800000000000000044 ) ) ;
#2979 = LINE ( 'NONE', #4440, #3187 ) ;
#2980 = VECTOR ( 'NONE', #2952, 1000.000000000000000 ) ;
#2981 = ORIENTED_EDGE ( 'NONE', *, *, #8445, .T. ) ;
#2982 = CARTESIAN_POINT ( 'NONE',  ( -0.5000000000000002220, 0.2000000000000000111, 1.762499999999999734 ) ) ;
#2983 = DIRECTION ( 'NONE',  ( -0.000000000000000000, -1.000000000000000000, -0.000000000000000000 ) ) ;
#2984 = EDGE_CURVE ( 'NONE', #5205, #3077, #7281, .T. ) ;
#2985 = LINE ( 'NONE', #7706, #9576 ) ;
#2986 = VECTOR ( 'NONE', #7353, 1000.000000000000000 ) ;
#2987 = EDGE_LOOP ( 'NONE', ( #779, #5578, #4826, #5037 ) ) ;
#2988 = VECTOR ( 'NONE', #2351, 1000.000000000000000 ) ;
#2989 = DIRECTION ( 'NONE',  ( 0.000000000000000000, 1.000000000000000000, 0.000000000000000000 ) ) ;
#2990 = EDGE_LOOP ( 'NONE', ( #501, #632, #166, #5686 ) ) ;
#2991 = EDGE_CURVE ( 'NONE', #9136, #7666, #6716, .T. ) ;
#2992 = SURFACE_STYLE_FILL_AREA ( #3601 ) ;
#2993 = CARTESIAN_POINT ( 'NONE',  ( 0.4999999999999997780, 0.000000000000000000, 1.385000000000000231 ) ) ;
#2994 = ORIENTED_EDGE ( 'NONE', *, *, #5359, .T. ) ;
#2995 = CARTESIAN_POINT ( 'NONE',  ( 0.000000000000000000, 0.05000000000000000278, -1.800000000000000044 ) ) ;
#2996 = VECTOR ( 'NONE', #4780, 1000.000000000000000 ) ;
#2997 = ORIENTED_EDGE ( 'NONE', *, *, #1836, .F. ) ;
#2998 = VECTOR ( 'NONE', #8314, 1000.000000000000000 ) ;
#2999 = ORIENTED_EDGE ( 'NONE', *, *, #2765, .F. ) ;
#3000 = DIRECTION ( 'NONE',  ( -1.000000000000000000, 0.000000000000000000, 0.000000000000000000 ) ) ;
#3001 = CARTESIAN_POINT ( 'NONE',  ( 0.5000000000000091038, 0.2000000000000000111, 0.3150000000000001688 ) ) ;
#3002 = CARTESIAN_POINT ( 'NONE',  ( 0.06749999999999997669, 0.2000000000000000111, -1.899999999999999911 ) ) ;
#3003 = VERTEX_POINT ( 'NONE', #2855 ) ;
#3004 = CARTESIAN_POINT ( 'NONE',  ( -0.4649999999999825384, 0.2000000000000000111, -0.08500000000000022815 ) ) ;
#3005 = EDGE_CURVE ( 'NONE', #3337, #9490, #5945, .T. ) ;
#3006 = FACE_OUTER_BOUND ( 'NONE', #7972, .T. ) ;
#3007 = EDGE_LOOP ( 'NONE', ( #10025, #4849, #4391, #7923 ) ) ;
#3008 = DIRECTION ( 'NONE',  ( 6.195440985631458867E-15, -0.000000000000000000, 1.000000000000000000 ) ) ;
#3009 = AXIS2_PLACEMENT_3D ( 'NONE', #4633, #1675, #7873 ) ;
#3010 = LINE ( 'NONE', #2239, #8796 ) ;
#3011 = DIRECTION ( 'NONE',  ( -1.000000000000000000, 0.000000000000000000, 0.000000000000000000 ) ) ;
#3012 = DIRECTION ( 'NONE',  ( 1.000000000000000000, 0.000000000000000000, -6.195440985631458867E-15 ) ) ;
#3013 = ORIENTED_EDGE ( 'NONE', *, *, #3793, .F. ) ;
#3014 = ORIENTED_EDGE ( 'NONE', *, *, #782, .F. ) ;
#3015 = ORIENTED_EDGE ( 'NONE', *, *, #9923, .F. ) ;
#3016 = ORIENTED_EDGE ( 'NONE', *, *, #2266, .T. ) ;
#3017 = CARTESIAN_POINT ( 'NONE',  ( 0.4390192378864654077, 0.2000000000000000111, 1.400000000000000133 ) ) ;
#3018 = VERTEX_POINT ( 'NONE', #9577 ) ;
#3019 = CARTESIAN_POINT ( 'NONE',  ( -0.4649999999999908651, 0.2000000000000000111, -0.7149999999999997469 ) ) ;
#3020 = LINE ( 'NONE', #5141, #9622 ) ;
#3021 = DIRECTION ( 'NONE',  ( 0.000000000000000000, -1.000000000000000000, 0.000000000000000000 ) ) ;
#3022 = AXIS2_PLACEMENT_3D ( 'NONE', #6691, #7601, #2060 ) ;
#3023 = SURFACE_STYLE_USAGE ( .BOTH. , #5245 ) ;
#3024 = ADVANCED_FACE ( 'NONE', ( #8827 ), #6922, .F. ) ;
#3025 = ORIENTED_EDGE ( 'NONE', *, *, #7799, .T. ) ;
#3026 = FACE_OUTER_BOUND ( 'NONE', #8370, .T. ) ;
#3027 = VECTOR ( 'NONE', #8205, 1000.000000000000000 ) ;
#3028 = DIRECTION ( 'NONE',  ( -0.000000000000000000, -0.000000000000000000, 1.000000000000000000 ) ) ;
#3029 = FACE_OUTER_BOUND ( 'NONE', #4498, .T. ) ;
#3030 = CARTESIAN_POINT ( 'NONE',  ( 0.06749999999999997669, 0.2000000000000000111, -1.899999999999999911 ) ) ;
#3031 = CARTESIAN_POINT ( 'NONE',  ( -0.4999999999999908962, 0.1500000000000000222, 1.367499999999999494 ) ) ;
#3032 = EDGE_CURVE ( 'NONE', #2833, #7308, #593, .T. ) ;
#3033 = VERTEX_POINT ( 'NONE', #1457 ) ;
#3034 = LINE ( 'NONE', #2413, #7897 ) ;
#3035 = DIRECTION ( 'NONE',  ( -5.421010862427973793E-16, 0.000000000000000000, -1.000000000000000000 ) ) ;
#3036 = CARTESIAN_POINT ( 'NONE',  ( 0.4999999999999997780, 0.1500000000000000222, 1.767499999999999627 ) ) ;
#3037 = CARTESIAN_POINT ( 'NONE',  ( -0.06749999999999997669, 0.2000000000000000111, -1.899999999999999911 ) ) ;
#3038 = ORIENTED_EDGE ( 'NONE', *, *, #7870, .T. ) ;
#3039 = LINE ( 'NONE', #8350, #4705 ) ;
#3040 = ORIENTED_EDGE ( 'NONE', *, *, #2829, .F. ) ;
#3041 = CARTESIAN_POINT ( 'NONE',  ( -0.3999999999999907518, 0.2000000000000000111, -0.3325000000000000178 ) ) ;
#3042 = DIRECTION ( 'NONE',  ( 0.000000000000000000, 0.000000000000000000, 1.000000000000000000 ) ) ;
#3043 = ORIENTED_EDGE ( 'NONE', *, *, #9327, .T. ) ;
#3044 = EDGE_CURVE ( 'NONE', #1143, #9507, #645, .T. ) ;
#3045 = LINE ( 'NONE', #2995, #2974 ) ;
#3046 = AXIS2_PLACEMENT_3D ( 'NONE', #8068, #8678, #3363 ) ;
#3047 = VERTEX_POINT ( 'NONE', #2234 ) ;
#3048 = EDGE_CURVE ( 'NONE', #8682, #2229, #694, .T. ) ;
#3049 = ORIENTED_EDGE ( 'NONE', *, *, #5356, .T. ) ;
#3050 = LINE ( 'NONE', #7517, #3059 ) ;
#3051 = FACE_OUTER_BOUND ( 'NONE', #4450, .T. ) ;
#3052 = ORIENTED_EDGE ( 'NONE', *, *, #6159, .T. ) ;
#3053 = CARTESIAN_POINT ( 'NONE',  ( -0.4390192378864674616, 0.2000000000000000111, -1.800000000000000044 ) ) ;
#3054 = DIRECTION ( 'NONE',  ( -1.000000000000000000, 0.000000000000000000, 0.000000000000000000 ) ) ;
#3055 = DIRECTION ( 'NONE',  ( -1.000000000000000000, 0.000000000000000000, 0.000000000000000000 ) ) ;
#3056 = VECTOR ( 'NONE', #7231, 1000.000000000000114 ) ;
#3057 = ORIENTED_EDGE ( 'NONE', *, *, #8327, .F. ) ;
#3058 = DIRECTION ( 'NONE',  ( -2.710505431213760099E-16, 0.000000000000000000, -1.000000000000000000 ) ) ;
#3059 = VECTOR ( 'NONE', #542, 1000.000000000000114 ) ;
#3060 = LINE ( 'NONE', #9234, #7232 ) ;
#3061 = DIRECTION ( 'NONE',  ( 0.000000000000000000, -1.000000000000000000, 0.000000000000000000 ) ) ;
#3062 = APPLICATION_CONTEXT ( 'automotive_design' ) ;
#3063 = LINE ( 'NONE', #6406, #5558 ) ;
#3064 = ORIENTED_EDGE ( 'NONE', *, *, #9890, .T. ) ;
#3065 = ADVANCED_FACE ( 'NONE', ( #3661 ), #7673, .F. ) ;
#3066 = ORIENTED_EDGE ( 'NONE', *, *, #4055, .F. ) ;
#3067 = VECTOR ( 'NONE', #2917, 1000.000000000000000 ) ;
#3068 = VECTOR ( 'NONE', #8182, 1000.000000000000000 ) ;
#3069 = ORIENTED_EDGE ( 'NONE', *, *, #6436, .T. ) ;
#3070 = ORIENTED_EDGE ( 'NONE', *, *, #9091, .F. ) ;
#3071 = DIRECTION ( 'NONE',  ( 0.000000000000000000, -0.000000000000000000, -1.000000000000000000 ) ) ;
#3072 = EDGE_LOOP ( 'NONE', ( #2367, #4405, #2638, #4267, #1511, #1625 ) ) ;
#3073 = EDGE_CURVE ( 'NONE', #3820, #8322, #4463, .T. ) ;
#3074 = CARTESIAN_POINT ( 'NONE',  ( -0.5000000000000002220, 0.1999999999999999833, -1.699999999999999956 ) ) ;
#3075 = DIRECTION ( 'NONE',  ( 0.000000000000000000, -1.000000000000000000, 0.000000000000000000 ) ) ;
#3076 = VECTOR ( 'NONE', #1175, 1000.000000000000000 ) ;
#3077 = VERTEX_POINT ( 'NONE', #4620 ) ;
#3078 = ADVANCED_FACE ( 'NONE', ( #2129 ), #3719, .T. ) ;
#3079 = ORIENTED_EDGE ( 'NONE', *, *, #4985, .T. ) ;
#3080 = EDGE_CURVE ( 'NONE', #5124, #3145, #3819, .T. ) ;
#3081 = CIRCLE ( 'NONE', #9056, 0.07499999999999998335 ) ;
#3082 = DIRECTION ( 'NONE',  ( 0.000000000000000000, 1.000000000000000000, 0.000000000000000000 ) ) ;
#3083 = ADVANCED_FACE ( 'NONE', ( #3006 ), #5385, .F. ) ;
#3084 = PRODUCT_RELATED_PRODUCT_CATEGORY ( 'part', '', ( #7109 ) ) ;
#3085 = DIRECTION ( 'NONE',  ( 0.000000000000000000, 1.000000000000000000, 0.000000000000000000 ) ) ;
#3086 = LINE ( 'NONE', #6177, #3892 ) ;
#3087 = CARTESIAN_POINT ( 'NONE',  ( -0.5000000000000002220, 0.2000000000000000111, -1.784999999999999920 ) ) ;
#3088 = ORIENTED_EDGE ( 'NONE', *, *, #9566, .T. ) ;
#3089 = DIRECTION ( 'NONE',  ( 0.000000000000000000, 0.000000000000000000, 1.000000000000000000 ) ) ;
#3090 = CARTESIAN_POINT ( 'NONE',  ( 0.000000000000000000, 0.2000000000000000111, 0.000000000000000000 ) ) ;
#3091 = LINE ( 'NONE', #4600, #8290 ) ;
#3092 = VERTEX_POINT ( 'NONE', #3868 ) ;
#3093 = DIRECTION ( 'NONE',  ( -0.8660254037844509201, 0.000000000000000000, -0.4999999999999786837 ) ) ;
#3094 = ORIENTED_EDGE ( 'NONE', *, *, #3109, .F. ) ;
#3095 = EDGE_CURVE ( 'NONE', #2043, #5334, #9078, .T. ) ;
#3096 = LINE ( 'NONE', #9314, #2042 ) ;
#3097 = ORIENTED_EDGE ( 'NONE', *, *, #8033, .F. ) ;
#3098 = CARTESIAN_POINT ( 'NONE',  ( 0.3999999999999998002, 0.1500000000000000222, 0.7324999999999995959 ) ) ;
#3099 = ORIENTED_EDGE ( 'NONE', *, *, #5175, .T. ) ;
#3100 = ORIENTED_EDGE ( 'NONE', *, *, #9036, .F. ) ;
#3101 = CARTESIAN_POINT ( 'NONE',  ( 0.3999999999999999112, 0.1500000000000000222, 0.06750000000000003220 ) ) ;
#3102 = ORIENTED_EDGE ( 'NONE', *, *, #897, .F. ) ;
#3103 = DIRECTION ( 'NONE',  ( 0.000000000000000000, 0.000000000000000000, -1.000000000000000000 ) ) ;
#3104 = FACE_OUTER_BOUND ( 'NONE', #489, .T. ) ;
#3105 = ORIENTED_EDGE ( 'NONE', *, *, #7255, .F. ) ;
#3106 = DIRECTION ( 'NONE',  ( 0.8660254037844509201, 0.000000000000000000, -0.4999999999999786837 ) ) ;
#3107 = FACE_OUTER_BOUND ( 'NONE', #4140, .T. ) ;
#3108 = ORIENTED_EDGE ( 'NONE', *, *, #4745, .F. ) ;
#3109 = EDGE_CURVE ( 'NONE', #3656, #809, #5228, .T. ) ;
#3110 = DIRECTION ( 'NONE',  ( 1.000000000000000000, 0.000000000000000000, -1.626303258728391941E-15 ) ) ;
#3111 = CARTESIAN_POINT ( 'NONE',  ( -5.266124837786921909E-16, 0.05000000000000000278, 0.08500000000000311473 ) ) ;
#3112 = VECTOR ( 'NONE', #4604, 1000.000000000000000 ) ;
#3113 = EDGE_LOOP ( 'NONE', ( #6223, #6109, #9858, #7379 ) ) ;
#3114 = EDGE_LOOP ( 'NONE', ( #3049, #9168, #7552, #9821, #725, #3549, #7021, #5511, #7510, #9011, #3142, #2743, #5429, #6764, #5380, #1664, #1517, #8984, #3163, #1412, #7714, #2687, #3475, #9977, #1053, #3373, #4601, #4852 ) ) ;
#3115 = VERTEX_POINT ( 'NONE', #9177 ) ;
#3116 = DIRECTION ( 'NONE',  ( -1.355252715606755804E-16, 0.000000000000000000, 1.000000000000000000 ) ) ;
#3117 = EDGE_LOOP ( 'NONE', ( #6914, #579, #6087, #2291 ) ) ;
#3118 = VECTOR ( 'NONE', #9468, 1000.000000000000000 ) ;
#3119 = FACE_BOUND ( 'NONE', #4629, .T. ) ;
#3120 = ORIENTED_EDGE ( 'NONE', *, *, #6419, .T. ) ;
#3121 = EDGE_CURVE ( 'NONE', #2229, #5806, #8413, .T. ) ;
#3122 = CARTESIAN_POINT ( 'NONE',  ( 0.4649999999999997469, 0.2000000000000000111, -1.385000000000000453 ) ) ;
#3123 = CARTESIAN_POINT ( 'NONE',  ( -0.4390192378864581357, 0.2000000000000000111, 0.6999999999999998446 ) ) ;
#3124 = LINE ( 'NONE', #6220, #5912 ) ;
#3125 = ADVANCED_FACE ( 'NONE', ( #1305 ), #6097, .F. ) ;
#3126 = ORIENTED_EDGE ( 'NONE', *, *, #2306, .F. ) ;
#3127 = VECTOR ( 'NONE', #1135, 1000.000000000000000 ) ;
#3128 = ADVANCED_FACE ( 'NONE', ( #3107 ), #5280, .T. ) ;
#3129 = DIRECTION ( 'NONE',  ( 1.000000000000000000, -0.000000000000000000, -1.084202172485502265E-15 ) ) ;
#3130 = EDGE_CURVE ( 'NONE', #6560, #9043, #7574, .T. ) ;
#3131 = DIRECTION ( 'NONE',  ( 0.000000000000000000, -1.000000000000000000, 0.000000000000000000 ) ) ;
#3132 = DIRECTION ( 'NONE',  ( 0.000000000000000000, -1.000000000000000000, 0.000000000000000000 ) ) ;
#3133 = PRESENTATION_LAYER_ASSIGNMENT (  '', '', ( #7672 ) ) ;
#3134 = CARTESIAN_POINT ( 'NONE',  ( -0.1999999999999908795, 0.2000000000000000111, -0.7999999999999999334 ) ) ;
#3135 = DIRECTION ( 'NONE',  ( -4.015563601798163822E-16, 0.000000000000000000, -1.000000000000000000 ) ) ;
#3136 = DIRECTION ( 'NONE',  ( 1.000000000000000000, 0.000000000000000000, 6.195440985631458078E-15 ) ) ;
#3137 = LINE ( 'NONE', #9311, #7645 ) ;
#3138 = ORIENTED_EDGE ( 'NONE', *, *, #2451, .F. ) ;
#3139 = ADVANCED_FACE ( 'NONE', ( #1404 ), #7626, .F. ) ;
#3140 = AXIS2_PLACEMENT_3D ( 'NONE', #3818, #9124, #644 ) ;
#3141 = DIRECTION ( 'NONE',  ( 1.000000000000000000, 0.000000000000000000, 0.000000000000000000 ) ) ;
#3142 = ORIENTED_EDGE ( 'NONE', *, *, #8813, .T. ) ;
#3143 = DIRECTION ( 'NONE',  ( 0.000000000000000000, 0.000000000000000000, 1.000000000000000000 ) ) ;
#3144 = ORIENTED_EDGE ( 'NONE', *, *, #4763, .T. ) ;
#3145 = VERTEX_POINT ( 'NONE', #9421 ) ;
#3146 = CARTESIAN_POINT ( 'NONE',  ( -0.4999999999999908962, 0.2000000000000000111, 0.7149999999999999689 ) ) ;
#3147 = VECTOR ( 'NONE', #2133, 1000.000000000000000 ) ;
#3148 = VECTOR ( 'NONE', #7904, 1000.000000000000000 ) ;
#3149 = CARTESIAN_POINT ( 'NONE',  ( 0.5000000000000000000, 0.2000000000000000111, 0.8675000000000002709 ) ) ;
#3150 = LINE ( 'NONE', #6251, #6353 ) ;
#3151 = EDGE_LOOP ( 'NONE', ( #7259, #486, #5001, #8171, #1561, #8048 ) ) ;
#3152 = LINE ( 'NONE', #6254, #4837 ) ;
#3153 = CARTESIAN_POINT ( 'NONE',  ( 0.2000000000000090317, 0.2000000000000000111, 1.362500000000000044 ) ) ;
#3154 = CARTESIAN_POINT ( 'NONE',  ( 0.2000000000000090317, 0.000000000000000000, -1.400000000000000133 ) ) ;
#3155 = VERTEX_POINT ( 'NONE', #3154 ) ;
#3156 = DIRECTION ( 'NONE',  ( 0.000000000000000000, 0.000000000000000000, 1.000000000000000000 ) ) ;
#3157 = VECTOR ( 'NONE', #633, 1000.000000000000000 ) ;
#3158 = FACE_OUTER_BOUND ( 'NONE', #5596, .T. ) ;
#3159 = VECTOR ( 'NONE', #7576, 1000.000000000000000 ) ;
#3160 = PRESENTATION_STYLE_ASSIGNMENT (( #34 ) ) ;
#3161 = VERTEX_POINT ( 'NONE', #9471 ) ;
#3162 = VERTEX_POINT ( 'NONE', #6256 ) ;
#3163 = ORIENTED_EDGE ( 'NONE', *, *, #6770, .T. ) ;
#3164 = EDGE_CURVE ( 'NONE', #9877, #6212, #8668, .T. ) ;
#3165 = CARTESIAN_POINT ( 'NONE',  ( -0.1999999999999825528, 0.2000000000000000111, 0.1000000000000000472 ) ) ;
#3166 = ORIENTED_EDGE ( 'NONE', *, *, #46, .F. ) ;
#3167 =( GEOMETRIC_REPRESENTATION_CONTEXT ( 3 ) GLOBAL_UNCERTAINTY_ASSIGNED_CONTEXT ( ( #4942 ) ) GLOBAL_UNIT_ASSIGNED_CONTEXT ( ( #6522, #8883, #8028 ) ) REPRESENTATION_CONTEXT ( 'NONE', 'WORKASPACE' ) );
#3168 = VECTOR ( 'NONE', #8529, 1000.000000000000000 ) ;
#3169 = LINE ( 'NONE', #852, #1258 ) ;
#3170 = EDGE_LOOP ( 'NONE', ( #8713, #4442, #3861, #3563 ) ) ;
#3171 = CARTESIAN_POINT ( 'NONE',  ( 0.5000000000000091038, 0.1500000000000000222, 0.06750000000000001832 ) ) ;
#3172 = DIRECTION ( 'NONE',  ( -0.000000000000000000, -1.000000000000000000, -0.000000000000000000 ) ) ;
#3173 = LINE ( 'NONE', #5509, #9146 ) ;
#3174 = VECTOR ( 'NONE', #9331, 1000.000000000000000 ) ;
#3175 = EDGE_CURVE ( 'NONE', #3018, #494, #2534, .T. ) ;
#3176 = LINE ( 'NONE', #6890, #7596 ) ;
#3177 = DIRECTION ( 'NONE',  ( -6.195440985631447034E-15, 0.000000000000000000, 1.000000000000000000 ) ) ;
#3178 = ADVANCED_FACE ( 'NONE', ( #30 ), #7908, .F. ) ;
#3179 = CARTESIAN_POINT ( 'NONE',  ( -0.1999999999999825528, 0.2000000000000000111, 0.1000000000000000472 ) ) ;
#3180 = DIRECTION ( 'NONE',  ( 0.000000000000000000, 0.000000000000000000, -1.000000000000000000 ) ) ;
#3181 = VECTOR ( 'NONE', #9476, 1000.000000000000114 ) ;
#3182 = ADVANCED_FACE ( 'NONE', ( #2383 ), #946, .T. ) ;
#3183 = PLANE ( 'NONE',  #2566 ) ;
#3184 = CARTESIAN_POINT ( 'NONE',  ( -0.06749999999999997669, 0.1500000000000000222, -1.899999999999999911 ) ) ;
#3185 = FACE_OUTER_BOUND ( 'NONE', #5088, .T. ) ;
#3186 = ORIENTED_EDGE ( 'NONE', *, *, #9515, .F. ) ;
#3187 = VECTOR ( 'NONE', #4344, 1000.000000000000000 ) ;
#3188 = FILL_AREA_STYLE_COLOUR ( '', #1347 ) ;
#3189 = LINE ( 'NONE', #1646, #2210 ) ;
#3190 = EDGE_LOOP ( 'NONE', ( #6546, #9919, #3371, #3907 ) ) ;
#3191 = DIRECTION ( 'NONE',  ( -0.000000000000000000, -1.000000000000000000, -0.000000000000000000 ) ) ;
#3192 = VERTEX_POINT ( 'NONE', #9373 ) ;
#3193 = ORIENTED_EDGE ( 'NONE', *, *, #2414, .F. ) ;
#3194 = CARTESIAN_POINT ( 'NONE',  ( 0.2000000000000090317, 0.2000000000000000111, -1.400000000000000133 ) ) ;
#3195 = EDGE_CURVE ( 'NONE', #8720, #48, #3351, .T. ) ;
#3196 = CARTESIAN_POINT ( 'NONE',  ( 0.000000000000000000, 0.2000000000000000111, 0.000000000000000000 ) ) ;
#3197 = DIRECTION ( 'NONE',  ( -6.195440985631447034E-15, 0.000000000000000000, -1.000000000000000000 ) ) ;
#3198 = EDGE_LOOP ( 'NONE', ( #3583, #6653, #2377, #1950 ) ) ;
#3199 = PLANE ( 'NONE',  #7984 ) ;
#3200 = CARTESIAN_POINT ( 'NONE',  ( -0.4390192378864497535, 0.2000000000000000111, -0.1000000000000000472 ) ) ;
#3202 = ORIENTED_EDGE ( 'NONE', *, *, #1504, .F. ) ;
#3201 = EDGE_CURVE ( 'NONE', #9148, #3832, #2480, .T. ) ;
#3203 = LINE ( 'NONE', #698, #219 ) ;
#3204 = CLOSED_SHELL ( 'NONE', ( #3444, #9, #7415, #3178, #9547, #1282, #6921, #840, #4453, #220, #5943, #4638 ) ) ;
#3205 = CARTESIAN_POINT ( 'NONE',  ( -0.5000000000000002220, 0.05000000000000000278, -1.899999999999999911 ) ) ;
#3206 =( NAMED_UNIT ( * ) SI_UNIT ( $, .STERADIAN. ) SOLID_ANGLE_UNIT ( ) );
#3207 = ORIENTED_EDGE ( 'NONE', *, *, #6706, .T. ) ;
#3208 = ORIENTED_EDGE ( 'NONE', *, *, #5994, .T. ) ;
#3209 = ORIENTED_EDGE ( 'NONE', *, *, #7989, .T. ) ;
#3210 = FACE_OUTER_BOUND ( 'NONE', #9410, .T. ) ;
#3211 = AXIS2_PLACEMENT_3D ( 'NONE', #6249, #9414, #8557 ) ;
#3212 = DIRECTION ( 'NONE',  ( -1.000000000000000000, 0.000000000000000000, -0.000000000000000000 ) ) ;
#3213 = LINE ( 'NONE', #9533, #2092 ) ;
#3214 = PLANE ( 'NONE',  #3009 ) ;
#3215 = PLANE ( 'NONE',  #8651 ) ;
#3216 = EDGE_CURVE ( 'NONE', #358, #6571, #4064, .T. ) ;
#3217 = AXIS2_PLACEMENT_3D ( 'NONE', #4515, #3767, #3911 ) ;
#3218 = ORIENTED_EDGE ( 'NONE', *, *, #999, .F. ) ;
#3219 = ORIENTED_EDGE ( 'NONE', *, *, #467, .T. ) ;
#3220 = CARTESIAN_POINT ( 'NONE',  ( -0.4390192378864581357, 0.2000000000000000111, 0.6999999999999998446 ) ) ;
#3221 = VECTOR ( 'NONE', #6567, 1000.000000000000000 ) ;
#3222 = VECTOR ( 'NONE', #9863, 1000.000000000000000 ) ;
#3223 = DIRECTION ( 'NONE',  ( 0.000000000000000000, 0.000000000000000000, -1.000000000000000000 ) ) ;
#3224 = DIRECTION ( 'NONE',  ( -0.000000000000000000, 1.000000000000000000, -0.000000000000000000 ) ) ;
#3225 = EDGE_CURVE ( 'NONE', #6424, #10033, #767, .T. ) ;
#3226 = VECTOR ( 'NONE', #6045, 1000.000000000000000 ) ;
#3227 = PRESENTATION_LAYER_ASSIGNMENT (  '', '', ( #1930 ) ) ;
#3228 = EDGE_CURVE ( 'NONE', #6409, #6424, #7164, .T. ) ;
#3229 = ORIENTED_EDGE ( 'NONE', *, *, #520, .T. ) ;
#3230 = CARTESIAN_POINT ( 'NONE',  ( 0.2000000000000183575, 0.2000000000000000111, 0.4625000000000001887 ) ) ;
#3231 =( NAMED_UNIT ( * ) PLANE_ANGLE_UNIT ( ) SI_UNIT ( $, .RADIAN. ) );
#3232 = PLANE ( 'NONE',  #2963 ) ;
#3233 = CARTESIAN_POINT ( 'NONE',  ( 0.3999999999999997446, 0.1500000000000000222, -1.767500000000000071 ) ) ;
#3234 = ORIENTED_EDGE ( 'NONE', *, *, #9499, .F. ) ;
#3235 = ADVANCED_FACE ( 'NONE', ( #2431 ), #1760, .F. ) ;
#3236 = DIRECTION ( 'NONE',  ( -1.355252715606880049E-16, -0.000000000000000000, 1.000000000000000000 ) ) ;
#3237 = DIRECTION ( 'NONE',  ( -1.000000000000000000, 0.000000000000000000, 0.000000000000000000 ) ) ;
#3238 = ADVANCED_FACE ( 'NONE', ( #7065 ), #5538, .T. ) ;
#3239 = ORIENTED_EDGE ( 'NONE', *, *, #876, .T. ) ;
#3240 = LINE ( 'NONE', #117, #7193 ) ;
#3241 = EDGE_LOOP ( 'NONE', ( #1644, #5868, #8193, #6145, #140, #1944 ) ) ;
#3242 = VERTEX_POINT ( 'NONE', #7858 ) ;
#3243 = DIRECTION ( 'NONE',  ( 0.000000000000000000, 1.000000000000000000, 0.000000000000000000 ) ) ;
#3244 = EDGE_CURVE ( 'NONE', #9767, #8977, #4112, .T. ) ;
#3245 = FACE_OUTER_BOUND ( 'NONE', #2424, .T. ) ;
#3246 = CARTESIAN_POINT ( 'NONE',  ( 0.4649999999999997469, 0.2000000000000000111, -1.385000000000000453 ) ) ;
#3247 = ORIENTED_EDGE ( 'NONE', *, *, #8437, .F. ) ;
#3248 = CARTESIAN_POINT ( 'NONE',  ( -0.2000000000000003164, 0.2000000000000000111, 1.637500000000000178 ) ) ;
#3249 = DIRECTION ( 'NONE',  ( -0.4999999999999786837, 0.000000000000000000, 0.8660254037844510311 ) ) ;
#3250 = CARTESIAN_POINT ( 'NONE',  ( -0.5000000000000002220, 0.2000000000000000111, -1.614999999999999991 ) ) ;
#3251 = EDGE_LOOP ( 'NONE', ( #2708, #6838, #2021, #4165 ) ) ;
#3252 = EDGE_CURVE ( 'NONE', #785, #6084, #121, .T. ) ;
#3253 = LINE ( 'NONE', #6351, #9291 ) ;
#3254 = CARTESIAN_POINT ( 'NONE',  ( -0.2000000000000002609, 0.2000000000000000111, -1.800000000000000044 ) ) ;
#3255 = CARTESIAN_POINT ( 'NONE',  ( 0.000000000000000000, 0.000000000000000000, 0.000000000000000000 ) ) ;
#3256 = VERTEX_POINT ( 'NONE', #8810 ) ;
#3257 = ORIENTED_EDGE ( 'NONE', *, *, #3689, .F. ) ;
#3258 = VERTEX_POINT ( 'NONE', #1097 ) ;
#3259 = CARTESIAN_POINT ( 'NONE',  ( -0.2000000000000003164, 0.2000000000000000111, -1.637500000000000178 ) ) ;
#3260 = EDGE_CURVE ( 'NONE', #1390, #164, #4212, .T. ) ;
#3261 = FACE_OUTER_BOUND ( 'NONE', #2881, .T. ) ;
#3262 = LINE ( 'NONE', #6361, #366 ) ;
#3263 = LINE ( 'NONE', #2396, #5660 ) ;
#3264 = VERTEX_POINT ( 'NONE', #5777 ) ;
#3265 = VECTOR ( 'NONE', #101, 1000.000000000000000 ) ;
#3266 = PLANE ( 'NONE',  #208 ) ;
#3267 = EDGE_CURVE ( 'NONE', #2486, #7063, #1197, .T. ) ;
#3268 = LINE ( 'NONE', #3889, #2996 ) ;
#3269 = ORIENTED_EDGE ( 'NONE', *, *, #6846, .F. ) ;
#3270 = EDGE_LOOP ( 'NONE', ( #9784, #8962, #3108, #3399 ) ) ;
#3271 = AXIS2_PLACEMENT_3D ( 'NONE', #6148, #4008, #8510 ) ;
#3272 = DIRECTION ( 'NONE',  ( 0.8660254037844378194, 0.000000000000000000, -0.5000000000000013323 ) ) ;
#3273 = ORIENTED_EDGE ( 'NONE', *, *, #3424, .F. ) ;
#3274 = DIRECTION ( 'NONE',  ( 0.000000000000000000, 0.000000000000000000, -1.000000000000000000 ) ) ;
#3275 = DIRECTION ( 'NONE',  ( 1.000000000000000000, 0.000000000000000000, -6.195440985631458078E-15 ) ) ;
#3276 = VECTOR ( 'NONE', #7658, 1000.000000000000000 ) ;
#3277 = CARTESIAN_POINT ( 'NONE',  ( -0.1999999999999908795, 0.04999999999999999584, -0.9000000000000000222 ) ) ;
#3278 = ADVANCED_FACE ( 'NONE', ( #3404 ), #9563, .F. ) ;
#3279 = PRESENTATION_LAYER_ASSIGNMENT (  '', '', ( #2798 ) ) ;
#3280 = PLANE ( 'NONE',  #7017 ) ;
#3281 = CARTESIAN_POINT ( 'NONE',  ( -0.3999999999999908629, 0.1500000000000000222, -1.367500000000000160 ) ) ;
#3282 = CARTESIAN_POINT ( 'NONE',  ( -0.1999999999999908795, 0.2000000000000000111, 0.9000000000000000222 ) ) ;
#3283 = ORIENTED_EDGE ( 'NONE', *, *, #8248, .F. ) ;
#3284 = PRESENTATION_STYLE_ASSIGNMENT (( #7152 ) ) ;
#3285 = DIRECTION ( 'NONE',  ( -0.000000000000000000, -1.000000000000000000, -0.000000000000000000 ) ) ;
#3286 = ORIENTED_EDGE ( 'NONE', *, *, #8918, .T. ) ;
#3287 = ORIENTED_EDGE ( 'NONE', *, *, #1226, .T. ) ;
#3288 = VERTEX_POINT ( 'NONE', #9713 ) ;
#3289 = EDGE_CURVE ( 'NONE', #3656, #9831, #1150, .T. ) ;
#3290 = CARTESIAN_POINT ( 'NONE',  ( 0.5000000000000091038, 0.2000000000000000111, 0.06250000000000000000 ) ) ;
#3291 = CARTESIAN_POINT ( 'NONE',  ( 0.3999999999999998002, 0.2000000000000000111, 0.7324999999999995959 ) ) ;
#3292 = CARTESIAN_POINT ( 'NONE',  ( 0.000000000000000000, 0.2000000000000000111, 0.000000000000000000 ) ) ;
#3293 = ORIENTED_EDGE ( 'NONE', *, *, #2110, .F. ) ;
#3294 = LINE ( 'NONE', #9470, #9517 ) ;
#3295 = VECTOR ( 'NONE', #2966, 1000.000000000000114 ) ;
#3296 = EDGE_CURVE ( 'NONE', #3192, #5003, #1807, .T. ) ;
#3297 = CARTESIAN_POINT ( 'NONE',  ( -0.4390192378864497535, 0.2000000000000000111, -0.1000000000000000472 ) ) ;
#3298 = LINE ( 'NONE', #889, #811 ) ;
#3299 = EDGE_LOOP ( 'NONE', ( #8220, #8637, #2607, #9724 ) ) ;
#3300 = CARTESIAN_POINT ( 'NONE',  ( 0.2000000000000183853, 0.2000000000000000111, 0.3000000000000001554 ) ) ;
#3301 = CARTESIAN_POINT ( 'NONE',  ( -0.1999999999999825528, 0.2000000000000000111, -0.1000000000000000472 ) ) ;
#3302 = SURFACE_SIDE_STYLE ('',( #1106 ) ) ;
#3303 = VECTOR ( 'NONE', #5231, 1000.000000000000114 ) ;
#3304 = ORIENTED_EDGE ( 'NONE', *, *, #537, .F. ) ;
#3305 = VECTOR ( 'NONE', #3172, 1000.000000000000000 ) ;
#3306 = VERTEX_POINT ( 'NONE', #7408 ) ;
#3307 = ORIENTED_EDGE ( 'NONE', *, *, #9265, .T. ) ;
#3308 = ADVANCED_FACE ( 'NONE', ( #4962 ), #5830, .F. ) ;
#3309 = DIRECTION ( 'NONE',  ( -0.000000000000000000, 0.000000000000000000, 1.000000000000000000 ) ) ;
#3310 = DIRECTION ( 'NONE',  ( 0.5000000000000014433, 0.000000000000000000, 0.8660254037844379305 ) ) ;
#3311 = CARTESIAN_POINT ( 'NONE',  ( 0.4999999999999997780, 0.2000000000000000111, 1.767499999999999627 ) ) ;
#3312 = CARTESIAN_POINT ( 'NONE',  ( -0.3999999999999908629, 0.1500000000000000222, 1.367500000000000160 ) ) ;
#3313 = ORIENTED_EDGE ( 'NONE', *, *, #7903, .T. ) ;
#3314 = CARTESIAN_POINT ( 'NONE',  ( 0.06749999999999997669, 0.1500000000000000222, 1.899999999999999911 ) ) ;
#3315 =( GEOMETRIC_REPRESENTATION_CONTEXT ( 3 ) GLOBAL_UNCERTAINTY_ASSIGNED_CONTEXT ( ( #9497 ) ) GLOBAL_UNIT_ASSIGNED_CONTEXT ( ( #8916, #3552, #5167 ) ) REPRESENTATION_CONTEXT ( 'NONE', 'WORKASPACE' ) );
#3316 = VECTOR ( 'NONE', #7150, 1000.000000000000000 ) ;
#3317 = DIRECTION ( 'NONE',  ( 6.195440985631458867E-15, 0.000000000000000000, -1.000000000000000000 ) ) ;
#3318 = LINE ( 'NONE', #1, #550 ) ;
#3319 = ORIENTED_EDGE ( 'NONE', *, *, #46, .T. ) ;
#3320 = VECTOR ( 'NONE', #9986, 1000.000000000000000 ) ;
#3321 = ORIENTED_EDGE ( 'NONE', *, *, #6080, .F. ) ;
#3322 = AXIS2_PLACEMENT_3D ( 'NONE', #7783, #805, #3929 ) ;
#3323 = DIRECTION ( 'NONE',  ( -1.000000000000000000, -0.000000000000000000, -6.505213034913024237E-15 ) ) ;
#3324 = EDGE_CURVE ( 'NONE', #6669, #6098, #430, .T. ) ;
#3325 = VERTEX_POINT ( 'NONE', #8152 ) ;
#3326 = LINE ( 'NONE', #6428, #532 ) ;
#3327 = DIRECTION ( 'NONE',  ( 0.000000000000000000, 1.000000000000000000, -0.000000000000000000 ) ) ;
#3328 = PLANE ( 'NONE',  #1626 ) ;
#3329 = EDGE_CURVE ( 'NONE', #8930, #8872, #8199, .T. ) ;
#3330 = UNCERTAINTY_MEASURE_WITH_UNIT (LENGTH_MEASURE( 1.000000000000000082E-05 ), #8303, 'distance_accuracy_value', 'NONE');
#3331 = VECTOR ( 'NONE', #4814, 1000.000000000000000 ) ;
#3332 = VECTOR ( 'NONE', #4570, 1000.000000000000114 ) ;
#3333 = FACE_OUTER_BOUND ( 'NONE', #683, .T. ) ;
#3334 = CARTESIAN_POINT ( 'NONE',  ( -0.3250000000000001776, 0.5500000000000000444, -1.724999999999999867 ) ) ;
#3335 = DIRECTION ( 'NONE',  ( -0.000000000000000000, 1.000000000000000000, -0.000000000000000000 ) ) ;
#3336 = CARTESIAN_POINT ( 'NONE',  ( -0.3999999999999907518, 0.1500000000000000222, -0.3325000000000000178 ) ) ;
#3337 = VERTEX_POINT ( 'NONE', #6506 ) ;
#3338 = FILL_AREA_STYLE ('',( #5575 ) ) ;
#3339 = VECTOR ( 'NONE', #4652, 1000.000000000000000 ) ;
#3340 = LINE ( 'NONE', #6442, #1375 ) ;
#3341 = EDGE_CURVE ( 'NONE', #2784, #9626, #2782, .T. ) ;
#3342 = ORIENTED_EDGE ( 'NONE', *, *, #7996, .F. ) ;
#3343 = DIRECTION ( 'NONE',  ( -0.000000000000000000, -1.000000000000000000, -0.000000000000000000 ) ) ;
#3344 = ORIENTED_EDGE ( 'NONE', *, *, #1538, .F. ) ;
#3345 = ORIENTED_EDGE ( 'NONE', *, *, #5669, .T. ) ;
#3346 = DIRECTION ( 'NONE',  ( -0.8660254037844378194, 0.000000000000000000, -0.5000000000000013323 ) ) ;
#3347 = DIRECTION ( 'NONE',  ( -1.355252715606880049E-16, -0.000000000000000000, 1.000000000000000000 ) ) ;
#3348 = LINE ( 'NONE', #8756, #9880 ) ;
#3349 = PRESENTATION_LAYER_ASSIGNMENT (  '', '', ( #2050 ) ) ;
#3350 = ORIENTED_EDGE ( 'NONE', *, *, #4215, .F. ) ;
#3351 = LINE ( 'NONE', #790, #7926 ) ;
#3352 = CARTESIAN_POINT ( 'NONE',  ( -0.3999999999999907518, 0.2000000000000000111, 0.4675000000000001932 ) ) ;
#3353 = ORIENTED_EDGE ( 'NONE', *, *, #7929, .T. ) ;
#3354 = LINE ( 'NONE', #6457, #4118 ) ;
#3355 = ADVANCED_FACE ( 'NONE', ( #5876 ), #2022, .T. ) ;
#3356 = CARTESIAN_POINT ( 'NONE',  ( 0.5000000000000091038, 0.1999999999999999833, -0.4000000000000001887 ) ) ;
#3357 = ADVANCED_FACE ( 'NONE', ( #4908 ), #5110, .F. ) ;
#3358 = DIRECTION ( 'NONE',  ( 0.000000000000000000, 0.000000000000000000, 1.000000000000000000 ) ) ;
#3359 = ORIENTED_EDGE ( 'NONE', *, *, #8687, .F. ) ;
#3360 = LINE ( 'NONE', #440, #5961 ) ;
#3361 = EDGE_CURVE ( 'NONE', #2486, #1494, #7364, .T. ) ;
#3362 = ORIENTED_EDGE ( 'NONE', *, *, #2294, .F. ) ;
#3363 = DIRECTION ( 'NONE',  ( -0.8660254037844378194, 0.000000000000000000, -0.5000000000000013323 ) ) ;
#3364 = LINE ( 'NONE', #4027, #1906 ) ;
#3365 = LINE ( 'NONE', #2444, #6321 ) ;
#3366 = ORIENTED_EDGE ( 'NONE', *, *, #7996, .T. ) ;
#3367 = LINE ( 'NONE', #3314, #6386 ) ;
#3368 = LINE ( 'NONE', #7974, #5913 ) ;
#3369 = LINE ( 'NONE', #9537, #1844 ) ;
#3370 = EDGE_CURVE ( 'NONE', #9287, #7235, #4689, .T. ) ;
#3371 = ORIENTED_EDGE ( 'NONE', *, *, #8786, .T. ) ;
#3372 = VECTOR ( 'NONE', #3953, 1000.000000000000000 ) ;
#3373 = ORIENTED_EDGE ( 'NONE', *, *, #3032, .T. ) ;
#3374 = CARTESIAN_POINT ( 'NONE',  ( -5.482965272283849444E-15, 0.05000000000000000278, -0.8850000000000031175 ) ) ;
#3375 = EDGE_CURVE ( 'NONE', #8977, #8232, #8007, .T. ) ;
#3376 = ORIENTED_EDGE ( 'NONE', *, *, #4094, .F. ) ;
#3377 = CARTESIAN_POINT ( 'NONE',  ( 0.4999999999999997780, 0.2000000000000000111, 1.767499999999999627 ) ) ;
#3378 = VECTOR ( 'NONE', #7077, 1000.000000000000000 ) ;
#3379 = DIRECTION ( 'NONE',  ( 1.000000000000000000, 0.000000000000000000, 0.000000000000000000 ) ) ;
#3380 = VECTOR ( 'NONE', #7545, 1000.000000000000000 ) ;
#3381 = EDGE_CURVE ( 'NONE', #3711, #8533, #9664, .T. ) ;
#3382 = EDGE_CURVE ( 'NONE', #9043, #6440, #481, .T. ) ;
#3383 = VECTOR ( 'NONE', #8757, 1000.000000000000114 ) ;
#3384 = CARTESIAN_POINT ( 'NONE',  ( 0.4390192378864747891, 0.2000000000000000111, 0.3000000000000001554 ) ) ;
#3385 = AXIS2_PLACEMENT_3D ( 'NONE', #5611, #8691, #5033 ) ;
#3386 = LINE ( 'NONE', #2055, #8069 ) ;
#3387 = CARTESIAN_POINT ( 'NONE',  ( 0.4999999999999997780, 0.5500000000000000444, 1.899999999999999911 ) ) ;
#3388 = CARTESIAN_POINT ( 'NONE',  ( -0.4999999999999908962, 0.2000000000000000111, 0.8849999999999998979 ) ) ;
#3389 = CARTESIAN_POINT ( 'NONE',  ( 0.5830655135559347224, 0.05000000000000000278, -1.009899093620115318 ) ) ;
#3390 = CARTESIAN_POINT ( 'NONE',  ( 0.000000000000000000, 0.05000000000000000278, 1.200000000000000178 ) ) ;
#3391 = CARTESIAN_POINT ( 'NONE',  ( -0.4999999999999825695, 0.1500000000000000222, 0.4675000000000001932 ) ) ;
#3392 = AXIS2_PLACEMENT_3D ( 'NONE', #4225, #5180, #4975 ) ;
#3393 = ADVANCED_FACE ( 'NONE', ( #2585 ), #9765, .F. ) ;
#3394 = VECTOR ( 'NONE', #3595, 1000.000000000000000 ) ;
#3395 = LINE ( 'NONE', #8045, #1059 ) ;
#3396 = ORIENTED_EDGE ( 'NONE', *, *, #10027, .F. ) ;
#3397 = LINE ( 'NONE', #4056, #1326 ) ;
#3398 = ORIENTED_EDGE ( 'NONE', *, *, #7813, .T. ) ;
#3399 = ORIENTED_EDGE ( 'NONE', *, *, #7938, .T. ) ;
#3400 = LINE ( 'NONE', #7159, #5329 ) ;
#3401 = AXIS2_PLACEMENT_3D ( 'NONE', #7317, #3598, #1243 ) ;
#3402 = ORIENTED_EDGE ( 'NONE', *, *, #2430, .F. ) ;
#3403 = EDGE_CURVE ( 'NONE', #7830, #2217, #5162, .T. ) ;
#3404 = FACE_OUTER_BOUND ( 'NONE', #326, .T. ) ;
#3405 = CARTESIAN_POINT ( 'NONE',  ( 0.000000000000000000, 0.2000000000000000111, 0.000000000000000000 ) ) ;
#3406 = VERTEX_POINT ( 'NONE', #7537 ) ;
#3407 = CARTESIAN_POINT ( 'NONE',  ( 0.2000000000000090039, 0.000000000000000000, -1.200000000000000178 ) ) ;
#3408 = CARTESIAN_POINT ( 'NONE',  ( -0.4390192378864674616, 0.2000000000000000111, 1.800000000000000044 ) ) ;
#3409 = VERTEX_POINT ( 'NONE', #3474 ) ;
#3410 = ORIENTED_EDGE ( 'NONE', *, *, #6547, .T. ) ;
#3411 = LINE ( 'NONE', #2793, #5310 ) ;
#3412 = ORIENTED_EDGE ( 'NONE', *, *, #4417, .F. ) ;
#3413 = CARTESIAN_POINT ( 'NONE',  ( -0.4999999999999825695, 0.1500000000000000222, 0.3325000000000001843 ) ) ;
#3414 = EDGE_CURVE ( 'NONE', #3755, #9269, #4051, .T. ) ;
#3415 = EDGE_CURVE ( 'NONE', #1402, #4122, #2762, .T. ) ;
#3416 = PLANE ( 'NONE',  #9912 ) ;
#3417 = CARTESIAN_POINT ( 'NONE',  ( 0.4999999999999997780, 0.5500000000000000444, 1.899999999999999911 ) ) ;
#3418 = VERTEX_POINT ( 'NONE', #1318 ) ;
#3419 = CARTESIAN_POINT ( 'NONE',  ( 0.4999999999999997780, 0.1500000000000000222, -1.767499999999999627 ) ) ;
#3420 = CARTESIAN_POINT ( 'NONE',  ( -0.4999999999999825695, 0.2000000000000000111, 0.4675000000000001932 ) ) ;
#3421 = CARTESIAN_POINT ( 'NONE',  ( -0.2000000000000002609, 0.2000000000000000111, 1.800000000000000044 ) ) ;
#3422 = ORIENTED_EDGE ( 'NONE', *, *, #2633, .T. ) ;
#3423 = VERTEX_POINT ( 'NONE', #6583 ) ;
#3424 = EDGE_CURVE ( 'NONE', #4222, #9790, #9641, .T. ) ;
#3425 = ORIENTED_EDGE ( 'NONE', *, *, #4473, .T. ) ;
#3426 = LINE ( 'NONE', #914, #4917 ) ;
#3427 = EDGE_CURVE ( 'NONE', #6956, #1123, #5757, .T. ) ;
#3428 = CARTESIAN_POINT ( 'NONE',  ( 0.4649999999999997469, 0.2000000000000000111, -1.385000000000000453 ) ) ;
#3429 = AXIS2_PLACEMENT_3D ( 'NONE', #1245, #5059, #8153 ) ;
#3430 = LINE ( 'NONE', #3384, #6304 ) ;
#3431 = EDGE_CURVE ( 'NONE', #2848, #3983, #2048, .T. ) ;
#3432 = CARTESIAN_POINT ( 'NONE',  ( -0.4649999999999908651, 0.000000000000000000, -0.8850000000000001199 ) ) ;
#3433 = CARTESIAN_POINT ( 'NONE',  ( 0.000000000000000000, 0.000000000000000000, 0.000000000000000000 ) ) ;
#3434 = LINE ( 'NONE', #7301, #2788 ) ;
#3435 = VECTOR ( 'NONE', #4052, 1000.000000000000114 ) ;
#3436 = PLANE ( 'NONE',  #4929 ) ;
#3437 = DIRECTION ( 'NONE',  ( 0.000000000000000000, 0.000000000000000000, -1.000000000000000000 ) ) ;
#3438 = ORIENTED_EDGE ( 'NONE', *, *, #1163, .F. ) ;
#3439 = DIRECTION ( 'NONE',  ( 1.000000000000000000, -0.000000000000000000, 6.195440985631447034E-15 ) ) ;
#3440 = ORIENTED_EDGE ( 'NONE', *, *, #1391, .F. ) ;
#3441 = ORIENTED_EDGE ( 'NONE', *, *, #3805, .T. ) ;
#3442 = ORIENTED_EDGE ( 'NONE', *, *, #1814, .T. ) ;
#3443 = CARTESIAN_POINT ( 'NONE',  ( -0.4999999999999825695, 0.000000000000000000, -0.08500000000000000611 ) ) ;
#3444 = ADVANCED_FACE ( 'NONE', ( #4986 ), #5907, .F. ) ;
#3445 = EDGE_LOOP ( 'NONE', ( #1701, #5260, #9127, #686 ) ) ;
#3446 = LINE ( 'NONE', #8102, #7442 ) ;
#3447 = CARTESIAN_POINT ( 'NONE',  ( 0.5000000000000000000, 0.1500000000000000222, -0.8675000000000002709 ) ) ;
#3448 = LINE ( 'NONE', #7318, #8111 ) ;
#3449 = ORIENTED_EDGE ( 'NONE', *, *, #8778, .F. ) ;
#3450 = STYLED_ITEM ( 'NONE', ( #747 ), #5236 ) ;
#3451 = CARTESIAN_POINT ( 'NONE',  ( 0.000000000000000000, 0.1500000000000000222, 0.000000000000000000 ) ) ;
#3452 = EDGE_CURVE ( 'NONE', #8078, #5741, #4364, .T. ) ;
#3453 = CARTESIAN_POINT ( 'NONE',  ( 0.7159725921206969712, 0.05000000000000000278, 1.240100906379905998 ) ) ;
#3454 = DIRECTION ( 'NONE',  ( -1.000000000000000000, -0.000000000000000000, -6.505213034913024237E-15 ) ) ;
#3455 = ORIENTED_EDGE ( 'NONE', *, *, #7788, .T. ) ;
#3456 = ORIENTED_EDGE ( 'NONE', *, *, #3505, .F. ) ;
#3457 = DIRECTION ( 'NONE',  ( 1.000000000000000000, 0.000000000000000000, -1.355252715606880049E-16 ) ) ;
#3458 = ORIENTED_EDGE ( 'NONE', *, *, #7929, .F. ) ;
#3459 = VECTOR ( 'NONE', #1039, 1000.000000000000000 ) ;
#3460 = FACE_OUTER_BOUND ( 'NONE', #9155, .T. ) ;
#3461 = LINE ( 'NONE', #9804, #4978 ) ;
#3462 = DIRECTION ( 'NONE',  ( -0.000000000000000000, -1.000000000000000000, -0.000000000000000000 ) ) ;
#3463 = EDGE_LOOP ( 'NONE', ( #1465, #5475, #6829, #5787 ) ) ;
#3464 = PLANE ( 'NONE',  #1341 ) ;
#3465 = CARTESIAN_POINT ( 'NONE',  ( -0.3250000000000001776, 0.5500000000000000444, -1.800000000000000044 ) ) ;
#3466 = DIRECTION ( 'NONE',  ( 0.000000000000000000, 0.000000000000000000, -1.000000000000000000 ) ) ;
#3467 = VECTOR ( 'NONE', #7026, 1000.000000000000000 ) ;
#3468 = ORIENTED_EDGE ( 'NONE', *, *, #556, .T. ) ;
#3469 = ADVANCED_FACE ( 'NONE', ( #8998 ), #8942, .F. ) ;
#3470 = ORIENTED_EDGE ( 'NONE', *, *, #3728, .F. ) ;
#3471 = LINE ( 'NONE', #6582, #9528 ) ;
#3472 = VECTOR ( 'NONE', #5216, 1000.000000000000000 ) ;
#3473 = AXIS2_PLACEMENT_3D ( 'NONE', #9682, #4977, #7924 ) ;
#3474 = CARTESIAN_POINT ( 'NONE',  ( 0.4999999999999997780, 0.05000000000000002359, 1.899999999999999911 ) ) ;
#3475 = ORIENTED_EDGE ( 'NONE', *, *, #5212, .T. ) ;
#3476 = CARTESIAN_POINT ( 'NONE',  ( 0.5000000000000000000, 0.2000000000000000111, -0.8675000000000002709 ) ) ;
#3477 = ADVANCED_BREP_SHAPE_REPRESENTATION ( 'RCLAMP03348P.U', ( #8515, #8614, #5095, #1822, #8463, #1782, #8833, #8494, #1894, #5217, #5251, #8584, #1736, #1798, #2282, #5236, #8532, #8566, #1877, #5706, #8594, #5187, #1713 ), #7406 ) ;
#3478 = EDGE_CURVE ( 'NONE', #6765, #5580, #561, .T. ) ;
#3479 = AXIS2_PLACEMENT_3D ( 'NONE', #4152, #160, #1139 ) ;
#3480 = AXIS2_PLACEMENT_3D ( 'NONE', #2456, #2510, #149 ) ;
#3481 = EDGE_CURVE ( 'NONE', #6310, #608, #3081, .T. ) ;
#3482 = ORIENTED_EDGE ( 'NONE', *, *, #9500, .F. ) ;
#3483 = LINE ( 'NONE', #4946, #9508 ) ;
#3484 = FACE_OUTER_BOUND ( 'NONE', #3241, .T. ) ;
#3485 = AXIS2_PLACEMENT_3D ( 'NONE', #6322, #7928, #1580 ) ;
#3486 = VECTOR ( 'NONE', #9339, 1000.000000000000000 ) ;
#3487 = CARTESIAN_POINT ( 'NONE',  ( 0.2000000000000184130, 0.2000000000000000111, 0.5000000000000002220 ) ) ;
#3488 = DIRECTION ( 'NONE',  ( 0.000000000000000000, -1.000000000000000000, 0.000000000000000000 ) ) ;
#3489 = DIRECTION ( 'NONE',  ( 0.000000000000000000, 0.000000000000000000, -1.000000000000000000 ) ) ;
#3490 = DIRECTION ( 'NONE',  ( -0.000000000000000000, -0.000000000000000000, -1.000000000000000000 ) ) ;
#3491 = ADVANCED_FACE ( 'NONE', ( #1995 ), #5035, .F. ) ;
#3492 = ORIENTED_EDGE ( 'NONE', *, *, #2216, .F. ) ;
#3493 = VECTOR ( 'NONE', #7268, 1000.000000000000000 ) ;
#3494 = ORIENTED_EDGE ( 'NONE', *, *, #6283, .F. ) ;
#3495 =( NAMED_UNIT ( * ) SI_UNIT ( $, .STERADIAN. ) SOLID_ANGLE_UNIT ( ) );
#3496 = CARTESIAN_POINT ( 'NONE',  ( -0.4999999999999824585, 0.1500000000000000222, -0.3324999999999999623 ) ) ;
#3497 = EDGE_LOOP ( 'NONE', ( #7428, #2490, #2380, #5728, #5754, #4309 ) ) ;
#3498 = CARTESIAN_POINT ( 'NONE',  ( 0.000000000000000000, 0.05000000000000000278, 0.9000000000000000222 ) ) ;
#3499 = EDGE_CURVE ( 'NONE', #9584, #2542, #1176, .T. ) ;
#3500 = CARTESIAN_POINT ( 'NONE',  ( -0.4999999999999908962, 0.2000000000000000111, -0.7149999999999999689 ) ) ;
#3501 = ORIENTED_EDGE ( 'NONE', *, *, #1886, .F. ) ;
#3502 = PLANE ( 'NONE',  #9762 ) ;
#3503 = LINE ( 'NONE', #6607, #3653 ) ;
#3504 = LINE ( 'NONE', #1974, #5395 ) ;
#3505 = EDGE_CURVE ( 'NONE', #5025, #3192, #5087, .T. ) ;
#3506 = EDGE_CURVE ( 'NONE', #695, #749, #2264, .T. ) ;
#3507 = EDGE_LOOP ( 'NONE', ( #6685, #2648, #6881, #5871 ) ) ;
#3508 = VERTEX_POINT ( 'NONE', #1273 ) ;
#3509 = CARTESIAN_POINT ( 'NONE',  ( 0.000000000000000000, 0.2000000000000000111, 0.000000000000000000 ) ) ;
#3510 = ORIENTED_EDGE ( 'NONE', *, *, #6431, .F. ) ;
#3511 = VECTOR ( 'NONE', #2830, 1000.000000000000000 ) ;
#3512 = VERTEX_POINT ( 'NONE', #4329 ) ;
#3513 = CARTESIAN_POINT ( 'NONE',  ( 0.4999999999999997780, 0.1999999999999999833, -0.3375000000000001887 ) ) ;
#3514 = CARTESIAN_POINT ( 'NONE',  ( 0.5000000000000000000, 0.2000000000000000111, 0.8675000000000002709 ) ) ;
#3515 = DIRECTION ( 'NONE',  ( -1.000000000000000000, 0.000000000000000000, 0.000000000000000000 ) ) ;
#3516 = LINE ( 'NONE', #5074, #3886 ) ;
#3517 = EDGE_LOOP ( 'NONE', ( #8472, #2181, #6866, #119 ) ) ;
#3518 = CARTESIAN_POINT ( 'NONE',  ( 0.4390192378864654077, 0.000000000000000000, -1.400000000000000133 ) ) ;
#3519 = CARTESIAN_POINT ( 'NONE',  ( -0.3999999999999908629, 0.1500000000000000222, -1.367500000000000160 ) ) ;
#3520 = CARTESIAN_POINT ( 'NONE',  ( 0.2000000000000184130, 0.000000000000000000, 0.5000000000000002220 ) ) ;
#3521 = ORIENTED_EDGE ( 'NONE', *, *, #5393, .F. ) ;
#3522 = ORIENTED_EDGE ( 'NONE', *, *, #2612, .T. ) ;
#3523 = FACE_OUTER_BOUND ( 'NONE', #3190, .T. ) ;
#3524 = LINE ( 'NONE', #8280, #10004 ) ;
#3525 = ORIENTED_EDGE ( 'NONE', *, *, #6281, .T. ) ;
#3526 = EDGE_CURVE ( 'NONE', #4749, #2831, #3524, .T. ) ;
#3527 = DIRECTION ( 'NONE',  ( 0.000000000000000000, -0.000000000000000000, -1.000000000000000000 ) ) ;
#3528 = CARTESIAN_POINT ( 'NONE',  ( -0.1999999999999908795, 0.2000000000000000111, 0.6999999999999998446 ) ) ;
#3529 = FACE_OUTER_BOUND ( 'NONE', #1649, .T. ) ;
#3530 = AXIS2_PLACEMENT_3D ( 'NONE', #8679, #8071, #7969 ) ;
#3531 = FACE_OUTER_BOUND ( 'NONE', #7846, .T. ) ;
#3532 = VECTOR ( 'NONE', #3991, 1000.000000000000000 ) ;
#3533 = EDGE_CURVE ( 'NONE', #3829, #1805, #6679, .T. ) ;
#3534 = CARTESIAN_POINT ( 'NONE',  ( 0.5000000000000091038, 0.2000000000000000111, 0.000000000000000000 ) ) ;
#3535 = CARTESIAN_POINT ( 'NONE',  ( 0.000000000000000000, 0.2000000000000000111, 0.000000000000000000 ) ) ;
#3536 = EDGE_CURVE ( 'NONE', #67, #1558, #7490, .T. ) ;
#3537 = LINE ( 'NONE', #2111, #8675 ) ;
#3538 = ORIENTED_EDGE ( 'NONE', *, *, #6173, .T. ) ;
#3539 = VECTOR ( 'NONE', #567, 1000.000000000000000 ) ;
#3540 = CARTESIAN_POINT ( 'NONE',  ( 0.4390192378864654077, 0.000000000000000000, -1.200000000000000178 ) ) ;
#3541 = VECTOR ( 'NONE', #1683, 1000.000000000000000 ) ;
#3542 = VERTEX_POINT ( 'NONE', #9206 ) ;
#3543 = CARTESIAN_POINT ( 'NONE',  ( 0.000000000000000000, 0.2000000000000000111, 0.000000000000000000 ) ) ;
#3544 = DIRECTION ( 'NONE',  ( 0.000000000000000000, -0.000000000000000000, -1.000000000000000000 ) ) ;
#3545 = ORIENTED_EDGE ( 'NONE', *, *, #5019, .T. ) ;
#3546 = DIRECTION ( 'NONE',  ( -0.000000000000000000, -1.000000000000000000, -0.000000000000000000 ) ) ;
#3547 = VECTOR ( 'NONE', #2143, 1000.000000000000000 ) ;
#3548 = DIRECTION ( 'NONE',  ( 0.000000000000000000, 0.000000000000000000, 1.000000000000000000 ) ) ;
#3549 = ORIENTED_EDGE ( 'NONE', *, *, #3005, .F. ) ;
#3550 = VECTOR ( 'NONE', #5873, 1000.000000000000000 ) ;
#3551 = EDGE_CURVE ( 'NONE', #4653, #653, #1380, .T. ) ;
#3552 =( NAMED_UNIT ( * ) PLANE_ANGLE_UNIT ( ) SI_UNIT ( $, .RADIAN. ) );
#3553 = LINE ( 'NONE', #8304, #4471 ) ;
#3554 = ORIENTED_EDGE ( 'NONE', *, *, #4931, .T. ) ;
#3555 = DIRECTION ( 'NONE',  ( -1.000000000000000000, -0.000000000000000000, 6.195440985631447034E-15 ) ) ;
#3556 = ORIENTED_EDGE ( 'NONE', *, *, #5840, .T. ) ;
#3557 = EDGE_LOOP ( 'NONE', ( #3522, #5007, #7444, #8009 ) ) ;
#3558 = ADVANCED_FACE ( 'NONE', ( #7744 ), #2263, .F. ) ;
#3559 = VECTOR ( 'NONE', #1984, 1000.000000000000000 ) ;
#3560 = DIRECTION ( 'NONE',  ( 0.000000000000000000, 0.000000000000000000, -1.000000000000000000 ) ) ;
#3561 = VERTEX_POINT ( 'NONE', #3844 ) ;
#3562 = AXIS2_PLACEMENT_3D ( 'NONE', #6131, #1541, #4741 ) ;
#3563 = ORIENTED_EDGE ( 'NONE', *, *, #5246, .T. ) ;
#3564 = CARTESIAN_POINT ( 'NONE',  ( -0.4999999999999825695, 0.2000000000000000111, 0.08500000000000000611 ) ) ;
#3565 = CARTESIAN_POINT ( 'NONE',  ( -0.2000000000000002609, 0.2000000000000000111, 1.800000000000000044 ) ) ;
#3566 = FACE_OUTER_BOUND ( 'NONE', #7072, .T. ) ;
#3567 = EDGE_CURVE ( 'NONE', #2950, #8046, #4486, .T. ) ;
#3568 = DIRECTION ( 'NONE',  ( 0.000000000000000000, -0.000000000000000000, -1.000000000000000000 ) ) ;
#3569 = VERTEX_POINT ( 'NONE', #6795 ) ;
#3570 = CARTESIAN_POINT ( 'NONE',  ( 0.5000000000000000000, 0.1500000000000000222, -0.8675000000000002709 ) ) ;
#3571 = CARTESIAN_POINT ( 'NONE',  ( -0.06750000000000000444, 0.2000000000000000111, 1.800000000000000044 ) ) ;
#3572 = VECTOR ( 'NONE', #3626, 1000.000000000000000 ) ;
#3573 = DIRECTION ( 'NONE',  ( -0.000000000000000000, 0.000000000000000000, -1.000000000000000000 ) ) ;
#3574 = PLANE ( 'NONE',  #6868 ) ;
#3575 = ORIENTED_EDGE ( 'NONE', *, *, #3592, .T. ) ;
#3576 = ORIENTED_EDGE ( 'NONE', *, *, #3403, .T. ) ;
#3577 = LINE ( 'NONE', #2097, #9047 ) ;
#3578 = CARTESIAN_POINT ( 'NONE',  ( 0.4999999999999997780, 0.1999999999999999833, 0.4000000000000001887 ) ) ;
#3579 = EDGE_LOOP ( 'NONE', ( #9618, #7849, #9123, #2344 ) ) ;
#3580 = SURFACE_SIDE_STYLE ('',( #609 ) ) ;
#3581 = EDGE_CURVE ( 'NONE', #6728, #7202, #5202, .T. ) ;
#3582 = CARTESIAN_POINT ( 'NONE',  ( 0.000000000000000000, 0.2000000000000000111, 0.000000000000000000 ) ) ;
#3583 = ORIENTED_EDGE ( 'NONE', *, *, #8997, .T. ) ;
#3584 = CARTESIAN_POINT ( 'NONE',  ( 0.5000000000000091038, 0.1500000000000000222, 0.06750000000000001832 ) ) ;
#3585 = LINE ( 'NONE', #8844, #2246 ) ;
#3586 = DIRECTION ( 'NONE',  ( -1.000000000000000000, 0.000000000000000000, 0.000000000000000000 ) ) ;
#3587 = FACE_OUTER_BOUND ( 'NONE', #8912, .T. ) ;
#3588 = CARTESIAN_POINT ( 'NONE',  ( -0.4649999999999825384, 0.2000000000000000111, -0.08500000000000022815 ) ) ;
#3589 = VECTOR ( 'NONE', #5616, 1000.000000000000000 ) ;
#3590 = CARTESIAN_POINT ( 'NONE',  ( -0.4649999999999908651, 0.04999999999999999584, 0.8850000000000001199 ) ) ;
#3591 = ORIENTED_EDGE ( 'NONE', *, *, #320, .F. ) ;
#3592 = EDGE_CURVE ( 'NONE', #4926, #9269, #4640, .T. ) ;
#3593 = ORIENTED_EDGE ( 'NONE', *, *, #604, .F. ) ;
#3594 = AXIS2_PLACEMENT_3D ( 'NONE', #371, #420, #3437 ) ;
#3595 = DIRECTION ( 'NONE',  ( 1.000000000000000000, 0.000000000000000000, -6.505213034913024237E-15 ) ) ;
#3596 = DIRECTION ( 'NONE',  ( 0.000000000000000000, 0.000000000000000000, 1.000000000000000000 ) ) ;
#3597 = VERTEX_POINT ( 'NONE', #6017 ) ;
#3598 = DIRECTION ( 'NONE',  ( 0.000000000000000000, -1.000000000000000000, 0.000000000000000000 ) ) ;
#3599 = DIRECTION ( 'NONE',  ( -1.000000000000000000, 0.000000000000000000, 0.000000000000000000 ) ) ;
#3600 = EDGE_LOOP ( 'NONE', ( #6610, #3576, #3902, #9090 ) ) ;
#3601 = FILL_AREA_STYLE ('',( #6809 ) ) ;
#3602 = DIRECTION ( 'NONE',  ( 0.000000000000000000, 0.000000000000000000, 1.000000000000000000 ) ) ;
#3603 = VECTOR ( 'NONE', #3751, 1000.000000000000000 ) ;
#3604 = EDGE_CURVE ( 'NONE', #9760, #1870, #6487, .T. ) ;
#3605 = LINE ( 'NONE', #1923, #4093 ) ;
#3606 = VERTEX_POINT ( 'NONE', #5971 ) ;
#3607 = ORIENTED_EDGE ( 'NONE', *, *, #6432, .F. ) ;
#3608 = ORIENTED_EDGE ( 'NONE', *, *, #2502, .T. ) ;
#3609 = ORIENTED_EDGE ( 'NONE', *, *, #4250, .F. ) ;
#3610 = EDGE_CURVE ( 'NONE', #4804, #6170, #765, .T. ) ;
#3611 = DIRECTION ( 'NONE',  ( 1.000000000000000000, 0.000000000000000000, 0.000000000000000000 ) ) ;
#3612 = PLANE ( 'NONE',  #1476 ) ;
#3613 = FACE_OUTER_BOUND ( 'NONE', #6309, .T. ) ;
#3614 = DIRECTION ( 'NONE',  ( 0.000000000000000000, 1.000000000000000000, 0.000000000000000000 ) ) ;
#3615 = VERTEX_POINT ( 'NONE', #6945 ) ;
#3616 = CARTESIAN_POINT ( 'NONE',  ( 0.3999999999999997446, 0.1500000000000000222, 1.767500000000000071 ) ) ;
#3617 = CARTESIAN_POINT ( 'NONE',  ( -0.4999999999999908962, 0.1500000000000000222, 1.232500000000000373 ) ) ;
#3618 = LINE ( 'NONE', #8224, #3982 ) ;
#3619 = CARTESIAN_POINT ( 'NONE',  ( 0.5000000000000000000, 0.1500000000000000222, -0.8675000000000002709 ) ) ;
#3620 = ORIENTED_EDGE ( 'NONE', *, *, #8800, .F. ) ;
#3621 = AXIS2_PLACEMENT_3D ( 'NONE', #1550, #5322, #10010 ) ;
#3622 = EDGE_CURVE ( 'NONE', #7636, #3717, #8292, .T. ) ;
#3623 = EDGE_LOOP ( 'NONE', ( #6042, #5545, #4617, #2994 ) ) ;
#3624 = CARTESIAN_POINT ( 'NONE',  ( -0.3999999999999907518, 0.2000000000000000111, 0.3325000000000001843 ) ) ;
#3625 = DIRECTION ( 'NONE',  ( 1.000000000000000000, 0.000000000000000000, 0.000000000000000000 ) ) ;
#3626 = DIRECTION ( 'NONE',  ( -1.000000000000000000, -0.000000000000000000, -0.000000000000000000 ) ) ;
#3627 = VERTEX_POINT ( 'NONE', #9994 ) ;
#3628 = DIRECTION ( 'NONE',  ( -1.000000000000000000, 0.000000000000000000, 6.195440985631458078E-15 ) ) ;
#3629 = VECTOR ( 'NONE', #7064, 1000.000000000000000 ) ;
#3630 = CARTESIAN_POINT ( 'NONE',  ( 0.3999999999999999112, 0.1500000000000000222, -0.06749999999999997669 ) ) ;
#3631 = AXIS2_PLACEMENT_3D ( 'NONE', #3300, #4067, #8968 ) ;
#3632 = EDGE_CURVE ( 'NONE', #7242, #7992, #3086, .T. ) ;
#3633 = VECTOR ( 'NONE', #3887, 1000.000000000000000 ) ;
#3634 = CARTESIAN_POINT ( 'NONE',  ( 0.2000000000000184130, 0.2000000000000000111, 0.5000000000000002220 ) ) ;
#3635 = DIRECTION ( 'NONE',  ( -1.355252715606880049E-16, -0.000000000000000000, 1.000000000000000000 ) ) ;
#3636 = EDGE_CURVE ( 'NONE', #7817, #9109, #5254, .T. ) ;
#3637 =( NAMED_UNIT ( * ) PLANE_ANGLE_UNIT ( ) SI_UNIT ( $, .RADIAN. ) );
#3638 = CARTESIAN_POINT ( 'NONE',  ( -0.3999999999999908629, 0.2000000000000000111, 1.232500000000000373 ) ) ;
#3639 = LINE ( 'NONE', #5920, #5207 ) ;
#3640 = AXIS2_PLACEMENT_3D ( 'NONE', #7001, #9163, #7052 ) ;
#3641 = AXIS2_PLACEMENT_3D ( 'NONE', #4150, #3008, #3996 ) ;
#3642 = CARTESIAN_POINT ( 'NONE',  ( 0.4649999999999997469, 0.04999999999999999584, -1.385000000000000453 ) ) ;
#3643 = ORIENTED_EDGE ( 'NONE', *, *, #8701, .T. ) ;
#3644 = ORIENTED_EDGE ( 'NONE', *, *, #9378, .F. ) ;
#3645 = VECTOR ( 'NONE', #2146, 1000.000000000000000 ) ;
#3646 = DIRECTION ( 'NONE',  ( -0.000000000000000000, -0.000000000000000000, -1.000000000000000000 ) ) ;
#3647 = DIRECTION ( 'NONE',  ( 1.000000000000000000, -0.000000000000000000, -0.000000000000000000 ) ) ;
#3648 = CARTESIAN_POINT ( 'NONE',  ( -0.5000000000000002220, 0.2000000000000000111, 1.614999999999999991 ) ) ;
#3649 = VERTEX_POINT ( 'NONE', #3795 ) ;
#3650 = DIRECTION ( 'NONE',  ( 0.8660254037844378194, 0.000000000000000000, 0.5000000000000013323 ) ) ;
#3651 = VERTEX_POINT ( 'NONE', #9946 ) ;
#3652 = EDGE_CURVE ( 'NONE', #6756, #2932, #6, .T. ) ;
#3653 = VECTOR ( 'NONE', #6557, 1000.000000000000000 ) ;
#3654 = CARTESIAN_POINT ( 'NONE',  ( 0.4999999999999997780, 0.2000000000000000111, -0.7999999999999999334 ) ) ;
#3655 = DIRECTION ( 'NONE',  ( 0.000000000000000000, 0.000000000000000000, 1.000000000000000000 ) ) ;
#3656 = VERTEX_POINT ( 'NONE', #1330 ) ;
#3657 = EDGE_LOOP ( 'NONE', ( #10026, #2116, #1603, #2800 ) ) ;
#3658 = LINE ( 'NONE', #7472, #4184 ) ;
#3659 = CARTESIAN_POINT ( 'NONE',  ( 0.4999999999999997780, 0.2000000000000000111, 1.215000000000000080 ) ) ;
#3660 = DIRECTION ( 'NONE',  ( 1.000000000000000000, 0.000000000000000000, 0.000000000000000000 ) ) ;
#3661 = FACE_OUTER_BOUND ( 'NONE', #2249, .T. ) ;
#3662 = VERTEX_POINT ( 'NONE', #1484 ) ;
#3663 = DIRECTION ( 'NONE',  ( 0.000000000000000000, 0.000000000000000000, -1.000000000000000000 ) ) ;
#3664 = EDGE_CURVE ( 'NONE', #4022, #1986, #4438, .T. ) ;
#3665 = PLANE ( 'NONE',  #5736 ) ;
#3666 = CARTESIAN_POINT ( 'NONE',  ( 0.3999999999999997446, 0.2000000000000000111, 1.767500000000000071 ) ) ;
#3667 = LINE ( 'NONE', #7580, #9903 ) ;
#3668 = AXIS2_PLACEMENT_3D ( 'NONE', #732, #6961, #8602 ) ;
#3669 = EDGE_CURVE ( 'NONE', #4817, #3115, #620, .T. ) ;
#3670 = ORIENTED_EDGE ( 'NONE', *, *, #1349, .T. ) ;
#3671 = ORIENTED_EDGE ( 'NONE', *, *, #8704, .F. ) ;
#3672 = ORIENTED_EDGE ( 'NONE', *, *, #6333, .T. ) ;
#3673 = DIRECTION ( 'NONE',  ( -0.000000000000000000, -0.000000000000000000, 1.000000000000000000 ) ) ;
#3674 = CARTESIAN_POINT ( 'NONE',  ( 0.4649999999999997469, 0.000000000000000000, -1.214999999999999858 ) ) ;
#3675 = CARTESIAN_POINT ( 'NONE',  ( -0.4999999999999908962, 0.2000000000000000111, -0.8849999999999998979 ) ) ;
#3676 = VERTEX_POINT ( 'NONE', #6067 ) ;
#3677 = CARTESIAN_POINT ( 'NONE',  ( -0.5000000000000002220, 0.2000000000000000111, 1.762499999999999734 ) ) ;
#3678 = VECTOR ( 'NONE', #3132, 1000.000000000000000 ) ;
#3679 = DIRECTION ( 'NONE',  ( 1.000000000000000000, -0.000000000000000000, -0.000000000000000000 ) ) ;
#3680 = SURFACE_STYLE_FILL_AREA ( #9194 ) ;
#3681 = ADVANCED_FACE ( 'NONE', ( #2213 ), #5304, .F. ) ;
#3682 = LINE ( 'NONE', #1279, #9829 ) ;
#3683 = CARTESIAN_POINT ( 'NONE',  ( -0.4649999999999908651, 0.2000000000000000111, -0.7149999999999997469 ) ) ;
#3684 = DIRECTION ( 'NONE',  ( 1.000000000000000000, 0.000000000000000000, -0.000000000000000000 ) ) ;
#3685 = EDGE_CURVE ( 'NONE', #5831, #8573, #9449, .T. ) ;
#3686 = CARTESIAN_POINT ( 'NONE',  ( 0.5000000000000091038, 0.2000000000000000111, 0.3150000000000001688 ) ) ;
#3687 = CARTESIAN_POINT ( 'NONE',  ( -0.3999999999999908629, 0.1500000000000000222, -1.367500000000000160 ) ) ;
#3688 = VECTOR ( 'NONE', #7704, 1000.000000000000000 ) ;
#3689 = EDGE_CURVE ( 'NONE', #4769, #1089, #9399, .T. ) ;
#3690 = DIRECTION ( 'NONE',  ( 0.8660254037844509201, -0.000000000000000000, -0.4999999999999786837 ) ) ;
#3691 = VERTEX_POINT ( 'NONE', #8642 ) ;
#3692 = ORIENTED_EDGE ( 'NONE', *, *, #3329, .F. ) ;
#3693 = DIRECTION ( 'NONE',  ( -1.000000000000000000, -0.000000000000000000, 6.195440985631447034E-15 ) ) ;
#3694 = AXIS2_PLACEMENT_3D ( 'NONE', #587, #3000, #6088 ) ;
#3695 = CARTESIAN_POINT ( 'NONE',  ( 0.000000000000000000, 0.2000000000000000111, 0.000000000000000000 ) ) ;
#3696 = CARTESIAN_POINT ( 'NONE',  ( -0.4999999999999908962, 0.1500000000000000222, 1.232500000000000373 ) ) ;
#3697 = CARTESIAN_POINT ( 'NONE',  ( 0.4390192378864747891, 0.04999999999999999584, -0.3000000000000001554 ) ) ;
#3698 = ORIENTED_EDGE ( 'NONE', *, *, #678, .T. ) ;
#3699 = DIRECTION ( 'NONE',  ( 1.000000000000000000, 0.000000000000000000, 0.000000000000000000 ) ) ;
#3700 = VERTEX_POINT ( 'NONE', #202 ) ;
#3701 = EDGE_CURVE ( 'NONE', #6409, #5287, #1587, .T. ) ;
#3702 = DIRECTION ( 'NONE',  ( -0.000000000000000000, 1.000000000000000000, -0.000000000000000000 ) ) ;
#3703 = VECTOR ( 'NONE', #6587, 1000.000000000000000 ) ;
#3704 = CIRCLE ( 'NONE', #4191, 0.06250000000000005551 ) ;
#3705 = LINE ( 'NONE', #2786, #5935 ) ;
#3706 = ORIENTED_EDGE ( 'NONE', *, *, #4588, .T. ) ;
#3707 = DIRECTION ( 'NONE',  ( 1.000000000000000000, 0.000000000000000000, 0.000000000000000000 ) ) ;
#3708 = ORIENTED_EDGE ( 'NONE', *, *, #1726, .F. ) ;
#3709 = EDGE_LOOP ( 'NONE', ( #7944, #5884, #9357, #229 ) ) ;
#3710 = FACE_OUTER_BOUND ( 'NONE', #1601, .T. ) ;
#3711 = VERTEX_POINT ( 'NONE', #7144 ) ;
#3712 = EDGE_CURVE ( 'NONE', #5903, #3115, #2457, .T. ) ;
#3713 = CARTESIAN_POINT ( 'NONE',  ( -0.2000000000000002609, 0.2000000000000000111, 1.800000000000000044 ) ) ;
#3714 = AXIS2_PLACEMENT_3D ( 'NONE', #7781, #5451, #3071 ) ;
#3715 = PLANE ( 'NONE',  #4569 ) ;
#3716 = VECTOR ( 'NONE', #4106, 1000.000000000000000 ) ;
#3717 = VERTEX_POINT ( 'NONE', #8538 ) ;
#3718 = LINE ( 'NONE', #6820, #2321 ) ;
#3719 = CYLINDRICAL_SURFACE ( 'NONE', #6969, 0.06249999999999984041 ) ;
#3720 = ORIENTED_EDGE ( 'NONE', *, *, #9718, .F. ) ;
#3721 = CARTESIAN_POINT ( 'NONE',  ( -0.5000000000000002220, 0.2000000000000000111, -0.7374999999999998224 ) ) ;
#3722 = LINE ( 'NONE', #4370, #9445 ) ;
#3723 = LINE ( 'NONE', #498, #2679 ) ;
#3724 = AXIS2_PLACEMENT_3D ( 'NONE', #3977, #2495, #243 ) ;
#3725 = CARTESIAN_POINT ( 'NONE',  ( 0.4650000000000091283, 0.2000000000000000111, -0.3149999999999999467 ) ) ;
#3726 = ORIENTED_EDGE ( 'NONE', *, *, #8636, .F. ) ;
#3727 = ORIENTED_EDGE ( 'NONE', *, *, #6734, .F. ) ;
#3728 = EDGE_CURVE ( 'NONE', #8908, #6702, #5516, .T. ) ;
#3729 = VERTEX_POINT ( 'NONE', #1024 ) ;
#3730 = CARTESIAN_POINT ( 'NONE',  ( 0.5000000000000091038, 0.04999999999999999584, 0.4850000000000002087 ) ) ;
#3731 = PLANE ( 'NONE',  #9685 ) ;
#3732 = VECTOR ( 'NONE', #4425, 1000.000000000000000 ) ;
#3733 = ORIENTED_EDGE ( 'NONE', *, *, #7465, .T. ) ;
#3734 = DIRECTION ( 'NONE',  ( 0.000000000000000000, 0.000000000000000000, 1.000000000000000000 ) ) ;
#3735 = CARTESIAN_POINT ( 'NONE',  ( -0.4390192378864581357, 0.2000000000000000111, -0.6999999999999998446 ) ) ;
#3736 = FACE_OUTER_BOUND ( 'NONE', #1132, .T. ) ;
#3737 = EDGE_CURVE ( 'NONE', #1205, #9585, #2511, .T. ) ;
#3738 = EDGE_LOOP ( 'NONE', ( #7514, #7228, #6656, #2604, #6199, #5547, #5497, #2032 ) ) ;
#3739 = ADVANCED_FACE ( 'NONE', ( #9496 ), #3328, .T. ) ;
#3740 = LINE ( 'NONE', #1429, #9204 ) ;
#3741 = EDGE_CURVE ( 'NONE', #2784, #4976, #5665, .T. ) ;
#3742 = CARTESIAN_POINT ( 'NONE',  ( 0.4650000000000091283, 0.2000000000000000111, -0.3149999999999999467 ) ) ;
#3743 = FACE_OUTER_BOUND ( 'NONE', #6646, .T. ) ;
#3744 = DIRECTION ( 'NONE',  ( -0.8660254037844509201, 0.000000000000000000, -0.4999999999999786837 ) ) ;
#3745 = FACE_OUTER_BOUND ( 'NONE', #6817, .T. ) ;
#3746 = ORIENTED_EDGE ( 'NONE', *, *, #1127, .F. ) ;
#3747 = EDGE_CURVE ( 'NONE', #4114, #4352, #6430, .T. ) ;
#3748 = FACE_OUTER_BOUND ( 'NONE', #5431, .T. ) ;
#3749 =( NAMED_UNIT ( * ) SI_UNIT ( $, .STERADIAN. ) SOLID_ANGLE_UNIT ( ) );
#3750 = CARTESIAN_POINT ( 'NONE',  ( 0.5000000000000091038, 0.2000000000000000111, 0.3375000000000001887 ) ) ;
#3751 = DIRECTION ( 'NONE',  ( -1.000000000000000000, 0.000000000000000000, 6.195440985631458867E-15 ) ) ;
#3752 = ORIENTED_EDGE ( 'NONE', *, *, #6966, .F. ) ;
#3753 = VECTOR ( 'NONE', #9215, 1000.000000000000000 ) ;
#3754 = LINE ( 'NONE', #9160, #3112 ) ;
#3755 = VERTEX_POINT ( 'NONE', #6328 ) ;
#3756 = SURFACE_STYLE_FILL_AREA ( #7466 ) ;
#3757 = DIRECTION ( 'NONE',  ( -1.000000000000000000, 0.000000000000000000, 0.000000000000000000 ) ) ;
#3758 = ORIENTED_EDGE ( 'NONE', *, *, #5618, .F. ) ;
#3759 = FACE_OUTER_BOUND ( 'NONE', #3557, .T. ) ;
#3760 = VERTEX_POINT ( 'NONE', #6377 ) ;
#3761 = VECTOR ( 'NONE', #2628, 1000.000000000000000 ) ;
#3762 = ORIENTED_EDGE ( 'NONE', *, *, #6494, .T. ) ;
#3763 = ORIENTED_EDGE ( 'NONE', *, *, #3939, .F. ) ;
#3764 = EDGE_CURVE ( 'NONE', #5800, #3561, #6279, .T. ) ;
#3765 = DIRECTION ( 'NONE',  ( -0.000000000000000000, 0.000000000000000000, 1.000000000000000000 ) ) ;
#3766 = ORIENTED_EDGE ( 'NONE', *, *, #796, .F. ) ;
#3767 = DIRECTION ( 'NONE',  ( 0.000000000000000000, -1.000000000000000000, 0.000000000000000000 ) ) ;
#3768 = CARTESIAN_POINT ( 'NONE',  ( 0.3999999999999997446, 0.2000000000000000111, -1.632499999999999840 ) ) ;
#3769 = DIRECTION ( 'NONE',  ( -1.000000000000000000, 0.000000000000000000, 0.000000000000000000 ) ) ;
#3771 = ORIENTED_EDGE ( 'NONE', *, *, #8918, .F. ) ;
#3770 = EDGE_CURVE ( 'NONE', #740, #3971, #4142, .T. ) ;
#3772 = CARTESIAN_POINT ( 'NONE',  ( 0.2000000000000184130, 0.2000000000000000111, -0.5000000000000002220 ) ) ;
#3773 = CARTESIAN_POINT ( 'NONE',  ( 0.5000000000000091038, 0.1500000000000000222, -0.06749999999999996281 ) ) ;
#3774 = CARTESIAN_POINT ( 'NONE',  ( 0.5000000000000000000, 0.1500000000000000222, -0.8675000000000002709 ) ) ;
#3775 = SURFACE_SIDE_STYLE ('',( #9236 ) ) ;
#3776 = VERTEX_POINT ( 'NONE', #4841 ) ;
#3777 = ORIENTED_EDGE ( 'NONE', *, *, #4192, .F. ) ;
#3778 = VERTEX_POINT ( 'NONE', #1737 ) ;
#3779 = VECTOR ( 'NONE', #4914, 1000.000000000000000 ) ;
#3780 = PLANE ( 'NONE',  #7123 ) ;
#3781 = EDGE_LOOP ( 'NONE', ( #7712, #1732, #4808, #424 ) ) ;
#3782 = CARTESIAN_POINT ( 'NONE',  ( 0.5000000000000000000, 0.2000000000000000111, 0.7324999999999994849 ) ) ;
#3783 = VERTEX_POINT ( 'NONE', #8590 ) ;
#3784 = DIRECTION ( 'NONE',  ( 1.000000000000000000, 0.000000000000000000, 4.336808689942016158E-15 ) ) ;
#3785 = CARTESIAN_POINT ( 'NONE',  ( -0.2000000000000002609, 0.2000000000000000111, -1.800000000000000044 ) ) ;
#3786 = EDGE_CURVE ( 'NONE', #4983, #6170, #4043, .T. ) ;
#3787 = AXIS2_PLACEMENT_3D ( 'NONE', #1907, #8907, #1191 ) ;
#3788 = ORIENTED_EDGE ( 'NONE', *, *, #6547, .F. ) ;
#3789 = VERTEX_POINT ( 'NONE', #4789 ) ;
#3790 = DIRECTION ( 'NONE',  ( 1.355252715606880049E-16, 0.000000000000000000, 1.000000000000000000 ) ) ;
#3791 = VECTOR ( 'NONE', #901, 1000.000000000000000 ) ;
#3792 = PLANE ( 'NONE',  #601 ) ;
#3793 = EDGE_CURVE ( 'NONE', #2734, #9519, #7936, .T. ) ;
#3794 = CARTESIAN_POINT ( 'NONE',  ( 0.4390192378864747891, 0.000000000000000000, -0.3000000000000001554 ) ) ;
#3795 = CARTESIAN_POINT ( 'NONE',  ( -0.1999999999999908795, 0.2000000000000000111, -0.6999999999999998446 ) ) ;
#3796 = DIRECTION ( 'NONE',  ( 0.000000000000000000, -0.000000000000000000, -1.000000000000000000 ) ) ;
#3797 = VECTOR ( 'NONE', #3021, 1000.000000000000000 ) ;
#3798 = ORIENTED_EDGE ( 'NONE', *, *, #301, .T. ) ;
#3799 = LINE ( 'NONE', #6801, #1077 ) ;
#3800 = SURFACE_STYLE_USAGE ( .BOTH. , #1337 ) ;
#3801 = LINE ( 'NONE', #6997, #5864 ) ;
#3802 = AXIS2_PLACEMENT_3D ( 'NONE', #4747, #731, #112 ) ;
#3803 = ORIENTED_EDGE ( 'NONE', *, *, #4318, .F. ) ;
#3804 = VERTEX_POINT ( 'NONE', #2562 ) ;
#3805 = EDGE_CURVE ( 'NONE', #3192, #9767, #1783, .T. ) ;
#3806 = LINE ( 'NONE', #8601, #8805 ) ;
#3807 = CARTESIAN_POINT ( 'NONE',  ( 0.5000000000000091038, 0.2000000000000000111, -0.8624999999999999334 ) ) ;
#3808 = ORIENTED_EDGE ( 'NONE', *, *, #8450, .F. ) ;
#3809 = CARTESIAN_POINT ( 'NONE',  ( -0.4999999999999908962, 0.2000000000000000111, -0.8849999999999998979 ) ) ;
#3810 = VECTOR ( 'NONE', #1322, 1000.000000000000000 ) ;
#3811 = ORIENTED_EDGE ( 'NONE', *, *, #1226, .F. ) ;
#3812 = VECTOR ( 'NONE', #6155, 1000.000000000000000 ) ;
#3813 = ORIENTED_EDGE ( 'NONE', *, *, #4393, .F. ) ;
#3814 = ADVANCED_FACE ( 'NONE', ( #1636 ), #2359, .T. ) ;
#3815 = CARTESIAN_POINT ( 'NONE',  ( 0.2000000000000090039, 0.2000000000000000111, -1.200000000000000178 ) ) ;
#3816 = ORIENTED_EDGE ( 'NONE', *, *, #4239, .T. ) ;
#3817 = FACE_OUTER_BOUND ( 'NONE', #5931, .T. ) ;
#3818 = CARTESIAN_POINT ( 'NONE',  ( -0.06750000000000000444, 0.1500000000000000222, -1.800000000000000044 ) ) ;
#3819 = LINE ( 'NONE', #6821, #2912 ) ;
#3820 = VERTEX_POINT ( 'NONE', #5710 ) ;
#3821 = LINE ( 'NONE', #6382, #8652 ) ;
#3822 = AXIS2_PLACEMENT_3D ( 'NONE', #8518, #4017, #4116 ) ;
#3823 = VECTOR ( 'NONE', #6835, 1000.000000000000000 ) ;
#3824 = CARTESIAN_POINT ( 'NONE',  ( -0.4999999999999908962, 0.2000000000000000111, -0.7149999999999999689 ) ) ;
#3825 = EDGE_CURVE ( 'NONE', #3971, #9956, #9545, .T. ) ;
#3826 = EDGE_CURVE ( 'NONE', #7754, #8500, #1099, .T. ) ;
#3827 = DIRECTION ( 'NONE',  ( 1.000000000000000000, 0.000000000000000000, -6.505213034913025026E-15 ) ) ;
#3828 = DIRECTION ( 'NONE',  ( -0.000000000000000000, -1.000000000000000000, -0.000000000000000000 ) ) ;
#3829 = VERTEX_POINT ( 'NONE', #2481 ) ;
#3830 = VERTEX_POINT ( 'NONE', #1709 ) ;
#3831 = EDGE_CURVE ( 'NONE', #2277, #4526, #7958, .T. ) ;
#3832 = VERTEX_POINT ( 'NONE', #3200 ) ;
#3833 = VERTEX_POINT ( 'NONE', #8008 ) ;
#3834 = CARTESIAN_POINT ( 'NONE',  ( 0.2000000000000090039, 0.2000000000000000111, 1.200000000000000178 ) ) ;
#3835 = DIRECTION ( 'NONE',  ( -0.000000000000000000, -0.000000000000000000, -1.000000000000000000 ) ) ;
#3836 = DIRECTION ( 'NONE',  ( -4.336808689942016158E-15, 0.000000000000000000, -1.000000000000000000 ) ) ;
#3837 = LINE ( 'NONE', #8530, #44 ) ;
#3838 = AXIS2_PLACEMENT_3D ( 'NONE', #9361, #5527, #6140 ) ;
#3839 = ORIENTED_EDGE ( 'NONE', *, *, #7750, .F. ) ;
#3840 = CARTESIAN_POINT ( 'NONE',  ( 0.000000000000000000, 0.1500000000000000222, 0.000000000000000000 ) ) ;
#3841 = VECTOR ( 'NONE', #5193, 1000.000000000000000 ) ;
#3842 = EDGE_CURVE ( 'NONE', #5372, #6402, #78, .T. ) ;
#3843 = CARTESIAN_POINT ( 'NONE',  ( 0.5000000000000000000, 0.1500000000000000222, 0.7324999999999994849 ) ) ;
#3844 = CARTESIAN_POINT ( 'NONE',  ( 0.5000000000000091038, 0.2000000000000000111, 0.4850000000000002087 ) ) ;
#3845 = FACE_OUTER_BOUND ( 'NONE', #5987, .T. ) ;
#3846 = ORIENTED_EDGE ( 'NONE', *, *, #6995, .F. ) ;
#3847 = ORIENTED_EDGE ( 'NONE', *, *, #4802, .T. ) ;
#3848 = CARTESIAN_POINT ( 'NONE',  ( -0.1999999999999908795, 0.2000000000000000111, -0.8624999999999999334 ) ) ;
#3849 = ADVANCED_FACE ( 'NONE', ( #2631 ), #4810, .T. ) ;
#3850 = PLANE ( 'NONE',  #2555 ) ;
#3851 = FACE_OUTER_BOUND ( 'NONE', #6863, .T. ) ;
#3852 = CLOSED_SHELL ( 'NONE', ( #9218, #8179, #2559, #9868, #1183, #1179 ) ) ;
#3853 = ORIENTED_EDGE ( 'NONE', *, *, #4708, .T. ) ;
#3854 = EDGE_LOOP ( 'NONE', ( #9274, #5399, #3097, #1818, #9539, #7157 ) ) ;
#3855 = SURFACE_SIDE_STYLE ('',( #2369 ) ) ;
#3856 = CARTESIAN_POINT ( 'NONE',  ( -0.06750000000000000444, 0.1500000000000000222, -1.800000000000000044 ) ) ;
#3857 = ORIENTED_EDGE ( 'NONE', *, *, #171, .T. ) ;
#3858 = LINE ( 'NONE', #2373, #9276 ) ;
#3859 = AXIS2_PLACEMENT_3D ( 'NONE', #6563, #3560, #9723 ) ;
#3860 = ORIENTED_EDGE ( 'NONE', *, *, #4055, .T. ) ;
#3861 = ORIENTED_EDGE ( 'NONE', *, *, #8943, .T. ) ;
#3862 = CARTESIAN_POINT ( 'NONE',  ( -0.4390192378864497535, 0.2000000000000000111, 0.1000000000000000472 ) ) ;
#3863 = EDGE_CURVE ( 'NONE', #9626, #4936, #6302, .T. ) ;
#3864 = PLANE ( 'NONE',  #3271 ) ;
#3865 = VERTEX_POINT ( 'NONE', #5539 ) ;
#3866 = DIRECTION ( 'NONE',  ( 1.000000000000000000, -0.000000000000000000, 6.195440985631447034E-15 ) ) ;
#3867 = EDGE_CURVE ( 'NONE', #4315, #6243, #4164, .T. ) ;
#3868 = CARTESIAN_POINT ( 'NONE',  ( 0.4650000000000091283, 0.2000000000000000111, -0.4850000000000004308 ) ) ;
#3869 = VECTOR ( 'NONE', #4484, 1000.000000000000000 ) ;
#3870 = ORIENTED_EDGE ( 'NONE', *, *, #1785, .T. ) ;
#3871 = VECTOR ( 'NONE', #3693, 1000.000000000000000 ) ;
#3872 = CARTESIAN_POINT ( 'NONE',  ( -0.4999999999999824585, 0.2000000000000000111, -0.4674999999999998601 ) ) ;
#3873 = DIRECTION ( 'NONE',  ( -0.000000000000000000, -0.000000000000000000, -1.000000000000000000 ) ) ;
#3874 = EDGE_CURVE ( 'NONE', #9140, #2758, #9564, .T. ) ;
#3875 = CARTESIAN_POINT ( 'NONE',  ( -0.5000000000000002220, 0.2000000000000000111, 0.8624999999999999334 ) ) ;
#3876 = ORIENTED_EDGE ( 'NONE', *, *, #6157, .F. ) ;
#3877 = ORIENTED_EDGE ( 'NONE', *, *, #1488, .F. ) ;
#3878 = VECTOR ( 'NONE', #4476, 1000.000000000000000 ) ;
#3879 = AXIS2_PLACEMENT_3D ( 'NONE', #6741, #6788, #8286 ) ;
#3880 = ORIENTED_EDGE ( 'NONE', *, *, #7544, .T. ) ;
#3881 = EDGE_CURVE ( 'NONE', #1558, #7137, #126, .T. ) ;
#3882 = FACE_OUTER_BOUND ( 'NONE', #7632, .T. ) ;
#3883 = DIRECTION ( 'NONE',  ( 1.000000000000000000, -0.000000000000000000, 0.000000000000000000 ) ) ;
#3884 = ORIENTED_EDGE ( 'NONE', *, *, #2240, .T. ) ;
#3885 = DIRECTION ( 'NONE',  ( 1.000000000000000000, 0.000000000000000000, -6.195440985631458867E-15 ) ) ;
#3886 = VECTOR ( 'NONE', #3462, 1000.000000000000000 ) ;
#3887 = DIRECTION ( 'NONE',  ( -0.000000000000000000, -0.000000000000000000, 1.000000000000000000 ) ) ;
#3888 = AXIS2_PLACEMENT_3D ( 'NONE', #2557, #1779, #1125 ) ;
#3889 = CARTESIAN_POINT ( 'NONE',  ( -0.3999999999999907518, 0.2000000000000000111, -0.4675000000000000266 ) ) ;
#3890 = ORIENTED_EDGE ( 'NONE', *, *, #8242, .T. ) ;
#3891 = EDGE_LOOP ( 'NONE', ( #3293, #7391, #1018, #7905, #6693, #1710, #8423, #9064 ) ) ;
#3892 = VECTOR ( 'NONE', #5410, 1000.000000000000000 ) ;
#3893 = DIRECTION ( 'NONE',  ( 0.8660254037844510311, 0.000000000000000000, 0.4999999999999786837 ) ) ;
#3894 = ADVANCED_FACE ( 'NONE', ( #9374 ), #8712, .T. ) ;
#3895 = DIRECTION ( 'NONE',  ( 0.000000000000000000, -1.000000000000000000, 0.000000000000000000 ) ) ;
#3896 = CARTESIAN_POINT ( 'NONE',  ( 0.2000000000000089762, 0.2000000000000000111, -1.300000000000000266 ) ) ;
#3897 = ADVANCED_FACE ( 'NONE', ( #9422 ), #2432, .T. ) ;
#3898 = LINE ( 'NONE', #6124, #7246 ) ;
#3899 = CARTESIAN_POINT ( 'NONE',  ( 0.4999999999999997780, 0.2000000000000000111, 1.215000000000000080 ) ) ;
#3900 = DIRECTION ( 'NONE',  ( 3.252606517456508569E-15, 0.000000000000000000, -1.000000000000000000 ) ) ;
#3901 = CARTESIAN_POINT ( 'NONE',  ( 0.3999999999999998557, 0.1500000000000000222, 0.8674999999999997158 ) ) ;
#3902 = ORIENTED_EDGE ( 'NONE', *, *, #1200, .T. ) ;
#3903 = LINE ( 'NONE', #2466, #2524 ) ;
#3904 = ORIENTED_EDGE ( 'NONE', *, *, #7074, .T. ) ;
#3905 = CARTESIAN_POINT ( 'NONE',  ( -0.4390192378864497535, 0.2000000000000000111, -0.1000000000000000472 ) ) ;
#3906 = ORIENTED_EDGE ( 'NONE', *, *, #3481, .T. ) ;
#3907 = ORIENTED_EDGE ( 'NONE', *, *, #7899, .F. ) ;
#3908 = VERTEX_POINT ( 'NONE', #9472 ) ;
#3909 = DIRECTION ( 'NONE',  ( 1.000000000000000000, -0.000000000000000000, 1.355252715606755804E-16 ) ) ;
#3910 = VERTEX_POINT ( 'NONE', #4065 ) ;
#3911 = DIRECTION ( 'NONE',  ( 0.000000000000000000, -0.000000000000000000, -1.000000000000000000 ) ) ;
#3912 = CARTESIAN_POINT ( 'NONE',  ( 0.06749999999999997669, 0.1500000000000000222, -1.899999999999999911 ) ) ;
#3913 = CARTESIAN_POINT ( 'NONE',  ( 0.5000000000000091038, 0.1500000000000000222, 0.06750000000000001832 ) ) ;
#3914 = ORIENTED_EDGE ( 'NONE', *, *, #1878, .T. ) ;
#3915 = LINE ( 'NONE', #2385, #8994 ) ;
#3916 = ADVANCED_FACE ( 'NONE', ( #7859 ), #996, .T. ) ;
#3917 = DIRECTION ( 'NONE',  ( -0.000000000000000000, -0.000000000000000000, -1.000000000000000000 ) ) ;
#3918 = EDGE_CURVE ( 'NONE', #4352, #5176, #3298, .T. ) ;
#3919 = VECTOR ( 'NONE', #815, 1000.000000000000000 ) ;
#3920 = PLANE ( 'NONE',  #4887 ) ;
#3921 = ORIENTED_EDGE ( 'NONE', *, *, #8120, .F. ) ;
#3922 = ORIENTED_EDGE ( 'NONE', *, *, #2450, .F. ) ;
#3923 = ORIENTED_EDGE ( 'NONE', *, *, #3478, .T. ) ;
#3924 = DIRECTION ( 'NONE',  ( 0.000000000000000000, 0.000000000000000000, 1.000000000000000000 ) ) ;
#3925 = ORIENTED_EDGE ( 'NONE', *, *, #1594, .T. ) ;
#3926 = VECTOR ( 'NONE', #2618, 1000.000000000000000 ) ;
#3927 = PLANE ( 'NONE',  #3724 ) ;
#3928 = ORIENTED_EDGE ( 'NONE', *, *, #9850, .T. ) ;
#3929 = DIRECTION ( 'NONE',  ( -0.8660254037844510311, 0.000000000000000000, 0.4999999999999786837 ) ) ;
#3930 = DIRECTION ( 'NONE',  ( 0.000000000000000000, -0.000000000000000000, -1.000000000000000000 ) ) ;
#3931 = DIRECTION ( 'NONE',  ( -1.000000000000000000, -0.000000000000000000, -6.505213034913024237E-15 ) ) ;
#3932 = EDGE_LOOP ( 'NONE', ( #585, #9688, #1458, #6111 ) ) ;
#3933 = AXIS2_PLACEMENT_3D ( 'NONE', #7507, #2020, #479 ) ;
#3934 = DIRECTION ( 'NONE',  ( -1.000000000000000000, -0.000000000000000000, -0.000000000000000000 ) ) ;
#3935 = VECTOR ( 'NONE', #4815, 1000.000000000000000 ) ;
#3936 = CARTESIAN_POINT ( 'NONE',  ( -0.4390192378864674616, 0.2000000000000000111, -1.599999999999999867 ) ) ;
#3937 = DIRECTION ( 'NONE',  ( -1.000000000000000000, 0.000000000000000000, 0.000000000000000000 ) ) ;
#3938 = CARTESIAN_POINT ( 'NONE',  ( 0.4999999999999997780, 0.1500000000000000222, 1.632499999999999840 ) ) ;
#3939 = EDGE_CURVE ( 'NONE', #2061, #3776, #6507, .T. ) ;
#3940 = VECTOR ( 'NONE', #376, 1000.000000000000000 ) ;
#3941 = PLANE ( 'NONE',  #4667 ) ;
#3942 = EDGE_CURVE ( 'NONE', #8869, #9136, #6401, .T. ) ;
#3943 = FACE_OUTER_BOUND ( 'NONE', #1857, .T. ) ;
#3944 = LINE ( 'NONE', #9355, #3276 ) ;
#3945 = CARTESIAN_POINT ( 'NONE',  ( 0.4999999999999997780, 0.2000000000000000111, 1.215000000000000080 ) ) ;
#3946 = ORIENTED_EDGE ( 'NONE', *, *, #2257, .T. ) ;
#3947 = AXIS2_PLACEMENT_3D ( 'NONE', #1936, #5843, #8217 ) ;
#3948 = PLANE ( 'NONE',  #3479 ) ;
#3949 = LINE ( 'NONE', #9960, #1537 ) ;
#3950 = ORIENTED_EDGE ( 'NONE', *, *, #5354, .T. ) ;
#3951 = VERTEX_POINT ( 'NONE', #8759 ) ;
#3952 = ORIENTED_EDGE ( 'NONE', *, *, #3044, .F. ) ;
#3953 = DIRECTION ( 'NONE',  ( -0.000000000000000000, -1.000000000000000000, -0.000000000000000000 ) ) ;
#3954 = VECTOR ( 'NONE', #6556, 1000.000000000000000 ) ;
#3955 = VECTOR ( 'NONE', #3647, 1000.000000000000000 ) ;
#3956 = DIRECTION ( 'NONE',  ( 0.000000000000000000, -1.000000000000000000, 0.000000000000000000 ) ) ;
#3957 = VERTEX_POINT ( 'NONE', #1808 ) ;
#3958 = LINE ( 'NONE', #2951, #8711 ) ;
#3959 = ADVANCED_FACE ( 'NONE', ( #4909 ), #5731, .T. ) ;
#3960 = DIRECTION ( 'NONE',  ( 0.000000000000000000, -0.000000000000000000, 1.000000000000000000 ) ) ;
#3961 = CARTESIAN_POINT ( 'NONE',  ( -0.4649999999999825384, 0.2000000000000000111, -0.08500000000000022815 ) ) ;
#3962 = VERTEX_POINT ( 'NONE', #9714 ) ;
#3963 = CARTESIAN_POINT ( 'NONE',  ( 0.4999999999999997780, 0.04999999999999999584, 1.215000000000000080 ) ) ;
#3964 = STYLED_ITEM ( 'NONE', ( #6540 ), #8584 ) ;
#3965 = LINE ( 'NONE', #7914, #1854 ) ;
#3966 = AXIS2_PLACEMENT_3D ( 'NONE', #7302, #1955, #5047 ) ;
#3967 = DIRECTION ( 'NONE',  ( -0.000000000000000000, -0.000000000000000000, -1.000000000000000000 ) ) ;
#3968 = ORIENTED_EDGE ( 'NONE', *, *, #6529, .F. ) ;
#3969 = ORIENTED_EDGE ( 'NONE', *, *, #2223, .T. ) ;
#3970 = EDGE_LOOP ( 'NONE', ( #3708, #8745, #8381, #4671 ) ) ;
#3971 = VERTEX_POINT ( 'NONE', #9665 ) ;
#3972 = VECTOR ( 'NONE', #3489, 1000.000000000000000 ) ;
#3973 = CARTESIAN_POINT ( 'NONE',  ( -0.1999999999999825528, 0.000000000000000000, 0.1000000000000000472 ) ) ;
#3974 = VECTOR ( 'NONE', #3223, 1000.000000000000000 ) ;
#3975 = ADVANCED_FACE ( 'NONE', ( #7463 ), #8200, .F. ) ;
#3976 = CARTESIAN_POINT ( 'NONE',  ( 0.2000000000000183298, 0.05000000000000000278, 2.710505431214008528E-17 ) ) ;
#3977 = CARTESIAN_POINT ( 'NONE',  ( 0.000000000000000000, 0.05000000000000000278, 0.000000000000000000 ) ) ;
#3978 = ORIENTED_EDGE ( 'NONE', *, *, #7799, .F. ) ;
#3979 = DIRECTION ( 'NONE',  ( 1.000000000000000000, 0.000000000000000000, -6.195440985631447034E-15 ) ) ;
#3980 = EDGE_CURVE ( 'NONE', #3597, #4697, #8258, .T. ) ;
#3981 = CARTESIAN_POINT ( 'NONE',  ( 0.2000000000000090039, 0.2000000000000000111, 1.200000000000000178 ) ) ;
#3982 = VECTOR ( 'NONE', #7579, 1000.000000000000000 ) ;
#3983 = VERTEX_POINT ( 'NONE', #8914 ) ;
#3984 = ORIENTED_EDGE ( 'NONE', *, *, #4538, .T. ) ;
#3985 = DIRECTION ( 'NONE',  ( -1.000000000000000000, -0.000000000000000000, 6.195440985631447034E-15 ) ) ;
#3986 = EDGE_CURVE ( 'NONE', #9807, #6983, #5933, .T. ) ;
#3987 = DIRECTION ( 'NONE',  ( -0.000000000000000000, -0.000000000000000000, -1.000000000000000000 ) ) ;
#3988 = CARTESIAN_POINT ( 'NONE',  ( 0.4390192378864654077, 0.2000000000000000111, 1.200000000000000178 ) ) ;
#3989 = EDGE_CURVE ( 'NONE', #1107, #5702, #3448, .T. ) ;
#3990 = VECTOR ( 'NONE', #2721, 1000.000000000000000 ) ;
#3991 = DIRECTION ( 'NONE',  ( 1.355252715606880049E-16, 0.000000000000000000, 1.000000000000000000 ) ) ;
#3992 = ADVANCED_FACE ( 'NONE', ( #6655 ), #9766, .F. ) ;
#3993 = CARTESIAN_POINT ( 'NONE',  ( 0.5000000000000091038, 0.2000000000000000111, -0.4625000000000001887 ) ) ;
#3994 = DIRECTION ( 'NONE',  ( 0.000000000000000000, 0.000000000000000000, 1.000000000000000000 ) ) ;
#3995 = EDGE_CURVE ( 'NONE', #785, #749, #2733, .T. ) ;
#3996 = DIRECTION ( 'NONE',  ( 1.000000000000000000, 0.000000000000000000, -6.195440985631458867E-15 ) ) ;
#3997 = CARTESIAN_POINT ( 'NONE',  ( -0.3999999999999907518, 0.1500000000000000222, 0.4675000000000001932 ) ) ;
#3998 = ORIENTED_EDGE ( 'NONE', *, *, #2002, .F. ) ;
#3999 = CARTESIAN_POINT ( 'NONE',  ( 0.4999999999999997780, 0.1500000000000000222, 1.632499999999999840 ) ) ;
#4000 = CARTESIAN_POINT ( 'NONE',  ( 0.4999999999999997780, 0.05000000000000000278, -1.899999999999999911 ) ) ;
#4001 = ORIENTED_EDGE ( 'NONE', *, *, #2863, .T. ) ;
#4002 = DIRECTION ( 'NONE',  ( -0.000000000000000000, -1.000000000000000000, -0.000000000000000000 ) ) ;
#4003 = EDGE_CURVE ( 'NONE', #1618, #7947, #1917, .T. ) ;
#4004 = EDGE_CURVE ( 'NONE', #5934, #3409, #2686, .T. ) ;
#4005 = ORIENTED_EDGE ( 'NONE', *, *, #9809, .F. ) ;
#4006 = ORIENTED_EDGE ( 'NONE', *, *, #7613, .T. ) ;
#4007 = DIRECTION ( 'NONE',  ( 1.084202172485502265E-15, 0.000000000000000000, 1.000000000000000000 ) ) ;
#4008 = DIRECTION ( 'NONE',  ( 0.000000000000000000, 1.000000000000000000, -0.000000000000000000 ) ) ;
#4009 = EDGE_CURVE ( 'NONE', #6979, #7156, #2023, .T. ) ;
#4010 = VERTEX_POINT ( 'NONE', #1968 ) ;
#4011 = DIRECTION ( 'NONE',  ( 0.000000000000000000, 0.000000000000000000, 1.000000000000000000 ) ) ;
#4012 = CARTESIAN_POINT ( 'NONE',  ( 0.06749999999999997669, 0.1500000000000000222, -1.899999999999999911 ) ) ;
#4013 = DIRECTION ( 'NONE',  ( 0.000000000000000000, 1.000000000000000000, -0.000000000000000000 ) ) ;
#4014 = VERTEX_POINT ( 'NONE', #3500 ) ;
#4015 = CARTESIAN_POINT ( 'NONE',  ( 0.4649999999999997469, 0.2000000000000000111, 1.214999999999999858 ) ) ;
#4016 = AXIS2_PLACEMENT_3D ( 'NONE', #4024, #8628, #5742 ) ;
#4017 = DIRECTION ( 'NONE',  ( 6.505213034913025026E-15, 0.000000000000000000, -1.000000000000000000 ) ) ;
#4018 = CYLINDRICAL_SURFACE ( 'NONE', #8452, 0.06250000000000005551 ) ;
#4019 = ORIENTED_EDGE ( 'NONE', *, *, #3095, .F. ) ;
#4020 = ADVANCED_FACE ( 'NONE', ( #9065 ), #6603, .T. ) ;
#4021 = ORIENTED_EDGE ( 'NONE', *, *, #5364, .F. ) ;
#4022 = VERTEX_POINT ( 'NONE', #1198 ) ;
#4023 = CARTESIAN_POINT ( 'NONE',  ( 0.3999999999999997446, 0.2000000000000000111, 1.767500000000000071 ) ) ;
#4024 = CARTESIAN_POINT ( 'NONE',  ( 0.000000000000000000, 0.2000000000000000111, 0.000000000000000000 ) ) ;
#4025 = AXIS2_PLACEMENT_3D ( 'NONE', #5106, #4350, #6650 ) ;
#4026 = VECTOR ( 'NONE', #5174, 1000.000000000000000 ) ;
#4027 = CARTESIAN_POINT ( 'NONE',  ( -0.06749999999999997669, 0.2000000000000000111, 1.899999999999999911 ) ) ;
#4028 = CARTESIAN_POINT ( 'NONE',  ( -1.951563910473891415E-15, 0.05000000000000000278, 0.3149999999999970601 ) ) ;
#4029 = DIRECTION ( 'NONE',  ( 0.000000000000000000, -1.000000000000000000, 0.000000000000000000 ) ) ;
#4030 = EDGE_LOOP ( 'NONE', ( #9282, #5426, #5278, #3525, #9980, #6962 ) ) ;
#4031 = CARTESIAN_POINT ( 'NONE',  ( 0.4650000000000091283, 0.2000000000000000111, -0.3149999999999999467 ) ) ;
#4032 = CARTESIAN_POINT ( 'NONE',  ( -0.4999999999999908962, 0.1500000000000000222, 1.367499999999999494 ) ) ;
#4033 = VECTOR ( 'NONE', #6360, 1000.000000000000000 ) ;
#4034 = AXIS2_PLACEMENT_3D ( 'NONE', #6118, #5561, #8639 ) ;
#4035 = EDGE_CURVE ( 'NONE', #4101, #1622, #5164, .T. ) ;
#4036 = ORIENTED_EDGE ( 'NONE', *, *, #4133, .T. ) ;
#4037 = ORIENTED_EDGE ( 'NONE', *, *, #8287, .F. ) ;
#4038 = CYLINDRICAL_SURFACE ( 'NONE', #5499, 0.06250000000000000000 ) ;
#4039 = VECTOR ( 'NONE', #5291, 1000.000000000000114 ) ;
#4040 = EDGE_LOOP ( 'NONE', ( #6106, #1299, #1199, #9025 ) ) ;
#4041 = VECTOR ( 'NONE', #5084, 1000.000000000000000 ) ;
#4042 = DIRECTION ( 'NONE',  ( 1.355252715606880049E-16, 0.000000000000000000, 1.000000000000000000 ) ) ;
#4043 = LINE ( 'NONE', #7040, #9088 ) ;
#4044 = ADVANCED_FACE ( 'NONE', ( #4355 ), #4308, .T. ) ;
#4045 = EDGE_CURVE ( 'NONE', #608, #6310, #1462, .T. ) ;
#4046 = VECTOR ( 'NONE', #8879, 1000.000000000000000 ) ;
#4047 = VECTOR ( 'NONE', #8543, 1000.000000000000000 ) ;
#4048 = EDGE_CURVE ( 'NONE', #9043, #9272, #6701, .T. ) ;
#4049 = PLANE ( 'NONE',  #8222 ) ;
#4050 = CARTESIAN_POINT ( 'NONE',  ( 0.2000000000000183853, 0.2000000000000000111, -0.3000000000000001554 ) ) ;
#4051 = CIRCLE ( 'NONE', #1120, 0.06249999999999984041 ) ;
#4052 = DIRECTION ( 'NONE',  ( -0.8660254037844509201, 0.000000000000000000, -0.4999999999999786837 ) ) ;
#4053 = VERTEX_POINT ( 'NONE', #2891 ) ;
#4054 = CARTESIAN_POINT ( 'NONE',  ( -0.4390192378864581357, 0.2000000000000000111, 0.9000000000000000222 ) ) ;
#4055 = EDGE_CURVE ( 'NONE', #7947, #2024, #5982, .T. ) ;
#4056 = CARTESIAN_POINT ( 'NONE',  ( -0.5000000000000002220, 0.2000000000000000111, 1.614999999999999991 ) ) ;
#4057 = VERTEX_POINT ( 'NONE', #15 ) ;
#4058 = ORIENTED_EDGE ( 'NONE', *, *, #9726, .F. ) ;
#4059 = CARTESIAN_POINT ( 'NONE',  ( -0.4390192378864497535, 0.04999999999999999584, -0.1000000000000000472 ) ) ;
#4060 = CARTESIAN_POINT ( 'NONE',  ( -0.4999999999999825695, 0.2000000000000000111, -0.08500000000000000611 ) ) ;
#4061 = FACE_OUTER_BOUND ( 'NONE', #1979, .T. ) ;
#4062 = ORIENTED_EDGE ( 'NONE', *, *, #9005, .F. ) ;
#4063 = DIRECTION ( 'NONE',  ( -4.015563601798163822E-16, 0.000000000000000000, -1.000000000000000000 ) ) ;
#4064 = LINE ( 'NONE', #3913, #2412 ) ;
#4065 = CARTESIAN_POINT ( 'NONE',  ( -0.4649999999999825384, 0.2000000000000000111, 0.08500000000000022815 ) ) ;
#4066 = ORIENTED_EDGE ( 'NONE', *, *, #27, .F. ) ;
#4067 = DIRECTION ( 'NONE',  ( 1.000000000000000000, 0.000000000000000000, -1.355252715606880049E-16 ) ) ;
#4068 = CARTESIAN_POINT ( 'NONE',  ( 0.4650000000000091283, 0.000000000000000000, -0.4850000000000004308 ) ) ;
#4069 = EDGE_CURVE ( 'NONE', #6956, #7652, #6240, .T. ) ;
#4070 = VERTEX_POINT ( 'NONE', #3901 ) ;
#4071 = ORIENTED_EDGE ( 'NONE', *, *, #4393, .T. ) ;
#4072 = DIRECTION ( 'NONE',  ( -1.000000000000000000, 0.000000000000000000, 0.000000000000000000 ) ) ;
#4073 = DIRECTION ( 'NONE',  ( -1.000000000000000000, 0.000000000000000000, -0.000000000000000000 ) ) ;
#4074 = CARTESIAN_POINT ( 'NONE',  ( -0.1999999999999908795, 0.2000000000000000111, 0.7999999999999999334 ) ) ;
#4075 = LINE ( 'NONE', #5696, #2564 ) ;
#4076 = ORIENTED_EDGE ( 'NONE', *, *, #4686, .F. ) ;
#4077 = FACE_OUTER_BOUND ( 'NONE', #2862, .T. ) ;
#4078 = VECTOR ( 'NONE', #917, 1000.000000000000114 ) ;
#4079 = CARTESIAN_POINT ( 'NONE',  ( 0.4390192378864654077, 0.2000000000000000111, -1.200000000000000178 ) ) ;
#4080 = LINE ( 'NONE', #6987, #9138 ) ;
#4081 = VERTEX_POINT ( 'NONE', #679 ) ;
#4082 = ORIENTED_EDGE ( 'NONE', *, *, #2715, .F. ) ;
#4083 = ORIENTED_EDGE ( 'NONE', *, *, #2853, .F. ) ;
#4084 = AXIS2_PLACEMENT_3D ( 'NONE', #9600, #3197, #2332 ) ;
#4085 = CARTESIAN_POINT ( 'NONE',  ( 0.2000000000000183853, 0.000000000000000000, -0.3000000000000001554 ) ) ;
#4086 = VERTEX_POINT ( 'NONE', #5471 ) ;
#4087 = PLANE ( 'NONE',  #1021 ) ;
#4088 = EDGE_CURVE ( 'NONE', #3092, #3804, #8447, .T. ) ;
#4089 = PLANE ( 'NONE',  #7850 ) ;
#4090 = CARTESIAN_POINT ( 'NONE',  ( 0.5000000000000000000, 0.1500000000000000222, -0.8675000000000002709 ) ) ;
#4091 = VECTOR ( 'NONE', #2153, 1000.000000000000000 ) ;
#4092 = DIRECTION ( 'NONE',  ( 0.000000000000000000, -1.000000000000000000, 0.000000000000000000 ) ) ;
#4093 = VECTOR ( 'NONE', #3555, 1000.000000000000000 ) ;
#4094 = EDGE_CURVE ( 'NONE', #7460, #2820, #727, .T. ) ;
#4095 = PLANE ( 'NONE',  #7498 ) ;
#4096 = LINE ( 'NONE', #4050, #381 ) ;
#4097 = VERTEX_POINT ( 'NONE', #2168 ) ;
#4098 = SURFACE_SIDE_STYLE ('',( #7995 ) ) ;
#4099 = CARTESIAN_POINT ( 'NONE',  ( -0.06749999999999997669, 0.1500000000000000222, -1.899999999999999911 ) ) ;
#4100 = AXIS2_PLACEMENT_3D ( 'NONE', #2325, #5377, #9859 ) ;
#4101 = VERTEX_POINT ( 'NONE', #2940 ) ;
#4102 = CARTESIAN_POINT ( 'NONE',  ( -0.5000000000000002220, 0.2000000000000000111, 0.06250000000000000000 ) ) ;
#4103 = EDGE_LOOP ( 'NONE', ( #6940, #9072, #38, #3102 ) ) ;
#4104 = EDGE_LOOP ( 'NONE', ( #4733, #2159, #3208, #781 ) ) ;
#4105 = PLANE ( 'NONE',  #2238 ) ;
#4106 = DIRECTION ( 'NONE',  ( -0.000000000000000000, -0.000000000000000000, -1.000000000000000000 ) ) ;
#4107 = CARTESIAN_POINT ( 'NONE',  ( 0.4650000000000091283, 0.2000000000000000111, 0.3149999999999999467 ) ) ;
#4108 = DIRECTION ( 'NONE',  ( 0.000000000000000000, -0.000000000000000000, -1.000000000000000000 ) ) ;
#4109 = ORIENTED_EDGE ( 'NONE', *, *, #1050, .F. ) ;
#4110 = CIRCLE ( 'NONE', #2157, 0.06249999999999984041 ) ;
#4111 = EDGE_CURVE ( 'NONE', #221, #225, #1389, .T. ) ;
#4112 = LINE ( 'NONE', #7218, #614 ) ;
#4113 = DIRECTION ( 'NONE',  ( 1.000000000000000000, 0.000000000000000000, 0.000000000000000000 ) ) ;
#4114 = VERTEX_POINT ( 'NONE', #631 ) ;
#4115 = CARTESIAN_POINT ( 'NONE',  ( 0.4390192378864747891, 0.2000000000000000111, -0.3000000000000001554 ) ) ;
#4116 = DIRECTION ( 'NONE',  ( -1.000000000000000000, 0.000000000000000000, -6.505213034913025026E-15 ) ) ;
#4117 = CARTESIAN_POINT ( 'NONE',  ( 0.5000000000000091038, 0.2000000000000000111, 0.4625000000000001887 ) ) ;
#4118 = VECTOR ( 'NONE', #5687, 1000.000000000000000 ) ;
#4119 = EDGE_LOOP ( 'NONE', ( #2357, #7166, #2316, #3014 ) ) ;
#4120 = VECTOR ( 'NONE', #5026, 1000.000000000000000 ) ;
#4121 = ORIENTED_EDGE ( 'NONE', *, *, #4777, .F. ) ;
#4122 = VERTEX_POINT ( 'NONE', #9957 ) ;
#4123 = LINE ( 'NONE', #4921, #280 ) ;
#4124 = CARTESIAN_POINT ( 'NONE',  ( 0.5000000000000000000, 0.1500000000000000222, -0.8675000000000002709 ) ) ;
#4125 = CARTESIAN_POINT ( 'NONE',  ( 0.3999999999999999112, 0.2000000000000000111, 0.06750000000000003220 ) ) ;
#4126 = FACE_OUTER_BOUND ( 'NONE', #6216, .T. ) ;
#4127 = ORIENTED_EDGE ( 'NONE', *, *, #8843, .F. ) ;
#4128 = CARTESIAN_POINT ( 'NONE',  ( 0.000000000000000000, 0.05000000000000000278, 0.6999999999999998446 ) ) ;
#4129 = PRESENTATION_LAYER_ASSIGNMENT (  '', '', ( #372 ) ) ;
#4130 = EDGE_CURVE ( 'NONE', #9601, #8616, #3039, .T. ) ;
#4131 = VECTOR ( 'NONE', #6794, 1000.000000000000114 ) ;
#4132 = CARTESIAN_POINT ( 'NONE',  ( 0.2000000000000089762, 0.2000000000000000111, 1.300000000000000266 ) ) ;
#4133 = EDGE_CURVE ( 'NONE', #3256, #692, #6957, .T. ) ;
#4134 = DIRECTION ( 'NONE',  ( -0.000000000000000000, 1.000000000000000000, -0.000000000000000000 ) ) ;
#4135 = EDGE_LOOP ( 'NONE', ( #9610, #4127, #1300, #894 ) ) ;
#4136 = MECHANICAL_DESIGN_GEOMETRIC_PRESENTATION_REPRESENTATION (  '', ( #6895 ), #2669 ) ;
#4137 = ORIENTED_EDGE ( 'NONE', *, *, #8131, .F. ) ;
#4138 = VECTOR ( 'NONE', #9192, 1000.000000000000000 ) ;
#4139 = CARTESIAN_POINT ( 'NONE',  ( 0.5000000000000091038, 0.2000000000000000111, 1.637500000000000178 ) ) ;
#4140 = EDGE_LOOP ( 'NONE', ( #7771, #6629, #3229, #1236 ) ) ;
#4141 = LINE ( 'NONE', #7243, #714 ) ;
#4142 = LINE ( 'NONE', #7884, #3589 ) ;
#4143 = UNCERTAINTY_MEASURE_WITH_UNIT (LENGTH_MEASURE( 1.000000000000000082E-05 ), #6081, 'distance_accuracy_value', 'NONE');
#4144 = AXIS2_PLACEMENT_3D ( 'NONE', #3451, #5733, #4812 ) ;
#4145 = EDGE_CURVE ( 'NONE', #9443, #2594, #6029, .T. ) ;
#4146 = DIRECTION ( 'NONE',  ( -0.4999999999999786837, 0.000000000000000000, -0.8660254037844510311 ) ) ;
#4147 = DIRECTION ( 'NONE',  ( -6.195440985631458867E-15, 0.000000000000000000, -1.000000000000000000 ) ) ;
#4148 = DIRECTION ( 'NONE',  ( 1.355252715606880049E-16, 0.000000000000000000, -1.000000000000000000 ) ) ;
#4149 = CARTESIAN_POINT ( 'NONE',  ( 0.2000000000000183853, 0.2000000000000000111, 0.3000000000000001554 ) ) ;
#4150 = CARTESIAN_POINT ( 'NONE',  ( -0.5000000000000002220, 0.2000000000000000111, -1.784999999999999920 ) ) ;
#4151 = DIRECTION ( 'NONE',  ( -1.000000000000000000, 0.000000000000000000, 0.000000000000000000 ) ) ;
#4152 = CARTESIAN_POINT ( 'NONE',  ( 0.5000000000000000000, 0.1500000000000000222, 0.8675000000000002709 ) ) ;
#4153 = VECTOR ( 'NONE', #3042, 1000.000000000000000 ) ;
#4154 = FACE_OUTER_BOUND ( 'NONE', #5041, .T. ) ;
#4155 = ORIENTED_EDGE ( 'NONE', *, *, #9302, .T. ) ;
#4156 = CARTESIAN_POINT ( 'NONE',  ( -0.4390192378864581357, 0.2000000000000000111, -0.6999999999999998446 ) ) ;
#4157 = ORIENTED_EDGE ( 'NONE', *, *, #8204, .F. ) ;
#4158 = EDGE_CURVE ( 'NONE', #3606, #1910, #1544, .T. ) ;
#4159 = DIRECTION ( 'NONE',  ( 1.000000000000000000, 0.000000000000000000, -1.084202172485502265E-15 ) ) ;
#4160 = DIRECTION ( 'NONE',  ( 0.000000000000000000, 0.000000000000000000, 1.000000000000000000 ) ) ;
#4161 = CIRCLE ( 'NONE', #8036, 0.06250000000000000000 ) ;
#4162 = EDGE_LOOP ( 'NONE', ( #5057, #7778, #4722, #9170 ) ) ;
#4163 = CARTESIAN_POINT ( 'NONE',  ( -0.4650000000000002465, 0.2000000000000000111, 1.785000000000000142 ) ) ;
#4164 = LINE ( 'NONE', #3352, #8921 ) ;
#4165 = ORIENTED_EDGE ( 'NONE', *, *, #6366, .F. ) ;
#4166 = LINE ( 'NONE', #4115, #8316 ) ;
#4167 = DIRECTION ( 'NONE',  ( 0.000000000000000000, 0.000000000000000000, 1.000000000000000000 ) ) ;
#4168 = VERTEX_POINT ( 'NONE', #4499 ) ;
#4169 = VERTEX_POINT ( 'NONE', #6187 ) ;
#4170 = DIRECTION ( 'NONE',  ( 0.000000000000000000, 0.000000000000000000, 1.000000000000000000 ) ) ;
#4171 = ORIENTED_EDGE ( 'NONE', *, *, #7330, .T. ) ;
#4172 = EDGE_CURVE ( 'NONE', #8322, #6566, #3754, .T. ) ;
#4173 = LINE ( 'NONE', #240, #6477 ) ;
#4174 = DIRECTION ( 'NONE',  ( 0.000000000000000000, 1.000000000000000000, 0.000000000000000000 ) ) ;
#4175 = CARTESIAN_POINT ( 'NONE',  ( 0.000000000000000000, 0.2000000000000000111, 0.000000000000000000 ) ) ;
#4176 = ORIENTED_EDGE ( 'NONE', *, *, #6963, .T. ) ;
#4177 = FACE_OUTER_BOUND ( 'NONE', #5886, .T. ) ;
#4178 = CLOSED_SHELL ( 'NONE', ( #5914, #7099, #3992, #3125, #5836, #3894 ) ) ;
#4179 = CARTESIAN_POINT ( 'NONE',  ( 0.2000000000000183853, 0.000000000000000000, 0.3000000000000001554 ) ) ;
#4180 = LINE ( 'NONE', #4875, #4443 ) ;
#4181 = CARTESIAN_POINT ( 'NONE',  ( 0.2000000000000090317, 0.2000000000000000111, -1.400000000000000133 ) ) ;
#4182 = EDGE_LOOP ( 'NONE', ( #2327, #9715, #6618, #1918 ) ) ;
#4183 = EDGE_CURVE ( 'NONE', #6002, #7336, #9263, .T. ) ;
#4184 = VECTOR ( 'NONE', #9816, 1000.000000000000000 ) ;
#4185 = ORIENTED_EDGE ( 'NONE', *, *, #9718, .T. ) ;
#4186 = DIRECTION ( 'NONE',  ( 1.000000000000000000, -0.000000000000000000, 1.355252715606755804E-16 ) ) ;
#4187 = ORIENTED_EDGE ( 'NONE', *, *, #3324, .T. ) ;
#4188 = CARTESIAN_POINT ( 'NONE',  ( 0.000000000000000000, 0.2000000000000000111, 0.000000000000000000 ) ) ;
#4189 = DIRECTION ( 'NONE',  ( -1.000000000000000000, -0.000000000000000000, -0.000000000000000000 ) ) ;
#4190 = VECTOR ( 'NONE', #6120, 1000.000000000000000 ) ;
#4191 = AXIS2_PLACEMENT_3D ( 'NONE', #3134, #4792, #3089 ) ;
#4192 = EDGE_CURVE ( 'NONE', #5123, #3833, #3137, .T. ) ;
#4193 = AXIS2_PLACEMENT_3D ( 'NONE', #8926, #9026, #5177 ) ;
#4194 = CARTESIAN_POINT ( 'NONE',  ( 0.000000000000000000, 0.000000000000000000, 0.000000000000000000 ) ) ;
#4195 = AXIS2_PLACEMENT_3D ( 'NONE', #5189, #4375, #5853 ) ;
#4196 = CARTESIAN_POINT ( 'NONE',  ( -0.4390192378864581357, 0.2000000000000000111, 0.9000000000000000222 ) ) ;
#4197 = CARTESIAN_POINT ( 'NONE',  ( 0.4999999999999997780, 0.2000000000000000111, -1.215000000000000080 ) ) ;
#4198 = ADVANCED_FACE ( 'NONE', ( #6289 ), #7201, .F. ) ;
#4199 = CARTESIAN_POINT ( 'NONE',  ( -0.06749999999999997669, 0.1500000000000000222, 1.899999999999999911 ) ) ;
#4200 = LINE ( 'NONE', #7398, #5421 ) ;
#4201 = CARTESIAN_POINT ( 'NONE',  ( -0.5000000000000002220, 0.2000000000000000111, 0.7374999999999998224 ) ) ;
#4202 = ORIENTED_EDGE ( 'NONE', *, *, #6348, .F. ) ;
#4203 = AXIS2_PLACEMENT_3D ( 'NONE', #9969, #6869, #8268 ) ;
#4204 = DIRECTION ( 'NONE',  ( -0.4999999999999786837, 0.000000000000000000, 0.8660254037844510311 ) ) ;
#4205 = VERTEX_POINT ( 'NONE', #2571 ) ;
#4206 = ORIENTED_EDGE ( 'NONE', *, *, #8189, .T. ) ;
#4207 = UNCERTAINTY_MEASURE_WITH_UNIT (LENGTH_MEASURE( 1.000000000000000082E-05 ), #108, 'distance_accuracy_value', 'NONE');
#4208 = CARTESIAN_POINT ( 'NONE',  ( -0.4390192378864581357, 0.2000000000000000111, -0.9000000000000000222 ) ) ;
#4209 = SURFACE_SIDE_STYLE ('',( #4958 ) ) ;
#4210 = VECTOR ( 'NONE', #8434, 1000.000000000000000 ) ;
#4211 = EDGE_LOOP ( 'NONE', ( #8313, #6135, #9238, #5458 ) ) ;
#4212 = LINE ( 'NONE', #9616, #6325 ) ;
#4213 = DIRECTION ( 'NONE',  ( -1.000000000000000000, 0.000000000000000000, -3.252606517456508569E-15 ) ) ;
#4214 = ORIENTED_EDGE ( 'NONE', *, *, #9515, .T. ) ;
#4215 = EDGE_CURVE ( 'NONE', #1874, #8275, #7892, .T. ) ;
#4216 = DIRECTION ( 'NONE',  ( -1.000000000000000000, 0.000000000000000000, -6.195440985631458867E-15 ) ) ;
#4217 = DIRECTION ( 'NONE',  ( 0.000000000000000000, -0.000000000000000000, 1.000000000000000000 ) ) ;
#4218 = LINE ( 'NONE', #8061, #6859 ) ;
#4219 = EDGE_LOOP ( 'NONE', ( #87, #9853, #4083, #629 ) ) ;
#4220 = ORIENTED_EDGE ( 'NONE', *, *, #6333, .F. ) ;
#4221 = LINE ( 'NONE', #236, #5644 ) ;
#4222 = VERTEX_POINT ( 'NONE', #3997 ) ;
#4223 = FACE_OUTER_BOUND ( 'NONE', #7358, .T. ) ;
#4224 = LINE ( 'NONE', #1769, #9023 ) ;
#4225 = CARTESIAN_POINT ( 'NONE',  ( -0.4999999999999825695, 0.1500000000000000222, 0.4675000000000001932 ) ) ;
#4226 = EDGE_CURVE ( 'NONE', #4222, #6243, #6493, .T. ) ;
#4227 = ORIENTED_EDGE ( 'NONE', *, *, #2498, .T. ) ;
#4228 = CARTESIAN_POINT ( 'NONE',  ( 0.2000000000000184130, 0.1999999999999999833, -0.4000000000000001887 ) ) ;
#4229 = EDGE_CURVE ( 'NONE', #7050, #4990, #2522, .T. ) ;
#4230 = LINE ( 'NONE', #5750, #855 ) ;
#4231 = CARTESIAN_POINT ( 'NONE',  ( -0.3999999999999907518, 0.1500000000000000222, -0.4675000000000000266 ) ) ;
#4232 = EDGE_LOOP ( 'NONE', ( #6038, #909, #7275, #10009 ) ) ;
#4233 = EDGE_CURVE ( 'NONE', #8191, #5934, #1794, .T. ) ;
#4234 = ORIENTED_EDGE ( 'NONE', *, *, #2240, .F. ) ;
#4235 = LINE ( 'NONE', #252, #2084 ) ;
#4236 = VECTOR ( 'NONE', #7090, 1000.000000000000000 ) ;
#4237 = CARTESIAN_POINT ( 'NONE',  ( -0.2000000000000003164, 0.1999999999999999833, 1.699999999999999956 ) ) ;
#4238 = ORIENTED_EDGE ( 'NONE', *, *, #5316, .T. ) ;
#4239 = EDGE_CURVE ( 'NONE', #9247, #2540, #5524, .T. ) ;
#4240 = DIRECTION ( 'NONE',  ( 0.000000000000000000, -1.000000000000000000, 0.000000000000000000 ) ) ;
#4241 = PRODUCT_DEFINITION_CONTEXT ( 'detailed design', #3062, 'design' ) ;
#4242 = ORIENTED_EDGE ( 'NONE', *, *, #8027, .F. ) ;
#4243 = EDGE_CURVE ( 'NONE', #8607, #6604, #110, .T. ) ;
#4244 = PLANE ( 'NONE',  #1741 ) ;
#4245 = LINE ( 'NONE', #4196, #2071 ) ;
#4246 = SURFACE_SIDE_STYLE ('',( #568 ) ) ;
#4247 = VECTOR ( 'NONE', #1230, 1000.000000000000000 ) ;
#4248 = CARTESIAN_POINT ( 'NONE',  ( -0.5000000000000002220, 0.2000000000000000111, -1.784999999999999920 ) ) ;
#4249 = DIRECTION ( 'NONE',  ( -1.000000000000000000, 0.000000000000000000, 0.000000000000000000 ) ) ;
#4250 = EDGE_CURVE ( 'NONE', #4081, #3833, #4848, .T. ) ;
#4251 = CARTESIAN_POINT ( 'NONE',  ( 0.5000000000000000000, 0.1500000000000000222, 0.7324999999999994849 ) ) ;
#4252 = LINE ( 'NONE', #375, #6593 ) ;
#4253 = EDGE_LOOP ( 'NONE', ( #9423, #1614, #7759, #5554, #7979, #8030 ) ) ;
#4254 = ORIENTED_EDGE ( 'NONE', *, *, #742, .T. ) ;
#4255 = MECHANICAL_DESIGN_GEOMETRIC_PRESENTATION_REPRESENTATION (  '', ( #4263 ), #1983 ) ;
#4256 = ORIENTED_EDGE ( 'NONE', *, *, #537, .T. ) ;
#4257 = DIRECTION ( 'NONE',  ( 0.000000000000000000, 1.000000000000000000, -0.000000000000000000 ) ) ;
#4258 = ORIENTED_EDGE ( 'NONE', *, *, #1970, .T. ) ;
#4259 = DIRECTION ( 'NONE',  ( 0.000000000000000000, 1.000000000000000000, 0.000000000000000000 ) ) ;
#4260 = CARTESIAN_POINT ( 'NONE',  ( -0.3250000000000001776, 0.5250000000000000222, -1.724999999999999867 ) ) ;
#4261 = CARTESIAN_POINT ( 'NONE',  ( -0.4650000000000002465, 0.2000000000000000111, -1.614999999999999769 ) ) ;
#4262 = ORIENTED_EDGE ( 'NONE', *, *, #9367, .T. ) ;
#4263 = STYLED_ITEM ( 'NONE', ( #2539 ), #5251 ) ;
#4264 = PLANE ( 'NONE',  #1020 ) ;
#4265 = DIRECTION ( 'NONE',  ( 0.000000000000000000, 0.000000000000000000, -1.000000000000000000 ) ) ;
#4266 = ORIENTED_EDGE ( 'NONE', *, *, #7788, .F. ) ;
#4267 = ORIENTED_EDGE ( 'NONE', *, *, #3989, .F. ) ;
#4268 = DIRECTION ( 'NONE',  ( 0.000000000000000000, -0.000000000000000000, -1.000000000000000000 ) ) ;
#4269 = EDGE_LOOP ( 'NONE', ( #1413, #6879, #4672, #8635 ) ) ;
#4270 = VECTOR ( 'NONE', #684, 1000.000000000000000 ) ;
#4271 = DIRECTION ( 'NONE',  ( 1.000000000000000000, 0.000000000000000000, -0.000000000000000000 ) ) ;
#4272 = FACE_OUTER_BOUND ( 'NONE', #8920, .T. ) ;
#4273 = PLANE ( 'NONE',  #8318 ) ;
#4274 = DIRECTION ( 'NONE',  ( -1.000000000000000000, 0.000000000000000000, -6.195440985631458867E-15 ) ) ;
#4275 = CARTESIAN_POINT ( 'NONE',  ( 0.3999999999999997446, 0.1500000000000000222, -1.767500000000000071 ) ) ;
#4276 = AXIS2_PLACEMENT_3D ( 'NONE', #3433, #9549, #2568 ) ;
#4277 = CARTESIAN_POINT ( 'NONE',  ( -0.5000000000000002220, 0.2000000000000000111, 1.614999999999999991 ) ) ;
#4278 = ORIENTED_EDGE ( 'NONE', *, *, #6827, .T. ) ;
#4279 = ORIENTED_EDGE ( 'NONE', *, *, #8786, .F. ) ;
#4280 = ADVANCED_FACE ( 'NONE', ( #2463 ), #7991, .T. ) ;
#4281 = DIRECTION ( 'NONE',  ( 0.8660254037844378194, -0.000000000000000000, 0.5000000000000013323 ) ) ;
#4282 = AXIS2_PLACEMENT_3D ( 'NONE', #4228, #7333, #2649 ) ;
#4283 = DIRECTION ( 'NONE',  ( 0.000000000000000000, 0.000000000000000000, -1.000000000000000000 ) ) ;
#4284 = ORIENTED_EDGE ( 'NONE', *, *, #9593, .F. ) ;
#4285 = EDGE_CURVE ( 'NONE', #4666, #5452, #210, .T. ) ;
#4286 = DIRECTION ( 'NONE',  ( 0.000000000000000000, -1.000000000000000000, 0.000000000000000000 ) ) ;
#4287 = VECTOR ( 'NONE', #5297, 1000.000000000000000 ) ;
#4288 = AXIS2_PLACEMENT_3D ( 'NONE', #3487, #6639, #2672 ) ;
#4289 = EDGE_CURVE ( 'NONE', #692, #3003, #1034, .T. ) ;
#4290 = DIRECTION ( 'NONE',  ( -1.000000000000000000, -0.000000000000000000, -0.000000000000000000 ) ) ;
#4291 = EDGE_CURVE ( 'NONE', #6188, #3656, #7151, .T. ) ;
#4292 = DIRECTION ( 'NONE',  ( -1.000000000000000000, -0.000000000000000000, 6.195440985631458078E-15 ) ) ;
#4293 = CARTESIAN_POINT ( 'NONE',  ( 0.4999999999999997780, 0.1500000000000000222, 1.632499999999999840 ) ) ;
#4294 = VECTOR ( 'NONE', #6206, 1000.000000000000000 ) ;
#4295 = VECTOR ( 'NONE', #3131, 1000.000000000000000 ) ;
#4296 = LINE ( 'NONE', #4948, #8974 ) ;
#4297 = PLANE ( 'NONE',  #3594 ) ;
#4298 = EDGE_CURVE ( 'NONE', #2763, #5831, #6383, .T. ) ;
#4299 = FACE_OUTER_BOUND ( 'NONE', #3623, .T. ) ;
#4300 = ORIENTED_EDGE ( 'NONE', *, *, #1293, .T. ) ;
#4301 = ORIENTED_EDGE ( 'NONE', *, *, #8995, .F. ) ;
#4302 = EDGE_CURVE ( 'NONE', #3115, #2094, #266, .T. ) ;
#4303 = DIRECTION ( 'NONE',  ( 0.000000000000000000, -1.000000000000000000, 0.000000000000000000 ) ) ;
#4304 = CARTESIAN_POINT ( 'NONE',  ( -0.2000000000000002609, 0.2000000000000000111, 1.599999999999999867 ) ) ;
#4305 = DIRECTION ( 'NONE',  ( 0.000000000000000000, 0.000000000000000000, 1.000000000000000000 ) ) ;
#4306 = ORIENTED_EDGE ( 'NONE', *, *, #7471, .F. ) ;
#4307 = CARTESIAN_POINT ( 'NONE',  ( 0.000000000000000000, 0.2000000000000000111, 0.000000000000000000 ) ) ;
#4308 = PLANE ( 'NONE',  #330 ) ;
#4309 = ORIENTED_EDGE ( 'NONE', *, *, #4312, .F. ) ;
#4310 = VECTOR ( 'NONE', #8851, 1000.000000000000000 ) ;
#4311 = SURFACE_SIDE_STYLE ('',( #3756 ) ) ;
#4312 = EDGE_CURVE ( 'NONE', #3729, #9148, #5152, .T. ) ;
#4313 = DIRECTION ( 'NONE',  ( 0.000000000000000000, 0.000000000000000000, 1.000000000000000000 ) ) ;
#4314 = CARTESIAN_POINT ( 'NONE',  ( -0.4390192378864581357, 0.000000000000000000, 0.6999999999999998446 ) ) ;
#4315 = VERTEX_POINT ( 'NONE', #5766 ) ;
#4316 = ORIENTED_EDGE ( 'NONE', *, *, #405, .T. ) ;
#4317 = CARTESIAN_POINT ( 'NONE',  ( 0.4999999999999997780, 0.2000000000000000111, 1.300000000000000266 ) ) ;
#4318 = EDGE_CURVE ( 'NONE', #4010, #3033, #1137, .T. ) ;
#4319 = VERTEX_POINT ( 'NONE', #8953 ) ;
#4320 = DIRECTION ( 'NONE',  ( -0.000000000000000000, -0.000000000000000000, 1.000000000000000000 ) ) ;
#4321 = CARTESIAN_POINT ( 'NONE',  ( 0.4390192378864654077, 0.2000000000000000111, -1.400000000000000133 ) ) ;
#4322 = CARTESIAN_POINT ( 'NONE',  ( -0.2000000000000002609, 0.2000000000000000111, -1.800000000000000044 ) ) ;
#4323 = VERTEX_POINT ( 'NONE', #8244 ) ;
#4324 = CARTESIAN_POINT ( 'NONE',  ( -0.4649999999999908651, 0.2000000000000000111, 0.8850000000000001199 ) ) ;
#4325 = CARTESIAN_POINT ( 'NONE',  ( 0.000000000000000000, 0.2000000000000000111, 0.000000000000000000 ) ) ;
#4326 = DIRECTION ( 'NONE',  ( -0.000000000000000000, -0.000000000000000000, 1.000000000000000000 ) ) ;
#4327 = ORIENTED_EDGE ( 'NONE', *, *, #4048, .F. ) ;
#4328 = ORIENTED_EDGE ( 'NONE', *, *, #8643, .F. ) ;
#4329 = CARTESIAN_POINT ( 'NONE',  ( -0.2000000000000002609, 0.2000000000000000111, 1.599999999999999867 ) ) ;
#4330 = ORIENTED_EDGE ( 'NONE', *, *, #5414, .T. ) ;
#4331 = DIRECTION ( 'NONE',  ( 1.000000000000000000, 0.000000000000000000, 0.000000000000000000 ) ) ;
#4332 = CARTESIAN_POINT ( 'NONE',  ( 0.4650000000000091283, 0.2000000000000000111, 0.3149999999999999467 ) ) ;
#4333 = ADVANCED_FACE ( 'NONE', ( #318 ), #1187, .T. ) ;
#4334 = VECTOR ( 'NONE', #9211, 1000.000000000000000 ) ;
#4335 = CARTESIAN_POINT ( 'NONE',  ( -0.1999999999999908795, 0.000000000000000000, -0.6999999999999998446 ) ) ;
#4336 = LINE ( 'NONE', #5816, #8541 ) ;
#4337 = VECTOR ( 'NONE', #6615, 1000.000000000000000 ) ;
#4338 = CYLINDRICAL_SURFACE ( 'NONE', #9257, 0.06249999999999984041 ) ;
#4339 = AXIS2_PLACEMENT_3D ( 'NONE', #3862, #5582, #5480 ) ;
#4340 = ADVANCED_FACE ( 'NONE', ( #8139 ), #9651, .T. ) ;
#4341 = PLANE ( 'NONE',  #6395 ) ;
#4342 = DIRECTION ( 'NONE',  ( 0.000000000000000000, 1.000000000000000000, 0.000000000000000000 ) ) ;
#4343 = ADVANCED_FACE ( 'NONE', ( #6640 ), #4297, .T. ) ;
#4344 = DIRECTION ( 'NONE',  ( 1.000000000000000000, -0.000000000000000000, -0.000000000000000000 ) ) ;
#4345 = EDGE_CURVE ( 'NONE', #3910, #7741, #2673, .T. ) ;
#4346 = ORIENTED_EDGE ( 'NONE', *, *, #137, .F. ) ;
#4347 = VECTOR ( 'NONE', #2924, 1000.000000000000000 ) ;
#4348 = VERTEX_POINT ( 'NONE', #3588 ) ;
#4349 = DIRECTION ( 'NONE',  ( -1.000000000000000000, 0.000000000000000000, 1.355252715606755804E-16 ) ) ;
#4350 = DIRECTION ( 'NONE',  ( 0.000000000000000000, 1.000000000000000000, 0.000000000000000000 ) ) ;
#4351 = PLANE ( 'NONE',  #3933 ) ;
#4352 = VERTEX_POINT ( 'NONE', #8848 ) ;
#4353 = DIRECTION ( 'NONE',  ( 0.000000000000000000, -0.000000000000000000, -1.000000000000000000 ) ) ;
#4354 = VECTOR ( 'NONE', #6469, 1000.000000000000000 ) ;
#4355 = FACE_OUTER_BOUND ( 'NONE', #10005, .T. ) ;
#4356 = ORIENTED_EDGE ( 'NONE', *, *, #9110, .F. ) ;
#4357 = VECTOR ( 'NONE', #1316, 1000.000000000000000 ) ;
#4358 = CARTESIAN_POINT ( 'NONE',  ( -0.2000000000000002609, 0.2000000000000000111, -1.800000000000000044 ) ) ;
#4359 = PLANE ( 'NONE',  #4635 ) ;
#4360 = ORIENTED_EDGE ( 'NONE', *, *, #8272, .F. ) ;
#4361 = DIRECTION ( 'NONE',  ( 0.000000000000000000, 1.000000000000000000, -0.000000000000000000 ) ) ;
#4362 = ORIENTED_EDGE ( 'NONE', *, *, #8212, .T. ) ;
#4363 = ORIENTED_EDGE ( 'NONE', *, *, #3267, .T. ) ;
#4364 = CIRCLE ( 'NONE', #7140, 0.06249999999999984041 ) ;
#4365 = VERTEX_POINT ( 'NONE', #4201 ) ;
#4366 = PLANE ( 'NONE',  #6884 ) ;
#4367 = DIRECTION ( 'NONE',  ( 0.000000000000000000, -0.000000000000000000, 1.000000000000000000 ) ) ;
#4368 = ORIENTED_EDGE ( 'NONE', *, *, #9392, .T. ) ;
#4369 = FACE_OUTER_BOUND ( 'NONE', #9390, .T. ) ;
#4370 = CARTESIAN_POINT ( 'NONE',  ( -0.4999999999999825695, 0.2000000000000000111, 0.3325000000000001843 ) ) ;
#4371 = EDGE_CURVE ( 'NONE', #600, #1929, #2007, .T. ) ;
#4372 = CARTESIAN_POINT ( 'NONE',  ( -0.1999999999999908795, 0.2000000000000000111, 0.9000000000000000222 ) ) ;
#4373 = EDGE_LOOP ( 'NONE', ( #6021, #2528, #1496, #5752 ) ) ;
#4374 = ORIENTED_EDGE ( 'NONE', *, *, #2064, .F. ) ;
#4375 = DIRECTION ( 'NONE',  ( 0.5000000000000014433, 0.000000000000000000, 0.8660254037844379305 ) ) ;
#4376 = DIRECTION ( 'NONE',  ( 1.000000000000000000, 0.000000000000000000, 0.000000000000000000 ) ) ;
#4377 = ORIENTED_EDGE ( 'NONE', *, *, #1836, .T. ) ;
#4378 = FILL_AREA_STYLE ('',( #6736 ) ) ;
#4379 = DIRECTION ( 'NONE',  ( -1.000000000000000000, 0.000000000000000000, 0.000000000000000000 ) ) ;
#4380 = ORIENTED_EDGE ( 'NONE', *, *, #5142, .T. ) ;
#4381 = LINE ( 'NONE', #4335, #4503 ) ;
#4382 = ADVANCED_FACE ( 'NONE', ( #2770 ), #4996, .F. ) ;
#4383 = DIRECTION ( 'NONE',  ( 0.000000000000000000, -0.000000000000000000, -1.000000000000000000 ) ) ;
#4384 = CARTESIAN_POINT ( 'NONE',  ( 0.5000000000000091038, 0.000000000000000000, -0.4850000000000002087 ) ) ;
#4385 = DIRECTION ( 'NONE',  ( 1.000000000000000000, 0.000000000000000000, 2.710505431213760099E-16 ) ) ;
#4386 = LINE ( 'NONE', #518, #1964 ) ;
#4387 = VECTOR ( 'NONE', #1658, 1000.000000000000114 ) ;
#4388 = DIRECTION ( 'NONE',  ( -0.000000000000000000, -0.000000000000000000, 1.000000000000000000 ) ) ;
#4389 = ORIENTED_EDGE ( 'NONE', *, *, #1131, .T. ) ;
#4390 = CARTESIAN_POINT ( 'NONE',  ( -0.2000000000000002609, 0.2000000000000000111, 1.599999999999999867 ) ) ;
#4391 = ORIENTED_EDGE ( 'NONE', *, *, #3995, .F. ) ;
#4392 = LINE ( 'NONE', #673, #6787 ) ;
#4393 = EDGE_CURVE ( 'NONE', #849, #2850, #1284, .T. ) ;
#4394 = AXIS2_PLACEMENT_3D ( 'NONE', #5328, #8409, #7668 ) ;
#4395 = DIRECTION ( 'NONE',  ( -0.8660254037844378194, -0.000000000000000000, 0.5000000000000013323 ) ) ;
#4396 = DIRECTION ( 'NONE',  ( 0.000000000000000000, 0.000000000000000000, -1.000000000000000000 ) ) ;
#4397 = EDGE_LOOP ( 'NONE', ( #5776, #5268, #6725, #713, #6799, #5378 ) ) ;
#4398 = DIRECTION ( 'NONE',  ( 0.000000000000000000, 0.000000000000000000, 1.000000000000000000 ) ) ;
#4399 = EDGE_LOOP ( 'NONE', ( #9171, #3064, #1152, #7777, #9642, #9362 ) ) ;
#4400 = EDGE_CURVE ( 'NONE', #5188, #7073, #4386, .T. ) ;
#4401 = CARTESIAN_POINT ( 'NONE',  ( 0.4999999999999997780, 0.05000000000000000278, 1.899999999999999911 ) ) ;
#4402 = CARTESIAN_POINT ( 'NONE',  ( 0.4999999999999997780, 0.1500000000000000222, 1.632499999999999840 ) ) ;
#4403 = VECTOR ( 'NONE', #6287, 1000.000000000000000 ) ;
#4404 = LINE ( 'NONE', #8156, #1648 ) ;
#4405 = ORIENTED_EDGE ( 'NONE', *, *, #9329, .F. ) ;
#4406 = ORIENTED_EDGE ( 'NONE', *, *, #5990, .F. ) ;
#4407 = ORIENTED_EDGE ( 'NONE', *, *, #6605, .T. ) ;
#4408 = EDGE_CURVE ( 'NONE', #5697, #7916, #8902, .T. ) ;
#4409 = LINE ( 'NONE', #1933, #6797 ) ;
#4410 = CARTESIAN_POINT ( 'NONE',  ( 0.5000000000000091038, 0.2000000000000000111, 0.3150000000000001688 ) ) ;
#4411 = CARTESIAN_POINT ( 'NONE',  ( 0.5000000000000000000, 0.2000000000000000111, 0.8675000000000002709 ) ) ;
#4412 = DIRECTION ( 'NONE',  ( -0.000000000000000000, -0.000000000000000000, -1.000000000000000000 ) ) ;
#4413 = ORIENTED_EDGE ( 'NONE', *, *, #9498, .T. ) ;
#4414 = DIRECTION ( 'NONE',  ( -4.336808689942016158E-15, 0.000000000000000000, -1.000000000000000000 ) ) ;
#4415 = DIRECTION ( 'NONE',  ( 1.000000000000000000, -0.000000000000000000, 1.355252715606755804E-16 ) ) ;
#4416 = FACE_OUTER_BOUND ( 'NONE', #7112, .T. ) ;
#4417 = EDGE_CURVE ( 'NONE', #2758, #7639, #9008, .T. ) ;
#4418 = DIRECTION ( 'NONE',  ( -0.000000000000000000, 0.000000000000000000, 1.000000000000000000 ) ) ;
#4419 = EDGE_LOOP ( 'NONE', ( #6407, #4860, #5441, #9529 ) ) ;
#4420 = AXIS2_PLACEMENT_3D ( 'NONE', #474, #2775, #5869 ) ;
#4421 = ORIENTED_EDGE ( 'NONE', *, *, #3622, .T. ) ;
#4422 = VERTEX_POINT ( 'NONE', #8093 ) ;
#4423 = EDGE_CURVE ( 'NONE', #235, #2425, #7303, .T. ) ;
#4424 = CARTESIAN_POINT ( 'NONE',  ( -0.4390192378864581357, 0.000000000000000000, 0.6999999999999998446 ) ) ;
#4425 = DIRECTION ( 'NONE',  ( -1.000000000000000000, -0.000000000000000000, -0.000000000000000000 ) ) ;
#4426 = EDGE_CURVE ( 'NONE', #8607, #8958, #3639, .T. ) ;
#4427 = ORIENTED_EDGE ( 'NONE', *, *, #964, .F. ) ;
#4428 =( NAMED_UNIT ( * ) SI_UNIT ( $, .STERADIAN. ) SOLID_ANGLE_UNIT ( ) );
#4429 = VECTOR ( 'NONE', #5716, 1000.000000000000114 ) ;
#4430 = CARTESIAN_POINT ( 'NONE',  ( 0.4999999999999997780, 0.2000000000000000111, -1.385000000000000231 ) ) ;
#4431 = AXIS2_PLACEMENT_3D ( 'NONE', #4132, #1119, #9536 ) ;
#4432 = EDGE_LOOP ( 'NONE', ( #508, #6528, #1173, #2014 ) ) ;
#4433 = VECTOR ( 'NONE', #5796, 1000.000000000000000 ) ;
#4434 = DIRECTION ( 'NONE',  ( -1.000000000000000000, 0.000000000000000000, 1.355252715606755804E-16 ) ) ;
#4435 = CARTESIAN_POINT ( 'NONE',  ( -0.4649999999999908651, 0.000000000000000000, 0.7149999999999997469 ) ) ;
#4436 = SURFACE_STYLE_USAGE ( .BOTH. , #4246 ) ;
#4437 = DIRECTION ( 'NONE',  ( 0.000000000000000000, 0.000000000000000000, 1.000000000000000000 ) ) ;
#4438 = LINE ( 'NONE', #7550, #6998 ) ;
#4439 = PRESENTATION_LAYER_ASSIGNMENT (  '', '', ( #8972 ) ) ;
#4440 = CARTESIAN_POINT ( 'NONE',  ( 0.4390192378864654077, 0.2000000000000000111, -1.200000000000000178 ) ) ;
#4441 = EDGE_CURVE ( 'NONE', #1123, #3865, #6747, .T. ) ;
#4442 = ORIENTED_EDGE ( 'NONE', *, *, #8606, .T. ) ;
#4443 = VECTOR ( 'NONE', #7285, 1000.000000000000000 ) ;
#4444 = VECTOR ( 'NONE', #4479, 1000.000000000000000 ) ;
#4445 = LINE ( 'NONE', #1386, #6941 ) ;
#4446 = PRESENTATION_STYLE_ASSIGNMENT (( #3800 ) ) ;
#4447 = DIRECTION ( 'NONE',  ( -1.000000000000000000, 0.000000000000000000, -0.000000000000000000 ) ) ;
#4448 = ORIENTED_EDGE ( 'NONE', *, *, #3636, .F. ) ;
#4449 = DIRECTION ( 'NONE',  ( 0.000000000000000000, 1.000000000000000000, 0.000000000000000000 ) ) ;
#4450 = EDGE_LOOP ( 'NONE', ( #2252, #2080, #953, #8112 ) ) ;
#4451 = DIRECTION ( 'NONE',  ( 0.000000000000000000, -0.000000000000000000, -1.000000000000000000 ) ) ;
#4452 = AXIS2_PLACEMENT_3D ( 'NONE', #7223, #1055, #7321 ) ;
#4453 = ADVANCED_FACE ( 'NONE', ( #1847 ), #1084, .F. ) ;
#4454 = DIRECTION ( 'NONE',  ( 1.000000000000000000, 0.000000000000000000, -6.195440985631458078E-15 ) ) ;
#4455 = EDGE_CURVE ( 'NONE', #5186, #6918, #884, .T. ) ;
#4456 = DIRECTION ( 'NONE',  ( -1.000000000000000000, 0.000000000000000000, 0.000000000000000000 ) ) ;
#4457 = ORIENTED_EDGE ( 'NONE', *, *, #190, .T. ) ;
#4458 = ORIENTED_EDGE ( 'NONE', *, *, #6139, .T. ) ;
#4459 = ORIENTED_EDGE ( 'NONE', *, *, #5414, .F. ) ;
#4460 = CARTESIAN_POINT ( 'NONE',  ( -0.4649999999999825384, 0.04999999999999999584, 0.08500000000000022815 ) ) ;
#4461 = DIRECTION ( 'NONE',  ( 0.000000000000000000, 0.000000000000000000, 1.000000000000000000 ) ) ;
#4462 = LINE ( 'NONE', #7625, #8470 ) ;
#4463 = LINE ( 'NONE', #9231, #3226 ) ;
#4464 = VERTEX_POINT ( 'NONE', #1507 ) ;
#4465 = FACE_OUTER_BOUND ( 'NONE', #8655, .T. ) ;
#4466 = CARTESIAN_POINT ( 'NONE',  ( -0.5000000000000002220, 0.05000000000000000278, 1.899999999999999911 ) ) ;
#4467 = ADVANCED_FACE ( 'NONE', ( #1608, #24 ), #833, .F. ) ;
#4468 = LINE ( 'NONE', #7630, #8340 ) ;
#4469 = ADVANCED_FACE ( 'NONE', ( #7806 ), #3864, .F. ) ;
#4470 = CARTESIAN_POINT ( 'NONE',  ( 0.000000000000000000, 0.1500000000000000222, 0.000000000000000000 ) ) ;
#4471 = VECTOR ( 'NONE', #7512, 1000.000000000000000 ) ;
#4472 = ORIENTED_EDGE ( 'NONE', *, *, #4371, .F. ) ;
#4473 = EDGE_CURVE ( 'NONE', #9976, #82, #1557, .T. ) ;
#4474 = ORIENTED_EDGE ( 'NONE', *, *, #5712, .F. ) ;
#4475 = CARTESIAN_POINT ( 'NONE',  ( 0.4999999999999997780, 0.05000000000000000278, 1.899999999999999911 ) ) ;
#4476 = DIRECTION ( 'NONE',  ( 0.000000000000000000, 1.000000000000000000, 0.000000000000000000 ) ) ;
#4477 = VERTEX_POINT ( 'NONE', #9227 ) ;
#4478 = VECTOR ( 'NONE', #6230, 1000.000000000000000 ) ;
#4479 = DIRECTION ( 'NONE',  ( -0.000000000000000000, -1.000000000000000000, -0.000000000000000000 ) ) ;
#4480 = CARTESIAN_POINT ( 'NONE',  ( 0.2000000000000090039, 0.2000000000000000111, -1.200000000000000178 ) ) ;
#4481 = ADVANCED_FACE ( 'NONE', ( #3104 ), #2427, .T. ) ;
#4482 = ORIENTED_EDGE ( 'NONE', *, *, #930, .T. ) ;
#4483 = LINE ( 'NONE', #7593, #4347 ) ;
#4484 = DIRECTION ( 'NONE',  ( 1.000000000000000000, -0.000000000000000000, 4.336808689942016158E-15 ) ) ;
#4485 = PLANE ( 'NONE',  #7841 ) ;
#4486 = LINE ( 'NONE', #7696, #5349 ) ;
#4487 = AXIS2_PLACEMENT_3D ( 'NONE', #3413, #6516, #9531 ) ;
#4488 = EDGE_CURVE ( 'NONE', #2217, #5229, #3150, .T. ) ;
#4489 = LINE ( 'NONE', #2930, #8520 ) ;
#4490 = EDGE_LOOP ( 'NONE', ( #4389, #5066, #352, #6497 ) ) ;
#4491 = MECHANICAL_DESIGN_GEOMETRIC_PRESENTATION_REPRESENTATION (  '', ( #8561 ), #5801 ) ;
#4492 = DIRECTION ( 'NONE',  ( 1.000000000000000000, -0.000000000000000000, 0.000000000000000000 ) ) ;
#4493 = EDGE_CURVE ( 'NONE', #3615, #2850, #5535, .T. ) ;
#4494 = AXIS2_PLACEMENT_3D ( 'NONE', #1911, #8098, #1145 ) ;
#4495 = DIRECTION ( 'NONE',  ( 0.000000000000000000, -0.000000000000000000, -1.000000000000000000 ) ) ;
#4496 =( LENGTH_UNIT ( ) NAMED_UNIT ( * ) SI_UNIT ( .MILLI., .METRE. ) );
#4497 = PLANE ( 'NONE',  #8439 ) ;
#4498 = EDGE_LOOP ( 'NONE', ( #3554, #6222, #9849, #7104 ) ) ;
#4499 = CARTESIAN_POINT ( 'NONE',  ( 0.06750000000000000444, 0.1500000000000000222, -1.800000000000000044 ) ) ;
#4500 = ORIENTED_EDGE ( 'NONE', *, *, #8296, .F. ) ;
#4501 = SURFACE_STYLE_USAGE ( .BOTH. , #4311 ) ;
#4502 = VECTOR ( 'NONE', #6151, 1000.000000000000000 ) ;
#4503 = VECTOR ( 'NONE', #8382, 1000.000000000000000 ) ;
#4504 = FACE_OUTER_BOUND ( 'NONE', #6105, .T. ) ;
#4505 = EDGE_LOOP ( 'NONE', ( #9395, #3362, #5767, #5330 ) ) ;
#4506 = LINE ( 'NONE', #7617, #7981 ) ;
#4507 = EDGE_LOOP ( 'NONE', ( #4508, #3798, #5640, #10011 ) ) ;
#4508 = ORIENTED_EDGE ( 'NONE', *, *, #2306, .T. ) ;
#4509 = ORIENTED_EDGE ( 'NONE', *, *, #8643, .T. ) ;
#4510 = CARTESIAN_POINT ( 'NONE',  ( -0.5000000000000002220, 0.2000000000000000111, 0.7999999999999999334 ) ) ;
#4511 = VECTOR ( 'NONE', #8527, 1000.000000000000000 ) ;
#4512 = DIRECTION ( 'NONE',  ( -1.000000000000000000, 0.000000000000000000, 0.000000000000000000 ) ) ;
#4513 = AXIS2_PLACEMENT_3D ( 'NONE', #8003, #4007, #4159 ) ;
#4514 = ORIENTED_EDGE ( 'NONE', *, *, #2677, .T. ) ;
#4515 = CARTESIAN_POINT ( 'NONE',  ( 0.000000000000000000, 0.1500000000000000222, 0.000000000000000000 ) ) ;
#4516 = EDGE_CURVE ( 'NONE', #9333, #1070, #9322, .T. ) ;
#4517 = CARTESIAN_POINT ( 'NONE',  ( -0.2000000000000002609, 0.2000000000000000111, -1.800000000000000044 ) ) ;
#4518 = DIRECTION ( 'NONE',  ( -1.355252715606880049E-16, -0.000000000000000000, 1.000000000000000000 ) ) ;
#4519 = VERTEX_POINT ( 'NONE', #7011 ) ;
#4520 = FACE_BOUND ( 'NONE', #1212, .T. ) ;
#4521 = CARTESIAN_POINT ( 'NONE',  ( 0.5000000000000091038, 0.2000000000000000111, 1.762499999999999734 ) ) ;
#4522 = CARTESIAN_POINT ( 'NONE',  ( -0.4390192378864581357, 0.04999999999999999584, 0.9000000000000000222 ) ) ;
#4523 = AXIS2_PLACEMENT_3D ( 'NONE', #125, #5439, #227 ) ;
#4524 = FACE_OUTER_BOUND ( 'NONE', #5192, .T. ) ;
#4525 =( GEOMETRIC_REPRESENTATION_CONTEXT ( 3 ) GLOBAL_UNCERTAINTY_ASSIGNED_CONTEXT ( ( #4207 ) ) GLOBAL_UNIT_ASSIGNED_CONTEXT ( ( #108, #4846, #5468 ) ) REPRESENTATION_CONTEXT ( 'NONE', 'WORKASPACE' ) );
#4526 = VERTEX_POINT ( 'NONE', #3002 ) ;
#4527 = EDGE_LOOP ( 'NONE', ( #4206, #2445, #3269, #9514 ) ) ;
#4528 = ORIENTED_EDGE ( 'NONE', *, *, #9649, .T. ) ;
#4529 = EDGE_CURVE ( 'NONE', #809, #6057, #4562, .T. ) ;
#4530 = ORIENTED_EDGE ( 'NONE', *, *, #4644, .F. ) ;
#4531 = EDGE_CURVE ( 'NONE', #1622, #7265, #8609, .T. ) ;
#4532 = FACE_BOUND ( 'NONE', #5988, .T. ) ;
#4533 = VERTEX_POINT ( 'NONE', #9174 ) ;
#4534 = CARTESIAN_POINT ( 'NONE',  ( 0.4999999999999997780, 0.1500000000000000222, -1.767499999999999627 ) ) ;
#4535 = DIRECTION ( 'NONE',  ( -0.000000000000000000, -1.000000000000000000, -0.000000000000000000 ) ) ;
#4536 = LINE ( 'NONE', #8903, #3972 ) ;
#4537 = ORIENTED_EDGE ( 'NONE', *, *, #6673, .F. ) ;
#4538 = EDGE_CURVE ( 'NONE', #3033, #7125, #72, .T. ) ;
#4539 = DIRECTION ( 'NONE',  ( 1.000000000000000000, -0.000000000000000000, -0.000000000000000000 ) ) ;
#4540 = PLANE ( 'NONE',  #9773 ) ;
#4541 = CARTESIAN_POINT ( 'NONE',  ( 0.000000000000000000, 0.2000000000000000111, 0.000000000000000000 ) ) ;
#4542 = ADVANCED_FACE ( 'NONE', ( #4756 ), #7853, .T. ) ;
#4543 = EDGE_LOOP ( 'NONE', ( #9815, #2267, #9198, #8145, #8023, #8991, #6552, #3510 ) ) ;
#4544 = ORIENTED_EDGE ( 'NONE', *, *, #7647, .F. ) ;
#4545 = DIRECTION ( 'NONE',  ( 1.000000000000000000, 0.000000000000000000, 6.195440985631458867E-15 ) ) ;
#4546 = LINE ( 'NONE', #6133, #1639 ) ;
#4547 = EDGE_CURVE ( 'NONE', #3508, #9140, #691, .T. ) ;
#4548 = VERTEX_POINT ( 'NONE', #4060 ) ;
#4549 = ADVANCED_FACE ( 'NONE', ( #7313 ), #8004, .T. ) ;
#4550 = VECTOR ( 'NONE', #3379, 1000.000000000000000 ) ;
#4551 = ORIENTED_EDGE ( 'NONE', *, *, #4009, .T. ) ;
#4552 = ADVANCED_FACE ( 'NONE', ( #332 ), #8100, .T. ) ;
#4553 = LINE ( 'NONE', #7662, #6917 ) ;
#4554 = VERTEX_POINT ( 'NONE', #3246 ) ;
#4555 = CARTESIAN_POINT ( 'NONE',  ( 0.4650000000000091283, 0.000000000000000000, 0.4850000000000004308 ) ) ;
#4556 = ORIENTED_EDGE ( 'NONE', *, *, #3296, .T. ) ;
#4557 = VECTOR ( 'NONE', #4151, 1000.000000000000000 ) ;
#4558 = ORIENTED_EDGE ( 'NONE', *, *, #5364, .T. ) ;
#4559 = LINE ( 'NONE', #7621, #7435 ) ;
#4560 = VERTEX_POINT ( 'NONE', #168 ) ;
#4561 = LINE ( 'NONE', #3713, #283 ) ;
#4562 = LINE ( 'NONE', #6092, #9254 ) ;
#4563 = ORIENTED_EDGE ( 'NONE', *, *, #5036, .T. ) ;
#4564 = CARTESIAN_POINT ( 'NONE',  ( -0.1999999999999825528, 0.2000000000000000111, -0.1000000000000000472 ) ) ;
#4565 = LINE ( 'NONE', #9176, #2980 ) ;
#4566 = DIRECTION ( 'NONE',  ( -1.000000000000000000, -0.000000000000000000, -0.000000000000000000 ) ) ;
#4567 = ORIENTED_EDGE ( 'NONE', *, *, #5532, .T. ) ;
#4568 = CARTESIAN_POINT ( 'NONE',  ( -0.2000000000000002609, 0.000000000000000000, -1.800000000000000044 ) ) ;
#4569 = AXIS2_PLACEMENT_3D ( 'NONE', #1401, #4512, #4461 ) ;
#4570 = DIRECTION ( 'NONE',  ( 0.8660254037844509201, 0.000000000000000000, -0.4999999999999786837 ) ) ;
#4571 = DIRECTION ( 'NONE',  ( 1.000000000000000000, -0.000000000000000000, -0.000000000000000000 ) ) ;
#4572 = DIRECTION ( 'NONE',  ( 0.000000000000000000, -1.000000000000000000, 0.000000000000000000 ) ) ;
#4573 = ORIENTED_EDGE ( 'NONE', *, *, #6752, .F. ) ;
#4574 = EDGE_CURVE ( 'NONE', #8567, #2820, #4858, .T. ) ;
#4575 = ORIENTED_EDGE ( 'NONE', *, *, #6525, .F. ) ;
#4576 = ORIENTED_EDGE ( 'NONE', *, *, #876, .F. ) ;
#4577 = VECTOR ( 'NONE', #7414, 1000.000000000000114 ) ;
#4578 = ORIENTED_EDGE ( 'NONE', *, *, #4289, .F. ) ;
#4579 = DIRECTION ( 'NONE',  ( -0.8660254037844378194, 0.000000000000000000, 0.5000000000000013323 ) ) ;
#4580 = DIRECTION ( 'NONE',  ( 0.000000000000000000, 0.000000000000000000, 1.000000000000000000 ) ) ;
#4581 = ORIENTED_EDGE ( 'NONE', *, *, #6805, .F. ) ;
#4582 = DIRECTION ( 'NONE',  ( -0.000000000000000000, -0.000000000000000000, -1.000000000000000000 ) ) ;
#4583 = VECTOR ( 'NONE', #4002, 1000.000000000000000 ) ;
#4584 = VERTEX_POINT ( 'NONE', #3291 ) ;
#4585 = EDGE_CURVE ( 'NONE', #9029, #2950, #7111, .T. ) ;
#4586 = ORIENTED_EDGE ( 'NONE', *, *, #6748, .F. ) ;
#4587 = LINE ( 'NONE', #9250, #9520 ) ;
#4588 = EDGE_CURVE ( 'NONE', #7776, #5267, #6397, .T. ) ;
#4589 = VECTOR ( 'NONE', #4824, 1000.000000000000000 ) ;
#4590 = DIRECTION ( 'NONE',  ( -1.000000000000000000, 0.000000000000000000, 0.000000000000000000 ) ) ;
#4591 = CARTESIAN_POINT ( 'NONE',  ( -0.4098604327990414964, 0.05000000000000000278, 0.7098990936201498014 ) ) ;
#4592 = AXIS2_PLACEMENT_3D ( 'NONE', #4764, #10020, #6305 ) ;
#4593 = CARTESIAN_POINT ( 'NONE',  ( -0.4390192378864674616, 0.2000000000000000111, -1.800000000000000044 ) ) ;
#4594 = EDGE_CURVE ( 'NONE', #1205, #4697, #9513, .T. ) ;
#4595 = ORIENTED_EDGE ( 'NONE', *, *, #3867, .T. ) ;
#4596 = EDGE_CURVE ( 'NONE', #4097, #3256, #122, .T. ) ;
#4597 = LINE ( 'NONE', #5519, #6625 ) ;
#4598 = DIRECTION ( 'NONE',  ( -1.000000000000000000, 0.000000000000000000, -6.195440985631447034E-15 ) ) ;
#4599 = DIRECTION ( 'NONE',  ( 1.000000000000000000, -0.000000000000000000, 6.195440985631447034E-15 ) ) ;
#4600 = CARTESIAN_POINT ( 'NONE',  ( -0.4999999999999908962, 0.2000000000000000111, -0.8849999999999998979 ) ) ;
#4601 = ORIENTED_EDGE ( 'NONE', *, *, #787, .T. ) ;
#4602 = VECTOR ( 'NONE', #2570, 1000.000000000000000 ) ;
#4603 = ADVANCED_FACE ( 'NONE', ( #2530 ), #6551, .F. ) ;
#4604 = DIRECTION ( 'NONE',  ( -0.000000000000000000, -0.000000000000000000, 1.000000000000000000 ) ) ;
#4605 = ORIENTED_EDGE ( 'NONE', *, *, #8525, .T. ) ;
#4606 = CARTESIAN_POINT ( 'NONE',  ( -0.4999999999999825695, 0.04999999999999999584, 0.08500000000000000611 ) ) ;
#4607 = CARTESIAN_POINT ( 'NONE',  ( 0.4999999999999997780, 0.1500000000000000222, 1.767499999999999627 ) ) ;
#4608 = EDGE_CURVE ( 'NONE', #2329, #9689, #9560, .T. ) ;
#4609 = VERTEX_POINT ( 'NONE', #9613 ) ;
#4610 = CARTESIAN_POINT ( 'NONE',  ( -0.1999999999999825528, 0.2000000000000000111, -0.06250000000000000000 ) ) ;
#4611 = MECHANICAL_DESIGN_GEOMETRIC_PRESENTATION_REPRESENTATION (  '', ( #8986 ), #2017 ) ;
#4612 = ORIENTED_EDGE ( 'NONE', *, *, #4781, .F. ) ;
#4613 = AXIS2_PLACEMENT_3D ( 'NONE', #858, #8684, #3979 ) ;
#4614 = ORIENTED_EDGE ( 'NONE', *, *, #2416, .F. ) ;
#4615 = DIRECTION ( 'NONE',  ( 1.000000000000000000, 0.000000000000000000, 0.000000000000000000 ) ) ;
#4616 = DIRECTION ( 'NONE',  ( -1.000000000000000000, -0.000000000000000000, -0.000000000000000000 ) ) ;
#4617 = ORIENTED_EDGE ( 'NONE', *, *, #7016, .T. ) ;
#4618 = DIRECTION ( 'NONE',  ( 1.000000000000000000, 0.000000000000000000, -0.000000000000000000 ) ) ;
#4619 = LINE ( 'NONE', #9275, #2816 ) ;
#4620 = CARTESIAN_POINT ( 'NONE',  ( 0.4999999999999997780, 0.1999999999999999833, -1.767499999999999849 ) ) ;
#4621 = ORIENTED_EDGE ( 'NONE', *, *, #246, .F. ) ;
#4622 = AXIS2_PLACEMENT_3D ( 'NONE', #9872, #6775, #9082 ) ;
#4623 = VECTOR ( 'NONE', #3110, 1000.000000000000000 ) ;
#4624 = DIRECTION ( 'NONE',  ( 0.000000000000000000, 0.000000000000000000, 1.000000000000000000 ) ) ;
#4625 = CARTESIAN_POINT ( 'NONE',  ( -0.3999999999999907518, 0.1500000000000000222, 0.3325000000000001843 ) ) ;
#4626 = EDGE_CURVE ( 'NONE', #3649, #1402, #2683, .T. ) ;
#4627 = ORIENTED_EDGE ( 'NONE', *, *, #9707, .T. ) ;
#4628 = EDGE_LOOP ( 'NONE', ( #3105, #5692, #9556, #9588, #1861, #7227 ) ) ;
#4629 = EDGE_LOOP ( 'NONE', ( #7955, #6699, #3442, #64 ) ) ;
#4630 = EDGE_LOOP ( 'NONE', ( #9907, #2997, #1903, #6772 ) ) ;
#4631 = CARTESIAN_POINT ( 'NONE',  ( 0.4390192378864747891, 0.2000000000000000111, -0.5000000000000002220 ) ) ;
#4632 = ORIENTED_EDGE ( 'NONE', *, *, #8544, .F. ) ;
#4633 = CARTESIAN_POINT ( 'NONE',  ( -0.4390192378864674616, 0.2000000000000000111, 1.599999999999999867 ) ) ;
#4634 = LINE ( 'NONE', #2301, #3305 ) ;
#4635 = AXIS2_PLACEMENT_3D ( 'NONE', #8402, #2224, #484 ) ;
#4636 = ORIENTED_EDGE ( 'NONE', *, *, #4693, .F. ) ;
#4637 = LINE ( 'NONE', #5705, #6468 ) ;
#4638 = ADVANCED_FACE ( 'NONE', ( #7216 ), #5680, .F. ) ;
#4639 = LINE ( 'NONE', #1998, #6901 ) ;
#4640 = LINE ( 'NONE', #6894, #6977 ) ;
#4641 = CARTESIAN_POINT ( 'NONE',  ( 0.06749999999999997669, 0.1500000000000000222, -1.899999999999999911 ) ) ;
#4642 = CARTESIAN_POINT ( 'NONE',  ( -0.2000000000000003164, 0.2000000000000000111, -1.762499999999999734 ) ) ;
#4643 = FILL_AREA_STYLE ('',( #5367 ) ) ;
#4644 = EDGE_CURVE ( 'NONE', #5113, #3649, #8664, .T. ) ;
#4645 = CARTESIAN_POINT ( 'NONE',  ( 0.4999999999999997780, 0.1500000000000000222, 1.767499999999999627 ) ) ;
#4646 = CLOSED_SHELL ( 'NONE', ( #622, #7600, #9142, #9644, #4198, #9376, #661, #5893, #2389, #1606, #8469, #9197 ) ) ;
#4647 = ORIENTED_EDGE ( 'NONE', *, *, #3431, .T. ) ;
#4648 = EDGE_CURVE ( 'NONE', #4560, #3627, #3348, .T. ) ;
#4649 = ORIENTED_EDGE ( 'NONE', *, *, #1784, .F. ) ;
#4650 = EDGE_CURVE ( 'NONE', #1831, #5697, #1469, .T. ) ;
#4651 = FACE_OUTER_BOUND ( 'NONE', #4219, .T. ) ;
#4652 = DIRECTION ( 'NONE',  ( -1.000000000000000000, -0.000000000000000000, -6.195440985631458078E-15 ) ) ;
#4653 = VERTEX_POINT ( 'NONE', #9806 ) ;
#4654 = LINE ( 'NONE', #6812, #6221 ) ;
#4655 = AXIS2_PLACEMENT_3D ( 'NONE', #1385, #2160, #1238 ) ;
#4656 = ORIENTED_EDGE ( 'NONE', *, *, #3267, .F. ) ;
#4657 = VERTEX_POINT ( 'NONE', #3697 ) ;
#4658 = DIRECTION ( 'NONE',  ( -0.000000000000000000, -1.000000000000000000, -0.000000000000000000 ) ) ;
#4659 = ORIENTED_EDGE ( 'NONE', *, *, #6096, .T. ) ;
#4660 = LINE ( 'NONE', #3001, #768 ) ;
#4661 = DIRECTION ( 'NONE',  ( -1.000000000000000000, 0.000000000000000000, -3.252606517456508569E-15 ) ) ;
#4662 = ORIENTED_EDGE ( 'NONE', *, *, #664, .F. ) ;
#4663 = CARTESIAN_POINT ( 'NONE',  ( 0.4999999999999997780, 0.1500000000000000222, -1.767499999999999627 ) ) ;
#4664 = ADVANCED_FACE ( 'NONE', ( #1965 ), #1241, .T. ) ;
#4665 = DIRECTION ( 'NONE',  ( 1.000000000000000000, 0.000000000000000000, -1.355252715606880049E-16 ) ) ;
#4666 = VERTEX_POINT ( 'NONE', #1338 ) ;
#4667 = AXIS2_PLACEMENT_3D ( 'NONE', #7044, #2312, #4740 ) ;
#4668 = LINE ( 'NONE', #7772, #3332 ) ;
#4669 = LINE ( 'NONE', #4068, #6585 ) ;
#4670 =( LENGTH_UNIT ( ) NAMED_UNIT ( * ) SI_UNIT ( .MILLI., .METRE. ) );
#4671 = ORIENTED_EDGE ( 'NONE', *, *, #7217, .F. ) ;
#4672 = ORIENTED_EDGE ( 'NONE', *, *, #9420, .F. ) ;
#4673 = AXIS2_PLACEMENT_3D ( 'NONE', #8017, #1717, #9530 ) ;
#4674 = VECTOR ( 'NONE', #3673, 1000.000000000000000 ) ;
#4675 = ORIENTED_EDGE ( 'NONE', *, *, #7423, .T. ) ;
#4676 = PLANE ( 'NONE',  #611 ) ;
#4677 = ORIENTED_EDGE ( 'NONE', *, *, #5713, .T. ) ;
#4678 = DIRECTION ( 'NONE',  ( 1.000000000000000000, 0.000000000000000000, -1.626303258728392138E-15 ) ) ;
#4679 = ORIENTED_EDGE ( 'NONE', *, *, #9191, .F. ) ;
#4680 = ADVANCED_FACE ( 'NONE', ( #5107 ), #8197, .T. ) ;
#4681 = FACE_OUTER_BOUND ( 'NONE', #6524, .T. ) ;
#4682 = VECTOR ( 'NONE', #7181, 1000.000000000000000 ) ;
#4683 = DIRECTION ( 'NONE',  ( 1.000000000000000000, 0.000000000000000000, 0.000000000000000000 ) ) ;
#4684 = COLOUR_RGB ( '',0.7921568627450980005, 0.8196078431372548767, 0.9333333333333333481 ) ;
#4685 = DIRECTION ( 'NONE',  ( 0.000000000000000000, 0.000000000000000000, 1.000000000000000000 ) ) ;
#4686 = EDGE_CURVE ( 'NONE', #10033, #6560, #2115, .T. ) ;
#4687 = ORIENTED_EDGE ( 'NONE', *, *, #4226, .T. ) ;
#4688 = ORIENTED_EDGE ( 'NONE', *, *, #3918, .F. ) ;
#4689 = CIRCLE ( 'NONE', #303, 0.06249999999999984041 ) ;
#4690 = CYLINDRICAL_SURFACE ( 'NONE', #602, 0.06249999999999984041 ) ;
#4691 = LINE ( 'NONE', #9303, #708 ) ;
#4692 = CARTESIAN_POINT ( 'NONE',  ( 0.2000000000000184130, 0.1999999999999999833, 0.4000000000000001887 ) ) ;
#4693 = EDGE_CURVE ( 'NONE', #5591, #6765, #5930, .T. ) ;
#4694 = CARTESIAN_POINT ( 'NONE',  ( 0.5000000000000091038, 0.2000000000000000111, -0.3375000000000001887 ) ) ;
#4695 = SURFACE_STYLE_FILL_AREA ( #6285 ) ;
#4696 = LINE ( 'NONE', #7795, #6688 ) ;
#4697 = VERTEX_POINT ( 'NONE', #7405 ) ;
#4698 = SURFACE_STYLE_USAGE ( .BOTH. , #7755 ) ;
#4699 = CARTESIAN_POINT ( 'NONE',  ( 0.4390192378864747891, 0.2000000000000000111, 0.5000000000000002220 ) ) ;
#4700 = VERTEX_POINT ( 'NONE', #2839 ) ;
#4701 = CARTESIAN_POINT ( 'NONE',  ( 0.4999999999999997780, 0.1999999999999999833, -0.4000000000000001887 ) ) ;
#4702 = VERTEX_POINT ( 'NONE', #3496 ) ;
#4703 = EDGE_CURVE ( 'NONE', #1716, #1365, #7360, .T. ) ;
#4704 = ORIENTED_EDGE ( 'NONE', *, *, #8592, .T. ) ;
#4705 = VECTOR ( 'NONE', #2274, 1000.000000000000000 ) ;
#4706 = LINE ( 'NONE', #7215, #2735 ) ;
#4707 = DIRECTION ( 'NONE',  ( -0.000000000000000000, -0.000000000000000000, -1.000000000000000000 ) ) ;
#4708 = EDGE_CURVE ( 'NONE', #8670, #4205, #7556, .T. ) ;
#4709 = ORIENTED_EDGE ( 'NONE', *, *, #346, .T. ) ;
#4710 = LINE ( 'NONE', #7808, #5498 ) ;
#4711 = CARTESIAN_POINT ( 'NONE',  ( 0.4649999999999997469, 0.000000000000000000, 1.385000000000000453 ) ) ;
#4712 = DIRECTION ( 'NONE',  ( -1.000000000000000000, -0.000000000000000000, -0.000000000000000000 ) ) ;
#4713 = ORIENTED_EDGE ( 'NONE', *, *, #3874, .F. ) ;
#4714 = LINE ( 'NONE', #7068, #7203 ) ;
#4715 = CARTESIAN_POINT ( 'NONE',  ( 0.2000000000000090039, 0.2000000000000000111, 1.200000000000000178 ) ) ;
#4716 = VECTOR ( 'NONE', #6757, 1000.000000000000000 ) ;
#4717 = ORIENTED_EDGE ( 'NONE', *, *, #7856, .T. ) ;
#4718 = ADVANCED_FACE ( 'NONE', ( #8299 ), #2780, .F. ) ;
#4719 = EDGE_LOOP ( 'NONE', ( #4910, #6930, #9015, #5345 ) ) ;
#4720 = ORIENTED_EDGE ( 'NONE', *, *, #7146, .T. ) ;
#4721 = CARTESIAN_POINT ( 'NONE',  ( -0.5000000000000002220, 0.1999999999999999833, -1.232500000000000373 ) ) ;
#4722 = ORIENTED_EDGE ( 'NONE', *, *, #813, .T. ) ;
#4723 = PLANE ( 'NONE',  #2722 ) ;
#4724 = CARTESIAN_POINT ( 'NONE',  ( 0.2000000000000184130, 0.1999999999999999833, 0.3375000000000001887 ) ) ;
#4725 = AXIS2_PLACEMENT_3D ( 'NONE', #5630, #8708, #7954 ) ;
#4726 = CARTESIAN_POINT ( 'NONE',  ( -0.06749999999999997669, 0.2000000000000000111, 1.899999999999999911 ) ) ;
#4727 = VERTEX_POINT ( 'NONE', #5874 ) ;
#4728 = CARTESIAN_POINT ( 'NONE',  ( 0.4999999999999997780, 0.2000000000000000111, -1.767499999999999627 ) ) ;
#4729 = DIRECTION ( 'NONE',  ( -1.000000000000000000, 0.000000000000000000, 0.000000000000000000 ) ) ;
#4730 = ORIENTED_EDGE ( 'NONE', *, *, #405, .F. ) ;
#4731 = VECTOR ( 'NONE', #2569, 1000.000000000000000 ) ;
#4732 = ADVANCED_FACE ( 'NONE', ( #2164 ), #9761, .T. ) ;
#4733 = ORIENTED_EDGE ( 'NONE', *, *, #5659, .F. ) ;
#4734 = ADVANCED_FACE ( 'NONE', ( #6027 ), #4351, .F. ) ;
#4735 = CARTESIAN_POINT ( 'NONE',  ( -0.4999999999999824585, 0.2000000000000000111, -0.4674999999999998601 ) ) ;
#4736 = CARTESIAN_POINT ( 'NONE',  ( 0.000000000000000000, 0.2000000000000000111, 0.000000000000000000 ) ) ;
#4737 = DIRECTION ( 'NONE',  ( 1.000000000000000000, 0.000000000000000000, 6.195440985631447034E-15 ) ) ;
#4738 = ADVANCED_FACE ( 'NONE', ( #2066 ), #5160, .F. ) ;
#4739 = VECTOR ( 'NONE', #5974, 1000.000000000000114 ) ;
#4740 = DIRECTION ( 'NONE',  ( 0.8660254037844378194, 0.000000000000000000, -0.5000000000000013323 ) ) ;
#4741 = DIRECTION ( 'NONE',  ( 0.000000000000000000, -0.000000000000000000, -1.000000000000000000 ) ) ;
#4742 = DIRECTION ( 'NONE',  ( 1.000000000000000000, 0.000000000000000000, 0.000000000000000000 ) ) ;
#4743 = CARTESIAN_POINT ( 'NONE',  ( 0.3999999999999999112, 0.1500000000000000222, 0.06750000000000003220 ) ) ;
#4744 = CARTESIAN_POINT ( 'NONE',  ( 4.429740304726464865E-15, 0.05000000000000000278, 0.7149999999999967493 ) ) ;
#4745 = EDGE_CURVE ( 'NONE', #5452, #8161, #8348, .T. ) ;
#4746 = VECTOR ( 'NONE', #2200, 1000.000000000000000 ) ;
#4747 = CARTESIAN_POINT ( 'NONE',  ( 0.000000000000000000, 0.2000000000000000111, 0.000000000000000000 ) ) ;
#4748 = DIRECTION ( 'NONE',  ( 0.000000000000000000, 1.000000000000000000, 0.000000000000000000 ) ) ;
#4749 = VERTEX_POINT ( 'NONE', #578 ) ;
#4750 = SURFACE_STYLE_FILL_AREA ( #163 ) ;
#4751 = VERTEX_POINT ( 'NONE', #6803 ) ;
#4752 = ORIENTED_EDGE ( 'NONE', *, *, #2064, .T. ) ;
#4753 = DIRECTION ( 'NONE',  ( 0.000000000000000000, 0.000000000000000000, -1.000000000000000000 ) ) ;
#4754 = VECTOR ( 'NONE', #4859, 1000.000000000000000 ) ;
#4755 = DIRECTION ( 'NONE',  ( -0.8660254037844510311, 0.000000000000000000, 0.4999999999999786837 ) ) ;
#4756 = FACE_OUTER_BOUND ( 'NONE', #8660, .T. ) ;
#4757 = ORIENTED_EDGE ( 'NONE', *, *, #8632, .F. ) ;
#4758 = LINE ( 'NONE', #1806, #6137 ) ;
#4759 = CARTESIAN_POINT ( 'NONE',  ( 0.2000000000000090317, 0.2000000000000000111, -1.400000000000000133 ) ) ;
#4760 = DIRECTION ( 'NONE',  ( 2.710505431213760099E-16, 0.000000000000000000, -1.000000000000000000 ) ) ;
#4761 = DIRECTION ( 'NONE',  ( -0.000000000000000000, -1.000000000000000000, -0.000000000000000000 ) ) ;
#4762 = VERTEX_POINT ( 'NONE', #6755 ) ;
#4763 = EDGE_CURVE ( 'NONE', #2287, #4609, #2729, .T. ) ;
#4764 = CARTESIAN_POINT ( 'NONE',  ( 0.000000000000000000, 0.2000000000000000111, 0.000000000000000000 ) ) ;
#4765 = CARTESIAN_POINT ( 'NONE',  ( 0.4650000000000091283, 0.2000000000000000111, -0.4850000000000004308 ) ) ;
#4766 = VECTOR ( 'NONE', #8743, 1000.000000000000000 ) ;
#4767 = CARTESIAN_POINT ( 'NONE',  ( -0.4999999999999908962, 0.2000000000000000111, -1.232500000000000817 ) ) ;
#4768 = ORIENTED_EDGE ( 'NONE', *, *, #6476, .F. ) ;
#4769 = VERTEX_POINT ( 'NONE', #2937 ) ;
#4770 = ORIENTED_EDGE ( 'NONE', *, *, #9624, .T. ) ;
#4771 = PLANE ( 'NONE',  #1563 ) ;
#4772 = VECTOR ( 'NONE', #6368, 1000.000000000000000 ) ;
#4773 = DIRECTION ( 'NONE',  ( -1.000000000000000000, 0.000000000000000000, 4.336808689942016158E-15 ) ) ;
#4774 = VECTOR ( 'NONE', #8180, 1000.000000000000000 ) ;
#4775 = CARTESIAN_POINT ( 'NONE',  ( 0.2000000000000090317, 0.000000000000000000, -1.400000000000000133 ) ) ;
#4776 = DIRECTION ( 'NONE',  ( -0.000000000000000000, -0.000000000000000000, -1.000000000000000000 ) ) ;
#4777 = EDGE_CURVE ( 'NONE', #8371, #5273, #502, .T. ) ;
#4778 = EDGE_CURVE ( 'NONE', #4070, #4906, #2888, .T. ) ;
#4779 = PLANE ( 'NONE',  #9147 ) ;
#4780 = DIRECTION ( 'NONE',  ( 0.000000000000000000, 0.000000000000000000, 1.000000000000000000 ) ) ;
#4781 = EDGE_CURVE ( 'NONE', #8285, #6002, #3091, .T. ) ;
#4782 = VECTOR ( 'NONE', #4571, 1000.000000000000000 ) ;
#4783 = ORIENTED_EDGE ( 'NONE', *, *, #2422, .T. ) ;
#4784 = ORIENTED_EDGE ( 'NONE', *, *, #8392, .F. ) ;
#4785 = EDGE_LOOP ( 'NONE', ( #7256, #6647, #4898, #1723 ) ) ;
#4786 = DIRECTION ( 'NONE',  ( -0.000000000000000000, -0.000000000000000000, -1.000000000000000000 ) ) ;
#4787 = ADVANCED_FACE ( 'NONE', ( #3185 ), #6905, .F. ) ;
#4788 = CARTESIAN_POINT ( 'NONE',  ( 0.000000000000000000, 0.2000000000000000111, 0.000000000000000000 ) ) ;
#4789 = CARTESIAN_POINT ( 'NONE',  ( 0.3999999999999997446, 0.2000000000000000111, 1.632499999999999840 ) ) ;
#4790 = VECTOR ( 'NONE', #1905, 1000.000000000000000 ) ;
#4791 = LINE ( 'NONE', #974, #8797 ) ;
#4792 = DIRECTION ( 'NONE',  ( -1.000000000000000000, 0.000000000000000000, 0.000000000000000000 ) ) ;
#4793 = CARTESIAN_POINT ( 'NONE',  ( 0.5000000000000091038, 0.2000000000000000111, -0.3375000000000001887 ) ) ;
#4794 = CARTESIAN_POINT ( 'NONE',  ( 0.5000000000000000000, 0.2000000000000000111, -0.8675000000000002709 ) ) ;
#4795 = CARTESIAN_POINT ( 'NONE',  ( -0.3999999999999907518, 0.1500000000000000222, 0.3325000000000001843 ) ) ;
#4796 = ORIENTED_EDGE ( 'NONE', *, *, #9695, .F. ) ;
#4797 = VECTOR ( 'NONE', #2360, 1000.000000000000000 ) ;
#4798 = LINE ( 'NONE', #9604, #1672 ) ;
#4799 = CARTESIAN_POINT ( 'NONE',  ( -0.5000000000000002220, 0.2000000000000000111, 1.614999999999999991 ) ) ;
#4800 = VERTEX_POINT ( 'NONE', #1542 ) ;
#4801 = CARTESIAN_POINT ( 'NONE',  ( 0.5000000000000000000, 0.2000000000000000111, 0.8675000000000002709 ) ) ;
#4802 = EDGE_CURVE ( 'NONE', #3077, #6501, #2985, .T. ) ;
#4803 = ORIENTED_EDGE ( 'NONE', *, *, #9477, .F. ) ;
#4804 = VERTEX_POINT ( 'NONE', #8395 ) ;
#4805 = LINE ( 'NONE', #7060, #9823 ) ;
#4806 = PLANE ( 'NONE',  #612 ) ;
#4807 = CARTESIAN_POINT ( 'NONE',  ( -0.3250000000000001776, 0.5250000000000000222, -1.724999999999999867 ) ) ;
#4808 = ORIENTED_EDGE ( 'NONE', *, *, #3341, .F. ) ;
#4809 = CARTESIAN_POINT ( 'NONE',  ( -0.4999999999999824585, 0.1500000000000000222, -0.4674999999999998601 ) ) ;
#4810 = PLANE ( 'NONE',  #5854 ) ;
#4811 = ORIENTED_EDGE ( 'NONE', *, *, #604, .T. ) ;
#4812 = DIRECTION ( 'NONE',  ( 0.000000000000000000, 0.000000000000000000, -1.000000000000000000 ) ) ;
#4813 = VECTOR ( 'NONE', #956, 1000.000000000000000 ) ;
#4814 = DIRECTION ( 'NONE',  ( -1.000000000000000000, -0.000000000000000000, -6.505213034913024237E-15 ) ) ;
#4815 = DIRECTION ( 'NONE',  ( -1.000000000000000000, -0.000000000000000000, -6.505213034913024237E-15 ) ) ;
#4816 = ORIENTED_EDGE ( 'NONE', *, *, #8519, .T. ) ;
#4817 = VERTEX_POINT ( 'NONE', #2272 ) ;
#4818 = ORIENTED_EDGE ( 'NONE', *, *, #7964, .T. ) ;
#4819 = ADVANCED_FACE ( 'NONE', ( #3851 ), #1493, .T. ) ;
#4820 = CARTESIAN_POINT ( 'NONE',  ( 0.4650000000000091283, 0.000000000000000000, -0.4850000000000004308 ) ) ;
#4821 = PLANE ( 'NONE',  #2713 ) ;
#4822 = VECTOR ( 'NONE', #8950, 1000.000000000000000 ) ;
#4823 = AXIS2_PLACEMENT_3D ( 'NONE', #3509, #5017, #4268 ) ;
#4824 = DIRECTION ( 'NONE',  ( -0.000000000000000000, 1.000000000000000000, -0.000000000000000000 ) ) ;
#4825 = CARTESIAN_POINT ( 'NONE',  ( -0.4390192378864497535, 0.04999999999999999584, 0.1000000000000000472 ) ) ;
#4826 = ORIENTED_EDGE ( 'NONE', *, *, #6398, .T. ) ;
#4827 = DIRECTION ( 'NONE',  ( -1.000000000000000000, 0.000000000000000000, 0.000000000000000000 ) ) ;
#4828 = CARTESIAN_POINT ( 'NONE',  ( -0.4650000000000002465, 0.000000000000000000, -1.614999999999999769 ) ) ;
#4829 = DIRECTION ( 'NONE',  ( 0.000000000000000000, 0.000000000000000000, 1.000000000000000000 ) ) ;
#4830 = AXIS2_PLACEMENT_3D ( 'NONE', #10032, #2967, #2251 ) ;
#4831 = VECTOR ( 'NONE', #3129, 1000.000000000000000 ) ;
#4832 = ORIENTED_EDGE ( 'NONE', *, *, #897, .T. ) ;
#4833 = ADVANCED_FACE ( 'NONE', ( #8545 ), #6955, .T. ) ;
#4834 = VERTEX_POINT ( 'NONE', #9212 ) ;
#4835 = ORIENTED_EDGE ( 'NONE', *, *, #6080, .T. ) ;
#4836 = FACE_OUTER_BOUND ( 'NONE', #7860, .T. ) ;
#4837 = VECTOR ( 'NONE', #9325, 1000.000000000000000 ) ;
#4838 = VERTEX_POINT ( 'NONE', #628 ) ;
#4839 = VECTOR ( 'NONE', #8053, 1000.000000000000000 ) ;
#4840 = DIRECTION ( 'NONE',  ( -0.4999999999999786837, 0.000000000000000000, -0.8660254037844510311 ) ) ;
#4841 = CARTESIAN_POINT ( 'NONE',  ( 0.4390192378864654077, 0.000000000000000000, -1.400000000000000133 ) ) ;
#4842 = AXIS2_PLACEMENT_3D ( 'NONE', #902, #4029, #8022 ) ;
#4843 = AXIS2_PLACEMENT_3D ( 'NONE', #4888, #7986, #6234 ) ;
#4844 = EDGE_CURVE ( 'NONE', #9626, #9976, #10002, .T. ) ;
#4845 = CARTESIAN_POINT ( 'NONE',  ( 0.000000000000000000, 0.2000000000000000111, 0.000000000000000000 ) ) ;
#4846 =( NAMED_UNIT ( * ) PLANE_ANGLE_UNIT ( ) SI_UNIT ( $, .RADIAN. ) );
#4847 = CARTESIAN_POINT ( 'NONE',  ( -0.5000000000000002220, 0.000000000000000000, -1.614999999999999991 ) ) ;
#4848 = LINE ( 'NONE', #7943, #655 ) ;
#4849 = ORIENTED_EDGE ( 'NONE', *, *, #3506, .T. ) ;
#4850 = PLANE ( 'NONE',  #4951 ) ;
#4851 = DIRECTION ( 'NONE',  ( -0.000000000000000000, 1.000000000000000000, -0.000000000000000000 ) ) ;
#4852 = ORIENTED_EDGE ( 'NONE', *, *, #813, .F. ) ;
#4853 = VERTEX_POINT ( 'NONE', #773 ) ;
#4854 = CARTESIAN_POINT ( 'NONE',  ( 0.5000000000000091038, 0.2000000000000000111, 0.8624999999999999334 ) ) ;
#4855 = ADVANCED_FACE ( 'NONE', ( #9955 ), #4497, .F. ) ;
#4856 = EDGE_CURVE ( 'NONE', #2472, #5604, #4546, .T. ) ;
#4857 = FACE_OUTER_BOUND ( 'NONE', #9582, .T. ) ;
#4858 = LINE ( 'NONE', #1860, #3118 ) ;
#4859 = DIRECTION ( 'NONE',  ( -0.000000000000000000, -0.000000000000000000, 1.000000000000000000 ) ) ;
#4860 = ORIENTED_EDGE ( 'NONE', *, *, #4856, .F. ) ;
#4861 = CARTESIAN_POINT ( 'NONE',  ( 0.3999999999999997446, 0.1500000000000000222, -1.767500000000000071 ) ) ;
#4862 = ORIENTED_EDGE ( 'NONE', *, *, #9707, .F. ) ;
#4863 = CARTESIAN_POINT ( 'NONE',  ( -0.1999999999999825528, 0.2000000000000000111, -0.1000000000000000472 ) ) ;
#4864 = FACE_OUTER_BOUND ( 'NONE', #5292, .T. ) ;
#4865 = ORIENTED_EDGE ( 'NONE', *, *, #4493, .F. ) ;
#4866 = ORIENTED_EDGE ( 'NONE', *, *, #7494, .T. ) ;
#4867 = DIRECTION ( 'NONE',  ( -1.000000000000000000, 0.000000000000000000, 4.336808689942016158E-15 ) ) ;
#4868 = CARTESIAN_POINT ( 'NONE',  ( 0.3999999999999998002, 0.2000000000000000111, 0.7324999999999995959 ) ) ;
#4869 = PLANE ( 'NONE',  #1414 ) ;
#4870 = CARTESIAN_POINT ( 'NONE',  ( -0.4650000000000002465, 0.2000000000000000111, 1.614999999999999769 ) ) ;
#4871 = ORIENTED_EDGE ( 'NONE', *, *, #2688, .F. ) ;
#4872 = CARTESIAN_POINT ( 'NONE',  ( 0.000000000000000000, 0.2000000000000000111, 0.000000000000000000 ) ) ;
#4873 = VECTOR ( 'NONE', #385, 1000.000000000000000 ) ;
#4874 = DIRECTION ( 'NONE',  ( -0.000000000000000000, 1.000000000000000000, -0.000000000000000000 ) ) ;
#4875 = CARTESIAN_POINT ( 'NONE',  ( 0.06750000000000000444, 0.1500000000000000222, 1.800000000000000044 ) ) ;
#4876 = EDGE_CURVE ( 'NONE', #96, #1205, #3801, .T. ) ;
#4877 = ORIENTED_EDGE ( 'NONE', *, *, #3863, .F. ) ;
#4878 = VERTEX_POINT ( 'NONE', #9158 ) ;
#4879 = AXIS2_PLACEMENT_3D ( 'NONE', #4949, #7352, #5100 ) ;
#4880 = DIRECTION ( 'NONE',  ( 0.000000000000000000, -1.000000000000000000, 0.000000000000000000 ) ) ;
#4881 = EDGE_LOOP ( 'NONE', ( #9731, #1235, #2326, #7182 ) ) ;
#4882 = FACE_OUTER_BOUND ( 'NONE', #7455, .T. ) ;
#4883 = CARTESIAN_POINT ( 'NONE',  ( -0.4999999999999908962, 0.2000000000000000111, 0.8849999999999998979 ) ) ;
#4884 = EDGE_CURVE ( 'NONE', #7433, #7666, #5312, .T. ) ;
#4885 = VECTOR ( 'NONE', #6865, 1000.000000000000000 ) ;
#4886 = CARTESIAN_POINT ( 'NONE',  ( 0.5000000000000091038, 0.1500000000000000222, 0.06750000000000001832 ) ) ;
#4887 = AXIS2_PLACEMENT_3D ( 'NONE', #5340, #4572, #7020 ) ;
#4888 = CARTESIAN_POINT ( 'NONE',  ( -0.4390192378864581357, 0.2000000000000000111, -0.9000000000000000222 ) ) ;
#4889 = DIRECTION ( 'NONE',  ( -0.000000000000000000, -1.000000000000000000, -0.000000000000000000 ) ) ;
#4890 = CARTESIAN_POINT ( 'NONE',  ( 0.3262611604177129698, 0.05000000000000000278, -0.5651009063798909660 ) ) ;
#4891 = CARTESIAN_POINT ( 'NONE',  ( 0.4390192378864654077, 0.000000000000000000, 1.200000000000000178 ) ) ;
#4892 = CARTESIAN_POINT ( 'NONE',  ( -0.5000000000000002220, 0.5500000000000000444, 1.899999999999999911 ) ) ;
#4893 = EDGE_CURVE ( 'NONE', #3755, #6555, #3944, .T. ) ;
#4894 = CARTESIAN_POINT ( 'NONE',  ( 0.06750000000000000444, 0.2000000000000000111, 1.800000000000000044 ) ) ;
#4895 = LINE ( 'NONE', #9605, #7082 ) ;
#4896 = CIRCLE ( 'NONE', #5403, 0.06250000000000000000 ) ;
#4897 = EDGE_CURVE ( 'NONE', #809, #5394, #7752, .T. ) ;
#4898 = ORIENTED_EDGE ( 'NONE', *, *, #5336, .F. ) ;
#4899 = DIRECTION ( 'NONE',  ( -1.000000000000000000, 0.000000000000000000, 0.000000000000000000 ) ) ;
#4900 = VERTEX_POINT ( 'NONE', #6235 ) ;
#4901 = ORIENTED_EDGE ( 'NONE', *, *, #6431, .T. ) ;
#4902 = DIRECTION ( 'NONE',  ( 1.000000000000000000, 0.000000000000000000, 0.000000000000000000 ) ) ;
#4903 = EDGE_CURVE ( 'NONE', #4548, #5267, #4696, .T. ) ;
#4904 = CARTESIAN_POINT ( 'NONE',  ( 0.000000000000000000, 0.2000000000000000111, 0.000000000000000000 ) ) ;
#4905 = DIRECTION ( 'NONE',  ( -0.000000000000000000, -1.000000000000000000, -0.000000000000000000 ) ) ;
#4906 = VERTEX_POINT ( 'NONE', #821 ) ;
#4907 = VECTOR ( 'NONE', #9834, 1000.000000000000000 ) ;
#4908 = FACE_OUTER_BOUND ( 'NONE', #4507, .T. ) ;
#4909 = FACE_OUTER_BOUND ( 'NONE', #1508, .T. ) ;
#4910 = ORIENTED_EDGE ( 'NONE', *, *, #6723, .F. ) ;
#4911 = EDGE_CURVE ( 'NONE', #3651, #4878, #61, .T. ) ;
#4912 = DIRECTION ( 'NONE',  ( 0.000000000000000000, 0.000000000000000000, 1.000000000000000000 ) ) ;
#4913 = LINE ( 'NONE', #8060, #6072 ) ;
#4914 = DIRECTION ( 'NONE',  ( -0.000000000000000000, -1.000000000000000000, -0.000000000000000000 ) ) ;
#4915 = AXIS2_PLACEMENT_3D ( 'NONE', #2337, #8568, #7677 ) ;
#4916 = ORIENTED_EDGE ( 'NONE', *, *, #7492, .T. ) ;
#4917 = VECTOR ( 'NONE', #4940, 1000.000000000000000 ) ;
#4918 = VERTEX_POINT ( 'NONE', #1387 ) ;
#4919 = CARTESIAN_POINT ( 'NONE',  ( 0.5000000000000091038, 0.1500000000000000222, -0.06749999999999996281 ) ) ;
#4920 = EDGE_LOOP ( 'NONE', ( #2232, #936, #8458, #5118 ) ) ;
#4921 = CARTESIAN_POINT ( 'NONE',  ( -0.4649999999999825384, 0.2000000000000000111, 0.08500000000000022815 ) ) ;
#4922 = DIRECTION ( 'NONE',  ( 0.000000000000000000, 0.000000000000000000, 1.000000000000000000 ) ) ;
#4923 = DIRECTION ( 'NONE',  ( -1.000000000000000000, 0.000000000000000000, 0.000000000000000000 ) ) ;
#4924 = LINE ( 'NONE', #1063, #9757 ) ;
#4925 = CARTESIAN_POINT ( 'NONE',  ( 0.5000000000000000000, 0.1500000000000000222, 0.8675000000000002709 ) ) ;
#4926 = VERTEX_POINT ( 'NONE', #6853 ) ;
#4927 = DIRECTION ( 'NONE',  ( 0.000000000000000000, -1.000000000000000000, 0.000000000000000000 ) ) ;
#4928 = VECTOR ( 'NONE', #9458, 1000.000000000000000 ) ;
#4929 = AXIS2_PLACEMENT_3D ( 'NONE', #2056, #6537, #1329 ) ;
#4930 = DIRECTION ( 'NONE',  ( -0.000000000000000000, -0.000000000000000000, 1.000000000000000000 ) ) ;
#4931 = EDGE_CURVE ( 'NONE', #2279, #2277, #676, .T. ) ;
#4932 = CARTESIAN_POINT ( 'NONE',  ( 0.000000000000000000, 0.2000000000000000111, 0.000000000000000000 ) ) ;
#4933 = VERTEX_POINT ( 'NONE', #4149 ) ;
#4934 = ADVANCED_FACE ( 'NONE', ( #155 ), #3232, .T. ) ;
#4935 = COLOUR_RGB ( '',0.7921568627450980005, 0.8196078431372548767, 0.9333333333333333481 ) ;
#4936 = VERTEX_POINT ( 'NONE', #7840 ) ;
#4937 = VECTOR ( 'NONE', #4941, 1000.000000000000000 ) ;
#4938 = CARTESIAN_POINT ( 'NONE',  ( -0.2000000000000002609, 0.000000000000000000, -1.800000000000000044 ) ) ;
#4939 = ORIENTED_EDGE ( 'NONE', *, *, #1787, .T. ) ;
#4940 = DIRECTION ( 'NONE',  ( -1.000000000000000000, 0.000000000000000000, 4.336808689942016158E-15 ) ) ;
#4941 = DIRECTION ( 'NONE',  ( -4.015563601798163822E-16, 0.000000000000000000, -1.000000000000000000 ) ) ;
#4942 = UNCERTAINTY_MEASURE_WITH_UNIT (LENGTH_MEASURE( 1.000000000000000082E-05 ), #6522, 'distance_accuracy_value', 'NONE');
#4943 = VECTOR ( 'NONE', #6926, 1000.000000000000000 ) ;
#4944 = CARTESIAN_POINT ( 'NONE',  ( -0.4390192378864674616, 0.2000000000000000111, 1.599999999999999867 ) ) ;
#4945 = EDGE_CURVE ( 'NONE', #6828, #7417, #8596, .T. ) ;
#4946 = CARTESIAN_POINT ( 'NONE',  ( -0.4390192378864581357, 0.000000000000000000, -0.9000000000000000222 ) ) ;
#4947 = CARTESIAN_POINT ( 'NONE',  ( 0.2000000000000184130, 0.04999999999999999584, 0.5000000000000002220 ) ) ;
#4948 = CARTESIAN_POINT ( 'NONE',  ( -0.4649999999999908651, 0.2000000000000000111, 0.7149999999999997469 ) ) ;
#4949 = CARTESIAN_POINT ( 'NONE',  ( 0.000000000000000000, 0.1500000000000000222, 0.000000000000000000 ) ) ;
#4950 = ORIENTED_EDGE ( 'NONE', *, *, #4893, .T. ) ;
#4951 = AXIS2_PLACEMENT_3D ( 'NONE', #2621, #7945, #5721 ) ;
#4952 = CARTESIAN_POINT ( 'NONE',  ( -0.4999999999999908962, 0.2000000000000000111, -1.367499999999999494 ) ) ;
#4953 = ORIENTED_EDGE ( 'NONE', *, *, #1140, .F. ) ;
#4954 = ORIENTED_EDGE ( 'NONE', *, *, #991, .T. ) ;
#4955 = EDGE_LOOP ( 'NONE', ( #928, #8281, #9085, #5481, #5051, #1334 ) ) ;
#4956 = EDGE_CURVE ( 'NONE', #3804, #7934, #1791, .T. ) ;
#4957 = ADVANCED_FACE ( 'NONE', ( #5570 ), #3280, .F. ) ;
#4958 = SURFACE_STYLE_FILL_AREA ( #1094 ) ;
#4959 = CARTESIAN_POINT ( 'NONE',  ( 0.5000000000000091038, 0.2000000000000000111, -1.300000000000000266 ) ) ;
#4960 = AXIS2_PLACEMENT_3D ( 'NONE', #5465, #7792, #9207 ) ;
#4961 = ORIENTED_EDGE ( 'NONE', *, *, #10021, .F. ) ;
#4962 = FACE_OUTER_BOUND ( 'NONE', #9135, .T. ) ;
#4963 = DIRECTION ( 'NONE',  ( -1.000000000000000000, 0.000000000000000000, -0.000000000000000000 ) ) ;
#4964 = ORIENTED_EDGE ( 'NONE', *, *, #7838, .T. ) ;
#4965 = LINE ( 'NONE', #6606, #2846 ) ;
#4966 = EDGE_CURVE ( 'NONE', #362, #8528, #1642, .T. ) ;
#4967 = PLANE ( 'NONE',  #4452 ) ;
#4968 = DIRECTION ( 'NONE',  ( 0.000000000000000000, -0.000000000000000000, -1.000000000000000000 ) ) ;
#4969 = ORIENTED_EDGE ( 'NONE', *, *, #7086, .F. ) ;
#4970 = ORIENTED_EDGE ( 'NONE', *, *, #3986, .T. ) ;
#4971 = PLANE ( 'NONE',  #2884 ) ;
#4972 = EDGE_CURVE ( 'NONE', #8853, #9247, #316, .T. ) ;
#4973 = FACE_OUTER_BOUND ( 'NONE', #8456, .T. ) ;
#4974 = LINE ( 'NONE', #3976, #1830 ) ;
#4975 = DIRECTION ( 'NONE',  ( 0.000000000000000000, 0.000000000000000000, -1.000000000000000000 ) ) ;
#4976 = VERTEX_POINT ( 'NONE', #4794 ) ;
#4977 = DIRECTION ( 'NONE',  ( -1.000000000000000000, 0.000000000000000000, 0.000000000000000000 ) ) ;
#4978 = VECTOR ( 'NONE', #2697, 1000.000000000000000 ) ;
#4979 = DIRECTION ( 'NONE',  ( -1.000000000000000000, 0.000000000000000000, 6.195440985631458867E-15 ) ) ;
#4980 = PRESENTATION_STYLE_ASSIGNMENT (( #1885 ) ) ;
#4981 = EDGE_LOOP ( 'NONE', ( #3492, #8801, #3313, #6708 ) ) ;
#4982 = AXIS2_PLACEMENT_3D ( 'NONE', #6899, #7654, #5261 ) ;
#4983 = VERTEX_POINT ( 'NONE', #6332 ) ;
#4984 = CARTESIAN_POINT ( 'NONE',  ( 0.5000000000000091038, 0.2000000000000000111, -0.06749999999999996281 ) ) ;
#4985 = EDGE_CURVE ( 'NONE', #4533, #3760, #7149, .T. ) ;
#4986 = FACE_OUTER_BOUND ( 'NONE', #5420, .T. ) ;
#4987 = ORIENTED_EDGE ( 'NONE', *, *, #4302, .T. ) ;
#4988 = DIRECTION ( 'NONE',  ( -1.000000000000000000, 0.000000000000000000, 4.336808689942016158E-15 ) ) ;
#4989 = VECTOR ( 'NONE', #314, 1000.000000000000000 ) ;
#4990 = VERTEX_POINT ( 'NONE', #8792 ) ;
#4991 = VECTOR ( 'NONE', #9881, 1000.000000000000000 ) ;
#4992 = DIRECTION ( 'NONE',  ( 0.000000000000000000, -0.000000000000000000, -1.000000000000000000 ) ) ;
#4993 = AXIS2_PLACEMENT_3D ( 'NONE', #4904, #8608, #7852 ) ;
#4994 = DIRECTION ( 'NONE',  ( 0.000000000000000000, -0.000000000000000000, -1.000000000000000000 ) ) ;
#4995 = CARTESIAN_POINT ( 'NONE',  ( 0.5000000000000000000, 0.1500000000000000222, 0.8675000000000002709 ) ) ;
#4996 = PLANE ( 'NONE',  #9568 ) ;
#4997 = ORIENTED_EDGE ( 'NONE', *, *, #3452, .T. ) ;
#4998 = AXIS2_PLACEMENT_3D ( 'NONE', #1657, #995, #4760 ) ;
#4999 = DIRECTION ( 'NONE',  ( -1.000000000000000000, -0.000000000000000000, -0.000000000000000000 ) ) ;
#5000 = ADVANCED_FACE ( 'NONE', ( #1843 ), #4095, .F. ) ;
#5001 = ORIENTED_EDGE ( 'NONE', *, *, #4158, .T. ) ;
#5002 = UNCERTAINTY_MEASURE_WITH_UNIT (LENGTH_MEASURE( 1.000000000000000082E-05 ), #153, 'distance_accuracy_value', 'NONE');
#5003 = VERTEX_POINT ( 'NONE', #1744 ) ;
#5004 =( NAMED_UNIT ( * ) PLANE_ANGLE_UNIT ( ) SI_UNIT ( $, .RADIAN. ) );
#5005 = VECTOR ( 'NONE', #7390, 1000.000000000000000 ) ;
#5006 = CARTESIAN_POINT ( 'NONE',  ( 0.4999999999999997780, 0.1500000000000000222, -1.632500000000000284 ) ) ;
#5007 = ORIENTED_EDGE ( 'NONE', *, *, #5963, .F. ) ;
#5008 = DIRECTION ( 'NONE',  ( -0.000000000000000000, -0.000000000000000000, 1.000000000000000000 ) ) ;
#5009 = CARTESIAN_POINT ( 'NONE',  ( 0.5000000000000000000, 0.1500000000000000222, -0.7324999999999994849 ) ) ;
#5010 = ORIENTED_EDGE ( 'NONE', *, *, #4903, .T. ) ;
#5011 = LINE ( 'NONE', #8107, #3954 ) ;
#5012 = DIRECTION ( 'NONE',  ( -0.000000000000000000, -1.000000000000000000, -0.000000000000000000 ) ) ;
#5013 = EDGE_CURVE ( 'NONE', #3662, #7916, #12, .T. ) ;
#5014 = DIRECTION ( 'NONE',  ( 0.000000000000000000, -1.000000000000000000, 0.000000000000000000 ) ) ;
#5015 = EDGE_LOOP ( 'NONE', ( #1166, #2333, #9758, #7681 ) ) ;
#5016 = ORIENTED_EDGE ( 'NONE', *, *, #2513, .T. ) ;
#5017 = DIRECTION ( 'NONE',  ( 0.000000000000000000, -1.000000000000000000, 0.000000000000000000 ) ) ;
#5018 = ORIENTED_EDGE ( 'NONE', *, *, #3567, .F. ) ;
#5019 = EDGE_CURVE ( 'NONE', #4751, #2088, #5670, .T. ) ;
#5020 = ORIENTED_EDGE ( 'NONE', *, *, #5466, .T. ) ;
#5021 = CARTESIAN_POINT ( 'NONE',  ( -0.4999999999999908962, 0.04999999999999999584, 0.7149999999999999689 ) ) ;
#5022 = DIRECTION ( 'NONE',  ( 0.8660254037844378194, 0.000000000000000000, 0.5000000000000013323 ) ) ;
#5023 = FACE_OUTER_BOUND ( 'NONE', #5015, .T. ) ;
#5024 = PLANE ( 'NONE',  #7291 ) ;
#5025 = VERTEX_POINT ( 'NONE', #3388 ) ;
#5026 = DIRECTION ( 'NONE',  ( -0.000000000000000000, -0.000000000000000000, -1.000000000000000000 ) ) ;
#5027 = LINE ( 'NONE', #9683, #7703 ) ;
#5028 = CARTESIAN_POINT ( 'NONE',  ( -0.4999999999999825695, 0.1500000000000000222, 0.4675000000000001932 ) ) ;
#5029 = EDGE_CURVE ( 'NONE', #1870, #9287, #263, .T. ) ;
#5030 = ORIENTED_EDGE ( 'NONE', *, *, #5851, .F. ) ;
#5031 = EDGE_CURVE ( 'NONE', #1631, #2776, #1081, .T. ) ;
#5032 = ORIENTED_EDGE ( 'NONE', *, *, #4291, .F. ) ;
#5033 = DIRECTION ( 'NONE',  ( -0.8660254037844510311, 0.000000000000000000, 0.4999999999999786837 ) ) ;
#5034 = VECTOR ( 'NONE', #6078, 1000.000000000000000 ) ;
#5035 = PLANE ( 'NONE',  #7297 ) ;
#5036 = EDGE_CURVE ( 'NONE', #9901, #8257, #3434, .T. ) ;
#5037 = ORIENTED_EDGE ( 'NONE', *, *, #8951, .F. ) ;
#5038 = FACE_OUTER_BOUND ( 'NONE', #9312, .T. ) ;
#5039 = EDGE_CURVE ( 'NONE', #2831, #7073, #2461, .T. ) ;
#5040 = VECTOR ( 'NONE', #5266, 1000.000000000000000 ) ;
#5041 = EDGE_LOOP ( 'NONE', ( #211, #1397, #2049, #2000 ) ) ;
#5042 = DIRECTION ( 'NONE',  ( -1.000000000000000000, -0.000000000000000000, -0.000000000000000000 ) ) ;
#5043 = CARTESIAN_POINT ( 'NONE',  ( -0.5000000000000002220, 0.05000000000000000278, -0.8849999999999992317 ) ) ;
#5044 = CARTESIAN_POINT ( 'NONE',  ( -0.4650000000000002465, 0.2000000000000000111, -1.614999999999999769 ) ) ;
#5045 = EDGE_CURVE ( 'NONE', #6999, #4464, #2768, .T. ) ;
#5046 = VECTOR ( 'NONE', #206, 1000.000000000000000 ) ;
#5047 = DIRECTION ( 'NONE',  ( -1.000000000000000000, 0.000000000000000000, -0.000000000000000000 ) ) ;
#5048 = CARTESIAN_POINT ( 'NONE',  ( 0.4650000000000091283, 0.2000000000000000111, 0.4850000000000004308 ) ) ;
#5049 = ADVANCED_FACE ( 'NONE', ( #3531 ), #8186, .F. ) ;
#5050 = CARTESIAN_POINT ( 'NONE',  ( 0.2000000000000090039, 0.2000000000000000111, 1.200000000000000178 ) ) ;
#5051 = ORIENTED_EDGE ( 'NONE', *, *, #7597, .T. ) ;
#5052 = FACE_OUTER_BOUND ( 'NONE', #9860, .T. ) ;
#5053 = VECTOR ( 'NONE', #5014, 1000.000000000000000 ) ;
#5054 = VERTEX_POINT ( 'NONE', #5763 ) ;
#5055 = FACE_OUTER_BOUND ( 'NONE', #9317, .T. ) ;
#5056 = CARTESIAN_POINT ( 'NONE',  ( 0.5000000000000091038, 0.1999999999999999833, 0.4000000000000001887 ) ) ;
#5057 = ORIENTED_EDGE ( 'NONE', *, *, #1200, .F. ) ;
#5058 = DIRECTION ( 'NONE',  ( -1.000000000000000000, -0.000000000000000000, -0.000000000000000000 ) ) ;
#5059 = DIRECTION ( 'NONE',  ( 0.000000000000000000, -1.000000000000000000, 0.000000000000000000 ) ) ;
#5060 = VERTEX_POINT ( 'NONE', #4384 ) ;
#5061 = VECTOR ( 'NONE', #3707, 1000.000000000000000 ) ;
#5062 = PRESENTATION_STYLE_ASSIGNMENT (( #7412 ) ) ;
#5063 = LINE ( 'NONE', #9670, #6082 ) ;
#5064 = CARTESIAN_POINT ( 'NONE',  ( -0.4098604327990414964, 0.05000000000000000278, -0.7098990936201498014 ) ) ;
#5065 = ORIENTED_EDGE ( 'NONE', *, *, #5482, .T. ) ;
#5066 = ORIENTED_EDGE ( 'NONE', *, *, #2890, .F. ) ;
#5067 = CARTESIAN_POINT ( 'NONE',  ( -0.4650000000000002465, 0.2000000000000000111, -1.785000000000000142 ) ) ;
#5068 = ORIENTED_EDGE ( 'NONE', *, *, #5633, .T. ) ;
#5069 = AXIS2_PLACEMENT_3D ( 'NONE', #2854, #546, #693 ) ;
#5070 = DIRECTION ( 'NONE',  ( -6.195440985631447034E-15, 0.000000000000000000, -1.000000000000000000 ) ) ;
#5071 = EDGE_CURVE ( 'NONE', #2425, #1439, #8137, .T. ) ;
#5072 = CARTESIAN_POINT ( 'NONE',  ( -0.1999999999999908795, 0.2000000000000000111, 0.7999999999999999334 ) ) ;
#5073 = CARTESIAN_POINT ( 'NONE',  ( -0.4999999999999908962, 0.1500000000000000222, 1.232500000000000373 ) ) ;
#5074 = CARTESIAN_POINT ( 'NONE',  ( 0.4649999999999997469, 0.2000000000000000111, 1.385000000000000453 ) ) ;
#5075 = ORIENTED_EDGE ( 'NONE', *, *, #6752, .T. ) ;
#5076 = PLANE ( 'NONE',  #1189 ) ;
#5077 = PLANE ( 'NONE',  #8020 ) ;
#5078 = AXIS2_PLACEMENT_3D ( 'NONE', #2702, #1067, #4979 ) ;
#5079 = CARTESIAN_POINT ( 'NONE',  ( -0.4999999999999908962, 0.2000000000000000111, -0.7149999999999999689 ) ) ;
#5080 = FACE_OUTER_BOUND ( 'NONE', #1530, .T. ) ;
#5081 = ORIENTED_EDGE ( 'NONE', *, *, #4703, .T. ) ;
#5082 = ORIENTED_EDGE ( 'NONE', *, *, #1720, .F. ) ;
#5083 = EDGE_CURVE ( 'NONE', #145, #4853, #6638, .T. ) ;
#5084 = DIRECTION ( 'NONE',  ( 1.355252715606880049E-16, 0.000000000000000000, 1.000000000000000000 ) ) ;
#5085 =( GEOMETRIC_REPRESENTATION_CONTEXT ( 3 ) GLOBAL_UNCERTAINTY_ASSIGNED_CONTEXT ( ( #4143 ) ) GLOBAL_UNIT_ASSIGNED_CONTEXT ( ( #6081, #777, #1547 ) ) REPRESENTATION_CONTEXT ( 'NONE', 'WORKASPACE' ) );
#5086 = VECTOR ( 'NONE', #5621, 1000.000000000000000 ) ;
#5087 = LINE ( 'NONE', #8231, #5005 ) ;
#5088 = EDGE_LOOP ( 'NONE', ( #8269, #2580, #4757, #7786 ) ) ;
#5089 = ADVANCED_FACE ( 'NONE', ( #1185 ), #8846, .F. ) ;
#5090 = CARTESIAN_POINT ( 'NONE',  ( -0.4390192378864674616, 0.000000000000000000, -1.800000000000000044 ) ) ;
#5091 = AXIS2_PLACEMENT_3D ( 'NONE', #1734, #7935, #969 ) ;
#5092 = DIRECTION ( 'NONE',  ( 0.5000000000000014433, 0.000000000000000000, -0.8660254037844379305 ) ) ;
#5093 = ADVANCED_FACE ( 'NONE', ( #3484 ), #7449, .T. ) ;
#5094 = CARTESIAN_POINT ( 'NONE',  ( 0.2000000000000090317, 0.04999999999999999584, 1.400000000000000133 ) ) ;
#5095 = MANIFOLD_SOLID_BREP ( 'Cut-Extrude5[3]', #1729 ) ;
#5096 = FACE_OUTER_BOUND ( 'NONE', #8888, .T. ) ;
#5097 = AXIS2_PLACEMENT_3D ( 'NONE', #8763, #5012, #4167 ) ;
#5098 = VECTOR ( 'NONE', #9590, 1000.000000000000000 ) ;
#5099 = LINE ( 'NONE', #9703, #1193 ) ;
#5100 = DIRECTION ( 'NONE',  ( 0.000000000000000000, -0.000000000000000000, 1.000000000000000000 ) ) ;
#5101 = CARTESIAN_POINT ( 'NONE',  ( -0.5000000000000002220, 0.000000000000000000, -1.784999999999999920 ) ) ;
#5102 = ORIENTED_EDGE ( 'NONE', *, *, #4876, .F. ) ;
#5103 = ORIENTED_EDGE ( 'NONE', *, *, #7465, .F. ) ;
#5104 = ORIENTED_EDGE ( 'NONE', *, *, #6949, .F. ) ;
#5105 = PLANE ( 'NONE',  #9669 ) ;
#5106 = CARTESIAN_POINT ( 'NONE',  ( 0.000000000000000000, 0.000000000000000000, 0.000000000000000000 ) ) ;
#5107 = FACE_OUTER_BOUND ( 'NONE', #1795, .T. ) ;
#5108 = EDGE_LOOP ( 'NONE', ( #7635, #7820, #5276, #6174 ) ) ;
#5109 = EDGE_CURVE ( 'NONE', #7125, #828, #9702, .T. ) ;
#5110 = PLANE ( 'NONE',  #464 ) ;
#5111 = DIRECTION ( 'NONE',  ( 1.000000000000000000, 0.000000000000000000, 0.000000000000000000 ) ) ;
#5112 = LINE ( 'NONE', #8201, #6231 ) ;
#5113 = VERTEX_POINT ( 'NONE', #5968 ) ;
#5114 = VECTOR ( 'NONE', #1251, 1000.000000000000000 ) ;
#5115 = FACE_OUTER_BOUND ( 'NONE', #1926, .T. ) ;
#5116 = EDGE_CURVE ( 'NONE', #6566, #9343, #1954, .T. ) ;
#5117 = CYLINDRICAL_SURFACE ( 'NONE', #8511, 0.06250000000000005551 ) ;
#5118 = ORIENTED_EDGE ( 'NONE', *, *, #4069, .T. ) ;
#5119 = DIRECTION ( 'NONE',  ( -1.000000000000000000, 0.000000000000000000, -0.000000000000000000 ) ) ;
#5120 = EDGE_LOOP ( 'NONE', ( #7239, #483, #6408, #8552 ) ) ;
#5121 = ORIENTED_EDGE ( 'NONE', *, *, #4516, .T. ) ;
#5122 = DIRECTION ( 'NONE',  ( -1.000000000000000000, 0.000000000000000000, 0.000000000000000000 ) ) ;
#5123 = VERTEX_POINT ( 'NONE', #2824 ) ;
#5124 = VERTEX_POINT ( 'NONE', #2005 ) ;
#5125 = CARTESIAN_POINT ( 'NONE',  ( 0.4999999999999997780, 0.000000000000000000, 1.215000000000000080 ) ) ;
#5126 = FACE_OUTER_BOUND ( 'NONE', #967, .T. ) ;
#5127 = DIRECTION ( 'NONE',  ( 0.000000000000000000, 0.000000000000000000, 1.000000000000000000 ) ) ;
#5128 = FACE_OUTER_BOUND ( 'NONE', #5165, .T. ) ;
#5129 = ORIENTED_EDGE ( 'NONE', *, *, #3825, .F. ) ;
#5130 = DIRECTION ( 'NONE',  ( 0.000000000000000000, 0.000000000000000000, 1.000000000000000000 ) ) ;
#5131 = DIRECTION ( 'NONE',  ( -0.4999999999999786837, 0.000000000000000000, 0.8660254037844510311 ) ) ;
#5132 = DIRECTION ( 'NONE',  ( 0.000000000000000000, 0.000000000000000000, -1.000000000000000000 ) ) ;
#5133 = CARTESIAN_POINT ( 'NONE',  ( 0.4390192378864654077, 0.2000000000000000111, 1.200000000000000178 ) ) ;
#5134 = ORIENTED_EDGE ( 'NONE', *, *, #7870, .F. ) ;
#5135 = ADVANCED_FACE ( 'NONE', ( #5096 ), #4338, .T. ) ;
#5136 = ORIENTED_EDGE ( 'NONE', *, *, #4145, .T. ) ;
#5137 = CARTESIAN_POINT ( 'NONE',  ( 0.5000000000000091038, 0.1500000000000000222, 0.06750000000000001832 ) ) ;
#5138 = CARTESIAN_POINT ( 'NONE',  ( 0.5000000000000000000, 0.1500000000000000222, 0.8675000000000002709 ) ) ;
#5139 = CARTESIAN_POINT ( 'NONE',  ( -0.5000000000000002220, 0.2000000000000000111, 1.784999999999999920 ) ) ;
#5140 = ORIENTED_EDGE ( 'NONE', *, *, #190, .F. ) ;
#5141 = CARTESIAN_POINT ( 'NONE',  ( -0.4999999999999908962, 0.2000000000000000111, 0.7149999999999999689 ) ) ;
#5142 = EDGE_CURVE ( 'NONE', #6828, #9855, #8339, .T. ) ;
#5143 = AXIS2_PLACEMENT_3D ( 'NONE', #2230, #7567, #639 ) ;
#5144 = EDGE_CURVE ( 'NONE', #6262, #1767, #5252, .T. ) ;
#5145 = CARTESIAN_POINT ( 'NONE',  ( -0.06750000000000000444, 0.1500000000000000222, -1.800000000000000044 ) ) ;
#5146 = ADVANCED_FACE ( 'NONE', ( #9122 ), #3715, .T. ) ;
#5147 = LINE ( 'NONE', #8900, #4989 ) ;
#5148 = VECTOR ( 'NONE', #3028, 1000.000000000000000 ) ;
#5149 =( LENGTH_UNIT ( ) NAMED_UNIT ( * ) SI_UNIT ( .MILLI., .METRE. ) );
#5150 = VECTOR ( 'NONE', #8038, 1000.000000000000000 ) ;
#5151 = DIRECTION ( 'NONE',  ( 0.000000000000000000, 0.000000000000000000, 1.000000000000000000 ) ) ;
#5152 = LINE ( 'NONE', #9798, #5704 ) ;
#5153 = LINE ( 'NONE', #6020, #3511 ) ;
#5154 = ORIENTED_EDGE ( 'NONE', *, *, #3452, .F. ) ;
#5155 = VECTOR ( 'NONE', #4867, 1000.000000000000000 ) ;
#5156 = VECTOR ( 'NONE', #4434, 1000.000000000000000 ) ;
#5157 = ORIENTED_EDGE ( 'NONE', *, *, #5071, .T. ) ;
#5158 = LINE ( 'NONE', #9259, #8729 ) ;
#5159 = PLANE ( 'NONE',  #8151 ) ;
#5160 = PLANE ( 'NONE',  #350 ) ;
#5161 = ORIENTED_EDGE ( 'NONE', *, *, #817, .F. ) ;
#5162 = LINE ( 'NONE', #9017, #6169 ) ;
#5163 = VECTOR ( 'NONE', #5634, 1000.000000000000000 ) ;
#5164 = LINE ( 'NONE', #1291, #9873 ) ;
#5165 = EDGE_LOOP ( 'NONE', ( #1043, #10028, #2482, #5958, #3670, #5839 ) ) ;
#5166 = AXIS2_PLACEMENT_3D ( 'NONE', #690, #738, #1556 ) ;
#5167 =( NAMED_UNIT ( * ) SI_UNIT ( $, .STERADIAN. ) SOLID_ANGLE_UNIT ( ) );
#5168 = DIRECTION ( 'NONE',  ( -1.355252715606880049E-16, -0.000000000000000000, 1.000000000000000000 ) ) ;
#5169 = CARTESIAN_POINT ( 'NONE',  ( 0.4999999999999997780, 0.2000000000000000111, -1.385000000000000231 ) ) ;
#5170 = ADVANCED_FACE ( 'NONE', ( #5126 ), #3612, .F. ) ;
#5171 = EDGE_LOOP ( 'NONE', ( #217, #3607, #407, #5656 ) ) ;
#5172 = ORIENTED_EDGE ( 'NONE', *, *, #6827, .F. ) ;
#5173 = VECTOR ( 'NONE', #2308, 1000.000000000000000 ) ;
#5174 = DIRECTION ( 'NONE',  ( -0.000000000000000000, -1.000000000000000000, -0.000000000000000000 ) ) ;
#5175 = EDGE_CURVE ( 'NONE', #8720, #3783, #8163, .T. ) ;
#5176 = VERTEX_POINT ( 'NONE', #7571 ) ;
#5177 = DIRECTION ( 'NONE',  ( 1.000000000000000000, 0.000000000000000000, -0.000000000000000000 ) ) ;
#5178 = ADVANCED_FACE ( 'NONE', ( #545 ), #6665, .T. ) ;
#5179 = CARTESIAN_POINT ( 'NONE',  ( -0.06749999999999997669, 0.2000000000000000111, -1.899999999999999911 ) ) ;
#5180 = DIRECTION ( 'NONE',  ( 1.000000000000000000, 0.000000000000000000, 0.000000000000000000 ) ) ;
#5181 = FACE_OUTER_BOUND ( 'NONE', #5404, .T. ) ;
#5182 = FACE_OUTER_BOUND ( 'NONE', #8804, .T. ) ;
#5183 = CARTESIAN_POINT ( 'NONE',  ( 0.06749999999999997669, 0.1500000000000000222, 1.899999999999999911 ) ) ;
#5184 = CARTESIAN_POINT ( 'NONE',  ( -0.1999999999999908795, 0.000000000000000000, 0.6999999999999998446 ) ) ;
#5185 = EDGE_CURVE ( 'NONE', #8275, #1439, #7521, .T. ) ;
#5186 = VERTEX_POINT ( 'NONE', #5842 ) ;
#5187 = MANIFOLD_SOLID_BREP ( 'Boss-Extrude5[11]', #97 ) ;
#5188 = VERTEX_POINT ( 'NONE', #3875 ) ;
#5189 = CARTESIAN_POINT ( 'NONE',  ( -0.4649999999999908651, 0.2000000000000000111, -0.8850000000000001199 ) ) ;
#5190 = LINE ( 'NONE', #4424, #9120 ) ;
#5191 = DIRECTION ( 'NONE',  ( -1.000000000000000000, -0.000000000000000000, -0.000000000000000000 ) ) ;
#5192 = EDGE_LOOP ( 'NONE', ( #9284, #8444, #25, #8572 ) ) ;
#5193 = DIRECTION ( 'NONE',  ( 0.000000000000000000, -1.000000000000000000, 0.000000000000000000 ) ) ;
#5194 = EDGE_CURVE ( 'NONE', #653, #9165, #8418, .T. ) ;
#5195 = CARTESIAN_POINT ( 'NONE',  ( -0.5000000000000002220, 0.05000000000000000278, -1.784999999999999032 ) ) ;
#5196 = CARTESIAN_POINT ( 'NONE',  ( -0.4390192378864581357, 0.000000000000000000, 0.9000000000000000222 ) ) ;
#5197 = LINE ( 'NONE', #466, #107 ) ;
#5198 = DIRECTION ( 'NONE',  ( -1.355252715606755804E-16, 0.000000000000000000, 1.000000000000000000 ) ) ;
#5199 = EDGE_CURVE ( 'NONE', #8600, #7014, #9133, .T. ) ;
#5200 = ADVANCED_FACE ( 'NONE', ( #8467 ), #6875, .T. ) ;
#5201 = LINE ( 'NONE', #9993, #9612 ) ;
#5202 = LINE ( 'NONE', #1434, #8570 ) ;
#5203 = VECTOR ( 'NONE', #4213, 1000.000000000000000 ) ;
#5204 = LINE ( 'NONE', #6070, #8841 ) ;
#5205 = VERTEX_POINT ( 'NONE', #9281 ) ;
#5206 = DIRECTION ( 'NONE',  ( 0.000000000000000000, -1.000000000000000000, 0.000000000000000000 ) ) ;
#5207 = VECTOR ( 'NONE', #2057, 1000.000000000000000 ) ;
#5208 = CARTESIAN_POINT ( 'NONE',  ( -0.2000000000000002609, 0.2000000000000000111, -1.800000000000000044 ) ) ;
#5209 = DIRECTION ( 'NONE',  ( 1.000000000000000000, 0.000000000000000000, 0.000000000000000000 ) ) ;
#5210 = CARTESIAN_POINT ( 'NONE',  ( 0.4390192378864747891, 0.2000000000000000111, -0.3000000000000001554 ) ) ;
#5211 = EDGE_LOOP ( 'NONE', ( #9928, #3839, #147, #2166 ) ) ;
#5212 = EDGE_CURVE ( 'NONE', #9019, #2558, #6103, .T. ) ;
#5213 = DIRECTION ( 'NONE',  ( -0.000000000000000000, 1.000000000000000000, -0.000000000000000000 ) ) ;
#5214 = ORIENTED_EDGE ( 'NONE', *, *, #2715, .T. ) ;
#5215 = EDGE_CURVE ( 'NONE', #267, #5386, #6261, .T. ) ;
#5216 = DIRECTION ( 'NONE',  ( 0.000000000000000000, 0.000000000000000000, -1.000000000000000000 ) ) ;
#5217 = MANIFOLD_SOLID_BREP ( 'Cut-Extrude5[10]', #6946 ) ;
#5218 = DIRECTION ( 'NONE',  ( 1.000000000000000000, -0.000000000000000000, 1.355252715606880049E-16 ) ) ;
#5219 = VECTOR ( 'NONE', #6381, 1000.000000000000000 ) ;
#5220 = LINE ( 'NONE', #5782, #6370 ) ;
#5221 = VERTEX_POINT ( 'NONE', #702 ) ;
#5222 = VERTEX_POINT ( 'NONE', #5446 ) ;
#5223 = LINE ( 'NONE', #8307, #8866 ) ;
#5224 = ORIENTED_EDGE ( 'NONE', *, *, #1953, .T. ) ;
#5225 = DIRECTION ( 'NONE',  ( 1.000000000000000000, -0.000000000000000000, -4.336808689942011425E-15 ) ) ;
#5226 =( GEOMETRIC_REPRESENTATION_CONTEXT ( 3 ) GLOBAL_UNCERTAINTY_ASSIGNED_CONTEXT ( ( #7357 ) ) GLOBAL_UNIT_ASSIGNED_CONTEXT ( ( #4670, #7070, #3206 ) ) REPRESENTATION_CONTEXT ( 'NONE', 'WORKASPACE' ) );
#5227 = ADVANCED_FACE ( 'NONE', ( #4524 ), #3920, .F. ) ;
#5228 = LINE ( 'NONE', #2184, #2259 ) ;
#5229 = VERTEX_POINT ( 'NONE', #8369 ) ;
#5230 = DIRECTION ( 'NONE',  ( -1.000000000000000000, 0.000000000000000000, 4.336808689942016158E-15 ) ) ;
#5231 = DIRECTION ( 'NONE',  ( 0.8660254037844378194, 0.000000000000000000, 0.5000000000000013323 ) ) ;
#5232 = CARTESIAN_POINT ( 'NONE',  ( 0.4390192378864654077, 0.2000000000000000111, -1.200000000000000178 ) ) ;
#5233 = ORIENTED_EDGE ( 'NONE', *, *, #1566, .T. ) ;
#5234 = COLOUR_RGB ( '',0.7921568627450980005, 0.8196078431372548767, 0.9333333333333333481 ) ;
#5235 = ORIENTED_EDGE ( 'NONE', *, *, #8392, .T. ) ;
#5236 = MANIFOLD_SOLID_BREP ( 'Boss-Extrude5[5]', #9187 ) ;
#5237 = ORIENTED_EDGE ( 'NONE', *, *, #4133, .F. ) ;
#5238 = DIRECTION ( 'NONE',  ( -1.000000000000000000, 0.000000000000000000, 1.355252715606755804E-16 ) ) ;
#5239 = CARTESIAN_POINT ( 'NONE',  ( -0.4999999999999824585, 0.1500000000000000222, -0.4674999999999998601 ) ) ;
#5240 = ORIENTED_EDGE ( 'NONE', *, *, #9663, .F. ) ;
#5241 = CARTESIAN_POINT ( 'NONE',  ( 0.000000000000000000, 0.000000000000000000, 0.000000000000000000 ) ) ;
#5242 = EDGE_CURVE ( 'NONE', #8853, #4533, #3063, .T. ) ;
#5243 = AXIS2_PLACEMENT_3D ( 'NONE', #5073, #2748, #1164 ) ;
#5244 = CARTESIAN_POINT ( 'NONE',  ( 0.3999999999999998557, 0.2000000000000000111, -0.8674999999999999378 ) ) ;
#5245 = SURFACE_SIDE_STYLE ('',( #3680 ) ) ;
#5246 = EDGE_CURVE ( 'NONE', #7667, #637, #8620, .T. ) ;
#5247 = VECTOR ( 'NONE', #8830, 1000.000000000000000 ) ;
#5248 = VECTOR ( 'NONE', #402, 1000.000000000000000 ) ;
#5249 = CARTESIAN_POINT ( 'NONE',  ( -0.5000000000000002220, 0.2000000000000000111, 1.614999999999999991 ) ) ;
#5250 = CARTESIAN_POINT ( 'NONE',  ( 0.2000000000000090039, 0.2000000000000000111, -1.200000000000000178 ) ) ;
#5251 = MANIFOLD_SOLID_BREP ( 'Cut-Extrude6', #1895 ) ;
#5252 = LINE ( 'NONE', #2927, #9886 ) ;
#5253 = DIRECTION ( 'NONE',  ( -6.195440985631458867E-15, 0.000000000000000000, 1.000000000000000000 ) ) ;
#5254 = LINE ( 'NONE', #9253, #5173 ) ;
#5255 =( GEOMETRIC_REPRESENTATION_CONTEXT ( 3 ) GLOBAL_UNCERTAINTY_ASSIGNED_CONTEXT ( ( #6280 ) ) GLOBAL_UNIT_ASSIGNED_CONTEXT ( ( #9552, #5720, #5768 ) ) REPRESENTATION_CONTEXT ( 'NONE', 'WORKASPACE' ) );
#5256 = VECTOR ( 'NONE', #9100, 1000.000000000000000 ) ;
#5257 = CARTESIAN_POINT ( 'NONE',  ( -0.4390192378864674616, 0.000000000000000000, -1.599999999999999867 ) ) ;
#5258 = ORIENTED_EDGE ( 'NONE', *, *, #4045, .T. ) ;
#5259 = EDGE_CURVE ( 'NONE', #1217, #4081, #7270, .T. ) ;
#5260 = ORIENTED_EDGE ( 'NONE', *, *, #4298, .F. ) ;
#5261 = DIRECTION ( 'NONE',  ( -1.000000000000000000, 0.000000000000000000, -0.000000000000000000 ) ) ;
#5262 = VECTOR ( 'NONE', #859, 1000.000000000000114 ) ;
#5263 = AXIS2_PLACEMENT_3D ( 'NONE', #1278, #6113, #4379 ) ;
#5264 = CARTESIAN_POINT ( 'NONE',  ( 0.4650000000000091283, 0.2000000000000000111, -0.4850000000000004308 ) ) ;
#5265 = LINE ( 'NONE', #9954, #7134 ) ;
#5266 = DIRECTION ( 'NONE',  ( 1.000000000000000000, -0.000000000000000000, -0.000000000000000000 ) ) ;
#5267 = VERTEX_POINT ( 'NONE', #7963 ) ;
#5268 = ORIENTED_EDGE ( 'NONE', *, *, #2969, .F. ) ;
#5269 = VECTOR ( 'NONE', #3917, 1000.000000000000000 ) ;
#5270 = CARTESIAN_POINT ( 'NONE',  ( -0.4999999999999825695, 0.2000000000000000111, 0.4675000000000001932 ) ) ;
#5271 = ADVANCED_FACE ( 'NONE', ( #2436 ), #5735, .T. ) ;
#5272 = DIRECTION ( 'NONE',  ( -1.000000000000000000, -0.000000000000000000, -0.000000000000000000 ) ) ;
#5273 = VERTEX_POINT ( 'NONE', #4117 ) ;
#5274 = EDGE_CURVE ( 'NONE', #4727, #1874, #4218, .T. ) ;
#5275 = ORIENTED_EDGE ( 'NONE', *, *, #3632, .T. ) ;
#5276 = ORIENTED_EDGE ( 'NONE', *, *, #4703, .F. ) ;
#5277 = LINE ( 'NONE', #9226, #9208 ) ;
#5278 = ORIENTED_EDGE ( 'NONE', *, *, #2284, .T. ) ;
#5279 = PLANE ( 'NONE',  #3140 ) ;
#5280 = PLANE ( 'NONE',  #7610 ) ;
#5281 = ADVANCED_FACE ( 'NONE', ( #5544 ), #4018, .T. ) ;
#5282 = ORIENTED_EDGE ( 'NONE', *, *, #6663, .T. ) ;
#5283 = FACE_OUTER_BOUND ( 'NONE', #9826, .T. ) ;
#5284 = CARTESIAN_POINT ( 'NONE',  ( 0.4650000000000091283, 0.2000000000000000111, 0.3149999999999999467 ) ) ;
#5285 = DIRECTION ( 'NONE',  ( 0.000000000000000000, 0.000000000000000000, -1.000000000000000000 ) ) ;
#5286 = VECTOR ( 'NONE', #4999, 1000.000000000000000 ) ;
#5287 = VERTEX_POINT ( 'NONE', #6460 ) ;
#5288 = EDGE_LOOP ( 'NONE', ( #8208, #9573, #4796, #2724 ) ) ;
#5289 = VERTEX_POINT ( 'NONE', #9523 ) ;
#5290 = EDGE_LOOP ( 'NONE', ( #3556, #6371, #3094, #84 ) ) ;
#5291 = DIRECTION ( 'NONE',  ( -0.8660254037844509201, -0.000000000000000000, -0.4999999999999786837 ) ) ;
#5292 = EDGE_LOOP ( 'NONE', ( #6870, #3247, #8547, #3643 ) ) ;
#5293 = DIRECTION ( 'NONE',  ( -0.000000000000000000, -0.000000000000000000, 1.000000000000000000 ) ) ;
#5294 = EDGE_CURVE ( 'NONE', #267, #5783, #8133, .T. ) ;
#5295 = FACE_OUTER_BOUND ( 'NONE', #395, .T. ) ;
#5296 = DIRECTION ( 'NONE',  ( 0.8660254037844378194, 0.000000000000000000, 0.5000000000000013323 ) ) ;
#5297 = DIRECTION ( 'NONE',  ( -0.000000000000000000, -0.000000000000000000, 1.000000000000000000 ) ) ;
#5298 = EDGE_CURVE ( 'NONE', #9447, #7417, #232, .T. ) ;
#5299 = EDGE_LOOP ( 'NONE', ( #9882, #4871, #2015, #5962 ) ) ;
#5300 = EDGE_CURVE ( 'NONE', #2391, #6765, #2590, .T. ) ;
#5301 = CARTESIAN_POINT ( 'NONE',  ( -0.3250000000000001776, 0.5500000000000000444, -1.724999999999999867 ) ) ;
#5302 = CARTESIAN_POINT ( 'NONE',  ( 0.5000000000000091038, 0.1500000000000000222, -0.06749999999999996281 ) ) ;
#5303 = DIRECTION ( 'NONE',  ( 2.710505431213760099E-16, 0.000000000000000000, -1.000000000000000000 ) ) ;
#5304 = PLANE ( 'NONE',  #1298 ) ;
#5305 = AXIS2_PLACEMENT_3D ( 'NONE', #7554, #6753, #4598 ) ;
#5306 = CARTESIAN_POINT ( 'NONE',  ( -0.5000000000000002220, 0.2000000000000000111, -0.06250000000000000000 ) ) ;
#5307 = EDGE_LOOP ( 'NONE', ( #706, #9655, #68, #2104 ) ) ;
#5308 =( GEOMETRIC_REPRESENTATION_CONTEXT ( 3 ) GLOBAL_UNCERTAINTY_ASSIGNED_CONTEXT ( ( #218 ) ) GLOBAL_UNIT_ASSIGNED_CONTEXT ( ( #8910, #5004, #3495 ) ) REPRESENTATION_CONTEXT ( 'NONE', 'WORKASPACE' ) );
#5309 = DIRECTION ( 'NONE',  ( 1.000000000000000000, 0.000000000000000000, -6.505213034913024237E-15 ) ) ;
#5310 = VECTOR ( 'NONE', #1872, 1000.000000000000000 ) ;
#5311 = DIRECTION ( 'NONE',  ( 0.000000000000000000, 0.000000000000000000, -1.000000000000000000 ) ) ;
#5312 = LINE ( 'NONE', #2220, #3603 ) ;
#5313 = ORIENTED_EDGE ( 'NONE', *, *, #3375, .F. ) ;
#5314 = DIRECTION ( 'NONE',  ( 1.355252715606880049E-16, 0.000000000000000000, 1.000000000000000000 ) ) ;
#5315 = EDGE_LOOP ( 'NONE', ( #4576, #9709, #4258, #4578 ) ) ;
#5316 = EDGE_CURVE ( 'NONE', #7930, #2437, #2637, .T. ) ;
#5317 = PLANE ( 'NONE',  #3802 ) ;
#5318 = MECHANICAL_DESIGN_GEOMETRIC_PRESENTATION_REPRESENTATION (  '', ( #1735 ), #272 ) ;
#5319 = VECTOR ( 'NONE', #9700, 1000.000000000000000 ) ;
#5320 = CARTESIAN_POINT ( 'NONE',  ( 0.2000000000000090039, 0.2000000000000000111, 1.200000000000000178 ) ) ;
#5321 = ORIENTED_EDGE ( 'NONE', *, *, #6293, .T. ) ;
#5322 = DIRECTION ( 'NONE',  ( 1.000000000000000000, 0.000000000000000000, 0.000000000000000000 ) ) ;
#5323 = ORIENTED_EDGE ( 'NONE', *, *, #5577, .F. ) ;
#5324 = VERTEX_POINT ( 'NONE', #2028 ) ;
#5325 = LINE ( 'NONE', #3101, #9031 ) ;
#5326 = DIRECTION ( 'NONE',  ( -0.000000000000000000, -1.000000000000000000, -0.000000000000000000 ) ) ;
#5327 = AXIS2_PLACEMENT_3D ( 'NONE', #9242, #7735, #4580 ) ;
#5328 = CARTESIAN_POINT ( 'NONE',  ( 0.4999999999999997780, 0.2000000000000000111, 0.000000000000000000 ) ) ;
#5329 = VECTOR ( 'NONE', #1754, 1000.000000000000000 ) ;
#5330 = ORIENTED_EDGE ( 'NONE', *, *, #5457, .T. ) ;
#5331 = CARTESIAN_POINT ( 'NONE',  ( 0.5000000000000091038, 0.2000000000000000111, 0.06750000000000001832 ) ) ;
#5332 = DIRECTION ( 'NONE',  ( -0.8660254037844378194, 0.000000000000000000, 0.5000000000000013323 ) ) ;
#5333 = DIRECTION ( 'NONE',  ( 0.000000000000000000, -1.000000000000000000, 0.000000000000000000 ) ) ;
#5334 = VERTEX_POINT ( 'NONE', #8305 ) ;
#5335 = CARTESIAN_POINT ( 'NONE',  ( -0.4390192378864674616, 0.2000000000000000111, 1.800000000000000044 ) ) ;
#5336 = EDGE_CURVE ( 'NONE', #4990, #6828, #8109, .T. ) ;
#5337 = FACE_OUTER_BOUND ( 'NONE', #3891, .T. ) ;
#5338 = PLANE ( 'NONE',  #4622 ) ;
#5339 = AXIS2_PLACEMENT_3D ( 'NONE', #9918, #3769, #2286 ) ;
#5340 = CARTESIAN_POINT ( 'NONE',  ( 0.000000000000000000, 0.1500000000000000222, 0.000000000000000000 ) ) ;
#5341 = COLOUR_RGB ( '',0.7921568627450980005, 0.8196078431372548767, 0.9333333333333333481 ) ;
#5342 = EDGE_CURVE ( 'NONE', #4097, #987, #1346, .T. ) ;
#5343 = ORIENTED_EDGE ( 'NONE', *, *, #4192, .T. ) ;
#5344 = ORIENTED_EDGE ( 'NONE', *, *, #9154, .T. ) ;
#5345 = ORIENTED_EDGE ( 'NONE', *, *, #5764, .F. ) ;
#5346 = DIRECTION ( 'NONE',  ( 0.000000000000000000, 0.000000000000000000, 1.000000000000000000 ) ) ;
#5347 = CARTESIAN_POINT ( 'NONE',  ( -0.4999999999999824585, 0.2000000000000000111, -0.4674999999999998601 ) ) ;
#5348 = FACE_OUTER_BOUND ( 'NONE', #580, .T. ) ;
#5349 = VECTOR ( 'NONE', #2109, 1000.000000000000000 ) ;
#5350 = ORIENTED_EDGE ( 'NONE', *, *, #7461, .F. ) ;
#5351 = CARTESIAN_POINT ( 'NONE',  ( -0.4390192378864674616, 0.000000000000000000, 1.800000000000000044 ) ) ;
#5352 = DIRECTION ( 'NONE',  ( -1.000000000000000000, -0.000000000000000000, -6.195440985631447034E-15 ) ) ;
#5353 = CARTESIAN_POINT ( 'NONE',  ( 0.4999999999999997780, 0.1500000000000000222, 1.767499999999999627 ) ) ;
#5354 = EDGE_CURVE ( 'NONE', #3951, #7384, #5938, .T. ) ;
#5355 = ORIENTED_EDGE ( 'NONE', *, *, #2835, .T. ) ;
#5356 = EDGE_CURVE ( 'NONE', #5229, #5783, #4404, .T. ) ;
#5357 = CARTESIAN_POINT ( 'NONE',  ( 0.2000000000000090039, 0.2000000000000000111, 1.200000000000000178 ) ) ;
#5358 = CARTESIAN_POINT ( 'NONE',  ( 0.4390192378864654077, 0.2000000000000000111, -1.400000000000000133 ) ) ;
#5359 = EDGE_CURVE ( 'NONE', #7664, #6241, #1156, .T. ) ;
#5360 = CARTESIAN_POINT ( 'NONE',  ( -0.1999999999999825251, 0.2000000000000000111, 0.06250000000000000000 ) ) ;
#5361 = DIRECTION ( 'NONE',  ( 0.000000000000000000, 0.000000000000000000, 1.000000000000000000 ) ) ;
#5362 = LINE ( 'NONE', #57, #1068 ) ;
#5363 = ORIENTED_EDGE ( 'NONE', *, *, #6789, .F. ) ;
#5364 = EDGE_CURVE ( 'NONE', #4348, #4548, #3605, .T. ) ;
#5365 = EDGE_CURVE ( 'NONE', #1516, #4900, #8868, .T. ) ;
#5366 = DIRECTION ( 'NONE',  ( -4.336808689942016158E-15, 0.000000000000000000, -1.000000000000000000 ) ) ;
#5367 = FILL_AREA_STYLE_COLOUR ( '', #5984 ) ;
#5368 = LINE ( 'NONE', #1492, #2497 ) ;
#5369 = DIRECTION ( 'NONE',  ( -1.000000000000000000, 0.000000000000000000, -0.000000000000000000 ) ) ;
#5370 = ORIENTED_EDGE ( 'NONE', *, *, #3415, .F. ) ;
#5371 = VECTOR ( 'NONE', #8615, 1000.000000000000000 ) ;
#5372 = VERTEX_POINT ( 'NONE', #1296 ) ;
#5373 = EDGE_CURVE ( 'NONE', #8616, #6098, #3504, .T. ) ;
#5374 = SURFACE_STYLE_USAGE ( .BOTH. , #3855 ) ;
#5375 = PLANE ( 'NONE',  #9162 ) ;
#5376 = ORIENTED_EDGE ( 'NONE', *, *, #9271, .F. ) ;
#5377 = DIRECTION ( 'NONE',  ( 1.000000000000000000, 0.000000000000000000, -2.710505431213760099E-16 ) ) ;
#5378 = ORIENTED_EDGE ( 'NONE', *, *, #8194, .F. ) ;
#5379 = VECTOR ( 'NONE', #9405, 1000.000000000000000 ) ;
#5380 = ORIENTED_EDGE ( 'NONE', *, *, #5185, .T. ) ;
#5381 = ORIENTED_EDGE ( 'NONE', *, *, #6872, .F. ) ;
#5382 = CARTESIAN_POINT ( 'NONE',  ( 0.2000000000000184130, 0.2000000000000000111, -0.5000000000000002220 ) ) ;
#5383 = ORIENTED_EDGE ( 'NONE', *, *, #5199, .F. ) ;
#5384 = DIRECTION ( 'NONE',  ( 0.8660254037844509201, 0.000000000000000000, -0.4999999999999786837 ) ) ;
#5385 = CYLINDRICAL_SURFACE ( 'NONE', #4203, 0.06250000000000005551 ) ;
#5386 = VERTEX_POINT ( 'NONE', #5169 ) ;
#5387 = COLOUR_RGB ( '',0.7921568627450980005, 0.8196078431372548767, 0.9333333333333333481 ) ;
#5388 = DIRECTION ( 'NONE',  ( 0.8660254037844378194, 0.000000000000000000, 0.5000000000000013323 ) ) ;
#5389 = FACE_OUTER_BOUND ( 'NONE', #7587, .T. ) ;
#5390 = CARTESIAN_POINT ( 'NONE',  ( -0.2000000000000002609, 0.2000000000000000111, -1.800000000000000044 ) ) ;
#5391 = ORIENTED_EDGE ( 'NONE', *, *, #5577, .T. ) ;
#5392 = ORIENTED_EDGE ( 'NONE', *, *, #1244, .T. ) ;
#5393 = EDGE_CURVE ( 'NONE', #6918, #6898, #5220, .T. ) ;
#5394 = VERTEX_POINT ( 'NONE', #4314 ) ;
#5395 = VECTOR ( 'NONE', #393, 1000.000000000000000 ) ;
#5396 = ORIENTED_EDGE ( 'NONE', *, *, #5408, .T. ) ;
#5397 = LINE ( 'NONE', #1522, #3295 ) ;
#5398 = LINE ( 'NONE', #9934, #9991 ) ;
#5399 = ORIENTED_EDGE ( 'NONE', *, *, #9432, .F. ) ;
#5400 = DIRECTION ( 'NONE',  ( 0.000000000000000000, 1.000000000000000000, -0.000000000000000000 ) ) ;
#5401 = CARTESIAN_POINT ( 'NONE',  ( -0.5000000000000002220, 0.2000000000000000111, -1.614999999999999991 ) ) ;
#5402 = CARTESIAN_POINT ( 'NONE',  ( 0.3999999999999997446, 0.1500000000000000222, 1.767500000000000071 ) ) ;
#5403 = AXIS2_PLACEMENT_3D ( 'NONE', #780, #19, #3143 ) ;
#5404 = EDGE_LOOP ( 'NONE', ( #9627, #3746, #8301, #6208 ) ) ;
#5405 = ADVANCED_FACE ( 'NONE', ( #5835 ), #6659, .F. ) ;
#5406 = DIRECTION ( 'NONE',  ( 0.000000000000000000, 0.000000000000000000, -1.000000000000000000 ) ) ;
#5407 = VECTOR ( 'NONE', #7129, 1000.000000000000000 ) ;
#5408 = EDGE_CURVE ( 'NONE', #6596, #4751, #6558, .T. ) ;
#5409 = DIRECTION ( 'NONE',  ( 0.000000000000000000, 0.000000000000000000, 1.000000000000000000 ) ) ;
#5410 = DIRECTION ( 'NONE',  ( -1.000000000000000000, -0.000000000000000000, -0.000000000000000000 ) ) ;
#5411 = VECTOR ( 'NONE', #1920, 1000.000000000000000 ) ;
#5412 = DIRECTION ( 'NONE',  ( 1.000000000000000000, 0.000000000000000000, -1.355252715606880049E-16 ) ) ;
#5413 = AXIS2_PLACEMENT_3D ( 'NONE', #7480, #6871, #2751 ) ;
#5414 = EDGE_CURVE ( 'NONE', #8335, #7289, #1252, .T. ) ;
#5415 = CARTESIAN_POINT ( 'NONE',  ( -0.06750000000000000444, 0.1500000000000000222, -1.800000000000000044 ) ) ;
#5416 = DIRECTION ( 'NONE',  ( 0.000000000000000000, -1.000000000000000000, 0.000000000000000000 ) ) ;
#5417 = CARTESIAN_POINT ( 'NONE',  ( 0.4390192378864747891, 0.000000000000000000, -0.3000000000000001554 ) ) ;
#5418 = DIRECTION ( 'NONE',  ( 0.000000000000000000, 1.000000000000000000, 0.000000000000000000 ) ) ;
#5419 =( GEOMETRIC_REPRESENTATION_CONTEXT ( 3 ) GLOBAL_UNCERTAINTY_ASSIGNED_CONTEXT ( ( #256 ) ) GLOBAL_UNIT_ASSIGNED_CONTEXT ( ( #1849, #6495, #7253 ) ) REPRESENTATION_CONTEXT ( 'NONE', 'WORKASPACE' ) );
#5420 = EDGE_LOOP ( 'NONE', ( #6028, #7059, #761, #238, #9963, #2037 ) ) ;
#5421 = VECTOR ( 'NONE', #1283, 1000.000000000000000 ) ;
#5422 = DIRECTION ( 'NONE',  ( 0.000000000000000000, -1.000000000000000000, 0.000000000000000000 ) ) ;
#5423 = ORIENTED_EDGE ( 'NONE', *, *, #991, .F. ) ;
#5424 = CARTESIAN_POINT ( 'NONE',  ( -0.5000000000000002220, 0.05000000000000000278, 1.899999999999999911 ) ) ;
#5425 = DIRECTION ( 'NONE',  ( 0.000000000000000000, 0.000000000000000000, -1.000000000000000000 ) ) ;
#5426 = ORIENTED_EDGE ( 'NONE', *, *, #2416, .T. ) ;
#5427 = LINE ( 'NONE', #3809, #7033 ) ;
#5428 = VECTOR ( 'NONE', #8428, 1000.000000000000000 ) ;
#5429 = ORIENTED_EDGE ( 'NONE', *, *, #5274, .T. ) ;
#5430 = VECTOR ( 'NONE', #2398, 1000.000000000000114 ) ;
#5431 = EDGE_LOOP ( 'NONE', ( #5976, #7810, #7362, #276, #6777, #8502 ) ) ;
#5432 = DIRECTION ( 'NONE',  ( -0.000000000000000000, 1.000000000000000000, -0.000000000000000000 ) ) ;
#5433 = ORIENTED_EDGE ( 'NONE', *, *, #9598, .T. ) ;
#5434 = EDGE_CURVE ( 'NONE', #5952, #4352, #437, .T. ) ;
#5435 = CARTESIAN_POINT ( 'NONE',  ( -0.5000000000000002220, 0.5500000000000000444, -1.899999999999999911 ) ) ;
#5436 = VERTEX_POINT ( 'NONE', #2790 ) ;
#5437 = LINE ( 'NONE', #5331, #4502 ) ;
#5438 = DIRECTION ( 'NONE',  ( -0.000000000000000000, -0.000000000000000000, 1.000000000000000000 ) ) ;
#5439 = DIRECTION ( 'NONE',  ( 0.000000000000000000, 1.000000000000000000, -0.000000000000000000 ) ) ;
#5441 = ORIENTED_EDGE ( 'NONE', *, *, #6179, .T. ) ;
#5440 = ADVANCED_FACE ( 'NONE', ( #9812 ), #5882, .T. ) ;
#5442 = VECTOR ( 'NONE', #2190, 1000.000000000000000 ) ;
#5443 = AXIS2_PLACEMENT_3D ( 'NONE', #1012, #3317, #4274 ) ;
#5444 = CARTESIAN_POINT ( 'NONE',  ( -0.1999999999999908795, 0.04999999999999999584, 0.9000000000000000222 ) ) ;
#5445 = CARTESIAN_POINT ( 'NONE',  ( 0.5000000000000091038, 0.2000000000000000111, -0.4850000000000002087 ) ) ;
#5446 = CARTESIAN_POINT ( 'NONE',  ( -0.4650000000000002465, 0.2000000000000000111, 1.614999999999999769 ) ) ;
#5447 = EDGE_LOOP ( 'NONE', ( #562, #6908, #6523, #7122 ) ) ;
#5448 = ORIENTED_EDGE ( 'NONE', *, *, #9320, .F. ) ;
#5449 = ORIENTED_EDGE ( 'NONE', *, *, #4648, .F. ) ;
#5450 = LINE ( 'NONE', #8526, #4746 ) ;
#5451 = DIRECTION ( 'NONE',  ( 0.000000000000000000, -1.000000000000000000, 0.000000000000000000 ) ) ;
#5452 = VERTEX_POINT ( 'NONE', #9022 ) ;
#5453 = LINE ( 'NONE', #4828, #3168 ) ;
#5454 = LINE ( 'NONE', #6886, #3148 ) ;
#5455 = CIRCLE ( 'NONE', #8183, 0.06249999999999984041 ) ;
#5456 = LINE ( 'NONE', #8531, #7848 ) ;
#5457 = EDGE_CURVE ( 'NONE', #9706, #2277, #485, .T. ) ;
#5458 = ORIENTED_EDGE ( 'NONE', *, *, #490, .F. ) ;
#5459 = CARTESIAN_POINT ( 'NONE',  ( -0.4649999999999908651, 0.2000000000000000111, 0.8850000000000001199 ) ) ;
#5460 = VECTOR ( 'NONE', #2265, 1000.000000000000000 ) ;
#5461 = FACE_OUTER_BOUND ( 'NONE', #9035, .T. ) ;
#5462 = CARTESIAN_POINT ( 'NONE',  ( -0.2000000000000002609, 0.2000000000000000111, 1.599999999999999867 ) ) ;
#5463 = UNCERTAINTY_MEASURE_WITH_UNIT (LENGTH_MEASURE( 1.000000000000000082E-05 ), #509, 'distance_accuracy_value', 'NONE');
#5464 = ADVANCED_FACE ( 'NONE', ( #9623 ), #8262, .T. ) ;
#5465 = CARTESIAN_POINT ( 'NONE',  ( -0.4649999999999825384, 0.2000000000000000111, 0.08500000000000022815 ) ) ;
#5466 = EDGE_CURVE ( 'NONE', #9949, #3729, #2691, .T. ) ;
#5467 = DIRECTION ( 'NONE',  ( 0.000000000000000000, 0.000000000000000000, -1.000000000000000000 ) ) ;
#5468 =( NAMED_UNIT ( * ) SI_UNIT ( $, .STERADIAN. ) SOLID_ANGLE_UNIT ( ) );
#5469 = DIRECTION ( 'NONE',  ( 0.000000000000000000, 0.000000000000000000, 1.000000000000000000 ) ) ;
#5470 = AXIS2_PLACEMENT_3D ( 'NONE', #8524, #6166, #751 ) ;
#5471 = CARTESIAN_POINT ( 'NONE',  ( -0.4649999999999908651, 0.04999999999999999584, -0.7149999999999997469 ) ) ;
#5472 = ORIENTED_EDGE ( 'NONE', *, *, #2984, .T. ) ;
#5473 = ADVANCED_FACE ( 'NONE', ( #3759 ), #583, .F. ) ;
#5474 = CARTESIAN_POINT ( 'NONE',  ( 0.4650000000000091283, 0.2000000000000000111, -0.4850000000000004308 ) ) ;
#5475 = ORIENTED_EDGE ( 'NONE', *, *, #5737, .F. ) ;
#5476 = LINE ( 'NONE', #8554, #1006 ) ;
#5477 = VECTOR ( 'NONE', #938, 1000.000000000000000 ) ;
#5478 = EDGE_LOOP ( 'NONE', ( #7949, #1604 ) ) ;
#5479 = EDGE_LOOP ( 'NONE', ( #3038, #6193, #5363, #5392 ) ) ;
#5480 = DIRECTION ( 'NONE',  ( -0.8660254037844378194, 0.000000000000000000, -0.5000000000000013323 ) ) ;
#5481 = ORIENTED_EDGE ( 'NONE', *, *, #4648, .T. ) ;
#5482 = EDGE_CURVE ( 'NONE', #3155, #8359, #4654, .T. ) ;
#5483 = PLANE ( 'NONE',  #4513 ) ;
#5484 = DIRECTION ( 'NONE',  ( 0.000000000000000000, 1.000000000000000000, 0.000000000000000000 ) ) ;
#5485 = ORIENTED_EDGE ( 'NONE', *, *, #171, .F. ) ;
#5486 = LINE ( 'NONE', #4711, #7994 ) ;
#5487 = DIRECTION ( 'NONE',  ( 0.000000000000000000, 1.000000000000000000, 0.000000000000000000 ) ) ;
#5488 = AXIS2_PLACEMENT_3D ( 'NONE', #5072, #6769, #5127 ) ;
#5489 = ORIENTED_EDGE ( 'NONE', *, *, #2170, .F. ) ;
#5490 = VECTOR ( 'NONE', #3082, 1000.000000000000000 ) ;
#5491 = ADVANCED_FACE ( 'NONE', ( #2172 ), #6964, .F. ) ;
#5492 = DIRECTION ( 'NONE',  ( 0.000000000000000000, 0.000000000000000000, -1.000000000000000000 ) ) ;
#5493 = EDGE_CURVE ( 'NONE', #2391, #288, #1450, .T. ) ;
#5494 = FACE_OUTER_BOUND ( 'NONE', #3072, .T. ) ;
#5495 = SURFACE_SIDE_STYLE ('',( #7730 ) ) ;
#5496 = ORIENTED_EDGE ( 'NONE', *, *, #422, .T. ) ;
#5497 = ORIENTED_EDGE ( 'NONE', *, *, #3980, .F. ) ;
#5498 = VECTOR ( 'NONE', #835, 1000.000000000000000 ) ;
#5499 = AXIS2_PLACEMENT_3D ( 'NONE', #6481, #7141, #360 ) ;
#5500 = ORIENTED_EDGE ( 'NONE', *, *, #5608, .T. ) ;
#5501 = ORIENTED_EDGE ( 'NONE', *, *, #1909, .T. ) ;
#5502 = LINE ( 'NONE', #6214, #7832 ) ;
#5503 = CARTESIAN_POINT ( 'NONE',  ( 0.4650000000000091283, 0.2000000000000000111, -0.3149999999999999467 ) ) ;
#5504 = VERTEX_POINT ( 'NONE', #9908 ) ;
#5505 = LINE ( 'NONE', #7081, #5430 ) ;
#5506 = VECTOR ( 'NONE', #3614, 1000.000000000000000 ) ;
#5507 = EDGE_CURVE ( 'NONE', #5702, #600, #5427, .T. ) ;
#5508 = CARTESIAN_POINT ( 'NONE',  ( 0.000000000000000000, 0.2000000000000000111, 0.000000000000000000 ) ) ;
#5509 = CARTESIAN_POINT ( 'NONE',  ( -0.3999999999999908629, 0.1500000000000000222, 1.232500000000000373 ) ) ;
#5510 = ORIENTED_EDGE ( 'NONE', *, *, #723, .T. ) ;
#5511 = ORIENTED_EDGE ( 'NONE', *, *, #4004, .T. ) ;
#5512 = VECTOR ( 'NONE', #1051, 1000.000000000000000 ) ;
#5513 = DIRECTION ( 'NONE',  ( 0.000000000000000000, 0.000000000000000000, 1.000000000000000000 ) ) ;
#5514 = EDGE_CURVE ( 'NONE', #5436, #4838, #3045, .T. ) ;
#5515 = CARTESIAN_POINT ( 'NONE',  ( -0.4650000000000002465, 0.04999999999999999584, -1.785000000000000142 ) ) ;
#5516 = LINE ( 'NONE', #54, #3265 ) ;
#5517 = PLANE ( 'NONE',  #7881 ) ;
#5518 = ORIENTED_EDGE ( 'NONE', *, *, #1323, .F. ) ;
#5519 = CARTESIAN_POINT ( 'NONE',  ( -7.527460797542190354E-15, 0.05000000000000000278, 1.214999999999997193 ) ) ;
#5520 = EDGE_CURVE ( 'NONE', #3418, #3615, #7004, .T. ) ;
#5521 = LINE ( 'NONE', #4793, #4047 ) ;
#5522 = CARTESIAN_POINT ( 'NONE',  ( -0.4999999999999908962, 0.000000000000000000, 0.7149999999999999689 ) ) ;
#5523 = FACE_OUTER_BOUND ( 'NONE', #3709, .T. ) ;
#5524 = LINE ( 'NONE', #4744, #8284 ) ;
#5525 = ORIENTED_EDGE ( 'NONE', *, *, #27, .T. ) ;
#5526 = DIRECTION ( 'NONE',  ( 0.000000000000000000, 1.000000000000000000, 0.000000000000000000 ) ) ;
#5527 = DIRECTION ( 'NONE',  ( -1.000000000000000000, 0.000000000000000000, 0.000000000000000000 ) ) ;
#5528 = VERTEX_POINT ( 'NONE', #4555 ) ;
#5529 = CARTESIAN_POINT ( 'NONE',  ( 0.2000000000000090317, 0.2000000000000000111, -1.400000000000000133 ) ) ;
#5530 = ORIENTED_EDGE ( 'NONE', *, *, #5259, .F. ) ;
#5531 = EDGE_LOOP ( 'NONE', ( #8173, #6784, #7502, #2169 ) ) ;
#5532 = EDGE_CURVE ( 'NONE', #7469, #4584, #2226, .T. ) ;
#5533 = VECTOR ( 'NONE', #8739, 1000.000000000000114 ) ;
#5534 = DIRECTION ( 'NONE',  ( -1.000000000000000000, 0.000000000000000000, -0.000000000000000000 ) ) ;
#5535 = LINE ( 'NONE', #739, #2132 ) ;
#5536 = ORIENTED_EDGE ( 'NONE', *, *, #2662, .T. ) ;
#5537 = EDGE_CURVE ( 'NONE', #4554, #3676, #3858, .T. ) ;
#5538 = PLANE ( 'NONE',  #4998 ) ;
#5539 = CARTESIAN_POINT ( 'NONE',  ( -0.3999999999999908629, 0.1500000000000000222, 1.232500000000000373 ) ) ;
#5540 = ORIENTED_EDGE ( 'NONE', *, *, #6031, .F. ) ;
#5541 = DIRECTION ( 'NONE',  ( 1.000000000000000000, -0.000000000000000000, -4.336808689942011425E-15 ) ) ;
#5542 = DIRECTION ( 'NONE',  ( 1.000000000000000000, 0.000000000000000000, 6.195440985631447034E-15 ) ) ;
#5543 = VECTOR ( 'NONE', #3596, 1000.000000000000000 ) ;
#5544 = FACE_OUTER_BOUND ( 'NONE', #9673, .T. ) ;
#5545 = ORIENTED_EDGE ( 'NONE', *, *, #939, .F. ) ;
#5546 = ORIENTED_EDGE ( 'NONE', *, *, #4426, .F. ) ;
#5547 = ORIENTED_EDGE ( 'NONE', *, *, #8134, .F. ) ;
#5548 = EDGE_CURVE ( 'NONE', #5267, #1802, #734, .T. ) ;
#5549 = FACE_OUTER_BOUND ( 'NONE', #6154, .T. ) ;
#5550 = CARTESIAN_POINT ( 'NONE',  ( 0.4649999999999997469, 0.2000000000000000111, 1.385000000000000453 ) ) ;
#5551 = LINE ( 'NONE', #1669, #9195 ) ;
#5552 = VECTOR ( 'NONE', #1195, 1000.000000000000000 ) ;
#5553 = LINE ( 'NONE', #3312, #9214 ) ;
#5554 = ORIENTED_EDGE ( 'NONE', *, *, #8309, .T. ) ;
#5555 = PLANE ( 'NONE',  #7388 ) ;
#5556 = LINE ( 'NONE', #8583, #5262 ) ;
#5557 = ORIENTED_EDGE ( 'NONE', *, *, #9624, .F. ) ;
#5558 = VECTOR ( 'NONE', #178, 1000.000000000000000 ) ;
#5559 = ORIENTED_EDGE ( 'NONE', *, *, #6157, .T. ) ;
#5560 = ORIENTED_EDGE ( 'NONE', *, *, #755, .F. ) ;
#5561 = DIRECTION ( 'NONE',  ( 0.000000000000000000, -1.000000000000000000, 0.000000000000000000 ) ) ;
#5562 = EDGE_CURVE ( 'NONE', #96, #3597, #4506, .T. ) ;
#5563 = AXIS2_PLACEMENT_3D ( 'NONE', #9686, #4418, #6776 ) ;
#5564 = DIRECTION ( 'NONE',  ( 0.000000000000000000, 1.000000000000000000, 0.000000000000000000 ) ) ;
#5565 = DIRECTION ( 'NONE',  ( -0.000000000000000000, 0.000000000000000000, -1.000000000000000000 ) ) ;
#5566 = ADVANCED_FACE ( 'NONE', ( #2945 ), #6036, .T. ) ;
#5567 = VECTOR ( 'NONE', #2041, 1000.000000000000000 ) ;
#5568 = FACE_OUTER_BOUND ( 'NONE', #5850, .T. ) ;
#5569 = SURFACE_SIDE_STYLE ('',( #7045 ) ) ;
#5570 = FACE_OUTER_BOUND ( 'NONE', #5852, .T. ) ;
#5571 = CARTESIAN_POINT ( 'NONE',  ( 0.4390192378864654077, 0.04999999999999999584, -1.400000000000000133 ) ) ;
#5572 = DIRECTION ( 'NONE',  ( -0.4999999999999786837, 0.000000000000000000, 0.8660254037844510311 ) ) ;
#5573 = ORIENTED_EDGE ( 'NONE', *, *, #1528, .T. ) ;
#5574 = VECTOR ( 'NONE', #9388, 1000.000000000000000 ) ;
#5575 = FILL_AREA_STYLE_COLOUR ( '', #4935 ) ;
#5576 = DIRECTION ( 'NONE',  ( 1.000000000000000000, 0.000000000000000000, 6.195440985631447034E-15 ) ) ;
#5577 = EDGE_CURVE ( 'NONE', #4022, #9336, #9116, .T. ) ;
#5578 = ORIENTED_EDGE ( 'NONE', *, *, #5712, .T. ) ;
#5579 = CARTESIAN_POINT ( 'NONE',  ( -0.06750000000000000444, 0.1500000000000000222, 1.800000000000000044 ) ) ;
#5580 = VERTEX_POINT ( 'NONE', #7760 ) ;
#5581 = ORIENTED_EDGE ( 'NONE', *, *, #9420, .T. ) ;
#5582 = DIRECTION ( 'NONE',  ( 0.5000000000000014433, 0.000000000000000000, -0.8660254037844379305 ) ) ;
#5583 = STYLED_ITEM ( 'NONE', ( #6032 ), #8463 ) ;
#5584 = VECTOR ( 'NONE', #5947, 1000.000000000000000 ) ;
#5585 = DIRECTION ( 'NONE',  ( 2.710505431213760099E-16, 0.000000000000000000, 1.000000000000000000 ) ) ;
#5586 = DIRECTION ( 'NONE',  ( 0.000000000000000000, 0.000000000000000000, -1.000000000000000000 ) ) ;
#5587 = DIRECTION ( 'NONE',  ( 0.000000000000000000, 1.000000000000000000, 0.000000000000000000 ) ) ;
#5588 = ORIENTED_EDGE ( 'NONE', *, *, #4966, .T. ) ;
#5589 = DIRECTION ( 'NONE',  ( -1.000000000000000000, 0.000000000000000000, 2.710505431213760099E-16 ) ) ;
#5590 = CARTESIAN_POINT ( 'NONE',  ( -0.06749999999999997669, 0.2000000000000000111, -1.899999999999999911 ) ) ;
#5591 = VERTEX_POINT ( 'NONE', #6085 ) ;
#5592 = CARTESIAN_POINT ( 'NONE',  ( 0.5000000000000091038, 0.2000000000000000111, 0.3150000000000001688 ) ) ;
#5593 = EDGE_CURVE ( 'NONE', #4464, #8605, #1500, .T. ) ;
#5594 = LINE ( 'NONE', #7814, #7230 ) ;
#5595 = VECTOR ( 'NONE', #470, 1000.000000000000114 ) ;
#5596 = EDGE_LOOP ( 'NONE', ( #2781, #3538, #3906, #7582 ) ) ;
#5597 = VERTEX_POINT ( 'NONE', #6913 ) ;
#5598 = ORIENTED_EDGE ( 'NONE', *, *, #5520, .T. ) ;
#5599 = DIRECTION ( 'NONE',  ( -1.000000000000000000, 0.000000000000000000, 0.000000000000000000 ) ) ;
#5600 = DIRECTION ( 'NONE',  ( 0.000000000000000000, 1.000000000000000000, -0.000000000000000000 ) ) ;
#5601 = FACE_OUTER_BOUND ( 'NONE', #4104, .T. ) ;
#5602 = VECTOR ( 'NONE', #6584, 1000.000000000000000 ) ;
#5603 = DIRECTION ( 'NONE',  ( 0.000000000000000000, 0.000000000000000000, -1.000000000000000000 ) ) ;
#5604 = VERTEX_POINT ( 'NONE', #4610 ) ;
#5605 = LINE ( 'NONE', #2701, #200 ) ;
#5606 = DIRECTION ( 'NONE',  ( -0.000000000000000000, 1.000000000000000000, -0.000000000000000000 ) ) ;
#5607 = FACE_OUTER_BOUND ( 'NONE', #9681, .T. ) ;
#5608 = EDGE_CURVE ( 'NONE', #5604, #1832, #4896, .T. ) ;
#5609 = VERTEX_POINT ( 'NONE', #9316 ) ;
#5610 = EDGE_LOOP ( 'NONE', ( #5795, #6248, #8471, #3904 ) ) ;
#5611 = CARTESIAN_POINT ( 'NONE',  ( 0.4390192378864654077, 0.2000000000000000111, 1.400000000000000133 ) ) ;
#5612 = EDGE_CURVE ( 'NONE', #6057, #1502, #5476, .T. ) ;
#5613 = ORIENTED_EDGE ( 'NONE', *, *, #8585, .T. ) ;
#5614 = VECTOR ( 'NONE', #519, 1000.000000000000000 ) ;
#5615 = LINE ( 'NONE', #7883, #9306 ) ;
#5616 = DIRECTION ( 'NONE',  ( 2.710505431213760099E-16, -0.000000000000000000, -1.000000000000000000 ) ) ;
#5617 = ADVANCED_FACE ( 'NONE', ( #7564 ), #2423, .T. ) ;
#5618 = EDGE_CURVE ( 'NONE', #196, #4086, #986, .T. ) ;
#5619 = CARTESIAN_POINT ( 'NONE',  ( 0.2000000000000089762, 0.2000000000000000111, -1.362500000000000044 ) ) ;
#5620 = DIRECTION ( 'NONE',  ( -2.710505431213760099E-16, 0.000000000000000000, 1.000000000000000000 ) ) ;
#5621 = DIRECTION ( 'NONE',  ( 0.000000000000000000, -1.000000000000000000, 0.000000000000000000 ) ) ;
#5622 = CARTESIAN_POINT ( 'NONE',  ( 0.4390192378864654077, 0.2000000000000000111, -1.400000000000000133 ) ) ;
#5623 = ORIENTED_EDGE ( 'NONE', *, *, #1075, .F. ) ;
#5624 = LINE ( 'NONE', #5673, #9948 ) ;
#5625 =( NAMED_UNIT ( * ) SI_UNIT ( $, .STERADIAN. ) SOLID_ANGLE_UNIT ( ) );
#5626 = ORIENTED_EDGE ( 'NONE', *, *, #3685, .T. ) ;
#5627 = ORIENTED_EDGE ( 'NONE', *, *, #3403, .F. ) ;
#5628 = LINE ( 'NONE', #9366, #1408 ) ;
#5629 = DIRECTION ( 'NONE',  ( -0.000000000000000000, -1.000000000000000000, -0.000000000000000000 ) ) ;
#5630 = CARTESIAN_POINT ( 'NONE',  ( -0.3250000000000001776, 0.5250000000000000222, -1.724999999999999867 ) ) ;
#5631 = VERTEX_POINT ( 'NONE', #7257 ) ;
#5632 = DIRECTION ( 'NONE',  ( 0.000000000000000000, 0.000000000000000000, -1.000000000000000000 ) ) ;
#5633 = EDGE_CURVE ( 'NONE', #1217, #5123, #7948, .T. ) ;
#5634 = DIRECTION ( 'NONE',  ( -1.000000000000000000, -0.000000000000000000, -0.000000000000000000 ) ) ;
#5635 = DIRECTION ( 'NONE',  ( -1.000000000000000000, 0.000000000000000000, -6.195440985631447034E-15 ) ) ;
#5636 = ORIENTED_EDGE ( 'NONE', *, *, #2002, .T. ) ;
#5637 = DIRECTION ( 'NONE',  ( -2.710505431213760099E-16, 0.000000000000000000, -1.000000000000000000 ) ) ;
#5638 = PLANE ( 'NONE',  #1873 ) ;
#5639 = DIRECTION ( 'NONE',  ( 1.000000000000000000, 0.000000000000000000, 0.000000000000000000 ) ) ;
#5640 = ORIENTED_EDGE ( 'NONE', *, *, #9667, .T. ) ;
#5641 = VERTEX_POINT ( 'NONE', #4102 ) ;
#5642 = ORIENTED_EDGE ( 'NONE', *, *, #9243, .F. ) ;
#5643 = DIRECTION ( 'NONE',  ( -1.000000000000000000, 0.000000000000000000, 0.000000000000000000 ) ) ;
#5644 = VECTOR ( 'NONE', #8113, 1000.000000000000000 ) ;
#5645 = LINE ( 'NONE', #3514, #4337 ) ;
#5646 = EDGE_CURVE ( 'NONE', #637, #2558, #7827, .T. ) ;
#5647 = CARTESIAN_POINT ( 'NONE',  ( 0.000000000000000000, 0.1500000000000000222, 0.000000000000000000 ) ) ;
#5648 = CARTESIAN_POINT ( 'NONE',  ( -0.5000000000000002220, 0.2000000000000000111, 1.637500000000000178 ) ) ;
#5649 = ORIENTED_EDGE ( 'NONE', *, *, #3414, .F. ) ;
#5650 = LINE ( 'NONE', #4128, #9603 ) ;
#5652 = CARTESIAN_POINT ( 'NONE',  ( -0.3999999999999908629, 0.1500000000000000222, 1.232500000000000373 ) ) ;
#5651 = PRODUCT_DEFINITION_SHAPE ( 'NONE', 'NONE',  #9631 ) ;
#5653 = FACE_OUTER_BOUND ( 'NONE', #9988, .T. ) ;
#5654 = VECTOR ( 'NONE', #9289, 1000.000000000000000 ) ;
#5655 = AXIS2_PLACEMENT_3D ( 'NONE', #7831, #863, #3893 ) ;
#5656 = ORIENTED_EDGE ( 'NONE', *, *, #2471, .F. ) ;
#5657 = ORIENTED_EDGE ( 'NONE', *, *, #6624, .T. ) ;
#5658 = CARTESIAN_POINT ( 'NONE',  ( -0.4999999999999824585, 0.1500000000000000222, -0.4674999999999998601 ) ) ;
#5659 = EDGE_CURVE ( 'NONE', #3832, #1618, #8659, .T. ) ;
#5660 = VECTOR ( 'NONE', #2546, 1000.000000000000000 ) ;
#5661 = ORIENTED_EDGE ( 'NONE', *, *, #2755, .F. ) ;
#5662 = AXIS2_PLACEMENT_3D ( 'NONE', #9415, #7261, #5585 ) ;
#5663 = EDGE_CURVE ( 'NONE', #1365, #7309, #273, .T. ) ;
#5664 = DIRECTION ( 'NONE',  ( 0.000000000000000000, -1.000000000000000000, 0.000000000000000000 ) ) ;
#5665 = LINE ( 'NONE', #4090, #2611 ) ;
#5666 = EDGE_CURVE ( 'NONE', #2030, #1545, #829, .T. ) ;
#5667 = VECTOR ( 'NONE', #6628, 1000.000000000000000 ) ;
#5668 = DIRECTION ( 'NONE',  ( -0.000000000000000000, -0.000000000000000000, 1.000000000000000000 ) ) ;
#5669 = EDGE_CURVE ( 'NONE', #3957, #6424, #3397, .T. ) ;
#5670 = LINE ( 'NONE', #9402, #7338 ) ;
#5671 = CARTESIAN_POINT ( 'NONE',  ( 0.3999999999999998557, 0.1500000000000000222, 0.8674999999999997158 ) ) ;
#5672 = ORIENTED_EDGE ( 'NONE', *, *, #9113, .T. ) ;
#5673 = CARTESIAN_POINT ( 'NONE',  ( 0.3999999999999998557, 0.1500000000000000222, -0.8674999999999999378 ) ) ;
#5674 = ORIENTED_EDGE ( 'NONE', *, *, #1088, .T. ) ;
#5675 = CARTESIAN_POINT ( 'NONE',  ( -0.4390192378864497535, 0.2000000000000000111, -0.1000000000000000472 ) ) ;
#5676 = ORIENTED_EDGE ( 'NONE', *, *, #9084, .T. ) ;
#5677 = ORIENTED_EDGE ( 'NONE', *, *, #2488, .T. ) ;
#5678 = CARTESIAN_POINT ( 'NONE',  ( -0.4649999999999825384, 0.2000000000000000111, 0.08500000000000022815 ) ) ;
#5679 = DIRECTION ( 'NONE',  ( -0.4999999999999786837, 0.000000000000000000, -0.8660254037844510311 ) ) ;
#5680 = CYLINDRICAL_SURFACE ( 'NONE', #7006, 0.06249999999999984041 ) ;
#5681 = EDGE_CURVE ( 'NONE', #2758, #9019, #3240, .T. ) ;
#5682 = VERTEX_POINT ( 'NONE', #9409 ) ;
#5683 = LINE ( 'NONE', #170, #3383 ) ;
#5684 = CARTESIAN_POINT ( 'NONE',  ( -0.5000000000000002220, 0.05000000000000000278, 1.899999999999999911 ) ) ;
#5685 = CARTESIAN_POINT ( 'NONE',  ( 0.4650000000000091283, 0.2000000000000000111, -0.3149999999999999467 ) ) ;
#5686 = ORIENTED_EDGE ( 'NONE', *, *, #4884, .F. ) ;
#5687 = DIRECTION ( 'NONE',  ( -1.000000000000000000, 0.000000000000000000, 6.195440985631458078E-15 ) ) ;
#5688 = EDGE_CURVE ( 'NONE', #6883, #6374, #7207, .T. ) ;
#5689 = DIRECTION ( 'NONE',  ( 1.000000000000000000, 0.000000000000000000, -6.195440985631447034E-15 ) ) ;
#5690 = FILL_AREA_STYLE ('',( #7915 ) ) ;
#5691 = EDGE_LOOP ( 'NONE', ( #623, #2228, #2244, #2340 ) ) ;
#5692 = ORIENTED_EDGE ( 'NONE', *, *, #4111, .T. ) ;
#5693 = CARTESIAN_POINT ( 'NONE',  ( 0.2000000000000184130, 0.2000000000000000111, 0.5000000000000002220 ) ) ;
#5694 = CARTESIAN_POINT ( 'NONE',  ( -0.3250000000000001776, 0.5500000000000000444, -1.724999999999999867 ) ) ;
#5695 = DIRECTION ( 'NONE',  ( -0.000000000000000000, -1.000000000000000000, -0.000000000000000000 ) ) ;
#5696 = CARTESIAN_POINT ( 'NONE',  ( -0.1999999999999908795, 0.2000000000000000111, 0.6999999999999998446 ) ) ;
#5697 = VERTEX_POINT ( 'NONE', #1799 ) ;
#5698 = DIRECTION ( 'NONE',  ( -6.195440985631447034E-15, 0.000000000000000000, -1.000000000000000000 ) ) ;
#5699 = VECTOR ( 'NONE', #8744, 1000.000000000000000 ) ;
#5700 = DIRECTION ( 'NONE',  ( -2.710505431213760099E-16, 0.000000000000000000, -1.000000000000000000 ) ) ;
#5701 = DIRECTION ( 'NONE',  ( -1.000000000000000000, -0.000000000000000000, -0.000000000000000000 ) ) ;
#5702 = VERTEX_POINT ( 'NONE', #935 ) ;
#5703 = ORIENTED_EDGE ( 'NONE', *, *, #9166, .T. ) ;
#5704 = VECTOR ( 'NONE', #7452, 1000.000000000000000 ) ;
#5705 = CARTESIAN_POINT ( 'NONE',  ( 0.4649999999999997469, 0.2000000000000000111, -1.214999999999999858 ) ) ;
#5706 = MANIFOLD_SOLID_BREP ( 'Boss-Extrude5[9]', #4178 ) ;
#5707 = EDGE_LOOP ( 'NONE', ( #3456, #5677, #127, #9614 ) ) ;
#5708 = FACE_OUTER_BOUND ( 'NONE', #9104, .T. ) ;
#5709 = DIRECTION ( 'NONE',  ( 0.000000000000000000, -0.000000000000000000, 1.000000000000000000 ) ) ;
#5710 = CARTESIAN_POINT ( 'NONE',  ( -0.2000000000000003164, 0.2000000000000000111, -1.637500000000000178 ) ) ;
#5711 = VECTOR ( 'NONE', #8091, 1000.000000000000000 ) ;
#5712 = EDGE_CURVE ( 'NONE', #6967, #3418, #2579, .T. ) ;
#5713 = EDGE_CURVE ( 'NONE', #5113, #7715, #9363, .T. ) ;
#5714 = DIRECTION ( 'NONE',  ( 0.000000000000000000, 1.000000000000000000, 0.000000000000000000 ) ) ;
#5715 = DIRECTION ( 'NONE',  ( 1.000000000000000000, 0.000000000000000000, 0.000000000000000000 ) ) ;
#5716 = DIRECTION ( 'NONE',  ( 0.8660254037844509201, -0.000000000000000000, -0.4999999999999786837 ) ) ;
#5717 = CARTESIAN_POINT ( 'NONE',  ( -0.4999999999999908962, 0.1500000000000000222, -1.232500000000000817 ) ) ;
#5718 = FACE_OUTER_BOUND ( 'NONE', #2856, .T. ) ;
#5719 = ORIENTED_EDGE ( 'NONE', *, *, #4229, .T. ) ;
#5720 =( NAMED_UNIT ( * ) PLANE_ANGLE_UNIT ( ) SI_UNIT ( $, .RADIAN. ) );
#5721 = DIRECTION ( 'NONE',  ( -0.8660254037844378194, 0.000000000000000000, -0.5000000000000013323 ) ) ;
#5722 = VECTOR ( 'NONE', #1699, 1000.000000000000000 ) ;
#5723 = EDGE_LOOP ( 'NONE', ( #9429, #345, #754, #4459, #2464, #5104 ) ) ;
#5724 = DIRECTION ( 'NONE',  ( 0.000000000000000000, 0.000000000000000000, 1.000000000000000000 ) ) ;
#5725 = EDGE_LOOP ( 'NONE', ( #7829, #1313, #3126, #4037 ) ) ;
#5726 = UNCERTAINTY_MEASURE_WITH_UNIT (LENGTH_MEASURE( 1.000000000000000082E-05 ), #2682, 'distance_accuracy_value', 'NONE');
#5727 = FILL_AREA_STYLE_COLOUR ( '', #453 ) ;
#5728 = ORIENTED_EDGE ( 'NONE', *, *, #7394, .F. ) ;
#5729 = AXIS2_PLACEMENT_3D ( 'NONE', #76, #7163, #3960 ) ;
#5730 = DIRECTION ( 'NONE',  ( -1.000000000000000000, 0.000000000000000000, 0.000000000000000000 ) ) ;
#5731 = PLANE ( 'NONE',  #7324 ) ;
#5732 = ORIENTED_EDGE ( 'NONE', *, *, #6159, .F. ) ;
#5733 = DIRECTION ( 'NONE',  ( 0.000000000000000000, -1.000000000000000000, 0.000000000000000000 ) ) ;
#5734 = CARTESIAN_POINT ( 'NONE',  ( 0.5000000000000091038, 0.2000000000000000111, 1.362500000000000044 ) ) ;
#5735 = PLANE ( 'NONE',  #7819 ) ;
#5736 = AXIS2_PLACEMENT_3D ( 'NONE', #1460, #7431, #6873 ) ;
#5737 = EDGE_CURVE ( 'NONE', #9406, #3155, #6498, .T. ) ;
#5738 = VECTOR ( 'NONE', #353, 1000.000000000000000 ) ;
#5739 = EDGE_LOOP ( 'NONE', ( #1800, #5546, #7965, #5657 ) ) ;
#5740 = DIRECTION ( 'NONE',  ( 0.000000000000000000, 0.000000000000000000, -1.000000000000000000 ) ) ;
#5741 = VERTEX_POINT ( 'NONE', #7847 ) ;
#5742 = DIRECTION ( 'NONE',  ( 0.000000000000000000, -0.000000000000000000, -1.000000000000000000 ) ) ;
#5743 = EDGE_CURVE ( 'NONE', #8359, #8528, #2880, .T. ) ;
#5744 = CARTESIAN_POINT ( 'NONE',  ( 0.4390192378864654077, 0.2000000000000000111, -1.400000000000000133 ) ) ;
#5745 = LINE ( 'NONE', #4775, #5574 ) ;
#5746 = CARTESIAN_POINT ( 'NONE',  ( 0.4390192378864747891, 0.2000000000000000111, 0.5000000000000002220 ) ) ;
#5747 = ORIENTED_EDGE ( 'NONE', *, *, #1363, .T. ) ;
#5748 = DIRECTION ( 'NONE',  ( -1.000000000000000000, -0.000000000000000000, -0.000000000000000000 ) ) ;
#5749 = PRESENTATION_LAYER_ASSIGNMENT (  '', '', ( #5583 ) ) ;
#5750 = CARTESIAN_POINT ( 'NONE',  ( 0.000000000000000000, 0.05000000000000000278, -0.3000000000000001554 ) ) ;
#5751 = DIRECTION ( 'NONE',  ( -1.000000000000000000, -0.000000000000000000, -0.000000000000000000 ) ) ;
#5752 = ORIENTED_EDGE ( 'NONE', *, *, #6805, .T. ) ;
#5753 = STYLED_ITEM ( 'NONE', ( #4980 ), #8833 ) ;
#5754 = ORIENTED_EDGE ( 'NONE', *, *, #3201, .F. ) ;
#5755 = AXIS2_PLACEMENT_3D ( 'NONE', #9448, #4840, #2358 ) ;
#5756 = CARTESIAN_POINT ( 'NONE',  ( -0.4650000000000002465, 0.2000000000000000111, 1.785000000000000142 ) ) ;
#5757 = LINE ( 'NONE', #8891, #8728 ) ;
#5758 = ADVANCED_FACE ( 'NONE', ( #423 ), #9608, .F. ) ;
#5759 = DIRECTION ( 'NONE',  ( 1.000000000000000000, -0.000000000000000000, -6.195440985631447034E-15 ) ) ;
#5760 = VECTOR ( 'NONE', #8569, 1000.000000000000000 ) ;
#5761 = DIRECTION ( 'NONE',  ( 0.000000000000000000, -1.000000000000000000, 0.000000000000000000 ) ) ;
#5762 = DIRECTION ( 'NONE',  ( 0.000000000000000000, -1.000000000000000000, 0.000000000000000000 ) ) ;
#5763 = CARTESIAN_POINT ( 'NONE',  ( -0.4390192378864674616, 0.04999999999999999584, 1.800000000000000044 ) ) ;
#5764 = EDGE_CURVE ( 'NONE', #4519, #3700, #1853, .T. ) ;
#5765 = LINE ( 'NONE', #8847, #1026 ) ;
#5766 = CARTESIAN_POINT ( 'NONE',  ( -0.3999999999999907518, 0.2000000000000000111, 0.3325000000000001843 ) ) ;
#5767 = ORIENTED_EDGE ( 'NONE', *, *, #5859, .F. ) ;
#5768 =( NAMED_UNIT ( * ) SI_UNIT ( $, .STERADIAN. ) SOLID_ANGLE_UNIT ( ) );
#5769 = AXIS2_PLACEMENT_3D ( 'NONE', #4607, #7711, #213 ) ;
#5770 = LINE ( 'NONE', #7354, #4310 ) ;
#5771 = EDGE_LOOP ( 'NONE', ( #3870, #3847, #8769, #3950 ) ) ;
#5772 = ORIENTED_EDGE ( 'NONE', *, *, #4371, .T. ) ;
#5773 = ORIENTED_EDGE ( 'NONE', *, *, #3109, .T. ) ;
#5774 = LINE ( 'NONE', #4854, #1082 ) ;
#5775 = FILL_AREA_STYLE ('',( #5727 ) ) ;
#5776 = ORIENTED_EDGE ( 'NONE', *, *, #1427, .F. ) ;
#5777 = CARTESIAN_POINT ( 'NONE',  ( -0.4390192378864674616, 0.2000000000000000111, 1.599999999999999867 ) ) ;
#5778 = DIRECTION ( 'NONE',  ( 0.000000000000000000, 0.000000000000000000, -1.000000000000000000 ) ) ;
#5779 = ORIENTED_EDGE ( 'NONE', *, *, #9974, .T. ) ;
#5780 = LINE ( 'NONE', #8762, #530 ) ;
#5781 = LINE ( 'NONE', #231, #9151 ) ;
#5782 = CARTESIAN_POINT ( 'NONE',  ( 0.2000000000000184130, 0.2000000000000000111, -0.5000000000000002220 ) ) ;
#5783 = VERTEX_POINT ( 'NONE', #2678 ) ;
#5784 = ORIENTED_EDGE ( 'NONE', *, *, #1535, .T. ) ;
#5785 = ADVANCED_FACE ( 'NONE', ( #9656 ), #523, .F. ) ;
#5786 = PLANE ( 'NONE',  #4823 ) ;
#5787 = ORIENTED_EDGE ( 'NONE', *, *, #3939, .T. ) ;
#5788 = ORIENTED_EDGE ( 'NONE', *, *, #9930, .T. ) ;
#5789 = FACE_OUTER_BOUND ( 'NONE', #6928, .T. ) ;
#5790 = CARTESIAN_POINT ( 'NONE',  ( 0.3999999999999998557, 0.2000000000000000111, -0.8674999999999999378 ) ) ;
#5791 = FILL_AREA_STYLE_COLOUR ( '', #6791 ) ;
#5792 = DIRECTION ( 'NONE',  ( 1.000000000000000000, 0.000000000000000000, 0.000000000000000000 ) ) ;
#5793 = EDGE_CURVE ( 'NONE', #4319, #2393, #9759, .T. ) ;
#5794 = CARTESIAN_POINT ( 'NONE',  ( 0.000000000000000000, 0.2000000000000000111, 0.000000000000000000 ) ) ;
#5795 = ORIENTED_EDGE ( 'NONE', *, *, #8622, .F. ) ;
#5796 = DIRECTION ( 'NONE',  ( -1.000000000000000000, -0.000000000000000000, -0.000000000000000000 ) ) ;
#5797 = VECTOR ( 'NONE', #7127, 1000.000000000000000 ) ;
#5798 = ADVANCED_FACE ( 'NONE', ( #8852 ), #1286, .F. ) ;
#5799 = LINE ( 'NONE', #8882, #43 ) ;
#5800 = VERTEX_POINT ( 'NONE', #1960 ) ;
#5801 =( GEOMETRIC_REPRESENTATION_CONTEXT ( 3 ) GLOBAL_UNCERTAINTY_ASSIGNED_CONTEXT ( ( #6446 ) ) GLOBAL_UNIT_ASSIGNED_CONTEXT ( ( #7751, #7555, #3749 ) ) REPRESENTATION_CONTEXT ( 'NONE', 'WORKASPACE' ) );
#5802 = ORIENTED_EDGE ( 'NONE', *, *, #1535, .F. ) ;
#5803 = ADVANCED_FACE ( 'NONE', ( #5052 ), #8146, .F. ) ;
#5804 = FACE_OUTER_BOUND ( 'NONE', #4490, .T. ) ;
#5805 = CARTESIAN_POINT ( 'NONE',  ( -0.3250000000000001776, 0.5500000000000000444, -1.724999999999999867 ) ) ;
#5806 = VERTEX_POINT ( 'NONE', #1086 ) ;
#5807 = EDGE_CURVE ( 'NONE', #9412, #8705, #269, .T. ) ;
#5808 = CARTESIAN_POINT ( 'NONE',  ( 0.4650000000000091283, 0.04999999999999999584, -0.3149999999999999467 ) ) ;
#5809 = CIRCLE ( 'NONE', #5488, 0.06250000000000005551 ) ;
#5810 = AXIS2_PLACEMENT_3D ( 'NONE', #9794, #5092, #5915 ) ;
#5811 = ORIENTED_EDGE ( 'NONE', *, *, #8491, .T. ) ;
#5812 = EDGE_CURVE ( 'NONE', #7252, #6369, #94, .T. ) ;
#5813 = VECTOR ( 'NONE', #9385, 1000.000000000000000 ) ;
#5814 = FACE_OUTER_BOUND ( 'NONE', #9137, .T. ) ;
#5815 = VECTOR ( 'NONE', #2331, 1000.000000000000000 ) ;
#5816 = CARTESIAN_POINT ( 'NONE',  ( -0.5000000000000002220, 0.5500000000000000444, 1.899999999999999911 ) ) ;
#5817 = CARTESIAN_POINT ( 'NONE',  ( 0.5000000000000091038, 0.2000000000000000111, 0.4850000000000002087 ) ) ;
#5818 = PLANE ( 'NONE',  #4288 ) ;
#5819 = DIRECTION ( 'NONE',  ( 1.000000000000000000, 0.000000000000000000, -1.626303258728391941E-15 ) ) ;
#5820 = DIRECTION ( 'NONE',  ( -1.000000000000000000, -0.000000000000000000, -0.000000000000000000 ) ) ;
#5821 = VECTOR ( 'NONE', #7093, 1000.000000000000000 ) ;
#5822 = CARTESIAN_POINT ( 'NONE',  ( 0.3999999999999999112, 0.1500000000000000222, 0.06750000000000003220 ) ) ;
#5823 = DIRECTION ( 'NONE',  ( -0.000000000000000000, -0.000000000000000000, -1.000000000000000000 ) ) ;
#5824 = EDGE_CURVE ( 'NONE', #8705, #1390, #2913, .T. ) ;
#5825 = ORIENTED_EDGE ( 'NONE', *, *, #4488, .F. ) ;
#5826 = DIRECTION ( 'NONE',  ( 1.000000000000000000, 0.000000000000000000, -6.195440985631447034E-15 ) ) ;
#5827 = AXIS2_PLACEMENT_3D ( 'NONE', #4307, #7263, #8964 ) ;
#5828 = CARTESIAN_POINT ( 'NONE',  ( -0.06749999999999997669, 0.2000000000000000111, 1.899999999999999911 ) ) ;
#5829 = ORIENTED_EDGE ( 'NONE', *, *, #6706, .F. ) ;
#5830 = PLANE ( 'NONE',  #1941 ) ;
#5831 = VERTEX_POINT ( 'NONE', #8274 ) ;
#5832 = PLANE ( 'NONE',  #3631 ) ;
#5833 = DIRECTION ( 'NONE',  ( -0.8660254037844378194, -0.000000000000000000, 0.5000000000000013323 ) ) ;
#5834 = EDGE_CURVE ( 'NONE', #9507, #6854, #9874, .T. ) ;
#5835 = FACE_OUTER_BOUND ( 'NONE', #1869, .T. ) ;
#5836 = ADVANCED_FACE ( 'NONE', ( #5080 ), #1216, .F. ) ;
#5837 = ORIENTED_EDGE ( 'NONE', *, *, #4956, .F. ) ;
#5838 = DIRECTION ( 'NONE',  ( -0.000000000000000000, 0.000000000000000000, 1.000000000000000000 ) ) ;
#5839 = ORIENTED_EDGE ( 'NONE', *, *, #2206, .F. ) ;
#5840 = EDGE_CURVE ( 'NONE', #9831, #5394, #2093, .T. ) ;
#5841 = DIRECTION ( 'NONE',  ( -1.000000000000000000, 0.000000000000000000, -0.000000000000000000 ) ) ;
#5842 = CARTESIAN_POINT ( 'NONE',  ( 0.4390192378864747891, 0.2000000000000000111, -0.5000000000000002220 ) ) ;
#5843 = DIRECTION ( 'NONE',  ( 0.000000000000000000, 0.000000000000000000, -1.000000000000000000 ) ) ;
#5844 = DIRECTION ( 'NONE',  ( -1.000000000000000000, 0.000000000000000000, 0.000000000000000000 ) ) ;
#5845 = ORIENTED_EDGE ( 'NONE', *, *, #7856, .F. ) ;
#5846 = CARTESIAN_POINT ( 'NONE',  ( 0.4999999999999997780, 0.1500000000000000222, -1.632500000000000284 ) ) ;
#5847 = DIRECTION ( 'NONE',  ( -1.000000000000000000, -0.000000000000000000, -0.000000000000000000 ) ) ;
#5848 = FACE_OUTER_BOUND ( 'NONE', #4253, .T. ) ;
#5849 = FACE_OUTER_BOUND ( 'NONE', #1835, .T. ) ;
#5850 = EDGE_LOOP ( 'NONE', ( #5501, #7566, #3186, #4811 ) ) ;
#5851 = EDGE_CURVE ( 'NONE', #7992, #3711, #3667, .T. ) ;
#5852 = EDGE_LOOP ( 'NONE', ( #5129, #1751, #4109, #2706 ) ) ;
#5853 = DIRECTION ( 'NONE',  ( 0.8660254037844378194, 0.000000000000000000, -0.5000000000000013323 ) ) ;
#5854 = AXIS2_PLACEMENT_3D ( 'NONE', #7115, #2535, #5635 ) ;
#5855 = DIRECTION ( 'NONE',  ( 0.000000000000000000, -1.000000000000000000, 0.000000000000000000 ) ) ;
#5856 = ORIENTED_EDGE ( 'NONE', *, *, #8768, .F. ) ;
#5857 = DIRECTION ( 'NONE',  ( 0.000000000000000000, 1.000000000000000000, 0.000000000000000000 ) ) ;
#5858 = VECTOR ( 'NONE', #8149, 1000.000000000000000 ) ;
#5859 = EDGE_CURVE ( 'NONE', #9706, #3288, #1311, .T. ) ;
#5860 = CARTESIAN_POINT ( 'NONE',  ( 0.4649999999999997469, 0.2000000000000000111, -1.214999999999999858 ) ) ;
#5861 = CARTESIAN_POINT ( 'NONE',  ( -0.3999999999999908629, 0.1500000000000000222, 1.367500000000000160 ) ) ;
#5862 = ADVANCED_FACE ( 'NONE', ( #9083 ), #7530, .T. ) ;
#5863 = DIRECTION ( 'NONE',  ( 1.000000000000000000, -0.000000000000000000, 6.195440985631458078E-15 ) ) ;
#5864 = VECTOR ( 'NONE', #3136, 1000.000000000000000 ) ;
#5865 = CARTESIAN_POINT ( 'NONE',  ( 0.5000000000000000000, 0.1500000000000000222, -0.8675000000000002709 ) ) ;
#5866 = DIRECTION ( 'NONE',  ( 0.000000000000000000, 0.000000000000000000, 1.000000000000000000 ) ) ;
#5867 = DIRECTION ( 'NONE',  ( 1.000000000000000000, 0.000000000000000000, -4.015563601798163822E-16 ) ) ;
#5868 = ORIENTED_EDGE ( 'NONE', *, *, #2547, .T. ) ;
#5869 = DIRECTION ( 'NONE',  ( 0.000000000000000000, -0.000000000000000000, 1.000000000000000000 ) ) ;
#5870 = VECTOR ( 'NONE', #3967, 1000.000000000000000 ) ;
#5871 = ORIENTED_EDGE ( 'NONE', *, *, #4239, .F. ) ;
#5872 = FACE_OUTER_BOUND ( 'NONE', #9264, .T. ) ;
#5873 = DIRECTION ( 'NONE',  ( 0.000000000000000000, -1.000000000000000000, 0.000000000000000000 ) ) ;
#5874 = CARTESIAN_POINT ( 'NONE',  ( 0.5000000000000091038, 0.2000000000000000111, 1.237500000000000266 ) ) ;
#5875 = ORIENTED_EDGE ( 'NONE', *, *, #2863, .F. ) ;
#5876 = FACE_OUTER_BOUND ( 'NONE', #5723, .T. ) ;
#5877 = CARTESIAN_POINT ( 'NONE',  ( -0.1530560796608350649, 0.05000000000000000278, -0.2651009063798748233 ) ) ;
#5878 = ORIENTED_EDGE ( 'NONE', *, *, #5537, .T. ) ;
#5879 = EDGE_CURVE ( 'NONE', #1449, #2861, #2136, .T. ) ;
#5880 = AXIS2_PLACEMENT_3D ( 'NONE', #6142, #6862, #8507 ) ;
#5881 = CARTESIAN_POINT ( 'NONE',  ( -0.3999999999999908629, 0.2000000000000000111, -1.232500000000000151 ) ) ;
#5882 = PLANE ( 'NONE',  #29 ) ;
#5883 = ORIENTED_EDGE ( 'NONE', *, *, #4531, .T. ) ;
#5884 = ORIENTED_EDGE ( 'NONE', *, *, #9649, .F. ) ;
#5885 = CARTESIAN_POINT ( 'NONE',  ( 0.4390192378864654077, 0.2000000000000000111, -1.200000000000000178 ) ) ;
#5886 = EDGE_LOOP ( 'NONE', ( #2915, #8429, #1426, #4363, #4214, #7484 ) ) ;
#5887 = VECTOR ( 'NONE', #7523, 1000.000000000000000 ) ;
#5888 = DIRECTION ( 'NONE',  ( -0.000000000000000000, 0.000000000000000000, -1.000000000000000000 ) ) ;
#5889 =( NAMED_UNIT ( * ) PLANE_ANGLE_UNIT ( ) SI_UNIT ( $, .RADIAN. ) );
#5890 = SURFACE_STYLE_USAGE ( .BOTH. , #2797 ) ;
#5891 = CARTESIAN_POINT ( 'NONE',  ( -0.5000000000000002220, 0.2000000000000000111, 0.000000000000000000 ) ) ;
#5892 = CARTESIAN_POINT ( 'NONE',  ( -0.5000000000000002220, 0.2000000000000000111, -0.7999999999999999334 ) ) ;
#5893 = ADVANCED_FACE ( 'NONE', ( #599 ), #3574, .F. ) ;
#5894 = ORIENTED_EDGE ( 'NONE', *, *, #2223, .F. ) ;
#5895 = CARTESIAN_POINT ( 'NONE',  ( -0.4999999999999825695, 0.2000000000000000111, 0.08500000000000000611 ) ) ;
#5896 = LINE ( 'NONE', #4466, #1999 ) ;
#5897 = VECTOR ( 'NONE', #5492, 1000.000000000000000 ) ;
#5898 = PLANE ( 'NONE',  #7381 ) ;
#5899 = AXIS2_PLACEMENT_3D ( 'NONE', #5508, #806, #3930 ) ;
#5900 = DIRECTION ( 'NONE',  ( 1.000000000000000000, 0.000000000000000000, 0.000000000000000000 ) ) ;
#5901 = ORIENTED_EDGE ( 'NONE', *, *, #9781, .F. ) ;
#5902 = VERTEX_POINT ( 'NONE', #9736 ) ;
#5903 = VERTEX_POINT ( 'NONE', #5133 ) ;
#5904 = DIRECTION ( 'NONE',  ( 6.505213034913017138E-15, 0.000000000000000000, -1.000000000000000000 ) ) ;
#5905 = COLOUR_RGB ( '',0.7921568627450980005, 0.8196078431372548767, 0.9333333333333333481 ) ;
#5906 = VECTOR ( 'NONE', #6944, 1000.000000000000000 ) ;
#5907 = PLANE ( 'NONE',  #9698 ) ;
#5908 = EDGE_LOOP ( 'NONE', ( #9441, #3969, #6545, #9909 ) ) ;
#5909 = SHAPE_DEFINITION_REPRESENTATION ( #5651, #3477 ) ;
#5910 = ADVANCED_FACE ( 'NONE', ( #2959 ), #8885, .F. ) ;
#5911 = DIRECTION ( 'NONE',  ( -1.000000000000000000, 0.000000000000000000, 4.336808689942016158E-15 ) ) ;
#5912 = VECTOR ( 'NONE', #5751, 1000.000000000000000 ) ;
#5913 = VECTOR ( 'NONE', #9580, 1000.000000000000000 ) ;
#5914 = ADVANCED_FACE ( 'NONE', ( #5849 ), #2756, .F. ) ;
#5915 = DIRECTION ( 'NONE',  ( -0.8660254037844378194, 0.000000000000000000, -0.5000000000000013323 ) ) ;
#5916 = DIRECTION ( 'NONE',  ( 0.000000000000000000, -1.000000000000000000, 0.000000000000000000 ) ) ;
#5917 = VECTOR ( 'NONE', #3061, 1000.000000000000000 ) ;
#5918 = VECTOR ( 'NONE', #2910, 1000.000000000000114 ) ;
#5919 = CARTESIAN_POINT ( 'NONE',  ( 0.4390192378864747891, 0.000000000000000000, -0.5000000000000002220 ) ) ;
#5920 = CARTESIAN_POINT ( 'NONE',  ( 0.3999999999999997446, 0.1500000000000000222, 1.767500000000000071 ) ) ;
#5921 = EDGE_CURVE ( 'NONE', #6626, #4070, #5950, .T. ) ;
#5922 = EDGE_CURVE ( 'NONE', #362, #952, #7585, .T. ) ;
#5923 = CARTESIAN_POINT ( 'NONE',  ( 0.3999999999999998557, 0.1500000000000000222, 0.8674999999999997158 ) ) ;
#5924 = CARTESIAN_POINT ( 'NONE',  ( 0.3999999999999997446, 0.1500000000000000222, -1.767500000000000071 ) ) ;
#5925 = ADVANCED_FACE ( 'NONE', ( #7488 ), #8845, .T. ) ;
#5926 = ORIENTED_EDGE ( 'NONE', *, *, #9432, .T. ) ;
#5927 = VERTEX_POINT ( 'NONE', #3674 ) ;
#5928 = CARTESIAN_POINT ( 'NONE',  ( -0.5000000000000002220, 0.2000000000000000111, -1.762499999999999734 ) ) ;
#5929 = DIRECTION ( 'NONE',  ( 1.000000000000000000, -0.000000000000000000, 6.195440985631458078E-15 ) ) ;
#5930 = LINE ( 'NONE', #7459, #1146 ) ;
#5931 = EDGE_LOOP ( 'NONE', ( #8032, #1003, #7464, #1071 ) ) ;
#5932 = CARTESIAN_POINT ( 'NONE',  ( -0.4649999999999908651, 0.2000000000000000111, 0.8850000000000001199 ) ) ;
#5933 = LINE ( 'NONE', #7365, #7489 ) ;
#5934 = VERTEX_POINT ( 'NONE', #3387 ) ;
#5935 = VECTOR ( 'NONE', #2943, 1000.000000000000000 ) ;
#5936 =( NAMED_UNIT ( * ) SI_UNIT ( $, .STERADIAN. ) SOLID_ANGLE_UNIT ( ) );
#5937 = CARTESIAN_POINT ( 'NONE',  ( 0.2000000000000090039, 0.2000000000000000111, -1.200000000000000178 ) ) ;
#5938 = LINE ( 'NONE', #8919, #6044 ) ;
#5939 = ORIENTED_EDGE ( 'NONE', *, *, #4596, .T. ) ;
#5940 = EDGE_LOOP ( 'NONE', ( #1583, #3501, #4586, #6134 ) ) ;
#5941 = ORIENTED_EDGE ( 'NONE', *, *, #5185, .F. ) ;
#5942 = ORIENTED_EDGE ( 'NONE', *, *, #2475, .T. ) ;
#5943 = ADVANCED_FACE ( 'NONE', ( #2668 ), #2142, .T. ) ;
#5944 =( NAMED_UNIT ( * ) SI_UNIT ( $, .STERADIAN. ) SOLID_ANGLE_UNIT ( ) );
#5945 = LINE ( 'NONE', #9028, #2741 ) ;
#5946 = ORIENTED_EDGE ( 'NONE', *, *, #9203, .T. ) ;
#5947 = DIRECTION ( 'NONE',  ( 0.000000000000000000, -1.000000000000000000, 0.000000000000000000 ) ) ;
#5948 = DIRECTION ( 'NONE',  ( 1.000000000000000000, 0.000000000000000000, 0.000000000000000000 ) ) ;
#5949 = PLANE ( 'NONE',  #9632 ) ;
#5950 = LINE ( 'NONE', #5138, #2479 ) ;
#5951 = ORIENTED_EDGE ( 'NONE', *, *, #5365, .T. ) ;
#5952 = VERTEX_POINT ( 'NONE', #4947 ) ;
#5953 = ADVANCED_FACE ( 'NONE', ( #560 ), #9597, .T. ) ;
#5954 = DIRECTION ( 'NONE',  ( -1.000000000000000000, 0.000000000000000000, 0.000000000000000000 ) ) ;
#5955 = VECTOR ( 'NONE', #7229, 1000.000000000000000 ) ;
#5956 = CARTESIAN_POINT ( 'NONE',  ( 0.4649999999999997469, 0.2000000000000000111, -1.214999999999999858 ) ) ;
#5957 = DIRECTION ( 'NONE',  ( 0.000000000000000000, 0.000000000000000000, -1.000000000000000000 ) ) ;
#5958 = ORIENTED_EDGE ( 'NONE', *, *, #9099, .T. ) ;
#5959 = CARTESIAN_POINT ( 'NONE',  ( -0.3999999999999908629, 0.2000000000000000111, -1.367500000000000160 ) ) ;
#5960 = LINE ( 'NONE', #4430, #6247 ) ;
#5961 = VECTOR ( 'NONE', #9572, 1000.000000000000000 ) ;
#5962 = ORIENTED_EDGE ( 'NONE', *, *, #9499, .T. ) ;
#5963 = EDGE_CURVE ( 'NONE', #2542, #9333, #1272, .T. ) ;
#5964 = CARTESIAN_POINT ( 'NONE',  ( -0.4999999999999908962, 0.2000000000000000111, 0.7149999999999999689 ) ) ;
#5965 = ADVANCED_FACE ( 'NONE', ( #505 ), #1790, .T. ) ;
#5966 = DIRECTION ( 'NONE',  ( -1.000000000000000000, -0.000000000000000000, -0.000000000000000000 ) ) ;
#5967 = AXIS2_PLACEMENT_3D ( 'NONE', #260, #6687, #9596 ) ;
#5968 = CARTESIAN_POINT ( 'NONE',  ( -0.4390192378864581357, 0.2000000000000000111, -0.6999999999999998446 ) ) ;
#5969 = VECTOR ( 'NONE', #721, 1000.000000000000000 ) ;
#5970 = CARTESIAN_POINT ( 'NONE',  ( 0.5000000000000091038, 0.04999999999999999584, -0.4850000000000002087 ) ) ;
#5971 = CARTESIAN_POINT ( 'NONE',  ( 0.2000000000000090317, 0.2000000000000000111, 1.400000000000000133 ) ) ;
#5972 = CARTESIAN_POINT ( 'NONE',  ( 0.000000000000000000, 0.2000000000000000111, 0.000000000000000000 ) ) ;
#5973 = AXIS2_PLACEMENT_3D ( 'NONE', #6614, #5841, #2126 ) ;
#5974 = DIRECTION ( 'NONE',  ( -0.8660254037844378194, 0.000000000000000000, 0.5000000000000013323 ) ) ;
#5975 = VECTOR ( 'NONE', #7389, 1000.000000000000000 ) ;
#5976 = ORIENTED_EDGE ( 'NONE', *, *, #3073, .F. ) ;
#5977 = ORIENTED_EDGE ( 'NONE', *, *, #9297, .F. ) ;
#5978 = EDGE_CURVE ( 'NONE', #6346, #5289, #261, .T. ) ;
#5979 = FACE_OUTER_BOUND ( 'NONE', #7682, .T. ) ;
#5980 = CARTESIAN_POINT ( 'NONE',  ( 0.000000000000000000, 0.1500000000000000222, 0.000000000000000000 ) ) ;
#5981 = ORIENTED_EDGE ( 'NONE', *, *, #3260, .F. ) ;
#5982 = LINE ( 'NONE', #2117, #2290 ) ;
#5983 = ORIENTED_EDGE ( 'NONE', *, *, #2765, .T. ) ;
#5984 = COLOUR_RGB ( '',0.7921568627450980005, 0.8196078431372548767, 0.9333333333333333481 ) ;
#5985 = CARTESIAN_POINT ( 'NONE',  ( 0.3999999999999999112, 0.2000000000000000111, -0.06749999999999997669 ) ) ;
#5986 = DIRECTION ( 'NONE',  ( 0.000000000000000000, 1.000000000000000000, 0.000000000000000000 ) ) ;
#5987 = EDGE_LOOP ( 'NONE', ( #6001, #5321, #3608, #9965 ) ) ;
#5988 = EDGE_LOOP ( 'NONE', ( #2622, #1975 ) ) ;
#5989 = VECTOR ( 'NONE', #6700, 1000.000000000000000 ) ;
#5990 = EDGE_CURVE ( 'NONE', #3649, #1666, #315, .T. ) ;
#5991 = CARTESIAN_POINT ( 'NONE',  ( 0.2000000000000183853, 0.2000000000000000111, 0.3000000000000001554 ) ) ;
#5992 = SURFACE_STYLE_USAGE ( .BOTH. , #443 ) ;
#5993 = CARTESIAN_POINT ( 'NONE',  ( 0.2000000000000184130, 0.2000000000000000111, -0.5000000000000002220 ) ) ;
#5995 = ORIENTED_EDGE ( 'NONE', *, *, #8890, .T. ) ;
#5994 = EDGE_CURVE ( 'NONE', #6346, #7947, #7987, .T. ) ;
#5996 = LINE ( 'NONE', #495, #856 ) ;
#5997 = DIRECTION ( 'NONE',  ( -0.000000000000000000, -0.000000000000000000, 1.000000000000000000 ) ) ;
#5998 = CARTESIAN_POINT ( 'NONE',  ( -0.1999999999999908795, 0.2000000000000000111, -0.7999999999999999334 ) ) ;
#5999 = CARTESIAN_POINT ( 'NONE',  ( -0.4999999999999825695, 0.2000000000000000111, 0.3325000000000001843 ) ) ;
#6000 = ORIENTED_EDGE ( 'NONE', *, *, #9265, .F. ) ;
#6001 = ORIENTED_EDGE ( 'NONE', *, *, #3381, .F. ) ;
#6002 = VERTEX_POINT ( 'NONE', #1080 ) ;
#6003 = DIRECTION ( 'NONE',  ( 6.505213034913025026E-15, 0.000000000000000000, 1.000000000000000000 ) ) ;
#6004 = CARTESIAN_POINT ( 'NONE',  ( -0.4999999999999825695, 0.2000000000000000111, -0.08500000000000000611 ) ) ;
#6005 = LINE ( 'NONE', #4631, #4039 ) ;
#6006 = EDGE_LOOP ( 'NONE', ( #9744, #7376, #5350, #1242 ) ) ;
#6007 = SURFACE_STYLE_USAGE ( .BOTH. , #3580 ) ;
#6008 = CARTESIAN_POINT ( 'NONE',  ( 0.3999999999999997446, 0.1500000000000000222, -1.632499999999999840 ) ) ;
#6009 = EDGE_CURVE ( 'NONE', #952, #2044, #2098, .T. ) ;
#6010 = ORIENTED_EDGE ( 'NONE', *, *, #9401, .T. ) ;
#6011 = VECTOR ( 'NONE', #9518, 1000.000000000000000 ) ;
#6012 = DIRECTION ( 'NONE',  ( 1.000000000000000000, -0.000000000000000000, 4.336808689942016158E-15 ) ) ;
#6013 = CARTESIAN_POINT ( 'NONE',  ( 0.2000000000000090039, 0.2000000000000000111, 1.200000000000000178 ) ) ;
#6014 = DIRECTION ( 'NONE',  ( 0.000000000000000000, 0.000000000000000000, 1.000000000000000000 ) ) ;
#6015 = EDGE_CURVE ( 'NONE', #5394, #8403, #5190, .T. ) ;
#6016 = FACE_OUTER_BOUND ( 'NONE', #5211, .T. ) ;
#6017 = CARTESIAN_POINT ( 'NONE',  ( -0.5000000000000002220, 0.000000000000000000, 1.784999999999999920 ) ) ;
#6018 = ADVANCED_FACE ( 'NONE', ( #6055 ), #10031, .F. ) ;
#6019 = AXIS2_PLACEMENT_3D ( 'NONE', #6698, #382, #6652 ) ;
#6020 = CARTESIAN_POINT ( 'NONE',  ( -0.06750000000000000444, 0.2000000000000000111, 1.800000000000000044 ) ) ;
#6021 = ORIENTED_EDGE ( 'NONE', *, *, #115, .T. ) ;
#6022 = ORIENTED_EDGE ( 'NONE', *, *, #7145, .F. ) ;
#6023 = AXIS2_PLACEMENT_3D ( 'NONE', #3535, #9704, #9755 ) ;
#6024 = CARTESIAN_POINT ( 'NONE',  ( 0.4650000000000091283, 0.2000000000000000111, 0.4850000000000004308 ) ) ;
#6025 = SURFACE_SIDE_STYLE ('',( #8394 ) ) ;
#6026 = DIRECTION ( 'NONE',  ( 1.000000000000000000, 0.000000000000000000, -6.195440985631447034E-15 ) ) ;
#6027 = FACE_OUTER_BOUND ( 'NONE', #1301, .T. ) ;
#6028 = ORIENTED_EDGE ( 'NONE', *, *, #8302, .T. ) ;
#6029 = LINE ( 'NONE', #7558, #3753 ) ;
#6030 = VERTEX_POINT ( 'NONE', #9879 ) ;
#6031 = EDGE_CURVE ( 'NONE', #6324, #5741, #9188, .T. ) ;
#6032 = PRESENTATION_STYLE_ASSIGNMENT (( #4501 ) ) ;
#6033 = LINE ( 'NONE', #1448, #411 ) ;
#6034 = VECTOR ( 'NONE', #9753, 1000.000000000000000 ) ;
#6035 = EDGE_LOOP ( 'NONE', ( #1569, #9175, #8482, #3209 ) ) ;
#6036 = PLANE ( 'NONE',  #5880 ) ;
#6037 = VERTEX_POINT ( 'NONE', #5347 ) ;
#6038 = ORIENTED_EDGE ( 'NONE', *, *, #7000, .F. ) ;
#6039 = EDGE_LOOP ( 'NONE', ( #3449, #5784, #6125, #6877, #3013, #3166 ) ) ;
#6040 = EDGE_CURVE ( 'NONE', #3962, #4477, #8474, .T. ) ;
#6041 = FACE_BOUND ( 'NONE', #6209, .T. ) ;
#6042 = ORIENTED_EDGE ( 'NONE', *, *, #9667, .F. ) ;
#6043 = CARTESIAN_POINT ( 'NONE',  ( -0.3999999999999907518, 0.2000000000000000111, 0.4675000000000001932 ) ) ;
#6044 = VECTOR ( 'NONE', #8971, 1000.000000000000000 ) ;
#6045 = DIRECTION ( 'NONE',  ( -1.000000000000000000, -0.000000000000000000, -0.000000000000000000 ) ) ;
#6046 = ORIENTED_EDGE ( 'NONE', *, *, #8704, .T. ) ;
#6047 = LINE ( 'NONE', #4324, #1673 ) ;
#6048 = PLANE ( 'NONE',  #9786 ) ;
#6049 = EDGE_CURVE ( 'NONE', #9318, #2094, #7734, .T. ) ;
#6050 = CARTESIAN_POINT ( 'NONE',  ( -0.4999999999999824585, 0.2000000000000000111, -0.4674999999999998601 ) ) ;
#6051 = ORIENTED_EDGE ( 'NONE', *, *, #4400, .F. ) ;
#6052 = VECTOR ( 'NONE', #1436, 1000.000000000000000 ) ;
#6053 = ORIENTED_EDGE ( 'NONE', *, *, #2317, .T. ) ;
#6054 = ORIENTED_EDGE ( 'NONE', *, *, #804, .F. ) ;
#6055 = FACE_OUTER_BOUND ( 'NONE', #6295, .T. ) ;
#6056 = DIRECTION ( 'NONE',  ( 0.000000000000000000, 0.000000000000000000, -1.000000000000000000 ) ) ;
#6057 = VERTEX_POINT ( 'NONE', #2395 ) ;
#6058 = PRESENTATION_STYLE_ASSIGNMENT (( #6007 ) ) ;
#6059 = VECTOR ( 'NONE', #5792, 1000.000000000000000 ) ;
#6060 = CARTESIAN_POINT ( 'NONE',  ( -0.4649999999999825384, 0.000000000000000000, -0.08500000000000022815 ) ) ;
#6061 = DIRECTION ( 'NONE',  ( -0.000000000000000000, 0.000000000000000000, 1.000000000000000000 ) ) ;
#6062 = AXIS2_PLACEMENT_3D ( 'NONE', #3292, #8709, #4108 ) ;
#6063 = LINE ( 'NONE', #1325, #7443 ) ;
#6064 = EDGE_CURVE ( 'NONE', #6440, #5054, #5502, .T. ) ;
#6065 = FACE_OUTER_BOUND ( 'NONE', #8834, .T. ) ;
#6066 = CARTESIAN_POINT ( 'NONE',  ( -0.06749999999999997669, 0.1500000000000000222, -1.899999999999999911 ) ) ;
#6067 = CARTESIAN_POINT ( 'NONE',  ( 0.4649999999999997469, 0.000000000000000000, -1.385000000000000453 ) ) ;
#6068 = VECTOR ( 'NONE', #7590, 1000.000000000000000 ) ;
#6069 = VECTOR ( 'NONE', #6438, 1000.000000000000000 ) ;
#6070 = CARTESIAN_POINT ( 'NONE',  ( -0.4390192378864674616, 0.2000000000000000111, -1.800000000000000044 ) ) ;
#6071 = ORIENTED_EDGE ( 'NONE', *, *, #6963, .F. ) ;
#6072 = VECTOR ( 'NONE', #5689, 1000.000000000000000 ) ;
#6073 = AXIS2_PLACEMENT_3D ( 'NONE', #9092, #3836, #5911 ) ;
#6074 = EDGE_CURVE ( 'NONE', #7137, #6989, #6167, .T. ) ;
#6075 = FACE_OUTER_BOUND ( 'NONE', #2438, .T. ) ;
#6076 = CARTESIAN_POINT ( 'NONE',  ( 0.5000000000000000000, 0.1500000000000000222, -0.7324999999999994849 ) ) ;
#6077 = ORIENTED_EDGE ( 'NONE', *, *, #1378, .T. ) ;
#6078 = DIRECTION ( 'NONE',  ( 0.000000000000000000, -1.000000000000000000, 0.000000000000000000 ) ) ;
#6079 = ORIENTED_EDGE ( 'NONE', *, *, #8701, .F. ) ;
#6080 = EDGE_CURVE ( 'NONE', #1478, #2848, #5397, .T. ) ;
#6081 =( LENGTH_UNIT ( ) NAMED_UNIT ( * ) SI_UNIT ( .MILLI., .METRE. ) );
#6082 = VECTOR ( 'NONE', #5833, 1000.000000000000114 ) ;
#6083 = DIRECTION ( 'NONE',  ( 1.000000000000000000, 0.000000000000000000, 6.195440985631447034E-15 ) ) ;
#6084 = VERTEX_POINT ( 'NONE', #4724 ) ;
#6085 = CARTESIAN_POINT ( 'NONE',  ( -0.1999999999999825528, 0.000000000000000000, 0.1000000000000000472 ) ) ;
#6086 = ORIENTED_EDGE ( 'NONE', *, *, #6281, .F. ) ;
#6087 = ORIENTED_EDGE ( 'NONE', *, *, #2087, .F. ) ;
#6088 = DIRECTION ( 'NONE',  ( 0.000000000000000000, 0.000000000000000000, 1.000000000000000000 ) ) ;
#6089 = ORIENTED_EDGE ( 'NONE', *, *, #4145, .F. ) ;
#6090 = EDGE_CURVE ( 'NONE', #3615, #2763, #9288, .T. ) ;
#6091 = LINE ( 'NONE', #9173, #7603 ) ;
#6092 = CARTESIAN_POINT ( 'NONE',  ( -0.4390192378864581357, 0.2000000000000000111, 0.6999999999999998446 ) ) ;
#6093 = ORIENTED_EDGE ( 'NONE', *, *, #3664, .F. ) ;
#6094 = FACE_OUTER_BOUND ( 'NONE', #7816, .T. ) ;
#6095 = LINE ( 'NONE', #4517, #846 ) ;
#6096 = EDGE_CURVE ( 'NONE', #9594, #3691, #5450, .T. ) ;
#6097 = PLANE ( 'NONE',  #1747 ) ;
#6098 = VERTEX_POINT ( 'NONE', #6831 ) ;
#6099 = LINE ( 'NONE', #2237, #7213 ) ;
#6100 = LINE ( 'NONE', #1360, #3147 ) ;
#6101 = DIRECTION ( 'NONE',  ( 0.8660254037844509201, 0.000000000000000000, -0.4999999999999786837 ) ) ;
#6102 = EDGE_CURVE ( 'NONE', #1107, #5372, #958, .T. ) ;
#6103 = LINE ( 'NONE', #10024, #5870 ) ;
#6104 = AXIS2_PLACEMENT_3D ( 'NONE', #6338, #778, #9407 ) ;
#6105 = EDGE_LOOP ( 'NONE', ( #3342, #8097, #9182, #5636, #3925, #2774 ) ) ;
#6106 = ORIENTED_EDGE ( 'NONE', *, *, #5859, .T. ) ;
#6107 = EDGE_LOOP ( 'NONE', ( #3207, #3763, #4730, #5878 ) ) ;
#6108 = ADVANCED_FACE ( 'NONE', ( #1825 ), #2443, .F. ) ;
#6109 = ORIENTED_EDGE ( 'NONE', *, *, #1244, .F. ) ;
#6110 = PLANE ( 'NONE',  #442 ) ;
#6111 = ORIENTED_EDGE ( 'NONE', *, *, #7056, .F. ) ;
#6112 = VECTOR ( 'NONE', #2411, 1000.000000000000000 ) ;
#6113 = DIRECTION ( 'NONE',  ( -0.000000000000000000, 0.000000000000000000, -1.000000000000000000 ) ) ;
#6114 = PLANE ( 'NONE',  #373 ) ;
#6115 = DIRECTION ( 'NONE',  ( 0.000000000000000000, 1.000000000000000000, 0.000000000000000000 ) ) ;
#6116 = EDGE_CURVE ( 'NONE', #5609, #9877, #4924, .T. ) ;
#6117 = ADVANCED_FACE ( 'NONE', ( #296 ), #3416, .T. ) ;
#6118 = CARTESIAN_POINT ( 'NONE',  ( 0.000000000000000000, 0.2000000000000000111, 0.000000000000000000 ) ) ;
#6119 = EDGE_CURVE ( 'NONE', #3776, #3155, #5745, .T. ) ;
#6120 = DIRECTION ( 'NONE',  ( 0.000000000000000000, 0.000000000000000000, 1.000000000000000000 ) ) ;
#6121 = CARTESIAN_POINT ( 'NONE',  ( -0.4999999999999908962, 0.000000000000000000, -0.7149999999999999689 ) ) ;
#6122 = DIRECTION ( 'NONE',  ( -1.000000000000000000, -0.000000000000000000, -0.000000000000000000 ) ) ;
#6123 = VECTOR ( 'NONE', #9483, 1000.000000000000000 ) ;
#6124 = CARTESIAN_POINT ( 'NONE',  ( -0.1999999999999908795, 0.2000000000000000111, -0.6999999999999998446 ) ) ;
#6125 = ORIENTED_EDGE ( 'NONE', *, *, #8813, .F. ) ;
#6126 = ORIENTED_EDGE ( 'NONE', *, *, #8047, .T. ) ;
#6127 = CIRCLE ( 'NONE', #8226, 0.06250000000000005551 ) ;
#6128 = DIRECTION ( 'NONE',  ( -1.000000000000000000, 0.000000000000000000, -6.195440985631447034E-15 ) ) ;
#6129 = AXIS2_PLACEMENT_3D ( 'NONE', #1058, #5122, #4170 ) ;
#6130 = CARTESIAN_POINT ( 'NONE',  ( 0.4999999999999997780, 0.2000000000000000111, 1.385000000000000231 ) ) ;
#6131 = CARTESIAN_POINT ( 'NONE',  ( 0.000000000000000000, 0.2000000000000000111, 0.000000000000000000 ) ) ;
#6132 = CARTESIAN_POINT ( 'NONE',  ( -0.5000000000000002220, 0.1999999999999999833, 1.637500000000000178 ) ) ;
#6133 = CARTESIAN_POINT ( 'NONE',  ( 0.5000000000000091038, 0.2000000000000000111, -0.06250000000000000000 ) ) ;
#6134 = ORIENTED_EDGE ( 'NONE', *, *, #1892, .F. ) ;
#6135 = ORIENTED_EDGE ( 'NONE', *, *, #4408, .T. ) ;
#6136 = PRESENTATION_STYLE_ASSIGNMENT (( #4698 ) ) ;
#6137 = VECTOR ( 'NONE', #7906, 1000.000000000000000 ) ;
#6138 = AXIS2_PLACEMENT_3D ( 'NONE', #9451, #2714, #259 ) ;
#6139 = EDGE_CURVE ( 'NONE', #6898, #3047, #4974, .T. ) ;
#6140 = DIRECTION ( 'NONE',  ( 0.000000000000000000, 0.000000000000000000, 1.000000000000000000 ) ) ;
#6141 = ORIENTED_EDGE ( 'NONE', *, *, #5144, .T. ) ;
#6142 = CARTESIAN_POINT ( 'NONE',  ( -0.4649999999999908651, 0.2000000000000000111, 0.7149999999999997469 ) ) ;
#6143 = VERTEX_POINT ( 'NONE', #89 ) ;
#6144 = DIRECTION ( 'NONE',  ( -0.8660254037844510311, 0.000000000000000000, 0.4999999999999786837 ) ) ;
#6145 = ORIENTED_EDGE ( 'NONE', *, *, #7450, .F. ) ;
#6146 = CARTESIAN_POINT ( 'NONE',  ( -0.5000000000000002220, 0.5500000000000000444, 1.899999999999999911 ) ) ;
#6147 = VECTOR ( 'NONE', #5333, 1000.000000000000000 ) ;
#6148 = CARTESIAN_POINT ( 'NONE',  ( 0.000000000000000000, 0.000000000000000000, 0.000000000000000000 ) ) ;
#6149 = MECHANICAL_DESIGN_GEOMETRIC_PRESENTATION_REPRESENTATION (  '', ( #2576 ), #5308 ) ;
#6150 = ORIENTED_EDGE ( 'NONE', *, *, #1953, .F. ) ;
#6151 = DIRECTION ( 'NONE',  ( -0.000000000000000000, -0.000000000000000000, 1.000000000000000000 ) ) ;
#6152 = CARTESIAN_POINT ( 'NONE',  ( 0.4390192378864747891, 0.2000000000000000111, 0.5000000000000002220 ) ) ;
#6153 = DIRECTION ( 'NONE',  ( -1.000000000000000000, 0.000000000000000000, 0.000000000000000000 ) ) ;
#6154 = EDGE_LOOP ( 'NONE', ( #3968, #7023, #10016, #8118 ) ) ;
#6155 = DIRECTION ( 'NONE',  ( 0.000000000000000000, 0.000000000000000000, -1.000000000000000000 ) ) ;
#6156 = CARTESIAN_POINT ( 'NONE',  ( 0.3999999999999997446, 0.1500000000000000222, 1.767500000000000071 ) ) ;
#6157 = EDGE_CURVE ( 'NONE', #4853, #5631, #6318, .T. ) ;
#6158 = LINE ( 'NONE', #4372, #557 ) ;
#6159 = EDGE_CURVE ( 'NONE', #2067, #3256, #1670, .T. ) ;
#6160 = FILL_AREA_STYLE ('',( #9332 ) ) ;
#6161 = STYLED_ITEM ( 'NONE', ( #1640 ), #1894 ) ;
#6162 = ORIENTED_EDGE ( 'NONE', *, *, #5548, .F. ) ;
#6163 = ORIENTED_EDGE ( 'NONE', *, *, #346, .F. ) ;
#6164 = EDGE_CURVE ( 'NONE', #3162, #2619, #3262, .T. ) ;
#6165 = ORIENTED_EDGE ( 'NONE', *, *, #8622, .T. ) ;
#6166 = DIRECTION ( 'NONE',  ( 0.5000000000000014433, -0.000000000000000000, 0.8660254037844379305 ) ) ;
#6167 = LINE ( 'NONE', #9241, #681 ) ;
#6168 = LINE ( 'NONE', #7586, #3547 ) ;
#6169 = VECTOR ( 'NONE', #409, 1000.000000000000114 ) ;
#6170 = VERTEX_POINT ( 'NONE', #3311 ) ;
#6171 = CARTESIAN_POINT ( 'NONE',  ( 1.000563719179478589E-14, 0.05000000000000000278, -1.614999999999996882 ) ) ;
#6172 = LINE ( 'NONE', #8283, #5428 ) ;
#6173 = EDGE_CURVE ( 'NONE', #2372, #6310, #2494, .T. ) ;
#6174 = ORIENTED_EDGE ( 'NONE', *, *, #6992, .T. ) ;
#6175 = FACE_OUTER_BOUND ( 'NONE', #7470, .T. ) ;
#6176 = DIRECTION ( 'NONE',  ( 0.000000000000000000, -1.000000000000000000, 0.000000000000000000 ) ) ;
#6177 = CARTESIAN_POINT ( 'NONE',  ( 0.5000000000000091038, 0.2000000000000000111, 0.06250000000000000000 ) ) ;
#6178 = DIRECTION ( 'NONE',  ( 1.000000000000000000, 0.000000000000000000, 0.000000000000000000 ) ) ;
#6179 = EDGE_CURVE ( 'NONE', #2472, #5641, #9440, .T. ) ;
#6180 = LINE ( 'NONE', #869, #7118 ) ;
#6181 = EDGE_CURVE ( 'NONE', #7659, #7012, #8928, .T. ) ;
#6182 = FACE_OUTER_BOUND ( 'NONE', #3854, .T. ) ;
#6183 = FACE_OUTER_BOUND ( 'NONE', #895, .T. ) ;
#6184 = CARTESIAN_POINT ( 'NONE',  ( 0.000000000000000000, 0.2000000000000000111, 0.000000000000000000 ) ) ;
#6185 = ORIENTED_EDGE ( 'NONE', *, *, #7107, .F. ) ;
#6186 = VECTOR ( 'NONE', #5422, 1000.000000000000000 ) ;
#6187 = CARTESIAN_POINT ( 'NONE',  ( -0.3999999999999908629, 0.2000000000000000111, 1.367500000000000160 ) ) ;
#6188 = VERTEX_POINT ( 'NONE', #1303 ) ;
#6189 = PRESENTATION_STYLE_ASSIGNMENT (( #5374 ) ) ;
#6190 = FACE_OUTER_BOUND ( 'NONE', #8453, .T. ) ;
#6191 = ORIENTED_EDGE ( 'NONE', *, *, #9166, .F. ) ;
#6192 = DIRECTION ( 'NONE',  ( -0.000000000000000000, -1.000000000000000000, -0.000000000000000000 ) ) ;
#6193 = ORIENTED_EDGE ( 'NONE', *, *, #4608, .F. ) ;
#6194 = VECTOR ( 'NONE', #7251, 1000.000000000000000 ) ;
#6195 = ORIENTED_EDGE ( 'NONE', *, *, #2865, .F. ) ;
#6196 = FACE_OUTER_BOUND ( 'NONE', #2062, .T. ) ;
#6197 = PLANE ( 'NONE',  #8077 ) ;
#6198 = CARTESIAN_POINT ( 'NONE',  ( 0.5000000000000091038, 0.2000000000000000111, -0.06749999999999996281 ) ) ;
#6199 = ORIENTED_EDGE ( 'NONE', *, *, #841, .F. ) ;
#6200 = EDGE_CURVE ( 'NONE', #6417, #6756, #349, .T. ) ;
#6201 = CARTESIAN_POINT ( 'NONE',  ( -0.02014900109605283901, 0.05000000000000000278, -0.03489909362012650479 ) ) ;
#6202 = DIRECTION ( 'NONE',  ( 0.5000000000000014433, 0.000000000000000000, -0.8660254037844379305 ) ) ;
#6203 = EDGE_LOOP ( 'NONE', ( #9273, #3884, #7022, #3928, #1891, #1314 ) ) ;
#6204 = VECTOR ( 'NONE', #7608, 1000.000000000000000 ) ;
#6205 = DIRECTION ( 'NONE',  ( 0.000000000000000000, 0.000000000000000000, 1.000000000000000000 ) ) ;
#6206 = DIRECTION ( 'NONE',  ( -0.000000000000000000, -1.000000000000000000, -0.000000000000000000 ) ) ;
#6207 = ORIENTED_EDGE ( 'NONE', *, *, #3375, .T. ) ;
#6208 = ORIENTED_EDGE ( 'NONE', *, *, #9367, .F. ) ;
#6209 = EDGE_LOOP ( 'NONE', ( #3376, #2421, #9935, #2740 ) ) ;
#6210 = COLOUR_RGB ( '',0.2509803921568627416, 0.2509803921568627416, 0.2509803921568627416 ) ;
#6211 = DIRECTION ( 'NONE',  ( 1.000000000000000000, 0.000000000000000000, 1.355252715606755804E-16 ) ) ;
#6212 = VERTEX_POINT ( 'NONE', #9678 ) ;
#6213 = ADVANCED_FACE ( 'NONE', ( #7426 ), #6667, .F. ) ;
#6214 = CARTESIAN_POINT ( 'NONE',  ( -0.8891776728776136229, 0.05000000000000000278, 1.540100906379880064 ) ) ;
#6215 = CARTESIAN_POINT ( 'NONE',  ( 0.5000000000000091038, 0.2000000000000000111, 0.4850000000000002087 ) ) ;
#6216 = EDGE_LOOP ( 'NONE', ( #1816, #7532, #2914, #3880 ) ) ;
#6217 = DIRECTION ( 'NONE',  ( 0.000000000000000000, 0.000000000000000000, 1.000000000000000000 ) ) ;
#6218 = DIRECTION ( 'NONE',  ( -0.4999999999999786837, 0.000000000000000000, 0.8660254037844510311 ) ) ;
#6219 = ADVANCED_FACE ( 'NONE', ( #5023 ), #8115, .T. ) ;
#6220 = CARTESIAN_POINT ( 'NONE',  ( 0.5000000000000091038, 0.2000000000000000111, -1.237500000000000266 ) ) ;
#6221 = VECTOR ( 'NONE', #9962, 1000.000000000000000 ) ;
#6222 = ORIENTED_EDGE ( 'NONE', *, *, #5457, .F. ) ;
#6223 = ORIENTED_EDGE ( 'NONE', *, *, #5688, .T. ) ;
#6224 = CARTESIAN_POINT ( 'NONE',  ( 0.4390192378864654077, 0.000000000000000000, 1.400000000000000133 ) ) ;
#6225 = AXIS2_PLACEMENT_3D ( 'NONE', #8021, #6415, #186 ) ;
#6226 = EDGE_CURVE ( 'NONE', #1545, #4906, #9729, .T. ) ;
#6227 = CARTESIAN_POINT ( 'NONE',  ( 0.3999999999999997446, 0.2000000000000000111, -1.767500000000000071 ) ) ;
#6228 = CARTESIAN_POINT ( 'NONE',  ( -0.4649999999999908651, 0.2000000000000000111, 0.7149999999999997469 ) ) ;
#6229 = AXIS2_PLACEMENT_3D ( 'NONE', #338, #9474, #4216 ) ;
#6230 = DIRECTION ( 'NONE',  ( -0.000000000000000000, -1.000000000000000000, -0.000000000000000000 ) ) ;
#6231 = VECTOR ( 'NONE', #1246, 1000.000000000000000 ) ;
#6232 = EDGE_CURVE ( 'NONE', #7252, #6983, #1210, .T. ) ;
#6233 = DIRECTION ( 'NONE',  ( -1.000000000000000000, 0.000000000000000000, -0.000000000000000000 ) ) ;
#6234 = DIRECTION ( 'NONE',  ( 1.000000000000000000, 0.000000000000000000, -0.000000000000000000 ) ) ;
#6235 = CARTESIAN_POINT ( 'NONE',  ( 0.2000000000000090039, 0.04999999999999999584, -1.200000000000000178 ) ) ;
#6236 = COLOUR_RGB ( '',0.7921568627450980005, 0.8196078431372548767, 0.9333333333333333481 ) ;
#6237 = ADVANCED_FACE ( 'NONE', ( #3566 ), #4366, .T. ) ;
#6238 = VECTOR ( 'NONE', #980, 1000.000000000000000 ) ;
#6239 = ADVANCED_FACE ( 'NONE', ( #3613 ), #6715, .F. ) ;
#6240 = LINE ( 'NONE', #7708, #487 ) ;
#6241 = VERTEX_POINT ( 'NONE', #9230 ) ;
#6242 = CARTESIAN_POINT ( 'NONE',  ( 0.2000000000000089762, 0.2000000000000000111, -1.300000000000000266 ) ) ;
#6243 = VERTEX_POINT ( 'NONE', #6043 ) ;
#6244 = DIRECTION ( 'NONE',  ( -0.000000000000000000, 1.000000000000000000, -0.000000000000000000 ) ) ;
#6245 = PRESENTATION_LAYER_ASSIGNMENT (  '', '', ( #5753 ) ) ;
#6246 = VERTEX_POINT ( 'NONE', #2334 ) ;
#6247 = VECTOR ( 'NONE', #6936, 1000.000000000000000 ) ;
#6248 = ORIENTED_EDGE ( 'NONE', *, *, #8732, .F. ) ;
#6249 = CARTESIAN_POINT ( 'NONE',  ( -0.4999999999999824585, 0.1500000000000000222, -0.4674999999999998601 ) ) ;
#6250 = PLANE ( 'NONE',  #6635 ) ;
#6251 = CARTESIAN_POINT ( 'NONE',  ( 0.4999999999999997780, 0.2000000000000000111, -1.215000000000000080 ) ) ;
#6252 = ADVANCED_FACE ( 'NONE', ( #2183 ), #5279, .T. ) ;
#6253 = ORIENTED_EDGE ( 'NONE', *, *, #7385, .T. ) ;
#6254 = CARTESIAN_POINT ( 'NONE',  ( 0.2000000000000090317, 0.2000000000000000111, -1.400000000000000133 ) ) ;
#6255 = LINE ( 'NONE', #9967, #6553 ) ;
#6256 = CARTESIAN_POINT ( 'NONE',  ( 0.4999999999999997780, 0.2000000000000000111, -1.385000000000000231 ) ) ;
#6257 = VERTEX_POINT ( 'NONE', #3768 ) ;
#6258 = AXIS2_PLACEMENT_3D ( 'NONE', #9825, #2135, #3827 ) ;
#6259 = FACE_OUTER_BOUND ( 'NONE', #214, .T. ) ;
#6260 = DIRECTION ( 'NONE',  ( 0.000000000000000000, 1.000000000000000000, 0.000000000000000000 ) ) ;
#6261 = LINE ( 'NONE', #2388, #9103 ) ;
#6262 = VERTEX_POINT ( 'NONE', #8363 ) ;
#6263 = EDGE_CURVE ( 'NONE', #735, #8600, #6095, .T. ) ;
#6264 = ORIENTED_EDGE ( 'NONE', *, *, #1479, .T. ) ;
#6265 = ORIENTED_EDGE ( 'NONE', *, *, #1466, .F. ) ;
#6266 = ORIENTED_EDGE ( 'NONE', *, *, #4686, .T. ) ;
#6267 = DIRECTION ( 'NONE',  ( 0.000000000000000000, 0.000000000000000000, 1.000000000000000000 ) ) ;
#6268 = ORIENTED_EDGE ( 'NONE', *, *, #8787, .T. ) ;
#6269 = CARTESIAN_POINT ( 'NONE',  ( -0.4650000000000002465, 0.2000000000000000111, 1.614999999999999769 ) ) ;
#6270 = LINE ( 'NONE', #1473, #2988 ) ;
#6271 = VECTOR ( 'NONE', #8969, 1000.000000000000000 ) ;
#6272 = CARTESIAN_POINT ( 'NONE',  ( -0.2000000000000003164, 0.1999999999999999833, -1.699999999999999956 ) ) ;
#6273 = EDGE_CURVE ( 'NONE', #1070, #6143, #1403, .T. ) ;
#6274 = ORIENTED_EDGE ( 'NONE', *, *, #716, .T. ) ;
#6275 = EDGE_CURVE ( 'NONE', #7156, #7976, #4565, .T. ) ;
#6276 = ORIENTED_EDGE ( 'NONE', *, *, #6432, .T. ) ;
#6277 = LINE ( 'NONE', #99, #760 ) ;
#6278 = PLANE ( 'NONE',  #5755 ) ;
#6279 = LINE ( 'NONE', #9347, #9721 ) ;
#6280 = UNCERTAINTY_MEASURE_WITH_UNIT (LENGTH_MEASURE( 1.000000000000000082E-05 ), #9552, 'distance_accuracy_value', 'NONE');
#6281 = EDGE_CURVE ( 'NONE', #2077, #9029, #4619, .T. ) ;
#6282 = CARTESIAN_POINT ( 'NONE',  ( 0.4390192378864747891, 0.2000000000000000111, -0.5000000000000002220 ) ) ;
#6283 = EDGE_CURVE ( 'NONE', #4657, #7639, #8513, .T. ) ;
#6284 = CARTESIAN_POINT ( 'NONE',  ( -0.06749999999999997669, 0.1500000000000000222, 1.899999999999999911 ) ) ;
#6285 = FILL_AREA_STYLE ('',( #6330 ) ) ;
#6286 = DIRECTION ( 'NONE',  ( 2.710505431213760099E-16, -0.000000000000000000, -1.000000000000000000 ) ) ;
#6287 = DIRECTION ( 'NONE',  ( -0.000000000000000000, 1.000000000000000000, -0.000000000000000000 ) ) ;
#6288 = AXIS2_PLACEMENT_3D ( 'NONE', #2885, #3035, #8393 ) ;
#6289 = FACE_OUTER_BOUND ( 'NONE', #1444, .T. ) ;
#6290 = ORIENTED_EDGE ( 'NONE', *, *, #8938, .F. ) ;
#6291 = DIRECTION ( 'NONE',  ( 1.000000000000000000, -0.000000000000000000, -0.000000000000000000 ) ) ;
#6292 = PLANE ( 'NONE',  #3838 ) ;
#6293 = EDGE_CURVE ( 'NONE', #3711, #3910, #6255, .T. ) ;
#6294 = ORIENTED_EDGE ( 'NONE', *, *, #422, .F. ) ;
#6295 = EDGE_LOOP ( 'NONE', ( #3043, #1924, #2489, #4121 ) ) ;
#6296 = ORIENTED_EDGE ( 'NONE', *, *, #3095, .T. ) ;
#6297 = CARTESIAN_POINT ( 'NONE',  ( 0.4390192378864747891, 0.2000000000000000111, 0.5000000000000002220 ) ) ;
#6298 = VERTEX_POINT ( 'NONE', #6972 ) ;
#6299 = CARTESIAN_POINT ( 'NONE',  ( 0.4999999999999997780, 0.2000000000000000111, -1.767499999999999627 ) ) ;
#6300 = CARTESIAN_POINT ( 'NONE',  ( 0.4999999999999997780, 0.2000000000000000111, 1.385000000000000231 ) ) ;
#6301 = AXIS2_PLACEMENT_3D ( 'NONE', #1280, #9150, #4383 ) ;
#6302 = LINE ( 'NONE', #1052, #5203 ) ;
#6303 = ORIENTED_EDGE ( 'NONE', *, *, #2960, .T. ) ;
#6304 = VECTOR ( 'NONE', #6533, 1000.000000000000000 ) ;
#6305 = DIRECTION ( 'NONE',  ( 0.000000000000000000, 0.000000000000000000, 1.000000000000000000 ) ) ;
#6306 = CARTESIAN_POINT ( 'NONE',  ( 0.3999999999999998557, 0.1500000000000000222, -0.7324999999999998179 ) ) ;
#6307 = CARTESIAN_POINT ( 'NONE',  ( 0.5000000000000091038, 0.2000000000000000111, -0.4625000000000001887 ) ) ;
#6308 = EDGE_CURVE ( 'NONE', #10033, #8849, #4462, .T. ) ;
#6309 = EDGE_LOOP ( 'NONE', ( #2433, #271, #3575, #5649 ) ) ;
#6310 = VERTEX_POINT ( 'NONE', #9326 ) ;
#6311 = VECTOR ( 'NONE', #86, 1000.000000000000000 ) ;
#6312 = AXIS2_PLACEMENT_3D ( 'NONE', #6677, #9040, #5954 ) ;
#6313 = ORIENTED_EDGE ( 'NONE', *, *, #4777, .T. ) ;
#6314 = CARTESIAN_POINT ( 'NONE',  ( 0.4999999999999997780, 0.2000000000000000111, 1.767499999999999627 ) ) ;
#6315 = LINE ( 'NONE', #1821, #5797 ) ;
#6316 = EDGE_CURVE ( 'NONE', #987, #4933, #7013, .T. ) ;
#6317 = CARTESIAN_POINT ( 'NONE',  ( 0.4649999999999997469, 0.000000000000000000, 1.385000000000000453 ) ) ;
#6318 = LINE ( 'NONE', #8630, #3791 ) ;
#6319 = DIRECTION ( 'NONE',  ( -1.000000000000000000, 0.000000000000000000, 4.336808689942016158E-15 ) ) ;
#6320 = CARTESIAN_POINT ( 'NONE',  ( -0.5000000000000002220, 0.2000000000000000111, -1.614999999999999991 ) ) ;
#6321 = VECTOR ( 'NONE', #5603, 1000.000000000000000 ) ;
#6322 = CARTESIAN_POINT ( 'NONE',  ( -0.4649999999999825384, 0.2000000000000000111, 0.08500000000000022815 ) ) ;
#6323 = ORIENTED_EDGE ( 'NONE', *, *, #1072, .F. ) ;
#6324 = VERTEX_POINT ( 'NONE', #6867 ) ;
#6325 = VECTOR ( 'NONE', #5008, 1000.000000000000000 ) ;
#6326 = EDGE_CURVE ( 'NONE', #4114, #235, #7671, .T. ) ;
#6327 = PLANE ( 'NONE',  #3480 ) ;
#6328 = CARTESIAN_POINT ( 'NONE',  ( 0.5000000000000091038, 0.2000000000000000111, 1.237500000000000266 ) ) ;
#6329 = CARTESIAN_POINT ( 'NONE',  ( -0.3999999999999908629, 0.2000000000000000111, 1.367500000000000160 ) ) ;
#6330 = FILL_AREA_STYLE_COLOUR ( '', #4684 ) ;
#6331 = ADVANCED_FACE ( 'NONE', ( #2233 ), #8311, .T. ) ;
#6332 = CARTESIAN_POINT ( 'NONE',  ( 0.4999999999999997780, 0.2000000000000000111, 1.632499999999999840 ) ) ;
#6333 = EDGE_CURVE ( 'NONE', #4838, #7433, #789, .T. ) ;
#6334 = CARTESIAN_POINT ( 'NONE',  ( -0.5000000000000002220, 0.000000000000000000, -1.614999999999999991 ) ) ;
#6335 = CARTESIAN_POINT ( 'NONE',  ( 0.3999999999999997446, 0.1500000000000000222, 1.767500000000000071 ) ) ;
#6336 = ORIENTED_EDGE ( 'NONE', *, *, #606, .T. ) ;
#6337 = SURFACE_SIDE_STYLE ('',( #7305 ) ) ;
#6338 = CARTESIAN_POINT ( 'NONE',  ( 0.2000000000000090317, 0.2000000000000000111, -1.400000000000000133 ) ) ;
#6339 = VERTEX_POINT ( 'NONE', #3153 ) ;
#6340 = DIRECTION ( 'NONE',  ( 1.000000000000000000, -0.000000000000000000, -6.195440985631458078E-15 ) ) ;
#6341 = ORIENTED_EDGE ( 'NONE', *, *, #7653, .T. ) ;
#6342 = ORIENTED_EDGE ( 'NONE', *, *, #7605, .T. ) ;
#6343 = AXIS2_PLACEMENT_3D ( 'NONE', #8057, #4113, #7165 ) ;
#6344 = PLANE ( 'NONE',  #8886 ) ;
#6345 = DIRECTION ( 'NONE',  ( -1.000000000000000000, -0.000000000000000000, -0.000000000000000000 ) ) ;
#6346 = VERTEX_POINT ( 'NONE', #3004 ) ;
#6347 = LINE ( 'NONE', #836, #8478 ) ;
#6348 = EDGE_CURVE ( 'NONE', #6409, #8849, #4110, .T. ) ;
#6349 = DIRECTION ( 'NONE',  ( -0.000000000000000000, -0.000000000000000000, 1.000000000000000000 ) ) ;
#6350 = ORIENTED_EDGE ( 'NONE', *, *, #3216, .F. ) ;
#6351 = CARTESIAN_POINT ( 'NONE',  ( 0.4999999999999997780, 0.2000000000000000111, -1.385000000000000231 ) ) ;
#6352 = DIRECTION ( 'NONE',  ( -1.000000000000000000, -0.000000000000000000, -6.195440985631458078E-15 ) ) ;
#6353 = VECTOR ( 'NONE', #10015, 1000.000000000000000 ) ;
#6354 = DIRECTION ( 'NONE',  ( 0.000000000000000000, 0.000000000000000000, -1.000000000000000000 ) ) ;
#6355 = ORIENTED_EDGE ( 'NONE', *, *, #8245, .F. ) ;
#6356 = ORIENTED_EDGE ( 'NONE', *, *, #9818, .F. ) ;
#6357 = ADVANCED_FACE ( 'NONE', ( #1510 ), #1456, .F. ) ;
#6358 = ORIENTED_EDGE ( 'NONE', *, *, #3741, .F. ) ;
#6359 = CARTESIAN_POINT ( 'NONE',  ( -0.5000000000000002220, 0.2000000000000000111, 1.784999999999999920 ) ) ;
#6360 = DIRECTION ( 'NONE',  ( 1.000000000000000000, 0.000000000000000000, 0.000000000000000000 ) ) ;
#6361 = CARTESIAN_POINT ( 'NONE',  ( 0.4999999999999997780, 0.2000000000000000111, -1.385000000000000231 ) ) ;
#6362 = VECTOR ( 'NONE', #1031, 1000.000000000000000 ) ;
#6363 = DIRECTION ( 'NONE',  ( 0.000000000000000000, -1.000000000000000000, 0.000000000000000000 ) ) ;
#6364 = ORIENTED_EDGE ( 'NONE', *, *, #8553, .T. ) ;
#6365 = EDGE_CURVE ( 'NONE', #9956, #2536, #10017, .T. ) ;
#6366 = EDGE_CURVE ( 'NONE', #7235, #9760, #3718, .T. ) ;
#6367 = CARTESIAN_POINT ( 'NONE',  ( 0.5000000000000091038, 0.2000000000000000111, 0.3150000000000001688 ) ) ;
#6368 = DIRECTION ( 'NONE',  ( 1.355252715606880049E-16, 0.000000000000000000, 1.000000000000000000 ) ) ;
#6369 = VERTEX_POINT ( 'NONE', #4759 ) ;
#6370 = VECTOR ( 'NONE', #9671, 1000.000000000000000 ) ;
#6371 = ORIENTED_EDGE ( 'NONE', *, *, #4897, .F. ) ;
#6372 = VERTEX_POINT ( 'NONE', #1611 ) ;
#6373 = DIRECTION ( 'NONE',  ( -1.000000000000000000, -0.000000000000000000, -0.000000000000000000 ) ) ;
#6374 = VERTEX_POINT ( 'NONE', #6299 ) ;
#6375 = AXIS2_PLACEMENT_3D ( 'NONE', #3619, #6724, #1170 ) ;
#6376 = FACE_OUTER_BOUND ( 'NONE', #3117, .T. ) ;
#6377 = CARTESIAN_POINT ( 'NONE',  ( -0.5000000000000002220, 0.2000000000000000111, 0.7374999999999998224 ) ) ;
#6378 = ADVANCED_FACE ( 'NONE', ( #2429 ), #3199, .F. ) ;
#6379 = VECTOR ( 'NONE', #8040, 1000.000000000000000 ) ;
#6380 = LINE ( 'NONE', #152, #2896 ) ;
#6381 = DIRECTION ( 'NONE',  ( -0.000000000000000000, -1.000000000000000000, -0.000000000000000000 ) ) ;
#6382 = CARTESIAN_POINT ( 'NONE',  ( -0.3999999999999908629, 0.1500000000000000222, 1.367500000000000160 ) ) ;
#6383 = LINE ( 'NONE', #3336, #6194 ) ;
#6384 = ORIENTED_EDGE ( 'NONE', *, *, #7597, .F. ) ;
#6385 = VECTOR ( 'NONE', #4415, 1000.000000000000000 ) ;
#6386 = VECTOR ( 'NONE', #8024, 1000.000000000000000 ) ;
#6387 = FILL_AREA_STYLE_COLOUR ( '', #1025 ) ;
#6388 = CARTESIAN_POINT ( 'NONE',  ( 0.5000000000000091038, 0.2000000000000000111, 1.237500000000000266 ) ) ;
#6389 = ORIENTED_EDGE ( 'NONE', *, *, #2009, .F. ) ;
#6390 = DIRECTION ( 'NONE',  ( 1.000000000000000000, -0.000000000000000000, 4.336808689942016158E-15 ) ) ;
#6391 = ORIENTED_EDGE ( 'NONE', *, *, #301, .F. ) ;
#6392 = ADVANCED_FACE ( 'NONE', ( #7113 ), #7857, .T. ) ;
#6393 = ORIENTED_EDGE ( 'NONE', *, *, #4778, .T. ) ;
#6394 = STYLED_ITEM ( 'NONE', ( #6136 ), #8515 ) ;
#6395 = AXIS2_PLACEMENT_3D ( 'NONE', #9650, #419, #7451 ) ;
#6396 = DIRECTION ( 'NONE',  ( -1.000000000000000000, -0.000000000000000000, -0.000000000000000000 ) ) ;
#6397 = LINE ( 'NONE', #3443, #9733 ) ;
#6398 = EDGE_CURVE ( 'NONE', #3418, #849, #124, .T. ) ;
#6399 = ORIENTED_EDGE ( 'NONE', *, *, #7091, .F. ) ;
#6400 = DIRECTION ( 'NONE',  ( 2.710505431213760099E-16, 0.000000000000000000, 1.000000000000000000 ) ) ;
#6401 = LINE ( 'NONE', #228, #6011 ) ;
#6402 = VERTEX_POINT ( 'NONE', #7809 ) ;
#6403 = FACE_OUTER_BOUND ( 'NONE', #9338, .T. ) ;
#6404 = CARTESIAN_POINT ( 'NONE',  ( -0.4649999999999908651, 0.2000000000000000111, 0.8850000000000001199 ) ) ;
#6405 = VECTOR ( 'NONE', #5857, 1000.000000000000000 ) ;
#6406 = CARTESIAN_POINT ( 'NONE',  ( -0.4649999999999908651, 0.2000000000000000111, 0.7149999999999997469 ) ) ;
#6407 = ORIENTED_EDGE ( 'NONE', *, *, #5608, .F. ) ;
#6408 = ORIENTED_EDGE ( 'NONE', *, *, #5793, .T. ) ;
#6409 = VERTEX_POINT ( 'NONE', #3248 ) ;
#6410 = EDGE_CURVE ( 'NONE', #9594, #5113, #6347, .T. ) ;
#6411 = DIRECTION ( 'NONE',  ( -1.000000000000000000, 0.000000000000000000, 6.195440985631447034E-15 ) ) ;
#6412 = VECTOR ( 'NONE', #5132, 1000.000000000000000 ) ;
#6413 = LINE ( 'NONE', #6569, #921 ) ;
#6414 = VECTOR ( 'NONE', #6975, 1000.000000000000000 ) ;
#6415 = DIRECTION ( 'NONE',  ( 0.000000000000000000, 0.000000000000000000, -1.000000000000000000 ) ) ;
#6416 = LINE ( 'NONE', #7823, #4682 ) ;
#6417 = VERTEX_POINT ( 'NONE', #2478 ) ;
#6418 = LINE ( 'NONE', #189, #4120 ) ;
#6419 = EDGE_CURVE ( 'NONE', #4070, #7469, #7907, .T. ) ;
#6420 = LINE ( 'NONE', #3519, #1339 ) ;
#6421 = DIRECTION ( 'NONE',  ( -0.000000000000000000, 1.000000000000000000, -0.000000000000000000 ) ) ;
#6422 = ORIENTED_EDGE ( 'NONE', *, *, #1578, .F. ) ;
#6423 = EDGE_CURVE ( 'NONE', #2070, #9443, #5486, .T. ) ;
#6424 = VERTEX_POINT ( 'NONE', #6132 ) ;
#6425 = LINE ( 'NONE', #4938, #6632 ) ;
#6426 = ORIENTED_EDGE ( 'NONE', *, *, #6782, .T. ) ;
#6427 = AXIS2_PLACEMENT_3D ( 'NONE', #9857, #5218, #6705 ) ;
#6428 = CARTESIAN_POINT ( 'NONE',  ( 0.2000000000000183853, 0.2000000000000000111, 0.3000000000000001554 ) ) ;
#6429 = LINE ( 'NONE', #5, #1359 ) ;
#6430 = LINE ( 'NONE', #9304, #9558 ) ;
#6431 = EDGE_CURVE ( 'NONE', #7336, #3691, #5368, .T. ) ;
#6432 = EDGE_CURVE ( 'NONE', #5682, #4983, #8298, .T. ) ;
#6433 = AXIS2_PLACEMENT_3D ( 'NONE', #2012, #9801, #7400 ) ;
#6434 = DIRECTION ( 'NONE',  ( -0.8660254037844510311, 0.000000000000000000, 0.4999999999999786837 ) ) ;
#6435 = SURFACE_SIDE_STYLE ('',( #4695 ) ) ;
#6436 = EDGE_CURVE ( 'NONE', #695, #6084, #627, .T. ) ;
#6437 = DIRECTION ( 'NONE',  ( 0.000000000000000000, 1.000000000000000000, 0.000000000000000000 ) ) ;
#6438 = DIRECTION ( 'NONE',  ( 0.000000000000000000, -1.000000000000000000, 0.000000000000000000 ) ) ;
#6439 = CARTESIAN_POINT ( 'NONE',  ( 0.2000000000000184130, 0.2000000000000000111, -0.5000000000000002220 ) ) ;
#6440 = VERTEX_POINT ( 'NONE', #7657 ) ;
#6441 =( NAMED_UNIT ( * ) PLANE_ANGLE_UNIT ( ) SI_UNIT ( $, .RADIAN. ) );
#6442 = CARTESIAN_POINT ( 'NONE',  ( -0.06750000000000000444, 0.1500000000000000222, 1.800000000000000044 ) ) ;
#6443 = EDGE_LOOP ( 'NONE', ( #934, #4374, #8448, #9571 ) ) ;
#6444 = SURFACE_SIDE_STYLE ('',( #4750 ) ) ;
#6445 = ORIENTED_EDGE ( 'NONE', *, *, #1304, .T. ) ;
#6446 = UNCERTAINTY_MEASURE_WITH_UNIT (LENGTH_MEASURE( 1.000000000000000082E-05 ), #7751, 'distance_accuracy_value', 'NONE');
#6447 = EDGE_LOOP ( 'NONE', ( #831, #1576, #8464, #4567 ) ) ;
#6448 = CARTESIAN_POINT ( 'NONE',  ( 0.06750000000000000444, 0.2000000000000000111, -1.800000000000000044 ) ) ;
#6449 = CLOSED_SHELL ( 'NONE', ( #5910, #8564, #1871, #1647, #4734, #7547 ) ) ;
#6450 = CARTESIAN_POINT ( 'NONE',  ( 0.3999999999999998557, 0.1500000000000000222, -0.8674999999999999378 ) ) ;
#6451 = DIRECTION ( 'NONE',  ( -1.000000000000000000, 0.000000000000000000, 0.000000000000000000 ) ) ;
#6452 = ORIENTED_EDGE ( 'NONE', *, *, #1757, .T. ) ;
#6453 = CARTESIAN_POINT ( 'NONE',  ( -0.5000000000000002220, 0.1999999999999999833, 1.699999999999999956 ) ) ;
#6454 = DIRECTION ( 'NONE',  ( -0.000000000000000000, -0.000000000000000000, -1.000000000000000000 ) ) ;
#6455 = ORIENTED_EDGE ( 'NONE', *, *, #9342, .F. ) ;
#6456 = ADVANCED_FACE ( 'NONE', ( #9260 ), #5159, .F. ) ;
#6457 = CARTESIAN_POINT ( 'NONE',  ( -0.4650000000000002465, 0.2000000000000000111, 1.614999999999999769 ) ) ;
#6458 = VECTOR ( 'NONE', #1592, 1000.000000000000000 ) ;
#6459 = CARTESIAN_POINT ( 'NONE',  ( -0.4999999999999908962, 0.1500000000000000222, 1.367499999999999494 ) ) ;
#6460 = CARTESIAN_POINT ( 'NONE',  ( -0.2000000000000002609, 0.2000000000000000111, 1.599999999999999867 ) ) ;
#6461 = ORIENTED_EDGE ( 'NONE', *, *, #3712, .F. ) ;
#6462 = ORIENTED_EDGE ( 'NONE', *, *, #4473, .F. ) ;
#6463 = LINE ( 'NONE', #8821, #596 ) ;
#6464 = VERTEX_POINT ( 'NONE', #772 ) ;
#6465 = CARTESIAN_POINT ( 'NONE',  ( -0.1999999999999825528, 0.2000000000000000111, 0.1000000000000000472 ) ) ;
#6466 = CARTESIAN_POINT ( 'NONE',  ( 0.5000000000000091038, 0.1500000000000000222, 0.06750000000000001832 ) ) ;
#6467 = AXIS2_PLACEMENT_3D ( 'NONE', #8723, #3310, #2545 ) ;
#6468 = VECTOR ( 'NONE', #7241, 1000.000000000000000 ) ;
#6469 = DIRECTION ( 'NONE',  ( -1.355252715606880049E-16, -0.000000000000000000, 1.000000000000000000 ) ) ;
#6470 = EDGE_CURVE ( 'NONE', #1142, #9706, #7148, .T. ) ;
#6471 = EDGE_LOOP ( 'NONE', ( #5485, #6294, #2125, #2660 ) ) ;
#6472 = CARTESIAN_POINT ( 'NONE',  ( 0.06749999999999997669, 0.2000000000000000111, -1.899999999999999911 ) ) ;
#6473 = EDGE_CURVE ( 'NONE', #5580, #7776, #2519, .T. ) ;
#6474 = PLANE ( 'NONE',  #5078 ) ;
#6475 = SURFACE_SIDE_STYLE ('',( #304 ) ) ;
#6476 = EDGE_CURVE ( 'NONE', #1219, #7309, #977, .T. ) ;
#6477 = VECTOR ( 'NONE', #1875, 1000.000000000000000 ) ;
#6478 = VECTOR ( 'NONE', #8735, 1000.000000000000000 ) ;
#6479 = ORIENTED_EDGE ( 'NONE', *, *, #8647, .T. ) ;
#6480 = EDGE_LOOP ( 'NONE', ( #188, #2642, #5939, #5732 ) ) ;
#6481 = CARTESIAN_POINT ( 'NONE',  ( 0.4999999999999997780, 0.1999999999999999833, -0.4000000000000001887 ) ) ;
#6482 = AXIS2_PLACEMENT_3D ( 'NONE', #6453, #8565, #77 ) ;
#6483 = VECTOR ( 'NONE', #9467, 1000.000000000000000 ) ;
#6484 = DIRECTION ( 'NONE',  ( 1.000000000000000000, 0.000000000000000000, 0.000000000000000000 ) ) ;
#6485 = DIRECTION ( 'NONE',  ( 0.000000000000000000, 0.000000000000000000, 1.000000000000000000 ) ) ;
#6486 = UNCERTAINTY_MEASURE_WITH_UNIT (LENGTH_MEASURE( 1.000000000000000082E-05 ), #7204, 'distance_accuracy_value', 'NONE');
#6487 = CIRCLE ( 'NONE', #2582, 0.06249999999999984041 ) ;
#6488 = CARTESIAN_POINT ( 'NONE',  ( 0.4999999999999997780, 0.04999999999999999584, -1.385000000000000231 ) ) ;
#6489 = LINE ( 'NONE', #3432, #7595 ) ;
#6490 = DIRECTION ( 'NONE',  ( -1.000000000000000000, 0.000000000000000000, -6.505213034913017138E-15 ) ) ;
#6491 = CARTESIAN_POINT ( 'NONE',  ( 0.5000000000000091038, 0.2000000000000000111, -1.362500000000000044 ) ) ;
#6492 = CARTESIAN_POINT ( 'NONE',  ( 0.4999999999999997780, 0.1999999999999999833, 1.632499999999999840 ) ) ;
#6493 = LINE ( 'NONE', #7049, #2616 ) ;
#6494 = EDGE_CURVE ( 'NONE', #671, #705, #1579, .T. ) ;
#6495 =( NAMED_UNIT ( * ) PLANE_ANGLE_UNIT ( ) SI_UNIT ( $, .RADIAN. ) );
#6496 = CARTESIAN_POINT ( 'NONE',  ( 0.3999999999999999112, 0.2000000000000000111, 0.06750000000000003220 ) ) ;
#6497 = ORIENTED_EDGE ( 'NONE', *, *, #7828, .T. ) ;
#6498 = LINE ( 'NONE', #5529, #9895 ) ;
#6499 = EDGE_CURVE ( 'NONE', #5386, #7804, #3837, .T. ) ;
#6500 = ORIENTED_EDGE ( 'NONE', *, *, #2197, .T. ) ;
#6501 = VERTEX_POINT ( 'NONE', #1423 ) ;
#6502 = DIRECTION ( 'NONE',  ( -0.000000000000000000, -1.000000000000000000, -0.000000000000000000 ) ) ;
#6503 = CARTESIAN_POINT ( 'NONE',  ( -0.4650000000000002465, 0.2000000000000000111, -1.785000000000000142 ) ) ;
#6504 = CARTESIAN_POINT ( 'NONE',  ( 0.4390192378864747891, 0.2000000000000000111, 0.3000000000000001554 ) ) ;
#6505 = ORIENTED_EDGE ( 'NONE', *, *, #477, .F. ) ;
#6506 = CARTESIAN_POINT ( 'NONE',  ( 0.4999999999999997780, 0.5500000000000000444, -1.899999999999999911 ) ) ;
#6507 = LINE ( 'NONE', #173, #6520 ) ;
#6508 = ORIENTED_EDGE ( 'NONE', *, *, #234, .F. ) ;
#6509 = PLANE ( 'NONE',  #4144 ) ;
#6510 = LINE ( 'NONE', #8917, #8504 ) ;
#6511 = DIRECTION ( 'NONE',  ( 1.000000000000000000, 0.000000000000000000, 0.000000000000000000 ) ) ;
#6512 = ORIENTED_EDGE ( 'NONE', *, *, #2362, .F. ) ;
#6513 = EDGE_LOOP ( 'NONE', ( #7258, #834, #342, #4421 ) ) ;
#6514 = DIRECTION ( 'NONE',  ( -1.000000000000000000, 0.000000000000000000, 0.000000000000000000 ) ) ;
#6515 = ORIENTED_EDGE ( 'NONE', *, *, #6226, .F. ) ;
#6516 = DIRECTION ( 'NONE',  ( -0.000000000000000000, 0.000000000000000000, 1.000000000000000000 ) ) ;
#6517 = DIRECTION ( 'NONE',  ( -0.000000000000000000, -1.000000000000000000, -0.000000000000000000 ) ) ;
#6518 = ORIENTED_EDGE ( 'NONE', *, *, #2969, .T. ) ;
#6519 = CARTESIAN_POINT ( 'NONE',  ( -0.4999999999999908962, 0.1500000000000000222, -1.232500000000000817 ) ) ;
#6520 = VECTOR ( 'NONE', #4761, 1000.000000000000000 ) ;
#6521 = DIRECTION ( 'NONE',  ( -1.000000000000000000, -0.000000000000000000, 5.421010862427972807E-16 ) ) ;
#6522 =( LENGTH_UNIT ( ) NAMED_UNIT ( * ) SI_UNIT ( .MILLI., .METRE. ) );
#6523 = ORIENTED_EDGE ( 'NONE', *, *, #9413, .F. ) ;
#6524 = EDGE_LOOP ( 'NONE', ( #5623, #2374, #9740, #6000 ) ) ;
#6525 = EDGE_CURVE ( 'NONE', #4348, #7776, #4634, .T. ) ;
#6526 = VECTOR ( 'NONE', #471, 1000.000000000000000 ) ;
#6527 = LINE ( 'NONE', #2606, #6478 ) ;
#6528 = ORIENTED_EDGE ( 'NONE', *, *, #7136, .F. ) ;
#6529 = EDGE_CURVE ( 'NONE', #1177, #3306, #10035, .T. ) ;
#6530 = LINE ( 'NONE', #1225, #2837 ) ;
#6531 = VECTOR ( 'NONE', #872, 1000.000000000000000 ) ;
#6532 = EDGE_CURVE ( 'NONE', #9148, #2794, #6270, .T. ) ;
#6533 = DIRECTION ( 'NONE',  ( 0.000000000000000000, -1.000000000000000000, 0.000000000000000000 ) ) ;
#6534 = VECTOR ( 'NONE', #5639, 1000.000000000000000 ) ;
#6535 = LINE ( 'NONE', #7248, #7434 ) ;
#6536 = CARTESIAN_POINT ( 'NONE',  ( -0.4999999999999908962, 0.2000000000000000111, 0.7149999999999999689 ) ) ;
#6537 = DIRECTION ( 'NONE',  ( -0.4999999999999786837, 0.000000000000000000, 0.8660254037844510311 ) ) ;
#6538 = CARTESIAN_POINT ( 'NONE',  ( -0.4390192378864497535, 0.2000000000000000111, 0.1000000000000000472 ) ) ;
#6539 = ORIENTED_EDGE ( 'NONE', *, *, #2984, .F. ) ;
#6540 = PRESENTATION_STYLE_ASSIGNMENT (( #8746 ) ) ;
#6541 = EDGE_CURVE ( 'NONE', #6566, #3406, #7784, .T. ) ;
#6542 = LINE ( 'NONE', #8094, #8034 ) ;
#6543 = AXIS2_PLACEMENT_3D ( 'NONE', #7801, #8749, #2469 ) ;
#6544 = EDGE_LOOP ( 'NONE', ( #2795, #4939, #1996, #7701 ) ) ;
#6545 = ORIENTED_EDGE ( 'NONE', *, *, #8272, .T. ) ;
#6546 = ORIENTED_EDGE ( 'NONE', *, *, #8337, .F. ) ;
#6547 = EDGE_CURVE ( 'NONE', #3242, #3830, #9193, .T. ) ;
#6548 = DIRECTION ( 'NONE',  ( -0.000000000000000000, 1.000000000000000000, -0.000000000000000000 ) ) ;
#6549 = ADVANCED_FACE ( 'NONE', ( #9245 ), #7738, .T. ) ;
#6550 = CARTESIAN_POINT ( 'NONE',  ( 8.580685765099573355E-15, 0.05000000000000000278, 1.385000000000003118 ) ) ;
#6551 = PLANE ( 'NONE',  #4725 ) ;
#6552 = ORIENTED_EDGE ( 'NONE', *, *, #1377, .F. ) ;
#6553 = VECTOR ( 'NONE', #3866, 1000.000000000000000 ) ;
#6554 = CARTESIAN_POINT ( 'NONE',  ( 0.000000000000000000, 0.2000000000000000111, 0.000000000000000000 ) ) ;
#6555 = VERTEX_POINT ( 'NONE', #7031 ) ;
#6556 = DIRECTION ( 'NONE',  ( -0.000000000000000000, -1.000000000000000000, -0.000000000000000000 ) ) ;
#6557 = DIRECTION ( 'NONE',  ( 0.000000000000000000, -1.000000000000000000, 0.000000000000000000 ) ) ;
#6558 = LINE ( 'NONE', #5064, #8946 ) ;
#6559 = VECTOR ( 'NONE', #9636, 1000.000000000000000 ) ;
#6560 = VERTEX_POINT ( 'NONE', #757 ) ;
#6561 = AXIS2_PLACEMENT_3D ( 'NONE', #3616, #7525, #3663 ) ;
#6562 = ORIENTED_EDGE ( 'NONE', *, *, #9233, .T. ) ;
#6563 = CARTESIAN_POINT ( 'NONE',  ( 0.2000000000000090317, 0.2000000000000000111, 1.400000000000000133 ) ) ;
#6564 = ORIENTED_EDGE ( 'NONE', *, *, #4312, .T. ) ;
#6565 = EDGE_CURVE ( 'NONE', #4086, #3033, #8582, .T. ) ;
#6566 = VERTEX_POINT ( 'NONE', #659 ) ;
#6567 = DIRECTION ( 'NONE',  ( 0.000000000000000000, 1.000000000000000000, 0.000000000000000000 ) ) ;
#6568 = CARTESIAN_POINT ( 'NONE',  ( 0.4999999999999997780, 0.1500000000000000222, 1.767499999999999627 ) ) ;
#6569 = CARTESIAN_POINT ( 'NONE',  ( 0.2000000000000090317, 0.2000000000000000111, 1.400000000000000133 ) ) ;
#6570 = DIRECTION ( 'NONE',  ( 0.000000000000000000, 1.000000000000000000, 0.000000000000000000 ) ) ;
#6571 = VERTEX_POINT ( 'NONE', #8480 ) ;
#6572 = CARTESIAN_POINT ( 'NONE',  ( 0.000000000000000000, 0.2000000000000000111, 0.000000000000000000 ) ) ;
#6573 = PRESENTATION_LAYER_ASSIGNMENT (  '', '', ( #9298 ) ) ;
#6574 = AXIS2_PLACEMENT_3D ( 'NONE', #2307, #3085, #5409 ) ;
#6575 = CARTESIAN_POINT ( 'NONE',  ( -0.3999999999999908629, 0.2000000000000000111, -1.232500000000000151 ) ) ;
#6576 = CARTESIAN_POINT ( 'NONE',  ( -0.4390192378864581357, 0.2000000000000000111, -0.9000000000000000222 ) ) ;
#6577 = EDGE_CURVE ( 'NONE', #3406, #1929, #9340, .T. ) ;
#6578 = ORIENTED_EDGE ( 'NONE', *, *, #2170, .T. ) ;
#6579 = PRESENTATION_LAYER_ASSIGNMENT (  '', '', ( #8986 ) ) ;
#6580 = ORIENTED_EDGE ( 'NONE', *, *, #8954, .F. ) ;
#6581 = VECTOR ( 'NONE', #7294, 1000.000000000000000 ) ;
#6582 = CARTESIAN_POINT ( 'NONE',  ( 0.4999999999999997780, 0.2000000000000000111, 1.215000000000000080 ) ) ;
#6583 = CARTESIAN_POINT ( 'NONE',  ( -0.3999999999999907518, 0.2000000000000000111, -0.4675000000000000266 ) ) ;
#6584 = DIRECTION ( 'NONE',  ( 0.000000000000000000, 0.000000000000000000, 1.000000000000000000 ) ) ;
#6585 = VECTOR ( 'NONE', #6352, 1000.000000000000000 ) ;
#6586 = ADVANCED_FACE ( 'NONE', ( #6986 ), #6114, .T. ) ;
#6587 = DIRECTION ( 'NONE',  ( 1.000000000000000000, 0.000000000000000000, 0.000000000000000000 ) ) ;
#6588 = FILL_AREA_STYLE_COLOUR ( '', #5387 ) ;
#6589 = EDGE_CURVE ( 'NONE', #9029, #1454, #2205, .T. ) ;
#6590 = CARTESIAN_POINT ( 'NONE',  ( -0.4999999999999908962, 0.1500000000000000222, 1.232500000000000373 ) ) ;
#6591 = CARTESIAN_POINT ( 'NONE',  ( -0.4999999999999908962, 0.2000000000000000111, -0.8849999999999998979 ) ) ;
#6592 = LINE ( 'NONE', #2720, #3810 ) ;
#6593 = VECTOR ( 'NONE', #3490, 1000.000000000000000 ) ;
#6594 = LINE ( 'NONE', #9654, #3990 ) ;
#6595 = EDGE_CURVE ( 'NONE', #1598, #143, #5454, .T. ) ;
#6596 = VERTEX_POINT ( 'NONE', #7854 ) ;
#6597 = EDGE_LOOP ( 'NONE', ( #3671, #4865, #144, #548 ) ) ;
#6598 = LINE ( 'NONE', #4208, #918 ) ;
#6599 = CARTESIAN_POINT ( 'NONE',  ( -0.4999999999999908962, 0.1500000000000000222, 1.367499999999999494 ) ) ;
#6600 =( GEOMETRIC_REPRESENTATION_CONTEXT ( 3 ) GLOBAL_UNCERTAINTY_ASSIGNED_CONTEXT ( ( #5463 ) ) GLOBAL_UNIT_ASSIGNED_CONTEXT ( ( #509, #9141, #4428 ) ) REPRESENTATION_CONTEXT ( 'NONE', 'WORKASPACE' ) );
#6601 = EDGE_LOOP ( 'NONE', ( #8574, #6505, #1004, #3219 ) ) ;
#6602 = CARTESIAN_POINT ( 'NONE',  ( -0.4999999999999825695, 0.2000000000000000111, 0.08500000000000000611 ) ) ;
#6603 = PLANE ( 'NONE',  #3429 ) ;
#6604 = VERTEX_POINT ( 'NONE', #2532 ) ;
#6605 = EDGE_CURVE ( 'NONE', #7173, #465, #9417, .T. ) ;
#6606 = CARTESIAN_POINT ( 'NONE',  ( -0.4390192378864674616, 0.2000000000000000111, -1.599999999999999867 ) ) ;
#6607 = CARTESIAN_POINT ( 'NONE',  ( -0.4390192378864674616, 0.2000000000000000111, -1.800000000000000044 ) ) ;
#6608 = DIRECTION ( 'NONE',  ( -0.8660254037844509201, 0.000000000000000000, -0.4999999999999786837 ) ) ;
#6609 = VERTEX_POINT ( 'NONE', #1048 ) ;
#6610 = ORIENTED_EDGE ( 'NONE', *, *, #9752, .F. ) ;
#6611 = FACE_OUTER_BOUND ( 'NONE', #4505, .T. ) ;
#6612 = ORIENTED_EDGE ( 'NONE', *, *, #5493, .T. ) ;
#6613 = ORIENTED_EDGE ( 'NONE', *, *, #2931, .F. ) ;
#6614 = CARTESIAN_POINT ( 'NONE',  ( -0.3999999999999908629, 0.1500000000000000222, 1.367500000000000160 ) ) ;
#6615 = DIRECTION ( 'NONE',  ( -1.000000000000000000, 0.000000000000000000, -6.505213034913017138E-15 ) ) ;
#6616 = CARTESIAN_POINT ( 'NONE',  ( 0.5000000000000000000, 0.2000000000000000111, -0.8675000000000002709 ) ) ;
#6617 = DIRECTION ( 'NONE',  ( -1.000000000000000000, 0.000000000000000000, 0.000000000000000000 ) ) ;
#6618 = ORIENTED_EDGE ( 'NONE', *, *, #7016, .F. ) ;
#6619 = CARTESIAN_POINT ( 'NONE',  ( 0.4649999999999997469, 0.2000000000000000111, 1.385000000000000453 ) ) ;
#6620 = CARTESIAN_POINT ( 'NONE',  ( -0.5000000000000002220, 0.2000000000000000111, -1.614999999999999991 ) ) ;
#6621 = CARTESIAN_POINT ( 'NONE',  ( -0.3999999999999907518, 0.1500000000000000222, -0.3325000000000000178 ) ) ;
#6622 = CARTESIAN_POINT ( 'NONE',  ( -0.06749999999999997669, 0.1500000000000000222, -1.899999999999999911 ) ) ;
#6623 = ORIENTED_EDGE ( 'NONE', *, *, #2371, .T. ) ;
#6624 = EDGE_CURVE ( 'NONE', #6604, #3789, #2476, .T. ) ;
#6625 = VECTOR ( 'NONE', #6128, 1000.000000000000000 ) ;
#6626 = VERTEX_POINT ( 'NONE', #943 ) ;
#6627 = FACE_OUTER_BOUND ( 'NONE', #9975, .T. ) ;
#6628 = DIRECTION ( 'NONE',  ( 1.000000000000000000, -0.000000000000000000, -0.000000000000000000 ) ) ;
#6629 = ORIENTED_EDGE ( 'NONE', *, *, #5812, .T. ) ;
#6630 = LINE ( 'NONE', #4332, #4774 ) ;
#6631 = MECHANICAL_DESIGN_GEOMETRIC_PRESENTATION_REPRESENTATION (  '', ( #6161 ), #434 ) ;
#6632 = VECTOR ( 'NONE', #4786, 1000.000000000000000 ) ;
#6633 = VECTOR ( 'NONE', #7971, 1000.000000000000000 ) ;
#6634 = LINE ( 'NONE', #5964, #7278 ) ;
#6635 = AXIS2_PLACEMENT_3D ( 'NONE', #6818, #3765, #4615 ) ;
#6636 = ADVANCED_FACE ( 'NONE', ( #4061 ), #7161, .F. ) ;
#6637 = FACE_OUTER_BOUND ( 'NONE', #1406, .T. ) ;
#6638 = LINE ( 'NONE', #6792, #6034 ) ;
#6639 = DIRECTION ( 'NONE',  ( 0.000000000000000000, 0.000000000000000000, -1.000000000000000000 ) ) ;
#6640 = FACE_OUTER_BOUND ( 'NONE', #7310, .T. ) ;
#6641 = AXIS2_PLACEMENT_3D ( 'NONE', #5892, #5844, #8929 ) ;
#6642 = VECTOR ( 'NONE', #6802, 1000.000000000000000 ) ;
#6643 = PLANE ( 'NONE',  #566 ) ;
#6644 = EDGE_LOOP ( 'NONE', ( #848, #2941, #1730, #5588 ) ) ;
#6645 = DIRECTION ( 'NONE',  ( 0.000000000000000000, 1.000000000000000000, -0.000000000000000000 ) ) ;
#6646 = EDGE_LOOP ( 'NONE', ( #9059, #5883, #3733, #8055, #9178, #7240 ) ) ;
#6647 = ORIENTED_EDGE ( 'NONE', *, *, #4945, .F. ) ;
#6648 = ADVANCED_FACE ( 'NONE', ( #5708 ), #4087, .T. ) ;
#6649 = DIRECTION ( 'NONE',  ( 0.000000000000000000, -1.000000000000000000, 0.000000000000000000 ) ) ;
#6650 = DIRECTION ( 'NONE',  ( 0.000000000000000000, -0.000000000000000000, 1.000000000000000000 ) ) ;
#6651 = VECTOR ( 'NONE', #9789, 1000.000000000000000 ) ;
#6652 = DIRECTION ( 'NONE',  ( 1.000000000000000000, 0.000000000000000000, -0.000000000000000000 ) ) ;
#6653 = ORIENTED_EDGE ( 'NONE', *, *, #5834, .T. ) ;
#6654 = CARTESIAN_POINT ( 'NONE',  ( -0.4999999999999824585, 0.1500000000000000222, -0.4674999999999998601 ) ) ;
#6655 = FACE_OUTER_BOUND ( 'NONE', #2280, .T. ) ;
#6656 = ORIENTED_EDGE ( 'NONE', *, *, #5593, .F. ) ;
#6657 = DIRECTION ( 'NONE',  ( 0.000000000000000000, 0.000000000000000000, 1.000000000000000000 ) ) ;
#6658 = CARTESIAN_POINT ( 'NONE',  ( 0.2000000000000090317, 0.2000000000000000111, -1.400000000000000133 ) ) ;
#6659 = PLANE ( 'NONE',  #7663 ) ;
#6660 = ORIENTED_EDGE ( 'NONE', *, *, #7409, .T. ) ;
#6661 = ORIENTED_EDGE ( 'NONE', *, *, #4400, .T. ) ;
#6662 = ORIENTED_EDGE ( 'NONE', *, *, #4844, .T. ) ;
#6663 = EDGE_CURVE ( 'NONE', #5221, #4319, #3426, .T. ) ;
#6664 = LINE ( 'NONE', #1980, #3221 ) ;
#6665 = PLANE ( 'NONE',  #7970 ) ;
#6666 = FILL_AREA_STYLE ('',( #5791 ) ) ;
#6667 = PLANE ( 'NONE',  #3947 ) ;
#6668 = CARTESIAN_POINT ( 'NONE',  ( 0.06750000000000000444, 0.2000000000000000111, -1.800000000000000044 ) ) ;
#6669 = VERTEX_POINT ( 'NONE', #2509 ) ;
#6670 = DIRECTION ( 'NONE',  ( 0.000000000000000000, -1.000000000000000000, 0.000000000000000000 ) ) ;
#6671 = CARTESIAN_POINT ( 'NONE',  ( -0.4650000000000002465, 0.000000000000000000, 1.785000000000000142 ) ) ;
#6672 = FILL_AREA_STYLE ('',( #1121 ) ) ;
#6673 = EDGE_CURVE ( 'NONE', #4933, #6084, #3326, .T. ) ;
#6674 = DIRECTION ( 'NONE',  ( -0.8660254037844510311, 0.000000000000000000, 0.4999999999999786837 ) ) ;
#6675 = ORIENTED_EDGE ( 'NONE', *, *, #1892, .T. ) ;
#6676 = ORIENTED_EDGE ( 'NONE', *, *, #4966, .F. ) ;
#6677 = CARTESIAN_POINT ( 'NONE',  ( -0.2000000000000002609, 0.2000000000000000111, -1.599999999999999867 ) ) ;
#6678 = EDGE_CURVE ( 'NONE', #9343, #2029, #1100, .T. ) ;
#6679 = LINE ( 'NONE', #9042, #5667 ) ;
#6680 = EDGE_CURVE ( 'NONE', #8872, #3423, #5112, .T. ) ;
#6681 = EDGE_LOOP ( 'NONE', ( #8603, #7569, #8396, #8073, #5355, #1263 ) ) ;
#6682 = APPLICATION_PROTOCOL_DEFINITION ( 'draft international standard', 'automotive_design', 1998, #1674 ) ;
#6683 = LINE ( 'NONE', #9746, #6581 ) ;
#6684 = VECTOR ( 'NONE', #4249, 1000.000000000000000 ) ;
#6685 = ORIENTED_EDGE ( 'NONE', *, *, #4972, .F. ) ;
#6686 = DIRECTION ( 'NONE',  ( 0.000000000000000000, 0.000000000000000000, 1.000000000000000000 ) ) ;
#6687 = DIRECTION ( 'NONE',  ( 0.000000000000000000, -1.000000000000000000, 0.000000000000000000 ) ) ;
#6688 = VECTOR ( 'NONE', #9310, 1000.000000000000000 ) ;
#6689 = CYLINDRICAL_SURFACE ( 'NONE', #8806, 0.06250000000000000000 ) ;
#6690 = CARTESIAN_POINT ( 'NONE',  ( 0.5000000000000091038, 0.2000000000000000111, 0.4850000000000002087 ) ) ;
#6691 = CARTESIAN_POINT ( 'NONE',  ( 0.3999999999999999112, 0.1500000000000000222, 0.06750000000000003220 ) ) ;
#6692 = EDGE_CURVE ( 'NONE', #5289, #9949, #4791, .T. ) ;
#6693 = ORIENTED_EDGE ( 'NONE', *, *, #5373, .F. ) ;
#6694 = COLOUR_RGB ( '',0.7921568627450980005, 0.8196078431372548767, 0.9333333333333333481 ) ;
#6695 = EDGE_LOOP ( 'NONE', ( #475, #7581, #6426, #4563 ) ) ;
#6696 = FACE_OUTER_BOUND ( 'NONE', #5108, .T. ) ;
#6697 = DIRECTION ( 'NONE',  ( -0.8660254037844378194, -0.000000000000000000, 0.5000000000000013323 ) ) ;
#6698 = CARTESIAN_POINT ( 'NONE',  ( -0.1999999999999908795, 0.2000000000000000111, 0.6999999999999998446 ) ) ;
#6699 = ORIENTED_EDGE ( 'NONE', *, *, #3427, .T. ) ;
#6700 = DIRECTION ( 'NONE',  ( 0.000000000000000000, -1.000000000000000000, 0.000000000000000000 ) ) ;
#6701 = LINE ( 'NONE', #533, #8753 ) ;
#6702 = VERTEX_POINT ( 'NONE', #919 ) ;
#6703 = VECTOR ( 'NONE', #7713, 1000.000000000000000 ) ;
#6704 = DIRECTION ( 'NONE',  ( 0.000000000000000000, -1.000000000000000000, 0.000000000000000000 ) ) ;
#6705 = DIRECTION ( 'NONE',  ( 1.355252715606880049E-16, 0.000000000000000000, -1.000000000000000000 ) ) ;
#6706 = EDGE_CURVE ( 'NONE', #3676, #3776, #8881, .T. ) ;
#6707 = CARTESIAN_POINT ( 'NONE',  ( 0.4650000000000091283, 0.2000000000000000111, 0.3149999999999999467 ) ) ;
#6708 = ORIENTED_EDGE ( 'NONE', *, *, #9606, .T. ) ;
#6709 = ORIENTED_EDGE ( 'NONE', *, *, #971, .F. ) ;
#6710 = EDGE_LOOP ( 'NONE', ( #3803, #305, #4300, #2556 ) ) ;
#6711 = VECTOR ( 'NONE', #592, 1000.000000000000000 ) ;
#6712 = PLANE ( 'NONE',  #7287 ) ;
#6713 = FILL_AREA_STYLE ('',( #7424 ) ) ;
#6714 =( NAMED_UNIT ( * ) SI_UNIT ( $, .STERADIAN. ) SOLID_ANGLE_UNIT ( ) );
#6715 = CYLINDRICAL_SURFACE ( 'NONE', #5069, 0.06249999999999984041 ) ;
#6716 = LINE ( 'NONE', #9778, #4046 ) ;
#6717 = ORIENTED_EDGE ( 'NONE', *, *, #5663, .T. ) ;
#6718 = FACE_BOUND ( 'NONE', #3517, .T. ) ;
#6719 = DIRECTION ( 'NONE',  ( -0.000000000000000000, 0.000000000000000000, 1.000000000000000000 ) ) ;
#6720 = VECTOR ( 'NONE', #1000, 1000.000000000000000 ) ;
#6721 = CARTESIAN_POINT ( 'NONE',  ( -0.3999999999999908629, 0.2000000000000000111, 1.367500000000000160 ) ) ;
#6722 = VECTOR ( 'NONE', #1641, 1000.000000000000114 ) ;
#6723 = EDGE_CURVE ( 'NONE', #3264, #4519, #5605, .T. ) ;
#6724 = DIRECTION ( 'NONE',  ( 4.336808689942011425E-15, 0.000000000000000000, 1.000000000000000000 ) ) ;
#6725 = ORIENTED_EDGE ( 'NONE', *, *, #6904, .F. ) ;
#6726 = VERTEX_POINT ( 'NONE', #7236 ) ;
#6727 = ADVANCED_FACE ( 'NONE', ( #4177 ), #8726, .F. ) ;
#6728 = VERTEX_POINT ( 'NONE', #1167 ) ;
#6729 = PLANE ( 'NONE',  #9687 ) ;
#6730 = PRESENTATION_LAYER_ASSIGNMENT (  '', '', ( #3964 ) ) ;
#6731 = VECTOR ( 'NONE', #6893, 1000.000000000000000 ) ;
#6732 = DIRECTION ( 'NONE',  ( 0.000000000000000000, 0.000000000000000000, -1.000000000000000000 ) ) ;
#6733 = CARTESIAN_POINT ( 'NONE',  ( -0.4999999999999825695, 0.1500000000000000222, 0.4675000000000001932 ) ) ;
#6734 = EDGE_CURVE ( 'NONE', #9585, #7782, #1118, .T. ) ;
#6735 = ORIENTED_EDGE ( 'NONE', *, *, #4956, .T. ) ;
#6736 = FILL_AREA_STYLE_COLOUR ( '', #8360 ) ;
#6737 = LINE ( 'NONE', #9792, #3823 ) ;
#6738 = EDGE_CURVE ( 'NONE', #4727, #1416, #1011, .T. ) ;
#6739 = MECHANICAL_DESIGN_GEOMETRIC_PRESENTATION_REPRESENTATION (  '', ( #5753 ), #3167 ) ;
#6740 = AXIS2_PLACEMENT_3D ( 'NONE', #3582, #7441, #5709 ) ;
#6741 = CARTESIAN_POINT ( 'NONE',  ( -0.4390192378864581357, 0.2000000000000000111, -0.6999999999999998446 ) ) ;
#6742 = CARTESIAN_POINT ( 'NONE',  ( 0.4999999999999997780, 0.1500000000000000222, -1.767499999999999627 ) ) ;
#6743 = CARTESIAN_POINT ( 'NONE',  ( -0.2000000000000002609, 0.000000000000000000, 1.800000000000000044 ) ) ;
#6744 = AXIS2_PLACEMENT_3D ( 'NONE', #8317, #9181, #2241 ) ;
#6745 = CIRCLE ( 'NONE', #4431, 0.06249999999999984041 ) ;
#6746 = LINE ( 'NONE', #9797, #6731 ) ;
#6747 = LINE ( 'NONE', #2877, #7962 ) ;
#6748 = EDGE_CURVE ( 'NONE', #4834, #5806, #7837, .T. ) ;
#6749 = CARTESIAN_POINT ( 'NONE',  ( 0.4649999999999997469, 0.000000000000000000, -1.214999999999999858 ) ) ;
#6750 = ORIENTED_EDGE ( 'NONE', *, *, #7694, .T. ) ;
#6751 = EDGE_LOOP ( 'NONE', ( #5510, #9864, #6086, #4866 ) ) ;
#6752 = EDGE_CURVE ( 'NONE', #4422, #3306, #5650, .T. ) ;
#6753 = DIRECTION ( 'NONE',  ( 6.195440985631447034E-15, 0.000000000000000000, -1.000000000000000000 ) ) ;
#6754 = LINE ( 'NONE', #3036, #8400 ) ;
#6755 = CARTESIAN_POINT ( 'NONE',  ( 0.4999999999999997780, 0.2000000000000000111, 1.362500000000000044 ) ) ;
#6756 = VERTEX_POINT ( 'NONE', #6472 ) ;
#6757 = DIRECTION ( 'NONE',  ( 1.000000000000000000, 0.000000000000000000, 6.195440985631458078E-15 ) ) ;
#6758 = ORIENTED_EDGE ( 'NONE', *, *, #8835, .F. ) ;
#6759 = VECTOR ( 'NONE', #2525, 1000.000000000000000 ) ;
#6760 = CARTESIAN_POINT ( 'NONE',  ( 0.3999999999999997446, 0.1500000000000000222, -1.767500000000000071 ) ) ;
#6761 = DIRECTION ( 'NONE',  ( 0.000000000000000000, 0.000000000000000000, 1.000000000000000000 ) ) ;
#6762 = CARTESIAN_POINT ( 'NONE',  ( 0.000000000000000000, 0.05000000000000000278, 0.5000000000000002220 ) ) ;
#6763 = ORIENTED_EDGE ( 'NONE', *, *, #9598, .F. ) ;
#6764 = ORIENTED_EDGE ( 'NONE', *, *, #4215, .T. ) ;
#6765 = VERTEX_POINT ( 'NONE', #1773 ) ;
#6766 = VECTOR ( 'NONE', #3628, 1000.000000000000000 ) ;
#6767 = DIRECTION ( 'NONE',  ( -1.000000000000000000, 0.000000000000000000, -6.195440985631447034E-15 ) ) ;
#6768 =( LENGTH_UNIT ( ) NAMED_UNIT ( * ) SI_UNIT ( .MILLI., .METRE. ) );
#6769 = DIRECTION ( 'NONE',  ( -1.000000000000000000, -0.000000000000000000, -0.000000000000000000 ) ) ;
#6770 = EDGE_CURVE ( 'NONE', #695, #5597, #1066, .T. ) ;
#6771 = DIRECTION ( 'NONE',  ( -0.000000000000000000, 0.000000000000000000, 1.000000000000000000 ) ) ;
#6772 = ORIENTED_EDGE ( 'NONE', *, *, #9069, .T. ) ;
#6773 = CARTESIAN_POINT ( 'NONE',  ( -0.4999999999999908962, 0.1500000000000000222, 1.367499999999999494 ) ) ;
#6774 = LINE ( 'NONE', #4521, #2355 ) ;
#6775 = DIRECTION ( 'NONE',  ( 0.5000000000000014433, -0.000000000000000000, 0.8660254037844379305 ) ) ;
#6776 = DIRECTION ( 'NONE',  ( 1.000000000000000000, 0.000000000000000000, 0.000000000000000000 ) ) ;
#6777 = ORIENTED_EDGE ( 'NONE', *, *, #5116, .F. ) ;
#6778 = ORIENTED_EDGE ( 'NONE', *, *, #1688, .T. ) ;
#6779 = ADVANCED_FACE ( 'NONE', ( #4077 ), #3464, .F. ) ;
#6780 = CARTESIAN_POINT ( 'NONE',  ( -0.4390192378864674616, 0.2000000000000000111, 1.800000000000000044 ) ) ;
#6781 = AXIS2_PLACEMENT_3D ( 'NONE', #3695, #2935, #4495 ) ;
#6782 = EDGE_CURVE ( 'NONE', #4081, #9901, #3367, .T. ) ;
#6783 = FACE_BOUND ( 'NONE', #8105, .T. ) ;
#6784 = ORIENTED_EDGE ( 'NONE', *, *, #9541, .T. ) ;
#6785 = CARTESIAN_POINT ( 'NONE',  ( 0.5000000000000091038, 0.000000000000000000, -0.4850000000000002087 ) ) ;
#6786 =( LENGTH_UNIT ( ) NAMED_UNIT ( * ) SI_UNIT ( .MILLI., .METRE. ) );
#6787 = VECTOR ( 'NONE', #7505, 1000.000000000000000 ) ;
#6788 = DIRECTION ( 'NONE',  ( 0.5000000000000014433, 0.000000000000000000, -0.8660254037844379305 ) ) ;
#6789 = EDGE_CURVE ( 'NONE', #4800, #2329, #300, .T. ) ;
#6790 = FACE_OUTER_BOUND ( 'NONE', #3151, .T. ) ;
#6791 = COLOUR_RGB ( '',0.7921568627450980005, 0.8196078431372548767, 0.9333333333333333481 ) ;
#6792 = CARTESIAN_POINT ( 'NONE',  ( 0.5000000000000000000, 0.1500000000000000222, 0.7324999999999994849 ) ) ;
#6793 = VECTOR ( 'NONE', #51, 1000.000000000000114 ) ;
#6794 = DIRECTION ( 'NONE',  ( -0.8660254037844378194, 0.000000000000000000, 0.5000000000000013323 ) ) ;
#6795 = CARTESIAN_POINT ( 'NONE',  ( -0.3999999999999908629, 0.2000000000000000111, -1.367500000000000160 ) ) ;
#6796 = CARTESIAN_POINT ( 'NONE',  ( 0.4390192378864654077, 0.2000000000000000111, -1.200000000000000178 ) ) ;
#6797 = VECTOR ( 'NONE', #7520, 1000.000000000000000 ) ;
#6798 = AXIS2_PLACEMENT_3D ( 'NONE', #7880, #146, #3272 ) ;
#6799 = ORIENTED_EDGE ( 'NONE', *, *, #4183, .T. ) ;
#6800 = CARTESIAN_POINT ( 'NONE',  ( 0.5000000000000091038, 0.1500000000000000222, 0.06750000000000001832 ) ) ;
#6801 = CARTESIAN_POINT ( 'NONE',  ( 0.4999999999999997780, 0.2000000000000000111, 1.385000000000000231 ) ) ;
#6802 = DIRECTION ( 'NONE',  ( 0.000000000000000000, 1.000000000000000000, 0.000000000000000000 ) ) ;
#6803 = CARTESIAN_POINT ( 'NONE',  ( 0.4649999999999997469, 0.04999999999999999584, -1.214999999999999858 ) ) ;
#6804 = ORIENTED_EDGE ( 'NONE', *, *, #2813, .F. ) ;
#6805 = EDGE_CURVE ( 'NONE', #1089, #5902, #9535, .T. ) ;
#6806 = AXIS2_PLACEMENT_3D ( 'NONE', #172, #3249, #8514 ) ;
#6807 = EDGE_LOOP ( 'NONE', ( #8690, #937, #1780, #1056 ) ) ;
#6808 = MECHANICAL_DESIGN_GEOMETRIC_PRESENTATION_REPRESENTATION (  '', ( #2260 ), #7927 ) ;
#6809 = FILL_AREA_STYLE_COLOUR ( '', #2827 ) ;
#6810 = DIRECTION ( 'NONE',  ( -1.000000000000000000, 0.000000000000000000, 0.000000000000000000 ) ) ;
#6811 = ORIENTED_EDGE ( 'NONE', *, *, #4650, .F. ) ;
#6812 = CARTESIAN_POINT ( 'NONE',  ( 0.2000000000000090039, 0.000000000000000000, -1.200000000000000178 ) ) ;
#6813 = ORIENTED_EDGE ( 'NONE', *, *, #8580, .F. ) ;
#6814 = ORIENTED_EDGE ( 'NONE', *, *, #9301, .T. ) ;
#6815 = VECTOR ( 'NONE', #5058, 1000.000000000000000 ) ;
#6816 = ORIENTED_EDGE ( 'NONE', *, *, #1227, .T. ) ;
#6817 = EDGE_LOOP ( 'NONE', ( #6816, #6079, #2744, #9220 ) ) ;
#6818 = CARTESIAN_POINT ( 'NONE',  ( -0.4390192378864497535, 0.2000000000000000111, -0.1000000000000000472 ) ) ;
#6819 = EDGE_LOOP ( 'NONE', ( #4500, #9958, #6462, #9609 ) ) ;
#6820 = CARTESIAN_POINT ( 'NONE',  ( 0.5000000000000091038, 0.2000000000000000111, -1.237500000000000266 ) ) ;
#6821 = CARTESIAN_POINT ( 'NONE',  ( -0.4650000000000002465, 0.2000000000000000111, -1.614999999999999769 ) ) ;
#6822 = EDGE_LOOP ( 'NONE', ( #461, #8080, #8839, #1144 ) ) ;
#6823 = DIRECTION ( 'NONE',  ( 1.000000000000000000, -0.000000000000000000, 0.000000000000000000 ) ) ;
#6824 = CARTESIAN_POINT ( 'NONE',  ( 0.4390192378864747891, 0.000000000000000000, 0.5000000000000002220 ) ) ;
#6825 = FACE_OUTER_BOUND ( 'NONE', #1101, .T. ) ;
#6826 = EDGE_LOOP ( 'NONE', ( #3698, #4612, #3438, #9836 ) ) ;
#6827 = EDGE_CURVE ( 'NONE', #9287, #3162, #6418, .T. ) ;
#6828 = VERTEX_POINT ( 'NONE', #6519 ) ;
#6829 = ORIENTED_EDGE ( 'NONE', *, *, #2317, .F. ) ;
#6830 = LINE ( 'NONE', #8278, #4041 ) ;
#6831 = CARTESIAN_POINT ( 'NONE',  ( -0.1999999999999908795, 0.000000000000000000, 0.9000000000000000222 ) ) ;
#6832 = CARTESIAN_POINT ( 'NONE',  ( -0.5000000000000002220, 0.5500000000000000444, 1.899999999999999911 ) ) ;
#6833 = ORIENTED_EDGE ( 'NONE', *, *, #1088, .F. ) ;
#6834 = PLANE ( 'NONE',  #571 ) ;
#6835 = DIRECTION ( 'NONE',  ( -1.000000000000000000, -0.000000000000000000, -0.000000000000000000 ) ) ;
#6836 = PLANE ( 'NONE',  #1192 ) ;
#6837 = ADVANCED_FACE ( 'NONE', ( #1881 ), #4273, .F. ) ;
#6838 = ORIENTED_EDGE ( 'NONE', *, *, #5029, .F. ) ;
#6839 = AXIS2_PLACEMENT_3D ( 'NONE', #5009, #8965, #9617 ) ;
#6840 = DIRECTION ( 'NONE',  ( -5.421010862427973793E-16, 0.000000000000000000, -1.000000000000000000 ) ) ;
#6841 = EDGE_CURVE ( 'NONE', #525, #2279, #1724, .T. ) ;
#6842 = PLANE ( 'NONE',  #1090 ) ;
#6843 = PLANE ( 'NONE',  #7536 ) ;
#6844 = VECTOR ( 'NONE', #5819, 1000.000000000000000 ) ;
#6845 = LINE ( 'NONE', #6749, #248 ) ;
#6846 = EDGE_CURVE ( 'NONE', #225, #9524, #9486, .T. ) ;
#6847 = ORIENTED_EDGE ( 'NONE', *, *, #6164, .F. ) ;
#6848 = ADVANCED_FACE ( 'NONE', ( #1828 ), #8829, .T. ) ;
#6849 = PLANE ( 'NONE',  #8227 ) ;
#6850 = AXIS2_PLACEMENT_3D ( 'NONE', #6076, #3900, #9261 ) ;
#6851 = PLANE ( 'NONE',  #6781 ) ;
#6852 = CARTESIAN_POINT ( 'NONE',  ( -0.1999999999999825251, 0.2000000000000000111, 0.06250000000000000000 ) ) ;
#6853 = CARTESIAN_POINT ( 'NONE',  ( 0.2000000000000090317, 0.2000000000000000111, 1.362500000000000044 ) ) ;
#6854 = VERTEX_POINT ( 'NONE', #3721 ) ;
#6855 = EDGE_CURVE ( 'NONE', #2950, #8178, #5996, .T. ) ;
#6856 = ORIENTED_EDGE ( 'NONE', *, *, #4911, .T. ) ;
#6857 = DIRECTION ( 'NONE',  ( -1.000000000000000000, 0.000000000000000000, 0.000000000000000000 ) ) ;
#6858 = DIRECTION ( 'NONE',  ( 0.000000000000000000, 0.000000000000000000, 1.000000000000000000 ) ) ;
#6859 = VECTOR ( 'NONE', #6354, 1000.000000000000000 ) ;
#6860 = ADVANCED_FACE ( 'NONE', ( #5181 ), #9128, .F. ) ;
#6861 = ORIENTED_EDGE ( 'NONE', *, *, #7167, .F. ) ;
#6862 = DIRECTION ( 'NONE',  ( 6.195440985631447034E-15, 0.000000000000000000, 1.000000000000000000 ) ) ;
#6863 = EDGE_LOOP ( 'NONE', ( #5240, #4950, #6958, #9457, #8058, #8228 ) ) ;
#6864 = LINE ( 'NONE', #10014, #9839 ) ;
#6865 = DIRECTION ( 'NONE',  ( 0.000000000000000000, 0.000000000000000000, -1.000000000000000000 ) ) ;
#6866 = ORIENTED_EDGE ( 'NONE', *, *, #6605, .F. ) ;
#6867 = CARTESIAN_POINT ( 'NONE',  ( -0.2000000000000002609, 0.2000000000000000111, 1.800000000000000044 ) ) ;
#6868 = AXIS2_PLACEMENT_3D ( 'NONE', #3725, #8170, #6674 ) ;
#6869 = DIRECTION ( 'NONE',  ( -1.000000000000000000, -0.000000000000000000, -0.000000000000000000 ) ) ;
#6870 = ORIENTED_EDGE ( 'NONE', *, *, #9653, .T. ) ;
#6871 = DIRECTION ( 'NONE',  ( 0.000000000000000000, 0.000000000000000000, -1.000000000000000000 ) ) ;
#6872 = EDGE_CURVE ( 'NONE', #2526, #9767, #6047, .T. ) ;
#6873 = DIRECTION ( 'NONE',  ( 0.000000000000000000, -0.000000000000000000, 1.000000000000000000 ) ) ;
#6874 = LINE ( 'NONE', #1361, #6412 ) ;
#6875 = PLANE ( 'NONE',  #175 ) ;
#6876 = ADVANCED_FACE ( 'NONE', ( #5283 ), #8221, .F. ) ;
#6877 = ORIENTED_EDGE ( 'NONE', *, *, #564, .F. ) ;
#6878 = VECTOR ( 'NONE', #5384, 1000.000000000000114 ) ;
#6879 = ORIENTED_EDGE ( 'NONE', *, *, #3195, .T. ) ;
#6880 = VERTEX_POINT ( 'NONE', #2955 ) ;
#6881 = ORIENTED_EDGE ( 'NONE', *, *, #7471, .T. ) ;
#6882 = DIRECTION ( 'NONE',  ( 1.000000000000000000, -0.000000000000000000, -1.084202172485502265E-15 ) ) ;
#6883 = VERTEX_POINT ( 'NONE', #1264 ) ;
#6884 = AXIS2_PLACEMENT_3D ( 'NONE', #7476, #8982, #492 ) ;
#6885 = CARTESIAN_POINT ( 'NONE',  ( 0.4999999999999997780, 0.2000000000000000111, 1.632499999999999840 ) ) ;
#6886 = CARTESIAN_POINT ( 'NONE',  ( 0.3999999999999998557, 0.1500000000000000222, -0.8674999999999999378 ) ) ;
#6887 = CARTESIAN_POINT ( 'NONE',  ( 0.2000000000000184130, 0.2000000000000000111, -0.5000000000000002220 ) ) ;
#6888 = ORIENTED_EDGE ( 'NONE', *, *, #2620, .F. ) ;
#6889 = VECTOR ( 'NONE', #5748, 1000.000000000000000 ) ;
#6890 = CARTESIAN_POINT ( 'NONE',  ( -0.4999999999999908962, 0.2000000000000000111, -0.8849999999999998979 ) ) ;
#6891 = CARTESIAN_POINT ( 'NONE',  ( 0.5000000000000091038, 0.04999999999999999584, 0.3150000000000001688 ) ) ;
#6892 = ADVANCED_FACE ( 'NONE', ( #4369 ), #8366, .F. ) ;
#6893 = DIRECTION ( 'NONE',  ( 0.000000000000000000, 0.000000000000000000, 1.000000000000000000 ) ) ;
#6894 = CARTESIAN_POINT ( 'NONE',  ( 0.5000000000000091038, 0.2000000000000000111, 1.362500000000000044 ) ) ;
#6895 = STYLED_ITEM ( 'NONE', ( #3284 ), #8594 ) ;
#6896 = VECTOR ( 'NONE', #2825, 1000.000000000000000 ) ;
#6897 = DIRECTION ( 'NONE',  ( -1.000000000000000000, 0.000000000000000000, -6.505213034913025026E-15 ) ) ;
#6898 = VERTEX_POINT ( 'NONE', #1987 ) ;
#6899 = CARTESIAN_POINT ( 'NONE',  ( 0.4390192378864747891, 0.2000000000000000111, -0.3000000000000001554 ) ) ;
#6900 = VECTOR ( 'NONE', #9131, 1000.000000000000000 ) ;
#6901 = VECTOR ( 'NONE', #8738, 1000.000000000000000 ) ;
#6902 = CARTESIAN_POINT ( 'NONE',  ( 0.2000000000000184130, 0.2000000000000000111, 0.4625000000000001887 ) ) ;
#6903 = LINE ( 'NONE', #8498, #1590 ) ;
#6904 = EDGE_CURVE ( 'NONE', #8285, #7292, #8270, .T. ) ;
#6905 = PLANE ( 'NONE',  #9741 ) ;
#6906 = VERTEX_POINT ( 'NONE', #3570 ) ;
#6907 = DIRECTION ( 'NONE',  ( -1.000000000000000000, 0.000000000000000000, 6.195440985631447034E-15 ) ) ;
#6908 = ORIENTED_EDGE ( 'NONE', *, *, #3942, .F. ) ;
#6909 = ADVANCED_FACE ( 'NONE', ( #1407, #4520, #7628, #6718, #9080, #8985 ), #2131, .F. ) ;
#6910 =( NAMED_UNIT ( * ) SI_UNIT ( $, .STERADIAN. ) SOLID_ANGLE_UNIT ( ) );
#6911 = DIRECTION ( 'NONE',  ( 0.000000000000000000, -1.000000000000000000, 0.000000000000000000 ) ) ;
#6912 = ORIENTED_EDGE ( 'NONE', *, *, #6064, .T. ) ;
#6913 = CARTESIAN_POINT ( 'NONE',  ( 0.5000000000000091038, 0.2000000000000000111, 0.3150000000000001688 ) ) ;
#6914 = ORIENTED_EDGE ( 'NONE', *, *, #2931, .T. ) ;
#6915 = ORIENTED_EDGE ( 'NONE', *, *, #3414, .T. ) ;
#6916 = FACE_OUTER_BOUND ( 'NONE', #6807, .T. ) ;
#6917 = VECTOR ( 'NONE', #3602, 1000.000000000000000 ) ;
#6918 = VERTEX_POINT ( 'NONE', #3772 ) ;
#6919 = DIRECTION ( 'NONE',  ( -1.000000000000000000, 0.000000000000000000, 0.000000000000000000 ) ) ;
#6920 = DIRECTION ( 'NONE',  ( -0.8660254037844509201, 0.000000000000000000, -0.4999999999999786837 ) ) ;
#6921 = ADVANCED_FACE ( 'NONE', ( #4465 ), #9732, .F. ) ;
#6922 = PLANE ( 'NONE',  #9526 ) ;
#6923 = EDGE_LOOP ( 'NONE', ( #5376, #4330, #1049, #4220 ) ) ;
#6924 = FACE_OUTER_BOUND ( 'NONE', #2693, .T. ) ;
#6925 = CARTESIAN_POINT ( 'NONE',  ( -0.06749999999999997669, 0.1500000000000000222, 1.899999999999999911 ) ) ;
#6926 = DIRECTION ( 'NONE',  ( -0.000000000000000000, -0.000000000000000000, 1.000000000000000000 ) ) ;
#6927 = PRODUCT_DEFINITION_FORMATION_WITH_SPECIFIED_SOURCE ( 'ANY', '', #7109, .NOT_KNOWN. ) ;
#6928 = EDGE_LOOP ( 'NONE', ( #7491, #7387, #7372, #3458 ) ) ;
#6929 = EDGE_LOOP ( 'NONE', ( #6580, #8733, #1931, #5082 ) ) ;
#6930 = ORIENTED_EDGE ( 'NONE', *, *, #920, .T. ) ;
#6931 = EDGE_LOOP ( 'NONE', ( #3398, #887, #2757, #6974, #49, #4472, #9774, #7683, #8236, #2961, #8249, #4862, #7457, #1419, #7707, #8321, #8906, #4306, #3079, #4227, #9940, #2273, #4556, #7732, #3345, #2198, #6266, #3946, #7959, #441, #1085, #1256, #737, #6185 ) ) ;
#6932 = DIRECTION ( 'NONE',  ( 0.000000000000000000, -1.000000000000000000, 0.000000000000000000 ) ) ;
#6933 = LINE ( 'NONE', #9983, #6633 ) ;
#6934 = ORIENTED_EDGE ( 'NONE', *, *, #5793, .F. ) ;
#6935 = EDGE_CURVE ( 'NONE', #8263, #4817, #9779, .T. ) ;
#6936 = DIRECTION ( 'NONE',  ( 0.000000000000000000, -1.000000000000000000, 0.000000000000000000 ) ) ;
#6937 = CARTESIAN_POINT ( 'NONE',  ( -0.4999999999999908962, 0.1500000000000000222, -1.367499999999999494 ) ) ;
#6938 = CARTESIAN_POINT ( 'NONE',  ( -0.3999999999999908629, 0.2000000000000000111, 1.367500000000000160 ) ) ;
#6939 = ADVANCED_FACE ( 'NONE', ( #9030 ), #5076, .F. ) ;
#6940 = ORIENTED_EDGE ( 'NONE', *, *, #2257, .F. ) ;
#6941 = VECTOR ( 'NONE', #1490, 1000.000000000000000 ) ;
#6942 = VERTEX_POINT ( 'NONE', #8931 ) ;
#6943 = CARTESIAN_POINT ( 'NONE',  ( -0.3999999999999908629, 0.1500000000000000222, -1.232500000000000151 ) ) ;
#6944 = DIRECTION ( 'NONE',  ( 1.000000000000000000, -0.000000000000000000, -1.084202172485502265E-15 ) ) ;
#6945 = CARTESIAN_POINT ( 'NONE',  ( -0.3999999999999907518, 0.1500000000000000222, -0.4675000000000000266 ) ) ;
#6946 = CLOSED_SHELL ( 'NONE', ( #4819, #6837, #2209, #8740, #1149, #6456, #2944, #6213, #1333, #2946, #1739, #6239 ) ) ;
#6947 = CARTESIAN_POINT ( 'NONE',  ( -0.4999999999999908962, 0.2000000000000000111, -0.7149999999999999689 ) ) ;
#6948 = EDGE_LOOP ( 'NONE', ( #4071, #6046, #5626, #2692 ) ) ;
#6949 = EDGE_CURVE ( 'NONE', #705, #2954, #549, .T. ) ;
#6950 = ORIENTED_EDGE ( 'NONE', *, *, #5029, .T. ) ;
#6951 = VECTOR ( 'NONE', #416, 1000.000000000000000 ) ;
#6952 = FACE_OUTER_BOUND ( 'NONE', #750, .T. ) ;
#6953 = VECTOR ( 'NONE', #6548, 1000.000000000000000 ) ;
#6954 = PLANE ( 'NONE',  #8052 ) ;
#6955 = PLANE ( 'NONE',  #6850 ) ;
#6956 = VERTEX_POINT ( 'NONE', #6773 ) ;
#6957 = LINE ( 'NONE', #2366, #8591 ) ;
#6958 = ORIENTED_EDGE ( 'NONE', *, *, #1323, .T. ) ;
#6959 = CIRCLE ( 'NONE', #1916, 0.06250000000000005551 ) ;
#6960 = VECTOR ( 'NONE', #9546, 1000.000000000000000 ) ;
#6961 = DIRECTION ( 'NONE',  ( 0.5000000000000014433, 0.000000000000000000, 0.8660254037844379305 ) ) ;
#6962 = ORIENTED_EDGE ( 'NONE', *, *, #6855, .T. ) ;
#6963 = EDGE_CURVE ( 'NONE', #5903, #9318, #1213, .T. ) ;
#6964 = PLANE ( 'NONE',  #4100 ) ;
#6965 = ORIENTED_EDGE ( 'NONE', *, *, #4884, .T. ) ;
#6966 = EDGE_CURVE ( 'NONE', #9318, #1416, #2801, .T. ) ;
#6967 = VERTEX_POINT ( 'NONE', #9404 ) ;
#6968 = CARTESIAN_POINT ( 'NONE',  ( 0.2000000000000183853, 0.000000000000000000, 0.3000000000000001554 ) ) ;
#6969 = AXIS2_PLACEMENT_3D ( 'NONE', #743, #3055, #2335 ) ;
#6970 = CARTESIAN_POINT ( 'NONE',  ( -0.2000000000000002609, 0.2000000000000000111, -1.800000000000000044 ) ) ;
#6971 = ORIENTED_EDGE ( 'NONE', *, *, #8544, .T. ) ;
#6972 = CARTESIAN_POINT ( 'NONE',  ( 0.06750000000000000444, 0.1500000000000000222, 1.800000000000000044 ) ) ;
#6973 = DIRECTION ( 'NONE',  ( -0.8660254037844378194, 0.000000000000000000, -0.5000000000000013323 ) ) ;
#6974 = ORIENTED_EDGE ( 'NONE', *, *, #6541, .T. ) ;
#6975 = DIRECTION ( 'NONE',  ( 1.000000000000000000, 0.000000000000000000, 0.000000000000000000 ) ) ;
#6976 = LINE ( 'NONE', #746, #870 ) ;
#6977 = VECTOR ( 'NONE', #667, 1000.000000000000000 ) ;
#6978 = ORIENTED_EDGE ( 'NONE', *, *, #7899, .T. ) ;
#6979 = VERTEX_POINT ( 'NONE', #9179 ) ;
#6980 = ORIENTED_EDGE ( 'NONE', *, *, #62, .F. ) ;
#6981 = EDGE_LOOP ( 'NONE', ( #9570, #3952, #646, #5856, #3470, #9708 ) ) ;
#6982 = FACE_OUTER_BOUND ( 'NONE', #966, .T. ) ;
#6983 = VERTEX_POINT ( 'NONE', #5571 ) ;
#6984 = EDGE_CURVE ( 'NONE', #2820, #2776, #1693, .T. ) ;
#6985 = LINE ( 'NONE', #9293, #8987 ) ;
#6986 = FACE_OUTER_BOUND ( 'NONE', #9970, .T. ) ;
#6987 = CARTESIAN_POINT ( 'NONE',  ( -0.4650000000000002465, 0.2000000000000000111, 1.614999999999999769 ) ) ;
#6988 = ORIENTED_EDGE ( 'NONE', *, *, #1689, .T. ) ;
#6989 = VERTEX_POINT ( 'NONE', #6334 ) ;
#6990 = ADVANCED_FACE ( 'NONE', ( #5523 ), #1793, .F. ) ;
#6991 = CARTESIAN_POINT ( 'NONE',  ( -0.1999999999999908795, 0.2000000000000000111, -0.6999999999999998446 ) ) ;
#6992 = EDGE_CURVE ( 'NONE', #1716, #1219, #4096, .T. ) ;
#6993 = FACE_OUTER_BOUND ( 'NONE', #4119, .T. ) ;
#6994 = LINE ( 'NONE', #668, #1546 ) ;
#6995 = EDGE_CURVE ( 'NONE', #9134, #1390, #1643, .T. ) ;
#6996 = CARTESIAN_POINT ( 'NONE',  ( 0.3999999999999998557, 0.1500000000000000222, 0.8674999999999997158 ) ) ;
#6997 = CARTESIAN_POINT ( 'NONE',  ( -0.5000000000000002220, 0.2000000000000000111, 1.784999999999999920 ) ) ;
#6998 = VECTOR ( 'NONE', #570, 1000.000000000000000 ) ;
#6999 = VERTEX_POINT ( 'NONE', #1033 ) ;
#7000 = EDGE_CURVE ( 'NONE', #7741, #2848, #7891, .T. ) ;
#7001 = CARTESIAN_POINT ( 'NONE',  ( 0.000000000000000000, 0.1500000000000000222, 0.000000000000000000 ) ) ;
#7002 = DIRECTION ( 'NONE',  ( 0.000000000000000000, 0.000000000000000000, 1.000000000000000000 ) ) ;
#7003 = ORIENTED_EDGE ( 'NONE', *, *, #3478, .F. ) ;
#7004 = LINE ( 'NONE', #9270, #2311 ) ;
#7005 = VERTEX_POINT ( 'NONE', #9971 ) ;
#7006 = AXIS2_PLACEMENT_3D ( 'NONE', #4959, #6345, #9416 ) ;
#7007 = ORIENTED_EDGE ( 'NONE', *, *, #7385, .F. ) ;
#7008 = CARTESIAN_POINT ( 'NONE',  ( 0.4999999999999997780, 0.04999999999999999584, 1.385000000000000231 ) ) ;
#7009 = ORIENTED_EDGE ( 'NONE', *, *, #5194, .F. ) ;
#7010 = CARTESIAN_POINT ( 'NONE',  ( 0.4999999999999997780, 0.1500000000000000222, -1.632500000000000284 ) ) ;
#7011 = CARTESIAN_POINT ( 'NONE',  ( -0.4390192378864674616, 0.04999999999999999584, 1.599999999999999867 ) ) ;
#7012 = VERTEX_POINT ( 'NONE', #926 ) ;
#7013 = LINE ( 'NONE', #2285, #8640 ) ;
#7014 = VERTEX_POINT ( 'NONE', #4568 ) ;
#7015 = ADVANCED_FACE ( 'NONE', ( #2521 ), #2417, .T. ) ;
#7016 = EDGE_CURVE ( 'NONE', #7202, #7664, #9920, .T. ) ;
#7017 = AXIS2_PLACEMENT_3D ( 'NONE', #7199, #7988, #2615 ) ;
#7018 = CARTESIAN_POINT ( 'NONE',  ( -0.3250000000000001776, 0.3128679656440358503, -1.724999999999999867 ) ) ;
#7019 = CARTESIAN_POINT ( 'NONE',  ( 0.3999999999999997446, 0.1500000000000000222, -1.632499999999999840 ) ) ;
#7020 = DIRECTION ( 'NONE',  ( 0.000000000000000000, 0.000000000000000000, -1.000000000000000000 ) ) ;
#7021 = ORIENTED_EDGE ( 'NONE', *, *, #2960, .F. ) ;
#7022 = ORIENTED_EDGE ( 'NONE', *, *, #6263, .T. ) ;
#7023 = ORIENTED_EDGE ( 'NONE', *, *, #7185, .T. ) ;
#7024 = PRESENTATION_LAYER_ASSIGNMENT (  '', '', ( #3450 ) ) ;
#7025 = ORIENTED_EDGE ( 'NONE', *, *, #575, .T. ) ;
#7026 = DIRECTION ( 'NONE',  ( -1.000000000000000000, 0.000000000000000000, -6.195440985631458078E-15 ) ) ;
#7027 = CARTESIAN_POINT ( 'NONE',  ( 0.06749999999999996281, 0.1999999999999999833, 1.899999999999999911 ) ) ;
#7028 = ORIENTED_EDGE ( 'NONE', *, *, #413, .F. ) ;
#7029 = EDGE_CURVE ( 'NONE', #1041, #2541, #7676, .T. ) ;
#7030 = LINE ( 'NONE', #962, #8817 ) ;
#7031 = CARTESIAN_POINT ( 'NONE',  ( 0.4999999999999997780, 0.2000000000000000111, 1.215000000000000080 ) ) ;
#7032 = LINE ( 'NONE', #3981, #4772 ) ;
#7033 = VECTOR ( 'NONE', #8357, 1000.000000000000000 ) ;
#7034 = EDGE_CURVE ( 'NONE', #2207, #3778, #157, .T. ) ;
#7035 = ORIENTED_EDGE ( 'NONE', *, *, #6595, .T. ) ;
#7036 = CARTESIAN_POINT ( 'NONE',  ( -0.06750000000000000444, 0.1500000000000000222, -1.800000000000000044 ) ) ;
#7037 = VECTOR ( 'NONE', #1030, 1000.000000000000000 ) ;
#7038 = EDGE_CURVE ( 'NONE', #8500, #6883, #1459, .T. ) ;
#7039 = DIRECTION ( 'NONE',  ( 0.8660254037844378194, -0.000000000000000000, 0.5000000000000013323 ) ) ;
#7040 = CARTESIAN_POINT ( 'NONE',  ( 0.4999999999999997780, 0.2000000000000000111, 1.767499999999999627 ) ) ;
#7041 = AXIS2_PLACEMENT_3D ( 'NONE', #8416, #9129, #552 ) ;
#7042 = CARTESIAN_POINT ( 'NONE',  ( -0.4650000000000002465, 0.000000000000000000, 1.614999999999999769 ) ) ;
#7043 = VECTOR ( 'NONE', #4063, 1000.000000000000000 ) ;
#7044 = CARTESIAN_POINT ( 'NONE',  ( -0.4649999999999908651, 0.2000000000000000111, -0.8850000000000001199 ) ) ;
#7045 = SURFACE_STYLE_FILL_AREA ( #820 ) ;
#7046 = DIRECTION ( 'NONE',  ( -0.000000000000000000, -1.000000000000000000, -0.000000000000000000 ) ) ;
#7047 =( GEOMETRIC_REPRESENTATION_CONTEXT ( 3 ) GLOBAL_UNCERTAINTY_ASSIGNED_CONTEXT ( ( #9591 ) ) GLOBAL_UNIT_ASSIGNED_CONTEXT ( ( #9266, #7661, #6910 ) ) REPRESENTATION_CONTEXT ( 'NONE', 'WORKASPACE' ) );
#7048 = AXIS2_PLACEMENT_3D ( 'NONE', #5335, #7200, #8653 ) ;
#7049 = CARTESIAN_POINT ( 'NONE',  ( -0.3999999999999907518, 0.1500000000000000222, 0.4675000000000001932 ) ) ;
#7050 = VERTEX_POINT ( 'NONE', #3281 ) ;
#7051 = ADVANCED_FACE ( 'NONE', ( #6924 ), #7990, .F. ) ;
#7052 = DIRECTION ( 'NONE',  ( 0.000000000000000000, -0.000000000000000000, -1.000000000000000000 ) ) ;
#7053 = PLANE ( 'NONE',  #74 ) ;
#7054 = ORIENTED_EDGE ( 'NONE', *, *, #2818, .T. ) ;
#7055 = CARTESIAN_POINT ( 'NONE',  ( -0.4999999999999824585, 0.1500000000000000222, -0.4674999999999998601 ) ) ;
#7056 = EDGE_CURVE ( 'NONE', #7934, #6898, #6099, .T. ) ;
#7057 = ORIENTED_EDGE ( 'NONE', *, *, #2488, .F. ) ;
#7058 = AXIS2_PLACEMENT_3D ( 'NONE', #7982, #8035, #1893 ) ;
#7059 = ORIENTED_EDGE ( 'NONE', *, *, #6366, .T. ) ;
#7060 = CARTESIAN_POINT ( 'NONE',  ( 0.06750000000000000444, 0.1500000000000000222, -1.800000000000000044 ) ) ;
#7061 = CARTESIAN_POINT ( 'NONE',  ( -0.4390192378864581357, 0.2000000000000000111, 0.9000000000000000222 ) ) ;
#7062 = DIRECTION ( 'NONE',  ( 0.000000000000000000, 0.000000000000000000, 1.000000000000000000 ) ) ;
#7063 = VERTEX_POINT ( 'NONE', #7842 ) ;
#7064 = DIRECTION ( 'NONE',  ( 0.000000000000000000, 1.000000000000000000, 0.000000000000000000 ) ) ;
#7065 = FACE_OUTER_BOUND ( 'NONE', #2680, .T. ) ;
#7066 = EDGE_LOOP ( 'NONE', ( #7192, #69, #7187, #9430 ) ) ;
#7067 = AXIS2_PLACEMENT_3D ( 'NONE', #7678, #553, #5285 ) ;
#7068 = CARTESIAN_POINT ( 'NONE',  ( 0.5000000000000000000, 0.2000000000000000111, -0.8675000000000002709 ) ) ;
#7069 = CYLINDRICAL_SURFACE ( 'NONE', #1529, 0.07499999999999998335 ) ;
#7070 =( NAMED_UNIT ( * ) PLANE_ANGLE_UNIT ( ) SI_UNIT ( $, .RADIAN. ) );
#7071 = ORIENTED_EDGE ( 'NONE', *, *, #9460, .T. ) ;
#7072 = EDGE_LOOP ( 'NONE', ( #7504, #1445, #5983, #4356, #5661, #9463 ) ) ;
#7073 = VERTEX_POINT ( 'NONE', #7942 ) ;
#7074 = EDGE_CURVE ( 'NONE', #1978, #4169, #3821, .T. ) ;
#7075 = DIRECTION ( 'NONE',  ( 0.000000000000000000, -1.000000000000000000, 0.000000000000000000 ) ) ;
#7076 = VERTEX_POINT ( 'NONE', #9455 ) ;
#7077 = DIRECTION ( 'NONE',  ( -1.000000000000000000, 0.000000000000000000, 1.355252715606755804E-16 ) ) ;
#7078 = DIRECTION ( 'NONE',  ( -1.355252715606880049E-16, 0.000000000000000000, 1.000000000000000000 ) ) ;
#7079 = LINE ( 'NONE', #9389, #4354 ) ;
#7080 = EDGE_LOOP ( 'NONE', ( #377, #356, #7327, #4605, #8836, #1383 ) ) ;
#7081 = CARTESIAN_POINT ( 'NONE',  ( -0.4390192378864497535, 0.2000000000000000111, 0.1000000000000000472 ) ) ;
#7082 = VECTOR ( 'NONE', #3285, 1000.000000000000000 ) ;
#7083 = DIRECTION ( 'NONE',  ( 1.000000000000000000, 0.000000000000000000, 6.195440985631447034E-15 ) ) ;
#7084 = VERTEX_POINT ( 'NONE', #9356 ) ;
#7085 = EDGE_CURVE ( 'NONE', #9272, #5054, #7096, .T. ) ;
#7086 = EDGE_CURVE ( 'NONE', #6212, #6989, #8700, .T. ) ;
#7087 = CARTESIAN_POINT ( 'NONE',  ( -0.4999999999999908962, 0.1500000000000000222, 1.232500000000000373 ) ) ;
#7088 = CIRCLE ( 'NONE', #6433, 0.06249999999999984041 ) ;
#7089 = LINE ( 'NONE', #3936, #1202 ) ;
#7090 = DIRECTION ( 'NONE',  ( 1.000000000000000000, 0.000000000000000000, 6.195440985631447034E-15 ) ) ;
#7091 = EDGE_CURVE ( 'NONE', #6057, #8403, #4296, .T. ) ;
#7092 = CARTESIAN_POINT ( 'NONE',  ( 0.5000000000000000000, 0.1500000000000000222, 0.7324999999999994849 ) ) ;
#7093 = DIRECTION ( 'NONE',  ( -0.000000000000000000, -1.000000000000000000, -0.000000000000000000 ) ) ;
#7094 = DIRECTION ( 'NONE',  ( -1.000000000000000000, -0.000000000000000000, -0.000000000000000000 ) ) ;
#7095 = AXIS2_PLACEMENT_3D ( 'NONE', #9574, #5643, #185 ) ;
#7096 = LINE ( 'NONE', #109, #5086 ) ;
#7097 = DIRECTION ( 'NONE',  ( 1.000000000000000000, 0.000000000000000000, 0.000000000000000000 ) ) ;
#7098 = ORIENTED_EDGE ( 'NONE', *, *, #5713, .F. ) ;
#7099 = ADVANCED_FACE ( 'NONE', ( #265 ), #9599, .F. ) ;
#7100 = FACE_OUTER_BOUND ( 'NONE', #2843, .T. ) ;
#7101 = ORIENTED_EDGE ( 'NONE', *, *, #3995, .T. ) ;
#7102 = CARTESIAN_POINT ( 'NONE',  ( 0.4390192378864747891, 0.2000000000000000111, -0.3000000000000001554 ) ) ;
#7103 = VECTOR ( 'NONE', #5206, 1000.000000000000000 ) ;
#7104 = ORIENTED_EDGE ( 'NONE', *, *, #7750, .T. ) ;
#7105 = ORIENTED_EDGE ( 'NONE', *, *, #3842, .T. ) ;
#7106 = PLANE ( 'NONE',  #3211 ) ;
#7107 = EDGE_CURVE ( 'NONE', #8555, #7666, #8092, .T. ) ;
#7108 = ADVANCED_FACE ( 'NONE', ( #5718 ), #5818, .T. ) ;
#7109 = PRODUCT ( 'RCLAMP03348P.U', 'RCLAMP03348P.U', '', ( #9745 ) ) ;
#7110 = DIRECTION ( 'NONE',  ( 0.000000000000000000, 0.000000000000000000, -1.000000000000000000 ) ) ;
#7111 = LINE ( 'NONE', #6504, #8764 ) ;
#7112 = EDGE_LOOP ( 'NONE', ( #7764, #3788, #282, #8457 ) ) ;
#7113 = FACE_OUTER_BOUND ( 'NONE', #4182, .T. ) ;
#7114 = CARTESIAN_POINT ( 'NONE',  ( -0.5000000000000002220, 0.2000000000000000111, -1.784999999999999920 ) ) ;
#7115 = CARTESIAN_POINT ( 'NONE',  ( -0.4999999999999908962, 0.2000000000000000111, 0.8849999999999998979 ) ) ;
#7116 = ORIENTED_EDGE ( 'NONE', *, *, #9832, .T. ) ;
#7117 = ADVANCED_FACE ( 'NONE', ( #8187 ), #4341, .T. ) ;
#7118 = VECTOR ( 'NONE', #10, 1000.000000000000000 ) ;
#7119 = PLANE ( 'NONE',  #2165 ) ;
#7120 = LINE ( 'NONE', #8619, #5760 ) ;
#7121 = ORIENTED_EDGE ( 'NONE', *, *, #3770, .T. ) ;
#7122 = ORIENTED_EDGE ( 'NONE', *, *, #3005, .T. ) ;
#7123 = AXIS2_PLACEMENT_3D ( 'NONE', #799, #2964, #3924 ) ;
#7124 = VECTOR ( 'NONE', #5629, 1000.000000000000000 ) ;
#7125 = VERTEX_POINT ( 'NONE', #1186 ) ;
#7126 = CARTESIAN_POINT ( 'NONE',  ( -0.4390192378864581357, 0.2000000000000000111, 0.6999999999999998446 ) ) ;
#7127 = DIRECTION ( 'NONE',  ( 1.000000000000000000, -0.000000000000000000, -0.000000000000000000 ) ) ;
#7128 = PLANE ( 'NONE',  #3530 ) ;
#7129 = DIRECTION ( 'NONE',  ( -1.000000000000000000, 0.000000000000000000, -6.195440985631458867E-15 ) ) ;
#7130 = DIRECTION ( 'NONE',  ( 0.000000000000000000, 1.000000000000000000, 0.000000000000000000 ) ) ;
#7131 = ORIENTED_EDGE ( 'NONE', *, *, #1538, .T. ) ;
#7132 = DIRECTION ( 'NONE',  ( 0.8660254037844509201, -0.000000000000000000, -0.4999999999999786837 ) ) ;
#7133 = AXIS2_PLACEMENT_3D ( 'NONE', #41, #8724, #6267 ) ;
#7134 = VECTOR ( 'NONE', #5209, 1000.000000000000000 ) ;
#7135 = CARTESIAN_POINT ( 'NONE',  ( -0.4999999999999825695, 0.2000000000000000111, 0.3325000000000001843 ) ) ;
#7136 = EDGE_CURVE ( 'NONE', #333, #5631, #2769, .T. ) ;
#7137 = VERTEX_POINT ( 'NONE', #1083 ) ;
#7138 = ORIENTED_EDGE ( 'NONE', *, *, #9653, .F. ) ;
#7139 = EDGE_LOOP ( 'NONE', ( #2324, #398, #7325, #4713, #85, #973 ) ) ;
#7140 = AXIS2_PLACEMENT_3D ( 'NONE', #4237, #361, #2710 ) ;
#7141 = DIRECTION ( 'NONE',  ( -1.000000000000000000, 0.000000000000000000, 0.000000000000000000 ) ) ;
#7142 = ORIENTED_EDGE ( 'NONE', *, *, #7622, .T. ) ;
#7143 = LINE ( 'NONE', #7743, #2670 ) ;
#7144 = CARTESIAN_POINT ( 'NONE',  ( -0.4999999999999825695, 0.2000000000000000111, 0.08500000000000000611 ) ) ;
#7145 = EDGE_CURVE ( 'NONE', #333, #1041, #1136, .T. ) ;
#7146 = EDGE_CURVE ( 'NONE', #8872, #6464, #5765, .T. ) ;
#7147 = DIRECTION ( 'NONE',  ( 0.000000000000000000, -0.000000000000000000, -1.000000000000000000 ) ) ;
#7148 = LINE ( 'NONE', #3184, #8646 ) ;
#7149 = LINE ( 'NONE', #6536, #1801 ) ;
#7150 = DIRECTION ( 'NONE',  ( -1.000000000000000000, 0.000000000000000000, 0.000000000000000000 ) ) ;
#7151 = LINE ( 'NONE', #3282, #1632 ) ;
#7152 = SURFACE_STYLE_USAGE ( .BOTH. , #7893 ) ;
#7153 = CARTESIAN_POINT ( 'NONE',  ( 0.4999999999999997780, 0.2000000000000000111, -1.632500000000000284 ) ) ;
#7154 = EDGE_CURVE ( 'NONE', #2029, #9418, #1231, .T. ) ;
#7155 = FILL_AREA_STYLE_COLOUR ( '', #5234 ) ;
#7156 = VERTEX_POINT ( 'NONE', #6590 ) ;
#7157 = ORIENTED_EDGE ( 'NONE', *, *, #6074, .F. ) ;
#7158 = AXIS2_PLACEMENT_3D ( 'NONE', #7410, #431, #3548 ) ;
#7159 = CARTESIAN_POINT ( 'NONE',  ( -0.2000000000000002609, 0.05000000000000000278, 0.000000000000000000 ) ) ;
#7160 = CARTESIAN_POINT ( 'NONE',  ( 0.000000000000000000, 0.1500000000000000222, 0.000000000000000000 ) ) ;
#7161 = PLANE ( 'NONE',  #6062 ) ;
#7162 = VERTEX_POINT ( 'NONE', #2718 ) ;
#7163 = DIRECTION ( 'NONE',  ( 0.000000000000000000, 1.000000000000000000, 0.000000000000000000 ) ) ;
#7164 = LINE ( 'NONE', #1613, #8082 ) ;
#7165 = DIRECTION ( 'NONE',  ( 0.000000000000000000, 0.000000000000000000, -1.000000000000000000 ) ) ;
#7166 = ORIENTED_EDGE ( 'NONE', *, *, #8372, .T. ) ;
#7167 = EDGE_CURVE ( 'NONE', #6626, #1545, #4200, .T. ) ;
#7168 = CARTESIAN_POINT ( 'NONE',  ( -0.3999999999999907518, 0.1500000000000000222, -0.4675000000000000266 ) ) ;
#7169 = DIRECTION ( 'NONE',  ( -2.710505431213760099E-16, 0.000000000000000000, -1.000000000000000000 ) ) ;
#7170 = AXIS2_PLACEMENT_3D ( 'NONE', #4807, #4905, #4160 ) ;
#7171 = VERTEX_POINT ( 'NONE', #8041 ) ;
#7172 = ORIENTED_EDGE ( 'NONE', *, *, #7492, .F. ) ;
#7173 = VERTEX_POINT ( 'NONE', #6492 ) ;
#7174 = CARTESIAN_POINT ( 'NONE',  ( -0.4999999999999908962, 0.2000000000000000111, 0.8849999999999998979 ) ) ;
#7175 = PLANE ( 'NONE',  #426 ) ;
#7176 = ADVANCED_FACE ( 'NONE', ( #3587 ), #8901, .F. ) ;
#7177 = ADVANCED_FACE ( 'NONE', ( #8952 ), #6689, .F. ) ;
#7178 = FACE_OUTER_BOUND ( 'NONE', #677, .T. ) ;
#7179 = CARTESIAN_POINT ( 'NONE',  ( -0.4390192378864581357, 0.2000000000000000111, -0.9000000000000000222 ) ) ;
#7180 = VECTOR ( 'NONE', #9846, 1000.000000000000000 ) ;
#7181 = DIRECTION ( 'NONE',  ( 0.000000000000000000, 1.000000000000000000, 0.000000000000000000 ) ) ;
#7182 = ORIENTED_EDGE ( 'NONE', *, *, #6064, .F. ) ;
#7183 = CARTESIAN_POINT ( 'NONE',  ( 0.5000000000000091038, 0.2000000000000000111, 1.237500000000000266 ) ) ;
#7184 = LINE ( 'NONE', #3171, #3486 ) ;
#7185 = EDGE_CURVE ( 'NONE', #1177, #8853, #5099, .T. ) ;
#7186 = CARTESIAN_POINT ( 'NONE',  ( -0.2000000000000002609, 0.2000000000000000111, -1.599999999999999867 ) ) ;
#7187 = ORIENTED_EDGE ( 'NONE', *, *, #4318, .T. ) ;
#7188 =( GEOMETRIC_REPRESENTATION_CONTEXT ( 3 ) GLOBAL_UNCERTAINTY_ASSIGNED_CONTEXT ( ( #1962 ) ) GLOBAL_UNIT_ASSIGNED_CONTEXT ( ( #6768, #5889, #5944 ) ) REPRESENTATION_CONTEXT ( 'NONE', 'WORKASPACE' ) );
#7189 = ORIENTED_EDGE ( 'NONE', *, *, #5764, .T. ) ;
#7190 = EDGE_LOOP ( 'NONE', ( #6303, #7612, #9607, #9375 ) ) ;
#7191 = LINE ( 'NONE', #198, #8714 ) ;
#7192 = ORIENTED_EDGE ( 'NONE', *, *, #9990, .F. ) ;
#7193 = VECTOR ( 'NONE', #6340, 1000.000000000000000 ) ;
#7194 = CARTESIAN_POINT ( 'NONE',  ( -0.4999999999999908962, 0.2000000000000000111, -1.232500000000000817 ) ) ;
#7195 = DIRECTION ( 'NONE',  ( 6.195440985631447034E-15, -0.000000000000000000, 1.000000000000000000 ) ) ;
#7196 = AXIS2_PLACEMENT_3D ( 'NONE', #2614, #8742, #8791 ) ;
#7197 = DIRECTION ( 'NONE',  ( -0.8660254037844378194, 0.000000000000000000, 0.5000000000000013323 ) ) ;
#7198 = EDGE_CURVE ( 'NONE', #225, #8887, #8793, .T. ) ;
#7199 = CARTESIAN_POINT ( 'NONE',  ( 0.000000000000000000, 0.1500000000000000222, 0.000000000000000000 ) ) ;
#7200 = DIRECTION ( 'NONE',  ( 0.000000000000000000, 0.000000000000000000, -1.000000000000000000 ) ) ;
#7201 = PLANE ( 'NONE',  #4 ) ;
#7202 = VERTEX_POINT ( 'NONE', #317 ) ;
#7203 = VECTOR ( 'NONE', #5541, 1000.000000000000000 ) ;
#7204 =( LENGTH_UNIT ( ) NAMED_UNIT ( * ) SI_UNIT ( .MILLI., .METRE. ) );
#7205 = CARTESIAN_POINT ( 'NONE',  ( -0.4649999999999908651, 0.2000000000000000111, -0.7149999999999997469 ) ) ;
#7206 = ORIENTED_EDGE ( 'NONE', *, *, #3228, .T. ) ;
#7207 = LINE ( 'NONE', #8604, #1486 ) ;
#7208 = EDGE_LOOP ( 'NONE', ( #2236, #5536, #1914, #5837 ) ) ;
#7209 = VERTEX_POINT ( 'NONE', #5919 ) ;
#7210 = ADVANCED_FACE ( 'NONE', ( #9007 ), #3436, .T. ) ;
#7211 = CARTESIAN_POINT ( 'NONE',  ( -0.4649999999999908651, 0.2000000000000000111, 0.8850000000000001199 ) ) ;
#7212 = MECHANICAL_DESIGN_GEOMETRIC_PRESENTATION_REPRESENTATION (  '', ( #6394 ), #5085 ) ;
#7213 = VECTOR ( 'NONE', #696, 1000.000000000000000 ) ;
#7214 = EDGE_CURVE ( 'NONE', #2372, #8000, #9300, .T. ) ;
#7215 = CARTESIAN_POINT ( 'NONE',  ( -0.3999999999999907518, 0.1500000000000000222, 0.3325000000000001843 ) ) ;
#7216 = FACE_OUTER_BOUND ( 'NONE', #3251, .T. ) ;
#7217 = EDGE_CURVE ( 'NONE', #1398, #4519, #8486, .T. ) ;
#7218 = CARTESIAN_POINT ( 'NONE',  ( -0.4994662411746131903, 0.05000000000000000278, 0.8651009063798773546 ) ) ;
#7219 = DIRECTION ( 'NONE',  ( 0.8660254037844509201, 0.000000000000000000, -0.4999999999999786837 ) ) ;
#7220 = ORIENTED_EDGE ( 'NONE', *, *, #320, .T. ) ;
#7221 = FACE_OUTER_BOUND ( 'NONE', #6597, .T. ) ;
#7222 = CIRCLE ( 'NONE', #2187, 0.06249999999999984041 ) ;
#7223 = CARTESIAN_POINT ( 'NONE',  ( -0.4649999999999908651, 0.2000000000000000111, -0.7149999999999997469 ) ) ;
#7224 = AXIS2_PLACEMENT_3D ( 'NONE', #4788, #3327, #53 ) ;
#7225 = CARTESIAN_POINT ( 'NONE',  ( 0.4999999999999997780, 0.2000000000000000111, -1.300000000000000266 ) ) ;
#7226 = ORIENTED_EDGE ( 'NONE', *, *, #3825, .T. ) ;
#7227 = ORIENTED_EDGE ( 'NONE', *, *, #8626, .T. ) ;
#7228 = ORIENTED_EDGE ( 'NONE', *, *, #911, .F. ) ;
#7229 = DIRECTION ( 'NONE',  ( 0.000000000000000000, 0.000000000000000000, 1.000000000000000000 ) ) ;
#7230 = VECTOR ( 'NONE', #3873, 1000.000000000000000 ) ;
#7231 = DIRECTION ( 'NONE',  ( -0.8660254037844509201, -0.000000000000000000, -0.4999999999999786837 ) ) ;
#7232 = VECTOR ( 'NONE', #5388, 1000.000000000000114 ) ;
#7233 = DIRECTION ( 'NONE',  ( 0.000000000000000000, -1.000000000000000000, 0.000000000000000000 ) ) ;
#7234 = CARTESIAN_POINT ( 'NONE',  ( 0.2000000000000089762, 0.2000000000000000111, -1.237500000000000266 ) ) ;
#7235 = VERTEX_POINT ( 'NONE', #7695 ) ;
#7236 = CARTESIAN_POINT ( 'NONE',  ( 0.3999999999999998557, 0.2000000000000000111, -0.7324999999999998179 ) ) ;
#7237 = CARTESIAN_POINT ( 'NONE',  ( -0.4999999999999824585, 0.1500000000000000222, -0.3324999999999999623 ) ) ;
#7238 = LINE ( 'NONE', #8368, #5442 ) ;
#7239 = ORIENTED_EDGE ( 'NONE', *, *, #5354, .F. ) ;
#7240 = ORIENTED_EDGE ( 'NONE', *, *, #3044, .T. ) ;
#7241 = DIRECTION ( 'NONE',  ( 0.000000000000000000, -1.000000000000000000, 0.000000000000000000 ) ) ;
#7242 = VERTEX_POINT ( 'NONE', #5360 ) ;
#7243 = CARTESIAN_POINT ( 'NONE',  ( 0.4650000000000091283, 0.2000000000000000111, -0.4850000000000004308 ) ) ;
#7244 = CARTESIAN_POINT ( 'NONE',  ( -5.482965272283849444E-15, 0.05000000000000000278, 0.8850000000000031175 ) ) ;
#7245 = ADVANCED_FACE ( 'NONE', ( #3743 ), #6843, .T. ) ;
#7246 = VECTOR ( 'NONE', #2309, 1000.000000000000000 ) ;
#7247 = LINE ( 'NONE', #2565, #9677 ) ;
#7248 = CARTESIAN_POINT ( 'NONE',  ( -0.4999999999999825695, 0.1500000000000000222, 0.3325000000000001843 ) ) ;
#7249 = DIRECTION ( 'NONE',  ( 1.000000000000000000, 0.000000000000000000, -6.195440985631447034E-15 ) ) ;
#7250 = DIRECTION ( 'NONE',  ( 0.000000000000000000, -1.000000000000000000, 0.000000000000000000 ) ) ;
#7251 = DIRECTION ( 'NONE',  ( 0.000000000000000000, 1.000000000000000000, 0.000000000000000000 ) ) ;
#7252 = VERTEX_POINT ( 'NONE', #1433 ) ;
#7253 =( NAMED_UNIT ( * ) SI_UNIT ( $, .STERADIAN. ) SOLID_ANGLE_UNIT ( ) );
#7254 = CARTESIAN_POINT ( 'NONE',  ( -0.4390192378864674616, 0.2000000000000000111, 1.800000000000000044 ) ) ;
#7255 = EDGE_CURVE ( 'NONE', #221, #5273, #717, .T. ) ;
#7256 = ORIENTED_EDGE ( 'NONE', *, *, #5298, .T. ) ;
#7257 = CARTESIAN_POINT ( 'NONE',  ( 0.5000000000000000000, 0.2000000000000000111, 0.8675000000000002709 ) ) ;
#7258 = ORIENTED_EDGE ( 'NONE', *, *, #246, .T. ) ;
#7259 = ORIENTED_EDGE ( 'NONE', *, *, #8025, .F. ) ;
#7260 = AXIS2_PLACEMENT_3D ( 'NONE', #294, #5600, #4922 ) ;
#7261 = DIRECTION ( 'NONE',  ( -1.000000000000000000, 0.000000000000000000, 2.710505431213760099E-16 ) ) ;
#7262 = DIRECTION ( 'NONE',  ( -0.000000000000000000, -1.000000000000000000, -0.000000000000000000 ) ) ;
#7263 = DIRECTION ( 'NONE',  ( 0.000000000000000000, -1.000000000000000000, 0.000000000000000000 ) ) ;
#7264 = CARTESIAN_POINT ( 'NONE',  ( -0.4994662411746131903, 0.05000000000000000278, -0.8651009063798773546 ) ) ;
#7265 = VERTEX_POINT ( 'NONE', #9891 ) ;
#7266 = DIRECTION ( 'NONE',  ( 0.000000000000000000, -1.000000000000000000, 0.000000000000000000 ) ) ;
#7267 = VECTOR ( 'NONE', #5740, 1000.000000000000000 ) ;
#7268 = DIRECTION ( 'NONE',  ( -1.000000000000000000, 0.000000000000000000, -6.195440985631447034E-15 ) ) ;
#7269 = ADVANCED_FACE ( 'NONE', ( #3029 ), #7549, .F. ) ;
#7270 = LINE ( 'NONE', #9381, #2148 ) ;
#7271 = ORIENTED_EDGE ( 'NONE', *, *, #2087, .T. ) ;
#7272 = ORIENTED_EDGE ( 'NONE', *, *, #7295, .T. ) ;
#7273 = DIRECTION ( 'NONE',  ( 1.000000000000000000, 0.000000000000000000, 0.000000000000000000 ) ) ;
#7274 = EDGE_CURVE ( 'NONE', #7469, #6880, #8433, .T. ) ;
#7275 = ORIENTED_EDGE ( 'NONE', *, *, #7286, .T. ) ;
#7276 = LINE ( 'NONE', #2441, #6123 ) ;
#7277 = VECTOR ( 'NONE', #2128, 1000.000000000000000 ) ;
#7278 = VECTOR ( 'NONE', #6686, 1000.000000000000000 ) ;
#7279 = CARTESIAN_POINT ( 'NONE',  ( 0.4390192378864654077, 0.000000000000000000, 1.200000000000000178 ) ) ;
#7280 = DIRECTION ( 'NONE',  ( -1.000000000000000000, -0.000000000000000000, 6.195440985631458078E-15 ) ) ;
#7281 = LINE ( 'NONE', #9730, #5506 ) ;
#7282 = ORIENTED_EDGE ( 'NONE', *, *, #817, .T. ) ;
#7283 = DIRECTION ( 'NONE',  ( 0.000000000000000000, -1.000000000000000000, 0.000000000000000000 ) ) ;
#7284 = LINE ( 'NONE', #3420, #8961 ) ;
#7285 = DIRECTION ( 'NONE',  ( 0.000000000000000000, 1.000000000000000000, 0.000000000000000000 ) ) ;
#7286 = EDGE_CURVE ( 'NONE', #2508, #3983, #5201, .T. ) ;
#7287 = AXIS2_PLACEMENT_3D ( 'NONE', #2696, #491, #3611 ) ;
#7288 = AXIS2_PLACEMENT_3D ( 'NONE', #9087, #5904, #8996 ) ;
#7289 = VERTEX_POINT ( 'NONE', #2928 ) ;
#7290 = ORIENTED_EDGE ( 'NONE', *, *, #1425, .F. ) ;
#7291 = AXIS2_PLACEMENT_3D ( 'NONE', #5746, #1064, #1116 ) ;
#7292 = VERTEX_POINT ( 'NONE', #666 ) ;
#7293 = PRESENTATION_LAYER_ASSIGNMENT (  '', '', ( #8561 ) ) ;
#7294 = DIRECTION ( 'NONE',  ( -1.000000000000000000, 0.000000000000000000, 6.195440985631458078E-15 ) ) ;
#7295 = EDGE_CURVE ( 'NONE', #4769, #4878, #7499, .T. ) ;
#7296 = EDGE_CURVE ( 'NONE', #3306, #9247, #9252, .T. ) ;
#7297 = AXIS2_PLACEMENT_3D ( 'NONE', #3675, #2099, #8129 ) ;
#7298 = DIRECTION ( 'NONE',  ( 1.000000000000000000, 0.000000000000000000, 0.000000000000000000 ) ) ;
#7299 = LINE ( 'NONE', #1134, #7909 ) ;
#7300 = DIRECTION ( 'NONE',  ( 1.000000000000000000, -0.000000000000000000, -6.195440985631447034E-15 ) ) ;
#7301 = CARTESIAN_POINT ( 'NONE',  ( -0.06749999999999997669, 0.1500000000000000222, 1.899999999999999911 ) ) ;
#7302 = CARTESIAN_POINT ( 'NONE',  ( -0.4999999999999825695, 0.1500000000000000222, 0.4675000000000001932 ) ) ;
#7303 = LINE ( 'NONE', #5048, #7 ) ;
#7304 = VERTEX_POINT ( 'NONE', #3638 ) ;
#7305 = SURFACE_STYLE_FILL_AREA ( #929 ) ;
#7306 = ADVANCED_FACE ( 'NONE', ( #6016 ), #4540, .F. ) ;
#7307 = LINE ( 'NONE', #323, #8352 ) ;
#7308 = VERTEX_POINT ( 'NONE', #5970 ) ;
#7309 = VERTEX_POINT ( 'NONE', #3794 ) ;
#7310 = EDGE_LOOP ( 'NONE', ( #2892, #7624, #253, #8306 ) ) ;
#7311 = LINE ( 'NONE', #9710, #2563 ) ;
#7312 = SURFACE_STYLE_USAGE ( .BOTH. , #4209 ) ;
#7313 = FACE_OUTER_BOUND ( 'NONE', #3579, .T. ) ;
#7314 = EDGE_LOOP ( 'NONE', ( #5559, #8522, #9384, #2293 ) ) ;
#7315 = CARTESIAN_POINT ( 'NONE',  ( -0.4999999999999908962, 0.2000000000000000111, -1.367499999999999494 ) ) ;
#7316 = EDGE_CURVE ( 'NONE', #3569, #9447, #6746, .T. ) ;
#7317 = CARTESIAN_POINT ( 'NONE',  ( 0.000000000000000000, 0.2000000000000000111, 0.000000000000000000 ) ) ;
#7318 = CARTESIAN_POINT ( 'NONE',  ( -0.4649999999999908651, 0.2000000000000000111, -0.8850000000000001199 ) ) ;
#7319 = ORIENTED_EDGE ( 'NONE', *, *, #9401, .F. ) ;
#7320 = FACE_OUTER_BOUND ( 'NONE', #6695, .T. ) ;
#7321 = DIRECTION ( 'NONE',  ( -1.000000000000000000, 0.000000000000000000, -6.195440985631447034E-15 ) ) ;
#7322 = CARTESIAN_POINT ( 'NONE',  ( 0.4999999999999997780, 0.2000000000000000111, 0.7999999999999999334 ) ) ;
#7323 = ORIENTED_EDGE ( 'NONE', *, *, #4693, .T. ) ;
#7324 = AXIS2_PLACEMENT_3D ( 'NONE', #8811, #1864, #4963 ) ;
#7325 = ORIENTED_EDGE ( 'NONE', *, *, #5681, .F. ) ;
#7326 = CARTESIAN_POINT ( 'NONE',  ( 0.000000000000000000, 0.2000000000000000111, 0.000000000000000000 ) ) ;
#7327 = ORIENTED_EDGE ( 'NONE', *, *, #1427, .T. ) ;
#7328 = CARTESIAN_POINT ( 'NONE',  ( 0.4390192378864747891, 0.2000000000000000111, 0.3000000000000001554 ) ) ;
#7329 = FACE_OUTER_BOUND ( 'NONE', #6929, .T. ) ;
#7330 = EDGE_CURVE ( 'NONE', #2581, #1802, #2876, .T. ) ;
#7331 = DIRECTION ( 'NONE',  ( -1.355252715606880049E-16, 0.000000000000000000, -1.000000000000000000 ) ) ;
#7332 = ORIENTED_EDGE ( 'NONE', *, *, #2829, .T. ) ;
#7333 = DIRECTION ( 'NONE',  ( 1.000000000000000000, -0.000000000000000000, 1.355252715606880049E-16 ) ) ;
#7334 = AXIS2_PLACEMENT_3D ( 'NONE', #5435, #7062, #9369 ) ;
#7335 = CARTESIAN_POINT ( 'NONE',  ( 0.4649999999999997469, 0.2000000000000000111, 1.214999999999999858 ) ) ;
#7336 = VERTEX_POINT ( 'NONE', #6121 ) ;
#7337 = EDGE_LOOP ( 'NONE', ( #7966, #1766, #6660, #1752 ) ) ;
#7338 = VECTOR ( 'NONE', #7249, 1000.000000000000000 ) ;
#7339 = EDGE_CURVE ( 'NONE', #6298, #7460, #9205, .T. ) ;
#7340 = LINE ( 'NONE', #4139, #1919 ) ;
#7341 = CARTESIAN_POINT ( 'NONE',  ( 0.000000000000000000, 0.05000000000000000278, 0.1000000000000000472 ) ) ;
#7342 = ORIENTED_EDGE ( 'NONE', *, *, #1689, .F. ) ;
#7343 = ADVANCED_FACE ( 'NONE', ( #569 ), #2262, .F. ) ;
#7344 = PLANE ( 'NONE',  #9464 ) ;
#7345 = AXIS2_PLACEMENT_3D ( 'NONE', #6184, #2315, #2365 ) ;
#7346 = ORIENTED_EDGE ( 'NONE', *, *, #9566, .F. ) ;
#7347 = LINE ( 'NONE', #7985, #8234 ) ;
#7348 = VECTOR ( 'NONE', #5986, 1000.000000000000000 ) ;
#7349 = ADVANCED_FACE ( 'NONE', ( #1379 ), #4485, .F. ) ;
#7350 = DIRECTION ( 'NONE',  ( 1.000000000000000000, 0.000000000000000000, 0.000000000000000000 ) ) ;
#7351 = DIRECTION ( 'NONE',  ( 0.000000000000000000, 0.000000000000000000, 1.000000000000000000 ) ) ;
#7352 = DIRECTION ( 'NONE',  ( 0.000000000000000000, 1.000000000000000000, 0.000000000000000000 ) ) ;
#7353 = DIRECTION ( 'NONE',  ( 1.000000000000000000, -0.000000000000000000, -1.084202172485502265E-15 ) ) ;
#7354 = CARTESIAN_POINT ( 'NONE',  ( 0.2000000000000090317, 0.2000000000000000111, 1.400000000000000133 ) ) ;
#7355 = VECTOR ( 'NONE', #8990, 1000.000000000000000 ) ;
#7356 = VERTEX_POINT ( 'NONE', #865 ) ;
#7357 = UNCERTAINTY_MEASURE_WITH_UNIT (LENGTH_MEASURE( 1.000000000000000082E-05 ), #4670, 'distance_accuracy_value', 'NONE');
#7358 = EDGE_LOOP ( 'NONE', ( #3304, #2349, #728, #309 ) ) ;
#7359 =( NAMED_UNIT ( * ) PLANE_ANGLE_UNIT ( ) SI_UNIT ( $, .RADIAN. ) );
#7360 = LINE ( 'NONE', #5210, #5040 ) ;
#7361 = ADVANCED_FACE ( 'NONE', ( #5461 ), #6327, .T. ) ;
#7362 = ORIENTED_EDGE ( 'NONE', *, *, #2008, .F. ) ;
#7363 = VECTOR ( 'NONE', #1982, 1000.000000000000000 ) ;
#7364 = LINE ( 'NONE', #279, #7453 ) ;
#7365 = CARTESIAN_POINT ( 'NONE',  ( 0.7159725921206969712, 0.05000000000000000278, -1.240100906379905998 ) ) ;
#7366 = ORIENTED_EDGE ( 'NONE', *, *, #7000, .T. ) ;
#7367 = DIRECTION ( 'NONE',  ( -0.000000000000000000, 1.000000000000000000, -0.000000000000000000 ) ) ;
#7368 = ADVANCED_FACE ( 'NONE', ( #1586 ), #8694, .T. ) ;
#7369 = PLANE ( 'NONE',  #7861 ) ;
#7370 = DIRECTION ( 'NONE',  ( -0.000000000000000000, -0.000000000000000000, -1.000000000000000000 ) ) ;
#7371 = COLOUR_RGB ( '',0.7921568627450980005, 0.8196078431372548767, 0.9333333333333333481 ) ;
#7372 = ORIENTED_EDGE ( 'NONE', *, *, #8327, .T. ) ;
#7373 = VECTOR ( 'NONE', #8966, 1000.000000000000000 ) ;
#7374 = EDGE_LOOP ( 'NONE', ( #4901, #9712, #8975, #2137 ) ) ;
#7375 = FACE_OUTER_BOUND ( 'NONE', #8154, .T. ) ;
#7376 = ORIENTED_EDGE ( 'NONE', *, *, #131, .F. ) ;
#7377 = LINE ( 'NONE', #5991, #8389 ) ;
#7378 = DIRECTION ( 'NONE',  ( 0.000000000000000000, 0.000000000000000000, 1.000000000000000000 ) ) ;
#7379 = ORIENTED_EDGE ( 'NONE', *, *, #7038, .T. ) ;
#7380 = DIRECTION ( 'NONE',  ( -0.000000000000000000, -1.000000000000000000, -0.000000000000000000 ) ) ;
#7381 = AXIS2_PLACEMENT_3D ( 'NONE', #4275, #7383, #3573 ) ;
#7382 = DIRECTION ( 'NONE',  ( 0.000000000000000000, 1.000000000000000000, 0.000000000000000000 ) ) ;
#7383 = DIRECTION ( 'NONE',  ( 1.000000000000000000, 0.000000000000000000, -0.000000000000000000 ) ) ;
#7384 = VERTEX_POINT ( 'NONE', #6227 ) ;
#7385 = EDGE_CURVE ( 'NONE', #5604, #2391, #4691, .T. ) ;
#7386 = CIRCLE ( 'NONE', #7067, 0.06250000000000000000 ) ;
#7387 = ORIENTED_EDGE ( 'NONE', *, *, #4547, .T. ) ;
#7388 = AXIS2_PLACEMENT_3D ( 'NONE', #7825, #5400, #8479 ) ;
#7389 = DIRECTION ( 'NONE',  ( -0.000000000000000000, 1.000000000000000000, -0.000000000000000000 ) ) ;
#7390 = DIRECTION ( 'NONE',  ( 0.000000000000000000, -1.000000000000000000, 0.000000000000000000 ) ) ;
#7391 = ORIENTED_EDGE ( 'NONE', *, *, #6015, .F. ) ;
#7392 = LINE ( 'NONE', #3476, #5602 ) ;
#7393 = EDGE_CURVE ( 'NONE', #5124, #1352, #7089, .T. ) ;
#7394 = EDGE_CURVE ( 'NONE', #3832, #6346, #5615, .T. ) ;
#7395 = DIRECTION ( 'NONE',  ( 0.000000000000000000, 1.000000000000000000, 0.000000000000000000 ) ) ;
#7396 = DIRECTION ( 'NONE',  ( 1.000000000000000000, -0.000000000000000000, -6.195440985631458078E-15 ) ) ;
#7397 = CARTESIAN_POINT ( 'NONE',  ( 0.2000000000000183853, 0.2000000000000000111, 0.3000000000000001554 ) ) ;
#7398 = CARTESIAN_POINT ( 'NONE',  ( 0.5000000000000000000, 0.1500000000000000222, 0.8675000000000002709 ) ) ;
#7399 = CARTESIAN_POINT ( 'NONE',  ( -0.4390192378864581357, 0.2000000000000000111, -0.6999999999999998446 ) ) ;
#7400 = DIRECTION ( 'NONE',  ( 0.000000000000000000, 0.000000000000000000, -1.000000000000000000 ) ) ;
#7401 = ADVANCED_FACE ( 'NONE', ( #6993 ), #8641, .T. ) ;
#7402 = ORIENTED_EDGE ( 'NONE', *, *, #1479, .F. ) ;
#7403 = LINE ( 'NONE', #9611, #6953 ) ;
#7404 = LINE ( 'NONE', #1912, #4839 ) ;
#7405 = CARTESIAN_POINT ( 'NONE',  ( -0.4650000000000002465, 0.000000000000000000, 1.785000000000000142 ) ) ;
#7406 =( GEOMETRIC_REPRESENTATION_CONTEXT ( 3 ) GLOBAL_UNCERTAINTY_ASSIGNED_CONTEXT ( ( #1076 ) ) GLOBAL_UNIT_ASSIGNED_CONTEXT ( ( #9044, #2145, #7640 ) ) REPRESENTATION_CONTEXT ( 'NONE', 'WORKASPACE' ) );
#7407 = VERTEX_POINT ( 'NONE', #1685 ) ;
#7408 = CARTESIAN_POINT ( 'NONE',  ( -0.4390192378864581357, 0.04999999999999999584, 0.6999999999999998446 ) ) ;
#7409 = EDGE_CURVE ( 'NONE', #5702, #6402, #7833, .T. ) ;
#7410 = CARTESIAN_POINT ( 'NONE',  ( -0.3250000000000001776, 0.5500000000000000444, -1.724999999999999867 ) ) ;
#7411 = ORIENTED_EDGE ( 'NONE', *, *, #1050, .T. ) ;
#7412 = SURFACE_STYLE_USAGE ( .BOTH. , #9810 ) ;
#7413 = DIRECTION ( 'NONE',  ( 0.8660254037844509201, 0.000000000000000000, -0.4999999999999786837 ) ) ;
#7414 = DIRECTION ( 'NONE',  ( -0.8660254037844378194, -0.000000000000000000, 0.5000000000000013323 ) ) ;
#7415 = ADVANCED_FACE ( 'NONE', ( #6376 ), #4089, .F. ) ;
#7416 = ADVANCED_FACE ( 'NONE', ( #100 ), #6278, .T. ) ;
#7417 = VERTEX_POINT ( 'NONE', #7194 ) ;
#7418 = EDGE_LOOP ( 'NONE', ( #1171, #31, #5772, #8731 ) ) ;
#7419 = DIRECTION ( 'NONE',  ( 1.000000000000000000, 0.000000000000000000, 0.000000000000000000 ) ) ;
#7420 = ORIENTED_EDGE ( 'NONE', *, *, #1985, .F. ) ;
#7421 = ORIENTED_EDGE ( 'NONE', *, *, #8079, .F. ) ;
#7422 = FACE_OUTER_BOUND ( 'NONE', #1148, .T. ) ;
#7423 = EDGE_CURVE ( 'NONE', #5334, #5682, #9346, .T. ) ;
#7424 = FILL_AREA_STYLE_COLOUR ( '', #6694 ) ;
#7425 = CARTESIAN_POINT ( 'NONE',  ( -0.5000000000000002220, 0.2000000000000000111, 1.784999999999999920 ) ) ;
#7426 = FACE_OUTER_BOUND ( 'NONE', #5288, .T. ) ;
#7427 = LINE ( 'NONE', #3417, #289 ) ;
#7428 = ORIENTED_EDGE ( 'NONE', *, *, #5466, .F. ) ;
#7429 = DIRECTION ( 'NONE',  ( 0.000000000000000000, -0.000000000000000000, -1.000000000000000000 ) ) ;
#7430 = CLOSED_SHELL ( 'NONE', ( #388, #3139, #7306, #7269, #4552, #3308 ) ) ;
#7431 = DIRECTION ( 'NONE',  ( 0.000000000000000000, 1.000000000000000000, 0.000000000000000000 ) ) ;
#7432 = DIRECTION ( 'NONE',  ( -1.000000000000000000, -0.000000000000000000, -0.000000000000000000 ) ) ;
#7433 = VERTEX_POINT ( 'NONE', #5515 ) ;
#7434 = VECTOR ( 'NONE', #5715, 1000.000000000000000 ) ;
#7435 = VECTOR ( 'NONE', #687, 1000.000000000000000 ) ;
#7436 = EDGE_LOOP ( 'NONE', ( #3455, #1568, #2078, #9118 ) ) ;
#7437 = LINE ( 'NONE', #458, #1424 ) ;
#7438 = CARTESIAN_POINT ( 'NONE',  ( 0.5000000000000091038, 0.2000000000000000111, 1.300000000000000266 ) ) ;
#7439 = ORIENTED_EDGE ( 'NONE', *, *, #2199, .T. ) ;
#7440 = ADVANCED_FACE ( 'NONE', ( #201 ), #1635, .F. ) ;
#7441 = DIRECTION ( 'NONE',  ( 0.000000000000000000, 1.000000000000000000, 0.000000000000000000 ) ) ;
#7442 = VECTOR ( 'NONE', #334, 1000.000000000000000 ) ;
#7443 = VECTOR ( 'NONE', #9050, 1000.000000000000000 ) ;
#7444 = ORIENTED_EDGE ( 'NONE', *, *, #3499, .F. ) ;
#7445 = VECTOR ( 'NONE', #1708, 1000.000000000000000 ) ;
#7446 = FACE_OUTER_BOUND ( 'NONE', #312, .T. ) ;
#7447 = VECTOR ( 'NONE', #6396, 1000.000000000000000 ) ;
#7448 = DIRECTION ( 'NONE',  ( -0.000000000000000000, -1.000000000000000000, -0.000000000000000000 ) ) ;
#7449 = PLANE ( 'NONE',  #2303 ) ;
#7450 = EDGE_CURVE ( 'NONE', #3003, #5952, #9398, .T. ) ;
#7451 = DIRECTION ( 'NONE',  ( -1.000000000000000000, 0.000000000000000000, 0.000000000000000000 ) ) ;
#7452 = DIRECTION ( 'NONE',  ( -0.000000000000000000, -0.000000000000000000, -1.000000000000000000 ) ) ;
#7453 = VECTOR ( 'NONE', #384, 1000.000000000000000 ) ;
#7454 = LINE ( 'NONE', #6796, #7874 ) ;
#7455 = EDGE_LOOP ( 'NONE', ( #4448, #8043, #9772, #4377, #1698, #3234 ) ) ;
#7456 = ORIENTED_EDGE ( 'NONE', *, *, #6423, .F. ) ;
#7457 = ORIENTED_EDGE ( 'NONE', *, *, #6692, .T. ) ;
#7458 = PRESENTATION_STYLE_ASSIGNMENT (( #8807 ) ) ;
#7459 = CARTESIAN_POINT ( 'NONE',  ( -0.1999999999999825528, 0.000000000000000000, -0.1000000000000000472 ) ) ;
#7460 = VERTEX_POINT ( 'NONE', #2560 ) ;
#7461 = EDGE_CURVE ( 'NONE', #8893, #2033, #6429, .T. ) ;
#7462 = CARTESIAN_POINT ( 'NONE',  ( 0.5000000000000091038, 0.2000000000000000111, -1.300000000000000266 ) ) ;
#7463 = FACE_OUTER_BOUND ( 'NONE', #7691, .T. ) ;
#7464 = ORIENTED_EDGE ( 'NONE', *, *, #9850, .F. ) ;
#7465 = EDGE_CURVE ( 'NONE', #7265, #828, #7143, .T. ) ;
#7466 = FILL_AREA_STYLE ('',( #9716 ) ) ;
#7467 = DIRECTION ( 'NONE',  ( -0.000000000000000000, -0.000000000000000000, 1.000000000000000000 ) ) ;
#7468 = CARTESIAN_POINT ( 'NONE',  ( 0.2000000000000090039, 0.2000000000000000111, -1.200000000000000178 ) ) ;
#7469 = VERTEX_POINT ( 'NONE', #1533 ) ;
#7470 = EDGE_LOOP ( 'NONE', ( #7138, #9216, #3100, #4284 ) ) ;
#7471 = EDGE_CURVE ( 'NONE', #4533, #2540, #4639, .T. ) ;
#7472 = CARTESIAN_POINT ( 'NONE',  ( -0.1999999999999908795, 0.2000000000000000111, 0.9000000000000000222 ) ) ;
#7473 = ORIENTED_EDGE ( 'NONE', *, *, #6181, .F. ) ;
#7474 = ORIENTED_EDGE ( 'NONE', *, *, #359, .T. ) ;
#7475 =( LENGTH_UNIT ( ) NAMED_UNIT ( * ) SI_UNIT ( .MILLI., .METRE. ) );
#7476 = CARTESIAN_POINT ( 'NONE',  ( -0.1999999999999908795, 0.2000000000000000111, 0.9000000000000000222 ) ) ;
#7477 = EDGE_CURVE ( 'NONE', #1041, #7867, #1129, .T. ) ;
#7478 = DIRECTION ( 'NONE',  ( 1.000000000000000000, 0.000000000000000000, -1.355252715606880049E-16 ) ) ;
#7479 = EDGE_LOOP ( 'NONE', ( #8999, #2504, #5825, #5627, #6356, #9190 ) ) ;
#7480 = CARTESIAN_POINT ( 'NONE',  ( 0.4390192378864654077, 0.2000000000000000111, -1.200000000000000178 ) ) ;
#7481 = DIRECTION ( 'NONE',  ( -6.195440985631458867E-15, 0.000000000000000000, -1.000000000000000000 ) ) ;
#7482 = LINE ( 'NONE', #6050, #6900 ) ;
#7483 = DIRECTION ( 'NONE',  ( -1.000000000000000000, 0.000000000000000000, -0.000000000000000000 ) ) ;
#7484 = ORIENTED_EDGE ( 'NONE', *, *, #1163, .T. ) ;
#7485 = ORIENTED_EDGE ( 'NONE', *, *, #606, .F. ) ;
#7486 = ORIENTED_EDGE ( 'NONE', *, *, #6226, .T. ) ;
#7487 = LINE ( 'NONE', #6780, #4357 ) ;
#7488 = FACE_OUTER_BOUND ( 'NONE', #8399, .T. ) ;
#7489 = VECTOR ( 'NONE', #1342, 999.9999999999998863 ) ;
#7490 = LINE ( 'NONE', #9692, #2918 ) ;
#7491 = ORIENTED_EDGE ( 'NONE', *, *, #853, .F. ) ;
#7492 = EDGE_CURVE ( 'NONE', #4906, #4584, #9697, .T. ) ;
#7493 = DIRECTION ( 'NONE',  ( 0.000000000000000000, 1.000000000000000000, 0.000000000000000000 ) ) ;
#7494 = EDGE_CURVE ( 'NONE', #2077, #4477, #6630, .T. ) ;
#7495 = AXIS2_PLACEMENT_3D ( 'NONE', #8054, #5586, #1095 ) ;
#7496 = CARTESIAN_POINT ( 'NONE',  ( 0.4390192378864747891, 0.2000000000000000111, 0.3000000000000001554 ) ) ;
#7497 = DIRECTION ( 'NONE',  ( -1.000000000000000000, 0.000000000000000000, 6.195440985631447034E-15 ) ) ;
#7498 = AXIS2_PLACEMENT_3D ( 'NONE', #8650, #9453, #5620 ) ;
#7499 = LINE ( 'NONE', #2212, #2828 ) ;
#7500 = CARTESIAN_POINT ( 'NONE',  ( 0.4650000000000091283, 0.2000000000000000111, -0.3149999999999999467 ) ) ;
#7501 = DIRECTION ( 'NONE',  ( 1.355252715606880049E-16, 0.000000000000000000, 1.000000000000000000 ) ) ;
#7502 = ORIENTED_EDGE ( 'NONE', *, *, #4088, .T. ) ;
#7503 = STYLED_ITEM ( 'NONE', ( #3160 ), #5217 ) ;
#7504 = ORIENTED_EDGE ( 'NONE', *, *, #2266, .F. ) ;
#7505 = DIRECTION ( 'NONE',  ( -0.000000000000000000, 1.000000000000000000, -0.000000000000000000 ) ) ;
#7506 = CARTESIAN_POINT ( 'NONE',  ( 0.5000000000000000000, 0.1500000000000000222, 0.7324999999999994849 ) ) ;
#7507 = CARTESIAN_POINT ( 'NONE',  ( 0.000000000000000000, 0.1500000000000000222, 0.000000000000000000 ) ) ;
#7508 = ORIENTED_EDGE ( 'NONE', *, *, #9592, .F. ) ;
#7509 = CARTESIAN_POINT ( 'NONE',  ( -0.5000000000000002220, 0.000000000000000000, 1.784999999999999920 ) ) ;
#7510 = ORIENTED_EDGE ( 'NONE', *, *, #1466, .T. ) ;
#7511 = VECTOR ( 'NONE', #8703, 1000.000000000000000 ) ;
#7512 = DIRECTION ( 'NONE',  ( -1.355252715606880049E-16, -0.000000000000000000, 1.000000000000000000 ) ) ;
#7513 = EDGE_CURVE ( 'NONE', #5186, #7934, #1074, .T. ) ;
#7514 = ORIENTED_EDGE ( 'NONE', *, *, #10007, .F. ) ;
#7515 = ADVANCED_FACE ( 'NONE', ( #5038 ), #7344, .T. ) ;
#7516 = ORIENTED_EDGE ( 'NONE', *, *, #2310, .T. ) ;
#7517 = CARTESIAN_POINT ( 'NONE',  ( 0.4390192378864654077, 0.2000000000000000111, -1.400000000000000133 ) ) ;
#7518 = VERTEX_POINT ( 'NONE', #2764 ) ;
#7519 = EDGE_CURVE ( 'NONE', #7014, #3717, #8945, .T. ) ;
#7520 = DIRECTION ( 'NONE',  ( 0.000000000000000000, 0.000000000000000000, -1.000000000000000000 ) ) ;
#7521 = LINE ( 'NONE', #8266, #4885 ) ;
#7522 = DIRECTION ( 'NONE',  ( -1.000000000000000000, 0.000000000000000000, -6.195440985631458078E-15 ) ) ;
#7523 = DIRECTION ( 'NONE',  ( 0.000000000000000000, -1.000000000000000000, 0.000000000000000000 ) ) ;
#7524 = DIRECTION ( 'NONE',  ( 1.000000000000000000, 0.000000000000000000, -0.000000000000000000 ) ) ;
#7525 = DIRECTION ( 'NONE',  ( 1.000000000000000000, 0.000000000000000000, 0.000000000000000000 ) ) ;
#7526 = CARTESIAN_POINT ( 'NONE',  ( 0.4650000000000091283, 0.2000000000000000111, 0.4850000000000004308 ) ) ;
#7527 = VECTOR ( 'NONE', #2942, 1000.000000000000000 ) ;
#7528 = CARTESIAN_POINT ( 'NONE',  ( 0.4649999999999997469, 0.2000000000000000111, 1.385000000000000453 ) ) ;
#7529 = VECTOR ( 'NONE', #4683, 1000.000000000000000 ) ;
#7530 = PLANE ( 'NONE',  #5563 ) ;
#7531 = ORIENTED_EDGE ( 'NONE', *, *, #2059, .T. ) ;
#7532 = ORIENTED_EDGE ( 'NONE', *, *, #8798, .T. ) ;
#7533 = ORIENTED_EDGE ( 'NONE', *, *, #5743, .F. ) ;
#7534 = CARTESIAN_POINT ( 'NONE',  ( -0.1999999999999908795, 0.2000000000000000111, -0.7374999999999998224 ) ) ;
#7535 =( GEOMETRIC_REPRESENTATION_CONTEXT ( 3 ) GLOBAL_UNCERTAINTY_ASSIGNED_CONTEXT ( ( #3330 ) ) GLOBAL_UNIT_ASSIGNED_CONTEXT ( ( #8303, #1294, #5936 ) ) REPRESENTATION_CONTEXT ( 'NONE', 'WORKASPACE' ) );
#7536 = AXIS2_PLACEMENT_3D ( 'NONE', #9945, #4590, #4437 ) ;
#7537 = CARTESIAN_POINT ( 'NONE',  ( -0.5000000000000002220, 0.04999999999999999584, -1.614999999999999991 ) ) ;
#7538 = ORIENTED_EDGE ( 'NONE', *, *, #8245, .T. ) ;
#7539 = CARTESIAN_POINT ( 'NONE',  ( -0.4650000000000002465, 0.000000000000000000, 1.614999999999999769 ) ) ;
#7540 = FACE_OUTER_BOUND ( 'NONE', #7066, .T. ) ;
#7541 = DIRECTION ( 'NONE',  ( 1.000000000000000000, 0.000000000000000000, 0.000000000000000000 ) ) ;
#7542 = AXIS2_PLACEMENT_3D ( 'NONE', #3735, #712, #9936 ) ;
#7543 = ORIENTED_EDGE ( 'NONE', *, *, #4594, .F. ) ;
#7544 = EDGE_CURVE ( 'NONE', #7084, #267, #6530, .T. ) ;
#7545 = DIRECTION ( 'NONE',  ( -1.000000000000000000, 0.000000000000000000, 0.000000000000000000 ) ) ;
#7546 = DIRECTION ( 'NONE',  ( -1.000000000000000000, -0.000000000000000000, -6.195440985631447034E-15 ) ) ;
#7547 = ADVANCED_FACE ( 'NONE', ( #365 ), #9544, .T. ) ;
#7548 = VECTOR ( 'NONE', #7169, 1000.000000000000000 ) ;
#7549 = PLANE ( 'NONE',  #8328 ) ;
#7550 = CARTESIAN_POINT ( 'NONE',  ( -0.4999999999999825695, 0.1500000000000000222, 0.3325000000000001843 ) ) ;
#7551 = FACE_OUTER_BOUND ( 'NONE', #1269, .T. ) ;
#7552 = ORIENTED_EDGE ( 'NONE', *, *, #5215, .T. ) ;
#7553 = CARTESIAN_POINT ( 'NONE',  ( 0.5000000000000091038, 0.2000000000000000111, -0.4625000000000001887 ) ) ;
#7554 = CARTESIAN_POINT ( 'NONE',  ( -0.4999999999999908962, 0.2000000000000000111, 0.8849999999999998979 ) ) ;
#7555 =( NAMED_UNIT ( * ) PLANE_ANGLE_UNIT ( ) SI_UNIT ( $, .RADIAN. ) );
#7556 = LINE ( 'NONE', #5828, #5858 ) ;
#7557 = ORIENTED_EDGE ( 'NONE', *, *, #3747, .T. ) ;
#7558 = CARTESIAN_POINT ( 'NONE',  ( 0.4999999999999997780, 0.000000000000000000, 1.385000000000000231 ) ) ;
#7559 = ORIENTED_EDGE ( 'NONE', *, *, #9106, .T. ) ;
#7560 = VECTOR ( 'NONE', #9717, 1000.000000000000000 ) ;
#7561 = ADVANCED_FACE ( 'NONE', ( #254 ), #463, .F. ) ;
#7562 = PLANE ( 'NONE',  #3640 ) ;
#7563 = DIRECTION ( 'NONE',  ( -6.195440985631447034E-15, 0.000000000000000000, 1.000000000000000000 ) ) ;
#7564 = FACE_OUTER_BOUND ( 'NONE', #8939, .T. ) ;
#7565 = ORIENTED_EDGE ( 'NONE', *, *, #7056, .T. ) ;
#7566 = ORIENTED_EDGE ( 'NONE', *, *, #8411, .F. ) ;
#7567 = DIRECTION ( 'NONE',  ( 0.000000000000000000, 1.000000000000000000, 0.000000000000000000 ) ) ;
#7568 = ORIENTED_EDGE ( 'NONE', *, *, #7964, .F. ) ;
#7569 = ORIENTED_EDGE ( 'NONE', *, *, #804, .T. ) ;
#7570 = CARTESIAN_POINT ( 'NONE',  ( -0.5000000000000002220, 0.2000000000000000111, -1.637500000000000178 ) ) ;
#7571 = CARTESIAN_POINT ( 'NONE',  ( 0.4650000000000091283, 0.05000000000000000278, 0.4850000000000005418 ) ) ;
#7572 = LINE ( 'NONE', #9076, #7277 ) ;
#7573 = CARTESIAN_POINT ( 'NONE',  ( -0.4390192378864674616, 0.2000000000000000111, -1.599999999999999867 ) ) ;
#7574 = LINE ( 'NONE', #2907, #1109 ) ;
#7575 = ORIENTED_EDGE ( 'NONE', *, *, #7296, .T. ) ;
#7576 = DIRECTION ( 'NONE',  ( -1.000000000000000000, 0.000000000000000000, 0.000000000000000000 ) ) ;
#7577 = EDGE_CURVE ( 'NONE', #7804, #9807, #1837, .T. ) ;
#7578 = LINE ( 'NONE', #9180, #5918 ) ;
#7579 = DIRECTION ( 'NONE',  ( -4.015563601798163822E-16, 0.000000000000000000, -1.000000000000000000 ) ) ;
#7580 = CARTESIAN_POINT ( 'NONE',  ( -0.4999999999999825695, 0.2000000000000000111, 0.08500000000000000611 ) ) ;
#7581 = ORIENTED_EDGE ( 'NONE', *, *, #5259, .T. ) ;
#7582 = ORIENTED_EDGE ( 'NONE', *, *, #8787, .F. ) ;
#7583 = LINE ( 'NONE', #8229, #2255 ) ;
#7584 = CLOSED_SHELL ( 'NONE', ( #7875, #3681, #507, #148, #3393, #1612, #73, #8276, #1259, #8831, #8066, #3083 ) ) ;
#7585 = LINE ( 'NONE', #5956, #4429 ) ;
#7586 = CARTESIAN_POINT ( 'NONE',  ( -0.5000000000000002220, 0.05000000000000000278, -1.899999999999999911 ) ) ;
#7587 = EDGE_LOOP ( 'NONE', ( #2095, #6833, #1475, #7332 ) ) ;
#7588 = FACE_OUTER_BOUND ( 'NONE', #9066, .T. ) ;
#7589 = CARTESIAN_POINT ( 'NONE',  ( -0.06749999999999997669, 0.1500000000000000222, -1.899999999999999911 ) ) ;
#7590 = DIRECTION ( 'NONE',  ( -0.000000000000000000, -1.000000000000000000, -0.000000000000000000 ) ) ;
#7591 = CIRCLE ( 'NONE', #5143, 0.07499999999999998335 ) ;
#7592 = ORIENTED_EDGE ( 'NONE', *, *, #4876, .T. ) ;
#7593 = CARTESIAN_POINT ( 'NONE',  ( -0.2000000000000002609, 0.2000000000000000111, 1.599999999999999867 ) ) ;
#7594 = CARTESIAN_POINT ( 'NONE',  ( 0.4649999999999997469, 0.2000000000000000111, -1.385000000000000453 ) ) ;
#7595 = VECTOR ( 'NONE', #1079, 1000.000000000000114 ) ;
#7596 = VECTOR ( 'NONE', #3985, 1000.000000000000000 ) ;
#7597 = EDGE_CURVE ( 'NONE', #3627, #1449, #6683, .T. ) ;
#7598 = CARTESIAN_POINT ( 'NONE',  ( 0.000000000000000000, 0.2000000000000000111, 0.000000000000000000 ) ) ;
#7599 = DIRECTION ( 'NONE',  ( 0.000000000000000000, 0.000000000000000000, -1.000000000000000000 ) ) ;
#7600 = ADVANCED_FACE ( 'NONE', ( #4882 ), #311, .F. ) ;
#7601 = DIRECTION ( 'NONE',  ( 1.000000000000000000, -0.000000000000000000, 0.000000000000000000 ) ) ;
#7602 = AXIS2_PLACEMENT_3D ( 'NONE', #7328, #8214, #4271 ) ;
#7603 = VECTOR ( 'NONE', #5326, 1000.000000000000000 ) ;
#7604 = ORIENTED_EDGE ( 'NONE', *, *, #1593, .T. ) ;
#7605 = EDGE_CURVE ( 'NONE', #5927, #4057, #2661, .T. ) ;
#7606 = LINE ( 'NONE', #8875, #1239 ) ;
#7607 = CARTESIAN_POINT ( 'NONE',  ( -0.2000000000000002609, 0.000000000000000000, -1.599999999999999867 ) ) ;
#7608 = DIRECTION ( 'NONE',  ( 0.000000000000000000, 0.000000000000000000, 1.000000000000000000 ) ) ;
#7609 = ORIENTED_EDGE ( 'NONE', *, *, #1985, .T. ) ;
#7610 = AXIS2_PLACEMENT_3D ( 'NONE', #547, #6771, #9820 ) ;
#7611 = CARTESIAN_POINT ( 'NONE',  ( 0.2000000000000183853, 0.2000000000000000111, 0.3000000000000001554 ) ) ;
#7612 = ORIENTED_EDGE ( 'NONE', *, *, #9413, .T. ) ;
#7613 = EDGE_CURVE ( 'NONE', #465, #8958, #1180, .T. ) ;
#7614 = CARTESIAN_POINT ( 'NONE',  ( 0.5000000000000091038, 0.000000000000000000, 0.4850000000000002087 ) ) ;
#7615 = CARTESIAN_POINT ( 'NONE',  ( -0.4999999999999908962, 0.2000000000000000111, -0.7149999999999999689 ) ) ;
#7616 = ORIENTED_EDGE ( 'NONE', *, *, #8125, .F. ) ;
#7617 = CARTESIAN_POINT ( 'NONE',  ( -0.5000000000000002220, 0.2000000000000000111, 1.784999999999999920 ) ) ;
#7618 = VERTEX_POINT ( 'NONE', #1023 ) ;
#7619 = ORIENTED_EDGE ( 'NONE', *, *, #556, .F. ) ;
#7620 = VECTOR ( 'NONE', #2731, 1000.000000000000000 ) ;
#7621 = CARTESIAN_POINT ( 'NONE',  ( 0.4390192378864747891, 0.2000000000000000111, 0.5000000000000002220 ) ) ;
#7622 = EDGE_CURVE ( 'NONE', #9109, #2196, #4141, .T. ) ;
#7623 = DIRECTION ( 'NONE',  ( -1.000000000000000000, 0.000000000000000000, 4.336808689942016158E-15 ) ) ;
#7624 = ORIENTED_EDGE ( 'NONE', *, *, #9781, .T. ) ;
#7625 = CARTESIAN_POINT ( 'NONE',  ( 0.5000000000000091038, 0.2000000000000000111, 1.762499999999999734 ) ) ;
#7626 = PLANE ( 'NONE',  #942 ) ;
#7627 = VERTEX_POINT ( 'NONE', #8840 ) ;
#7628 = FACE_OUTER_BOUND ( 'NONE', #3114, .T. ) ;
#7629 = PLANE ( 'NONE',  #7041 ) ;
#7630 = CARTESIAN_POINT ( 'NONE',  ( 0.5000000000000091038, 0.1500000000000000222, -0.06749999999999996281 ) ) ;
#7631 = FILL_AREA_STYLE ('',( #9927 ) ) ;
#7632 = EDGE_LOOP ( 'NONE', ( #5172, #9285, #9073, #7761, #8562, #6847 ) ) ;
#7633 = ORIENTED_EDGE ( 'NONE', *, *, #8483, .T. ) ;
#7634 = EDGE_CURVE ( 'NONE', #4976, #9976, #7392, .T. ) ;
#7635 = ORIENTED_EDGE ( 'NONE', *, *, #6476, .T. ) ;
#7636 = VERTEX_POINT ( 'NONE', #2712 ) ;
#7637 = CARTESIAN_POINT ( 'NONE',  ( 0.5000000000000091038, 0.1999999999999999833, 0.4000000000000001887 ) ) ;
#7638 = DIRECTION ( 'NONE',  ( -0.000000000000000000, -1.000000000000000000, -0.000000000000000000 ) ) ;
#7639 = VERTEX_POINT ( 'NONE', #5808 ) ;
#7640 =( NAMED_UNIT ( * ) SI_UNIT ( $, .STERADIAN. ) SOLID_ANGLE_UNIT ( ) );
#7641 = DIRECTION ( 'NONE',  ( 1.000000000000000000, 0.000000000000000000, -0.000000000000000000 ) ) ;
#7642 = DIRECTION ( 'NONE',  ( 1.000000000000000000, -0.000000000000000000, -0.000000000000000000 ) ) ;
#7643 = DIRECTION ( 'NONE',  ( 0.000000000000000000, -1.000000000000000000, 0.000000000000000000 ) ) ;
#7644 = EDGE_CURVE ( 'NONE', #6501, #3951, #8895, .T. ) ;
#7645 = VECTOR ( 'NONE', #3699, 1000.000000000000000 ) ;
#7646 = DIRECTION ( 'NONE',  ( 0.000000000000000000, 1.000000000000000000, 0.000000000000000000 ) ) ;
#7647 = EDGE_CURVE ( 'NONE', #7356, #5060, #563, .T. ) ;
#7648 = CARTESIAN_POINT ( 'NONE',  ( 0.2000000000000090039, 0.04999999999999999584, 1.200000000000000178 ) ) ;
#7649 = CARTESIAN_POINT ( 'NONE',  ( -0.06750000000000000444, 0.1500000000000000222, -1.800000000000000044 ) ) ;
#7650 = VECTOR ( 'NONE', #4616, 1000.000000000000000 ) ;
#7651 = DIRECTION ( 'NONE',  ( 0.000000000000000000, -1.000000000000000000, 0.000000000000000000 ) ) ;
#7652 = VERTEX_POINT ( 'NONE', #8282 ) ;
#7653 = EDGE_CURVE ( 'NONE', #3789, #7173, #2102, .T. ) ;
#7654 = DIRECTION ( 'NONE',  ( 0.000000000000000000, 0.000000000000000000, -1.000000000000000000 ) ) ;
#7655 = STYLED_ITEM ( 'NONE', ( #9053 ), #5095 ) ;
#7656 = CARTESIAN_POINT ( 'NONE',  ( -0.1999999999999908795, 0.2000000000000000111, 0.8624999999999999334 ) ) ;
#7657 = CARTESIAN_POINT ( 'NONE',  ( -0.4650000000000002465, 0.04999999999999999584, 1.785000000000000142 ) ) ;
#7658 = DIRECTION ( 'NONE',  ( 0.000000000000000000, 0.000000000000000000, -1.000000000000000000 ) ) ;
#7659 = VERTEX_POINT ( 'NONE', #5244 ) ;
#7660 = ORIENTED_EDGE ( 'NONE', *, *, #3874, .T. ) ;
#7661 =( NAMED_UNIT ( * ) PLANE_ANGLE_UNIT ( ) SI_UNIT ( $, .RADIAN. ) );
#7662 = CARTESIAN_POINT ( 'NONE',  ( -0.3999999999999907518, 0.2000000000000000111, -0.4675000000000000266 ) ) ;
#7663 = AXIS2_PLACEMENT_3D ( 'NONE', #538, #4361, #3655 ) ;
#7664 = VERTEX_POINT ( 'NONE', #3630 ) ;
#7665 = CARTESIAN_POINT ( 'NONE',  ( -0.4999999999999825695, 0.000000000000000000, 0.08500000000000000611 ) ) ;
#7666 = VERTEX_POINT ( 'NONE', #5195 ) ;
#7667 = VERTEX_POINT ( 'NONE', #1472 ) ;
#7668 = DIRECTION ( 'NONE',  ( 0.000000000000000000, 0.000000000000000000, 1.000000000000000000 ) ) ;
#7669 = ORIENTED_EDGE ( 'NONE', *, *, #5493, .F. ) ;
#7670 = DIRECTION ( 'NONE',  ( 0.000000000000000000, 0.000000000000000000, 1.000000000000000000 ) ) ;
#7671 = LINE ( 'NONE', #6152, #6878 ) ;
#7672 = STYLED_ITEM ( 'NONE', ( #1750 ), #5706 ) ;
#7673 = PLANE ( 'NONE',  #5339 ) ;
#7675 = ORIENTED_EDGE ( 'NONE', *, *, #5612, .T. ) ;
#7674 = EDGE_CURVE ( 'NONE', #1502, #4365, #3020, .T. ) ;
#7676 = LINE ( 'NONE', #5671, #4766 ) ;
#7677 = DIRECTION ( 'NONE',  ( 1.000000000000000000, 0.000000000000000000, -0.000000000000000000 ) ) ;
#7678 = CARTESIAN_POINT ( 'NONE',  ( 0.2000000000000184130, 0.1999999999999999833, -0.4000000000000001887 ) ) ;
#7679 = ORIENTED_EDGE ( 'NONE', *, *, #1254, .T. ) ;
#7680 = AXIS2_PLACEMENT_3D ( 'NONE', #7637, #9982, #801 ) ;
#7681 = ORIENTED_EDGE ( 'NONE', *, *, #8732, .T. ) ;
#7682 = EDGE_LOOP ( 'NONE', ( #9232, #6950, #4278, #7271, #4316, #6053 ) ) ;
#7683 = ORIENTED_EDGE ( 'NONE', *, *, #2703, .T. ) ;
#7684 = DIRECTION ( 'NONE',  ( 0.000000000000000000, -1.000000000000000000, 0.000000000000000000 ) ) ;
#7685 = ORIENTED_EDGE ( 'NONE', *, *, #6293, .F. ) ;
#7686 = VECTOR ( 'NONE', #4874, 1000.000000000000000 ) ;
#7687 = AXIS2_PLACEMENT_3D ( 'NONE', #5895, #6823, #2089 ) ;
#7688 = PLANE ( 'NONE',  #5263 ) ;
#7689 = ADVANCED_FACE ( 'NONE', ( #1321 ), #7688, .T. ) ;
#7690 = ORIENTED_EDGE ( 'NONE', *, *, #9690, .T. ) ;
#7691 = EDGE_LOOP ( 'NONE', ( #8748, #2655, #6268, #5258 ) ) ;
#7692 = VECTOR ( 'NONE', #9847, 1000.000000000000000 ) ;
#7693 = PLANE ( 'NONE',  #9038 ) ;
#7694 = EDGE_CURVE ( 'NONE', #6098, #9831, #8233, .T. ) ;
#7695 = CARTESIAN_POINT ( 'NONE',  ( 0.5000000000000091038, 0.2000000000000000111, -1.237500000000000266 ) ) ;
#7696 = CARTESIAN_POINT ( 'NONE',  ( 0.2000000000000183853, 0.2000000000000000111, 0.3000000000000001554 ) ) ;
#7697 = AXIS2_PLACEMENT_3D ( 'NONE', #807, #1775, #4685 ) ;
#7698 = VECTOR ( 'NONE', #10034, 1000.000000000000000 ) ;
#7699 = EDGE_CURVE ( 'NONE', #5386, #890, #5960, .T. ) ;
#7700 = CARTESIAN_POINT ( 'NONE',  ( 0.5000000000000000000, 0.2000000000000000111, -0.7324999999999994849 ) ) ;
#7701 = ORIENTED_EDGE ( 'NONE', *, *, #7154, .F. ) ;
#7702 = CARTESIAN_POINT ( 'NONE',  ( 0.2000000000000088374, 0.05000000000000000278, -2.710505431213880339E-17 ) ) ;
#7703 = VECTOR ( 'NONE', #7382, 1000.000000000000000 ) ;
#7704 = DIRECTION ( 'NONE',  ( -0.000000000000000000, -0.000000000000000000, -1.000000000000000000 ) ) ;
#7705 = DIRECTION ( 'NONE',  ( 0.000000000000000000, 1.000000000000000000, 0.000000000000000000 ) ) ;
#7706 = CARTESIAN_POINT ( 'NONE',  ( 0.4999999999999997780, 0.2000000000000000111, -1.767499999999999627 ) ) ;
#7707 = ORIENTED_EDGE ( 'NONE', *, *, #5851, .T. ) ;
#7708 = CARTESIAN_POINT ( 'NONE',  ( -0.4999999999999908962, 0.1500000000000000222, 1.367499999999999494 ) ) ;
#7709 = EDGE_LOOP ( 'NONE', ( #954, #8065, #8351, #7609 ) ) ;
#7710 = ADVANCED_FACE ( 'NONE', ( #9143 ), #8376, .T. ) ;
#7711 = DIRECTION ( 'NONE',  ( -4.336808689942016158E-15, 0.000000000000000000, -1.000000000000000000 ) ) ;
#7712 = ORIENTED_EDGE ( 'NONE', *, *, #7634, .T. ) ;
#7713 = DIRECTION ( 'NONE',  ( -0.000000000000000000, -0.000000000000000000, 1.000000000000000000 ) ) ;
#7714 = ORIENTED_EDGE ( 'NONE', *, *, #8450, .T. ) ;
#7715 = VERTEX_POINT ( 'NONE', #9002 ) ;
#7716 = CARTESIAN_POINT ( 'NONE',  ( 0.4999999999999997780, 0.2000000000000000111, 1.767499999999999627 ) ) ;
#7717 = EDGE_CURVE ( 'NONE', #2044, #4057, #2051, .T. ) ;
#7718 = DIRECTION ( 'NONE',  ( 0.000000000000000000, 0.000000000000000000, -1.000000000000000000 ) ) ;
#7719 = DIRECTION ( 'NONE',  ( -1.000000000000000000, 0.000000000000000000, 0.000000000000000000 ) ) ;
#7720 = CIRCLE ( 'NONE', #9643, 0.06249999999999984041 ) ;
#7721 = ORIENTED_EDGE ( 'NONE', *, *, #3669, .T. ) ;
#7722 = FACE_OUTER_BOUND ( 'NONE', #2791, .T. ) ;
#7723 = DIRECTION ( 'NONE',  ( 1.000000000000000000, 0.000000000000000000, 0.000000000000000000 ) ) ;
#7724 = DIRECTION ( 'NONE',  ( -0.000000000000000000, 0.000000000000000000, -1.000000000000000000 ) ) ;
#7725 = ORIENTED_EDGE ( 'NONE', *, *, #477, .T. ) ;
#7726 = DIRECTION ( 'NONE',  ( 0.000000000000000000, 1.000000000000000000, 0.000000000000000000 ) ) ;
#7727 = EDGE_CURVE ( 'NONE', #3971, #6417, #9838, .T. ) ;
#7728 = CARTESIAN_POINT ( 'NONE',  ( -0.06749999999999997669, 0.2000000000000000111, 1.899999999999999911 ) ) ;
#7729 = ADVANCED_FACE ( 'NONE', ( #7540 ), #610, .T. ) ;
#7730 = SURFACE_STYLE_FILL_AREA ( #6160 ) ;
#7731 = ORIENTED_EDGE ( 'NONE', *, *, #1277, .T. ) ;
#7732 = ORIENTED_EDGE ( 'NONE', *, *, #1017, .F. ) ;
#7733 = FACE_OUTER_BOUND ( 'NONE', #6513, .T. ) ;
#7734 = LINE ( 'NONE', #3834, #521 ) ;
#7735 = DIRECTION ( 'NONE',  ( -1.000000000000000000, 0.000000000000000000, 0.000000000000000000 ) ) ;
#7736 = ORIENTED_EDGE ( 'NONE', *, *, #8924, .T. ) ;
#7737 = CARTESIAN_POINT ( 'NONE',  ( -0.2000000000000002609, 0.2000000000000000111, -1.599999999999999867 ) ) ;
#7738 = PLANE ( 'NONE',  #5899 ) ;
#7739 = CARTESIAN_POINT ( 'NONE',  ( 0.4999999999999997780, 0.2000000000000000111, 1.215000000000000080 ) ) ;
#7740 = ORIENTED_EDGE ( 'NONE', *, *, #7217, .T. ) ;
#7741 = VERTEX_POINT ( 'NONE', #510 ) ;
#7742 = EDGE_CURVE ( 'NONE', #9240, #8893, #6737, .T. ) ;
#7743 = CARTESIAN_POINT ( 'NONE',  ( -0.1999999999999908795, 0.2000000000000000111, -0.9000000000000000222 ) ) ;
#7744 = FACE_OUTER_BOUND ( 'NONE', #2919, .T. ) ;
#7745 = CIRCLE ( 'NONE', #3694, 0.06250000000000000000 ) ;
#7746 = LINE ( 'NONE', #766, #2704 ) ;
#7747 = AXIS2_PLACEMENT_3D ( 'NONE', #445, #9027, #8216 ) ;
#7748 = DIRECTION ( 'NONE',  ( 0.000000000000000000, -1.000000000000000000, 0.000000000000000000 ) ) ;
#7749 = VECTOR ( 'NONE', #922, 1000.000000000000000 ) ;
#7750 = EDGE_CURVE ( 'NONE', #1142, #2279, #2921, .T. ) ;
#7751 =( LENGTH_UNIT ( ) NAMED_UNIT ( * ) SI_UNIT ( .MILLI., .METRE. ) );
#7752 = LINE ( 'NONE', #2415, #2458 ) ;
#7753 = ORIENTED_EDGE ( 'NONE', *, *, #7330, .F. ) ;
#7754 = VERTEX_POINT ( 'NONE', #6008 ) ;
#7755 = SURFACE_SIDE_STYLE ('',( #8449 ) ) ;
#7756 = AXIS2_PLACEMENT_3D ( 'NONE', #2492, #5599, #2596 ) ;
#7757 = VECTOR ( 'NONE', #2656, 1000.000000000000000 ) ;
#7758 = DIRECTION ( 'NONE',  ( 0.000000000000000000, 0.000000000000000000, -1.000000000000000000 ) ) ;
#7759 = ORIENTED_EDGE ( 'NONE', *, *, #3689, .T. ) ;
#7760 = CARTESIAN_POINT ( 'NONE',  ( -0.4390192378864497535, 0.000000000000000000, -0.1000000000000000472 ) ) ;
#7761 = ORIENTED_EDGE ( 'NONE', *, *, #7717, .T. ) ;
#7762 = EDGE_LOOP ( 'NONE', ( #2999, #4954, #791, #4573 ) ) ;
#7763 = FACE_OUTER_BOUND ( 'NONE', #425, .T. ) ;
#7764 = ORIENTED_EDGE ( 'NONE', *, *, #2422, .F. ) ;
#7765 = VECTOR ( 'NONE', #7871, 1000.000000000000000 ) ;
#7766 = STYLED_ITEM ( 'NONE', ( #8697 ), #1877 ) ;
#7767 = ORIENTED_EDGE ( 'NONE', *, *, #3636, .T. ) ;
#7768 = DIRECTION ( 'NONE',  ( -4.336808689942016158E-15, 0.000000000000000000, 1.000000000000000000 ) ) ;
#7769 = ADVANCED_FACE ( 'NONE', ( #9985 ), #2253, .F. ) ;
#7770 = DIRECTION ( 'NONE',  ( 0.000000000000000000, 0.000000000000000000, -1.000000000000000000 ) ) ;
#7771 = ORIENTED_EDGE ( 'NONE', *, *, #6232, .F. ) ;
#7772 = CARTESIAN_POINT ( 'NONE',  ( 0.4390192378864654077, 0.2000000000000000111, 1.400000000000000133 ) ) ;
#7773 = LINE ( 'NONE', #793, #1040 ) ;
#7774 = VECTOR ( 'NONE', #8758, 1000.000000000000000 ) ;
#7775 = DIRECTION ( 'NONE',  ( -1.000000000000000000, -0.000000000000000000, -6.505213034913024237E-15 ) ) ;
#7776 = VERTEX_POINT ( 'NONE', #6060 ) ;
#7777 = ORIENTED_EDGE ( 'NONE', *, *, #3567, .T. ) ;
#7778 = ORIENTED_EDGE ( 'NONE', *, *, #4488, .T. ) ;
#7779 = ADVANCED_FACE ( 'NONE', ( #5295 ), #1421, .T. ) ;
#7780 = DIRECTION ( 'NONE',  ( -1.000000000000000000, 0.000000000000000000, 0.000000000000000000 ) ) ;
#7781 = CARTESIAN_POINT ( 'NONE',  ( 0.000000000000000000, 0.5500000000000000444, 0.000000000000000000 ) ) ;
#7782 = VERTEX_POINT ( 'NONE', #5351 ) ;
#7783 = CARTESIAN_POINT ( 'NONE',  ( 0.4390192378864654077, 0.2000000000000000111, 1.400000000000000133 ) ) ;
#7784 = LINE ( 'NONE', #5401, #3797 ) ;
#7785 = PLANE ( 'NONE',  #3485 ) ;
#7786 = ORIENTED_EDGE ( 'NONE', *, *, #1733, .T. ) ;
#7787 = LINE ( 'NONE', #6943, #5490 ) ;
#7788 = EDGE_CURVE ( 'NONE', #6989, #3145, #5453, .T. ) ;
#7789 = DIRECTION ( 'NONE',  ( -0.8660254037844378194, -0.000000000000000000, 0.5000000000000013323 ) ) ;
#7790 = DIRECTION ( 'NONE',  ( 0.000000000000000000, 0.000000000000000000, -1.000000000000000000 ) ) ;
#7791 = EDGE_CURVE ( 'NONE', #671, #8322, #1687, .T. ) ;
#7792 = DIRECTION ( 'NONE',  ( 6.195440985631447034E-15, 0.000000000000000000, -1.000000000000000000 ) ) ;
#7793 = CARTESIAN_POINT ( 'NONE',  ( -0.4390192378864497535, 0.000000000000000000, 0.1000000000000000472 ) ) ;
#7794 = CARTESIAN_POINT ( 'NONE',  ( 0.4649999999999997469, 0.2000000000000000111, -1.214999999999999858 ) ) ;
#7795 = CARTESIAN_POINT ( 'NONE',  ( -0.4999999999999825695, 0.2000000000000000111, -0.08500000000000000611 ) ) ;
#7796 = VECTOR ( 'NONE', #5778, 1000.000000000000000 ) ;
#7797 = ORIENTED_EDGE ( 'NONE', *, *, #1593, .F. ) ;
#7798 = PLANE ( 'NONE',  #6104 ) ;
#7799 = EDGE_CURVE ( 'NONE', #3406, #2029, #8633, .T. ) ;
#7800 = ORIENTED_EDGE ( 'NONE', *, *, #5373, .T. ) ;
#7801 = CARTESIAN_POINT ( 'NONE',  ( 0.4999999999999997780, 0.1500000000000000222, 1.632499999999999840 ) ) ;
#7802 = ORIENTED_EDGE ( 'NONE', *, *, #3980, .T. ) ;
#7803 = VECTOR ( 'NONE', #7262, 1000.000000000000000 ) ;
#7804 = VERTEX_POINT ( 'NONE', #3122 ) ;
#7805 = DIRECTION ( 'NONE',  ( 0.000000000000000000, 1.000000000000000000, 0.000000000000000000 ) ) ;
#7806 = FACE_OUTER_BOUND ( 'NONE', #3738, .T. ) ;
#7807 = ORIENTED_EDGE ( 'NONE', *, *, #6200, .F. ) ;
#7808 = CARTESIAN_POINT ( 'NONE',  ( -0.4649999999999825384, 0.000000000000000000, 0.08500000000000022815 ) ) ;
#7809 = CARTESIAN_POINT ( 'NONE',  ( -0.4649999999999908651, 0.04999999999999999584, -0.8850000000000001199 ) ) ;
#7810 = ORIENTED_EDGE ( 'NONE', *, *, #191, .F. ) ;
#7811 = PRESENTATION_LAYER_ASSIGNMENT (  '', '', ( #7655 ) ) ;
#7812 = DIRECTION ( 'NONE',  ( -1.355252715606880049E-16, 0.000000000000000000, 1.000000000000000000 ) ) ;
#7813 = EDGE_CURVE ( 'NONE', #8555, #671, #7925, .T. ) ;
#7814 = CARTESIAN_POINT ( 'NONE',  ( -0.4999999999999908962, 0.2000000000000000111, -1.367499999999999494 ) ) ;
#7815 = ADVANCED_FACE ( 'NONE', ( #756 ), #4779, .F. ) ;
#7816 = EDGE_LOOP ( 'NONE', ( #2496, #5719, #488, #4380 ) ) ;
#7817 = VERTEX_POINT ( 'NONE', #9391 ) ;
#7818 = ORIENTED_EDGE ( 'NONE', *, *, #796, .T. ) ;
#7819 = AXIS2_PLACEMENT_3D ( 'NONE', #3255, #1002, #4968 ) ;
#7820 = ORIENTED_EDGE ( 'NONE', *, *, #5663, .F. ) ;
#7821 = ADVANCED_FACE ( 'NONE', ( #4681 ), #9244, .T. ) ;
#7822 = CARTESIAN_POINT ( 'NONE',  ( -0.3999999999999907518, 0.1500000000000000222, 0.4675000000000001932 ) ) ;
#7823 = CARTESIAN_POINT ( 'NONE',  ( 0.3999999999999997446, 0.1500000000000000222, -1.767500000000000071 ) ) ;
#7824 = VERTEX_POINT ( 'NONE', #7737 ) ;
#7825 = CARTESIAN_POINT ( 'NONE',  ( 0.000000000000000000, 0.2000000000000000111, 0.000000000000000000 ) ) ;
#7826 = DIRECTION ( 'NONE',  ( -0.000000000000000000, 1.000000000000000000, -0.000000000000000000 ) ) ;
#7827 = CIRCLE ( 'NONE', #8783, 0.06250000000000000000 ) ;
#7828 = EDGE_CURVE ( 'NONE', #8421, #9662, #7030, .T. ) ;
#7829 = ORIENTED_EDGE ( 'NONE', *, *, #7836, .T. ) ;
#7830 = VERTEX_POINT ( 'NONE', #4079 ) ;
#7831 = CARTESIAN_POINT ( 'NONE',  ( 0.4649999999999997469, 0.2000000000000000111, 1.214999999999999858 ) ) ;
#7832 = VECTOR ( 'NONE', #8577, 1000.000000000000114 ) ;
#7833 = LINE ( 'NONE', #2408, #4295 ) ;
#7834 = CARTESIAN_POINT ( 'NONE',  ( -0.4650000000000002465, 0.2000000000000000111, 1.785000000000000142 ) ) ;
#7835 = AXIS2_PLACEMENT_3D ( 'NONE', #4358, #6857, #6657 ) ;
#7836 = EDGE_CURVE ( 'NONE', #8718, #6728, #7184, .T. ) ;
#7837 = CIRCLE ( 'NONE', #4282, 0.06250000000000000000 ) ;
#7838 = EDGE_CURVE ( 'NONE', #9855, #9638, #6985, .T. ) ;
#7839 = LINE ( 'NONE', #3993, #1430 ) ;
#7840 = CARTESIAN_POINT ( 'NONE',  ( 0.3999999999999998557, 0.1500000000000000222, -0.7324999999999998179 ) ) ;
#7841 = AXIS2_PLACEMENT_3D ( 'NONE', #7598, #5564, #8537 ) ;
#7842 = CARTESIAN_POINT ( 'NONE',  ( -0.4390192378864581357, 0.2000000000000000111, -0.9000000000000000222 ) ) ;
#7843 = ORIENTED_EDGE ( 'NONE', *, *, #262, .F. ) ;
#7844 = CARTESIAN_POINT ( 'NONE',  ( 0.4390192378864654077, 0.000000000000000000, -1.200000000000000178 ) ) ;
#7845 = CARTESIAN_POINT ( 'NONE',  ( -0.1999999999999908795, 0.2000000000000000111, -0.7374999999999998224 ) ) ;
#7846 = EDGE_LOOP ( 'NONE', ( #2175, #3273, #2063, #5323 ) ) ;
#7847 = CARTESIAN_POINT ( 'NONE',  ( -0.2000000000000003164, 0.2000000000000000111, 1.762499999999999734 ) ) ;
#7848 = VECTOR ( 'NONE', #193, 1000.000000000000000 ) ;
#7849 = ORIENTED_EDGE ( 'NONE', *, *, #4226, .F. ) ;
#7850 = AXIS2_PLACEMENT_3D ( 'NONE', #814, #3177, #764 ) ;
#7851 = ORIENTED_EDGE ( 'NONE', *, *, #1075, .T. ) ;
#7852 = DIRECTION ( 'NONE',  ( 0.000000000000000000, -0.000000000000000000, 1.000000000000000000 ) ) ;
#7853 = CYLINDRICAL_SURFACE ( 'NONE', #4394, 0.06250000000000000000 ) ;
#7854 = CARTESIAN_POINT ( 'NONE',  ( 0.4390192378864654077, 0.04999999999999999584, -1.200000000000000178 ) ) ;
#7855 = ORIENTED_EDGE ( 'NONE', *, *, #2761, .T. ) ;
#7856 = EDGE_CURVE ( 'NONE', #3908, #6262, #5505, .T. ) ;
#7857 = PLANE ( 'NONE',  #5729 ) ;
#7858 = CARTESIAN_POINT ( 'NONE',  ( -0.4999999999999908962, 0.1500000000000000222, -1.367499999999999494 ) ) ;
#7859 = FACE_OUTER_BOUND ( 'NONE', #8001, .T. ) ;
#7860 = EDGE_LOOP ( 'NONE', ( #1312, #6399, #8509, #406 ) ) ;
#7861 = AXIS2_PLACEMENT_3D ( 'NONE', #8867, #1154, #4217 ) ;
#7862 = LINE ( 'NONE', #2483, #6414 ) ;
#7863 = LINE ( 'NONE', #3111, #8992 ) ;
#7864 =( NAMED_UNIT ( * ) SI_UNIT ( $, .STERADIAN. ) SOLID_ANGLE_UNIT ( ) );
#7865 = ORIENTED_EDGE ( 'NONE', *, *, #9349, .F. ) ;
#7866 = ORIENTED_EDGE ( 'NONE', *, *, #2318, .T. ) ;
#7867 = VERTEX_POINT ( 'NONE', #1725 ) ;
#7868 = LINE ( 'NONE', #7968, #257 ) ;
#7869 = CARTESIAN_POINT ( 'NONE',  ( 0.2000000000000184130, 0.2000000000000000111, -0.5000000000000002220 ) ) ;
#7870 = EDGE_CURVE ( 'NONE', #6374, #9689, #1627, .T. ) ;
#7871 = DIRECTION ( 'NONE',  ( -0.000000000000000000, -0.000000000000000000, 1.000000000000000000 ) ) ;
#7872 = ORIENTED_EDGE ( 'NONE', *, *, #6139, .F. ) ;
#7873 = DIRECTION ( 'NONE',  ( 0.8660254037844378194, 0.000000000000000000, -0.5000000000000013323 ) ) ;
#7874 = VECTOR ( 'NONE', #1190, 1000.000000000000000 ) ;
#7875 = ADVANCED_FACE ( 'NONE', ( #2448 ), #5555, .T. ) ;
#7876 = CARTESIAN_POINT ( 'NONE',  ( 0.4649999999999996914, 0.05000000000000000278, 1.385000000000000675 ) ) ;
#7877 = ORIENTED_EDGE ( 'NONE', *, *, #3329, .T. ) ;
#7878 = ORIENTED_EDGE ( 'NONE', *, *, #5144, .F. ) ;
#7879 = ORIENTED_EDGE ( 'NONE', *, *, #6473, .T. ) ;
#7880 = CARTESIAN_POINT ( 'NONE',  ( -0.4390192378864581357, 0.2000000000000000111, 0.6999999999999998446 ) ) ;
#7881 = AXIS2_PLACEMENT_3D ( 'NONE', #4541, #7651, #3796 ) ;
#7882 = ADVANCED_FACE ( 'NONE', ( #1525 ), #2350, .T. ) ;
#7883 = CARTESIAN_POINT ( 'NONE',  ( -0.4649999999999825384, 0.2000000000000000111, -0.08500000000000022815 ) ) ;
#7884 = CARTESIAN_POINT ( 'NONE',  ( -0.06749999999999997669, 0.1500000000000000222, -1.899999999999999911 ) ) ;
#7885 = ADVANCED_FACE ( 'NONE', ( #92 ), #3214, .T. ) ;
#7886 = CARTESIAN_POINT ( 'NONE',  ( -0.1999999999999908795, 0.2000000000000000111, -0.9000000000000000222 ) ) ;
#7887 = EDGE_CURVE ( 'NONE', #1365, #2096, #904, .T. ) ;
#7888 = FACE_OUTER_BOUND ( 'NONE', #1204, .T. ) ;
#7889 = CARTESIAN_POINT ( 'NONE',  ( -0.1999999999999908795, 0.2000000000000000111, 0.9000000000000000222 ) ) ;
#7890 = CLOSED_SHELL ( 'NONE', ( #4340, #8106, #4382, #7343, #8175, #2516, #8443, #1044, #2894, #8090, #824, #6018 ) ) ;
#7891 = LINE ( 'NONE', #8415, #6069 ) ;
#7892 = LINE ( 'NONE', #3945, #5699 ) ;
#7893 = SURFACE_SIDE_STYLE ('',( #8656 ) ) ;
#7894 = LINE ( 'NONE', #5050, #8685 ) ;
#7895 = EDGE_LOOP ( 'NONE', ( #1855, #8915, #1340, #8638 ) ) ;
#7896 = DIRECTION ( 'NONE',  ( 0.000000000000000000, 0.000000000000000000, 1.000000000000000000 ) ) ;
#7897 = VECTOR ( 'NONE', #2363, 1000.000000000000114 ) ;
#7898 = ADVANCED_FACE ( 'NONE', ( #141 ), #3266, .T. ) ;
#7899 = EDGE_CURVE ( 'NONE', #9418, #6372, #3368, .T. ) ;
#7900 = ORIENTED_EDGE ( 'NONE', *, *, #2079, .F. ) ;
#7901 = ORIENTED_EDGE ( 'NONE', *, *, #4426, .T. ) ;
#7902 = CARTESIAN_POINT ( 'NONE',  ( -0.1999999999999908795, 0.000000000000000000, -0.6999999999999998446 ) ) ;
#7903 = EDGE_CURVE ( 'NONE', #1631, #7407, #2650, .T. ) ;
#7904 = DIRECTION ( 'NONE',  ( -0.000000000000000000, 1.000000000000000000, -0.000000000000000000 ) ) ;
#7905 = ORIENTED_EDGE ( 'NONE', *, *, #7694, .F. ) ;
#7906 = DIRECTION ( 'NONE',  ( 1.000000000000000000, -0.000000000000000000, -0.000000000000000000 ) ) ;
#7907 = LINE ( 'NONE', #945, #7043 ) ;
#7908 = PLANE ( 'NONE',  #6806 ) ;
#7909 = VECTOR ( 'NONE', #7396, 1000.000000000000000 ) ;
#7910 = DIRECTION ( 'NONE',  ( 0.000000000000000000, 1.000000000000000000, 0.000000000000000000 ) ) ;
#7911 = ORIENTED_EDGE ( 'NONE', *, *, #520, .F. ) ;
#7912 = VECTOR ( 'NONE', #2053, 1000.000000000000000 ) ;
#7913 = CARTESIAN_POINT ( 'NONE',  ( -0.4649999999999908651, 0.000000000000000000, 0.7149999999999997469 ) ) ;
#7914 = CARTESIAN_POINT ( 'NONE',  ( 0.4650000000000091283, 0.2000000000000000111, -0.3149999999999999467 ) ) ;
#7915 = FILL_AREA_STYLE_COLOUR ( '', #6210 ) ;
#7916 = VERTEX_POINT ( 'NONE', #3465 ) ;
#7917 = ORIENTED_EDGE ( 'NONE', *, *, #4345, .T. ) ;
#7918 = VECTOR ( 'NONE', #1009, 1000.000000000000000 ) ;
#7919 = CIRCLE ( 'NONE', #5166, 0.06249999999999984041 ) ;
#7920 = ORIENTED_EDGE ( 'NONE', *, *, #4608, .T. ) ;
#7921 = FACE_OUTER_BOUND ( 'NONE', #8356, .T. ) ;
#7922 = CARTESIAN_POINT ( 'NONE',  ( 0.5000000000000000000, 0.1500000000000000222, -0.8675000000000002709 ) ) ;
#7923 = ORIENTED_EDGE ( 'NONE', *, *, #3252, .T. ) ;
#7924 = DIRECTION ( 'NONE',  ( 0.000000000000000000, 0.000000000000000000, 1.000000000000000000 ) ) ;
#7925 = LINE ( 'NONE', #6320, #56 ) ;
#7926 = VECTOR ( 'NONE', #5487, 1000.000000000000000 ) ;
#7927 =( GEOMETRIC_REPRESENTATION_CONTEXT ( 3 ) GLOBAL_UNCERTAINTY_ASSIGNED_CONTEXT ( ( #1856 ) ) GLOBAL_UNIT_ASSIGNED_CONTEXT ( ( #4496, #2163, #10001 ) ) REPRESENTATION_CONTEXT ( 'NONE', 'WORKASPACE' ) );
#7928 = DIRECTION ( 'NONE',  ( 6.195440985631447034E-15, 0.000000000000000000, -1.000000000000000000 ) ) ;
#7929 = EDGE_CURVE ( 'NONE', #3047, #4657, #4230, .T. ) ;
#7930 = VERTEX_POINT ( 'NONE', #6575 ) ;
#7931 = ORIENTED_EDGE ( 'NONE', *, *, #65, .F. ) ;
#7932 = AXIS2_PLACEMENT_3D ( 'NONE', #3578, #506, #5957 ) ;
#7933 = LINE ( 'NONE', #3374, #7757 ) ;
#7934 = VERTEX_POINT ( 'NONE', #8776 ) ;
#7935 = DIRECTION ( 'NONE',  ( 6.195440985631458867E-15, 0.000000000000000000, 1.000000000000000000 ) ) ;
#7936 = LINE ( 'NONE', #970, #5533 ) ;
#7937 = ADVANCED_FACE ( 'NONE', ( #1940 ), #8168, .F. ) ;
#7938 = EDGE_CURVE ( 'NONE', #5452, #2207, #8727, .T. ) ;
#7939 = PLANE ( 'NONE',  #6138 ) ;
#7940 = DIRECTION ( 'NONE',  ( 1.000000000000000000, 0.000000000000000000, -4.015563601798163822E-16 ) ) ;
#7941 = DIRECTION ( 'NONE',  ( 1.000000000000000000, 0.000000000000000000, -1.084202172485502265E-15 ) ) ;
#7942 = CARTESIAN_POINT ( 'NONE',  ( -0.1999999999999908795, 0.2000000000000000111, 0.8624999999999999334 ) ) ;
#7943 = CARTESIAN_POINT ( 'NONE',  ( 0.06750000000000000444, 0.1500000000000000222, 1.800000000000000044 ) ) ;
#7944 = ORIENTED_EDGE ( 'NONE', *, *, #841, .T. ) ;
#7945 = DIRECTION ( 'NONE',  ( 0.5000000000000014433, 0.000000000000000000, -0.8660254037844379305 ) ) ;
#7946 = EDGE_CURVE ( 'NONE', #6464, #4702, #1168, .T. ) ;
#7947 = VERTEX_POINT ( 'NONE', #247 ) ;
#7948 = LINE ( 'NONE', #5579, #1819 ) ;
#7949 = ORIENTED_EDGE ( 'NONE', *, *, #433, .T. ) ;
#7950 = ORIENTED_EDGE ( 'NONE', *, *, #8873, .F. ) ;
#7951 = DIRECTION ( 'NONE',  ( 0.000000000000000000, -1.000000000000000000, 0.000000000000000000 ) ) ;
#7952 = VECTOR ( 'NONE', #3744, 999.9999999999998863 ) ;
#7953 = LINE ( 'NONE', #2529, #7124 ) ;
#7954 = DIRECTION ( 'NONE',  ( 0.000000000000000000, -0.000000000000000000, 1.000000000000000000 ) ) ;
#7955 = ORIENTED_EDGE ( 'NONE', *, *, #4069, .F. ) ;
#7956 = LINE ( 'NONE', #7315, #2082 ) ;
#7957 = DIRECTION ( 'NONE',  ( 0.8660254037844378194, 0.000000000000000000, -0.5000000000000013323 ) ) ;
#7958 = LINE ( 'NONE', #5590, #5371 ) ;
#7959 = ORIENTED_EDGE ( 'NONE', *, *, #8120, .T. ) ;
#7960 = CARTESIAN_POINT ( 'NONE',  ( 0.4390192378864654077, 0.2000000000000000111, 1.400000000000000133 ) ) ;
#7961 = FACE_OUTER_BOUND ( 'NONE', #5171, .T. ) ;
#7962 = VECTOR ( 'NONE', #8794, 1000.000000000000000 ) ;
#7963 = CARTESIAN_POINT ( 'NONE',  ( -0.4999999999999825695, 0.000000000000000000, -0.08500000000000000611 ) ) ;
#7964 = EDGE_CURVE ( 'NONE', #2541, #35, #5027, .T. ) ;
#7965 = ORIENTED_EDGE ( 'NONE', *, *, #4243, .T. ) ;
#7966 = ORIENTED_EDGE ( 'NONE', *, *, #6102, .F. ) ;
#7967 = CARTESIAN_POINT ( 'NONE',  ( -0.1999999999999908795, 0.2000000000000000111, -0.9000000000000000222 ) ) ;
#7968 = CARTESIAN_POINT ( 'NONE',  ( 0.4390192378864747891, 0.000000000000000000, 0.5000000000000002220 ) ) ;
#7969 = DIRECTION ( 'NONE',  ( 0.000000000000000000, 0.000000000000000000, 1.000000000000000000 ) ) ;
#7970 = AXIS2_PLACEMENT_3D ( 'NONE', #8215, #1209, #8979 ) ;
#7971 = DIRECTION ( 'NONE',  ( 0.000000000000000000, -1.000000000000000000, 0.000000000000000000 ) ) ;
#7972 = EDGE_LOOP ( 'NONE', ( #6077, #7131, #7025, #9225 ) ) ;
#7973 = DIRECTION ( 'NONE',  ( -0.8660254037844509201, -0.000000000000000000, -0.4999999999999786837 ) ) ;
#7974 = CARTESIAN_POINT ( 'NONE',  ( 0.000000000000000000, 0.05000000000000000278, -1.599999999999999867 ) ) ;
#7975 = DIRECTION ( 'NONE',  ( -0.000000000000000000, -1.000000000000000000, -0.000000000000000000 ) ) ;
#7976 = VERTEX_POINT ( 'NONE', #5652 ) ;
#7977 = EDGE_LOOP ( 'NONE', ( #573, #2045, #522, #1518 ) ) ;
#7978 = PLANE ( 'NONE',  #3888 ) ;
#7979 = ORIENTED_EDGE ( 'NONE', *, *, #2009, .T. ) ;
#7980 = ADVANCED_FACE ( 'NONE', ( #1883 ), #6474, .T. ) ;
#7981 = VECTOR ( 'NONE', #636, 1000.000000000000000 ) ;
#7982 = CARTESIAN_POINT ( 'NONE',  ( 0.5000000000000091038, 0.2000000000000000111, -0.4850000000000002087 ) ) ;
#7983 = CARTESIAN_POINT ( 'NONE',  ( -0.4999999999999824585, 0.2000000000000000111, -0.3324999999999999623 ) ) ;
#7984 = AXIS2_PLACEMENT_3D ( 'NONE', #9372, #8612, #4011 ) ;
#7985 = CARTESIAN_POINT ( 'NONE',  ( -0.3999999999999907518, 0.1500000000000000222, 0.4675000000000001932 ) ) ;
#7986 = DIRECTION ( 'NONE',  ( 0.000000000000000000, 0.000000000000000000, 1.000000000000000000 ) ) ;
#7987 = LINE ( 'NONE', #9041, #6379 ) ;
#7988 = DIRECTION ( 'NONE',  ( 0.000000000000000000, -1.000000000000000000, 0.000000000000000000 ) ) ;
#7989 = EDGE_CURVE ( 'NONE', #7754, #6257, #403, .T. ) ;
#7990 = PLANE ( 'NONE',  #3641 ) ;
#7991 = PLANE ( 'NONE',  #979 ) ;
#7992 = VERTEX_POINT ( 'NONE', #8026 ) ;
#7993 = VECTOR ( 'NONE', #7812, 1000.000000000000000 ) ;
#7994 = VECTOR ( 'NONE', #6026, 1000.000000000000000 ) ;
#7995 = SURFACE_STYLE_FILL_AREA ( #268 ) ;
#7996 = EDGE_CURVE ( 'NONE', #4834, #1716, #302, .T. ) ;
#7997 = DIRECTION ( 'NONE',  ( 0.000000000000000000, 0.000000000000000000, -1.000000000000000000 ) ) ;
#7998 = ORIENTED_EDGE ( 'NONE', *, *, #1378, .F. ) ;
#7999 =( LENGTH_UNIT ( ) NAMED_UNIT ( * ) SI_UNIT ( .MILLI., .METRE. ) );
#8000 = VERTEX_POINT ( 'NONE', #2752 ) ;
#8001 = EDGE_LOOP ( 'NONE', ( #3720, #6163, #5496, #4770 ) ) ;
#8002 = VECTOR ( 'NONE', #9905, 1000.000000000000000 ) ;
#8003 = CARTESIAN_POINT ( 'NONE',  ( 0.5000000000000000000, 0.1500000000000000222, 0.7324999999999994849 ) ) ;
#8004 = PLANE ( 'NONE',  #7495 ) ;
#8005 = ORIENTED_EDGE ( 'NONE', *, *, #1061, .F. ) ;
#8006 = CARTESIAN_POINT ( 'NONE',  ( 0.5000000000000091038, 0.2000000000000000111, -0.3150000000000001688 ) ) ;
#8007 = LINE ( 'NONE', #3498, #5512 ) ;
#8008 = CARTESIAN_POINT ( 'NONE',  ( 0.06750000000000000444, 0.2000000000000000111, 1.800000000000000044 ) ) ;
#8009 = ORIENTED_EDGE ( 'NONE', *, *, #456, .T. ) ;
#8010 = CARTESIAN_POINT ( 'NONE',  ( 0.4999999999999997780, 0.1500000000000000222, -1.767499999999999627 ) ) ;
#8011 = CYLINDRICAL_SURFACE ( 'NONE', #8019, 0.06250000000000000000 ) ;
#8012 = VECTOR ( 'NONE', #4988, 1000.000000000000000 ) ;
#8013 = ORIENTED_EDGE ( 'NONE', *, *, #62, .T. ) ;
#8014 = EDGE_CURVE ( 'NONE', #4653, #10013, #6420, .T. ) ;
#8015 = DIRECTION ( 'NONE',  ( 0.000000000000000000, 0.000000000000000000, -1.000000000000000000 ) ) ;
#8016 = ORIENTED_EDGE ( 'NONE', *, *, #8943, .F. ) ;
#8017 = CARTESIAN_POINT ( 'NONE',  ( 0.4649999999999997469, 0.2000000000000000111, 1.214999999999999858 ) ) ;
#8018 = FACE_OUTER_BOUND ( 'NONE', #8558, .T. ) ;
#8019 = AXIS2_PLACEMENT_3D ( 'NONE', #3356, #1867, #4313 ) ;
#8020 = AXIS2_PLACEMENT_3D ( 'NONE', #4325, #1309, #597 ) ;
#8021 = CARTESIAN_POINT ( 'NONE',  ( -0.2000000000000002609, 0.2000000000000000111, -1.599999999999999867 ) ) ;
#8022 = DIRECTION ( 'NONE',  ( 0.000000000000000000, -0.000000000000000000, -1.000000000000000000 ) ) ;
#8023 = ORIENTED_EDGE ( 'NONE', *, *, #2835, .F. ) ;
#8024 = DIRECTION ( 'NONE',  ( -2.710505431213760099E-16, -0.000000000000000000, 1.000000000000000000 ) ) ;
#8025 = EDGE_CURVE ( 'NONE', #6339, #1416, #6745, .T. ) ;
#8026 = CARTESIAN_POINT ( 'NONE',  ( -0.5000000000000002220, 0.2000000000000000111, 0.06250000000000000000 ) ) ;
#8027 = EDGE_CURVE ( 'NONE', #4666, #9511, #9487, .T. ) ;
#8028 =( NAMED_UNIT ( * ) SI_UNIT ( $, .STERADIAN. ) SOLID_ANGLE_UNIT ( ) );
#8029 = EDGE_LOOP ( 'NONE', ( #8062, #2584, #1715, #2814 ) ) ;
#8030 = ORIENTED_EDGE ( 'NONE', *, *, #9048, .T. ) ;
#8031 = LINE ( 'NONE', #5658, #3541 ) ;
#8032 = ORIENTED_EDGE ( 'NONE', *, *, #7519, .T. ) ;
#8033 = EDGE_CURVE ( 'NONE', #9877, #3258, #1829, .T. ) ;
#8034 = VECTOR ( 'NONE', #1141, 1000.000000000000000 ) ;
#8035 = DIRECTION ( 'NONE',  ( -1.000000000000000000, 0.000000000000000000, 0.000000000000000000 ) ) ;
#8036 = AXIS2_PLACEMENT_3D ( 'NONE', #4692, #5412, #3180 ) ;
#8037 = EDGE_CURVE ( 'NONE', #6967, #8573, #5799, .T. ) ;
#8038 = DIRECTION ( 'NONE',  ( 0.000000000000000000, -1.000000000000000000, 0.000000000000000000 ) ) ;
#8039 = CARTESIAN_POINT ( 'NONE',  ( -0.2000000000000002609, 0.2000000000000000111, -1.599999999999999867 ) ) ;
#8040 = DIRECTION ( 'NONE',  ( 0.000000000000000000, -1.000000000000000000, 0.000000000000000000 ) ) ;
#8041 = CARTESIAN_POINT ( 'NONE',  ( -0.3999999999999908629, 0.2000000000000000111, 1.232500000000000373 ) ) ;
#8042 = DIRECTION ( 'NONE',  ( 0.8660254037844378194, -0.000000000000000000, 0.5000000000000013323 ) ) ;
#8043 = ORIENTED_EDGE ( 'NONE', *, *, #450, .T. ) ;
#8044 = LINE ( 'NONE', #3391, #4928 ) ;
#8045 = CARTESIAN_POINT ( 'NONE',  ( -0.4999999999999908962, 0.2000000000000000111, 1.367499999999999494 ) ) ;
#8046 = VERTEX_POINT ( 'NONE', #4179 ) ;
#8047 = EDGE_CURVE ( 'NONE', #164, #9412, #7284, .T. ) ;
#8048 = ORIENTED_EDGE ( 'NONE', *, *, #6966, .T. ) ;
#8049 = ADVANCED_FACE ( 'NONE', ( #8933 ), #5077, .F. ) ;
#8050 = ORIENTED_EDGE ( 'NONE', *, *, #5142, .F. ) ;
#8051 = DIRECTION ( 'NONE',  ( -0.000000000000000000, -1.000000000000000000, -0.000000000000000000 ) ) ;
#8052 = AXIS2_PLACEMENT_3D ( 'NONE', #10000, #1540, #722 ) ;
#8053 = DIRECTION ( 'NONE',  ( -0.000000000000000000, 1.000000000000000000, -0.000000000000000000 ) ) ;
#8054 = CARTESIAN_POINT ( 'NONE',  ( -0.4999999999999825695, 0.1500000000000000222, 0.4675000000000001932 ) ) ;
#8055 = ORIENTED_EDGE ( 'NONE', *, *, #5109, .F. ) ;
#8056 = DIRECTION ( 'NONE',  ( 0.000000000000000000, 0.000000000000000000, 1.000000000000000000 ) ) ;
#8057 = CARTESIAN_POINT ( 'NONE',  ( 0.3999999999999998557, 0.1500000000000000222, -0.8674999999999999378 ) ) ;
#8058 = ORIENTED_EDGE ( 'NONE', *, *, #4745, .T. ) ;
#8059 = FACE_OUTER_BOUND ( 'NONE', #2158, .T. ) ;
#8060 = CARTESIAN_POINT ( 'NONE',  ( 0.4649999999999997469, 0.2000000000000000111, 1.385000000000000453 ) ) ;
#8061 = CARTESIAN_POINT ( 'NONE',  ( 0.4999999999999997780, 0.2000000000000000111, 1.385000000000000231 ) ) ;
#8062 = ORIENTED_EDGE ( 'NONE', *, *, #5365, .F. ) ;
#8063 = VERTEX_POINT ( 'NONE', #8315 ) ;
#8064 = CARTESIAN_POINT ( 'NONE',  ( -0.4649999999999908651, 0.000000000000000000, -0.8850000000000001199 ) ) ;
#8065 = ORIENTED_EDGE ( 'NONE', *, *, #3652, .T. ) ;
#8066 = ADVANCED_FACE ( 'NONE', ( #5337 ), #7629, .F. ) ;
#8067 = LINE ( 'NONE', #3659, #452 ) ;
#8068 = CARTESIAN_POINT ( 'NONE',  ( -0.4650000000000002465, 0.2000000000000000111, 1.785000000000000142 ) ) ;
#8069 = VECTOR ( 'NONE', #8790, 1000.000000000000000 ) ;
#8070 = VECTOR ( 'NONE', #2149, 1000.000000000000000 ) ;
#8071 = DIRECTION ( 'NONE',  ( -1.000000000000000000, 0.000000000000000000, 0.000000000000000000 ) ) ;
#8072 = CARTESIAN_POINT ( 'NONE',  ( 0.000000000000000000, 0.05000000000000000278, -0.1000000000000000472 ) ) ;
#8073 = ORIENTED_EDGE ( 'NONE', *, *, #5990, .T. ) ;
#8074 = CARTESIAN_POINT ( 'NONE',  ( 0.2000000000000184130, 0.2000000000000000111, 0.5000000000000002220 ) ) ;
#8075 = CARTESIAN_POINT ( 'NONE',  ( 0.3999999999999997446, 0.1500000000000000222, -1.632499999999999840 ) ) ;
#8076 = AXIS2_PLACEMENT_3D ( 'NONE', #8874, #5070, #1302 ) ;
#8077 = AXIS2_PLACEMENT_3D ( 'NONE', #6146, #9321, #9121 ) ;
#8078 = VERTEX_POINT ( 'NONE', #9782 ) ;
#8079 = EDGE_CURVE ( 'NONE', #197, #5741, #6774, .T. ) ;
#8080 = ORIENTED_EDGE ( 'NONE', *, *, #6499, .T. ) ;
#8081 = DIRECTION ( 'NONE',  ( 0.000000000000000000, 0.000000000000000000, -1.000000000000000000 ) ) ;
#8082 = VECTOR ( 'NONE', #4712, 1000.000000000000000 ) ;
#8083 = EDGE_LOOP ( 'NONE', ( #4783, #9086, #4238, #7559 ) ) ;
#8084 = VECTOR ( 'NONE', #5929, 1000.000000000000000 ) ;
#8085 = CARTESIAN_POINT ( 'NONE',  ( 0.3999999999999998557, 0.1500000000000000222, 0.8674999999999997158 ) ) ;
#8086 = EDGE_CURVE ( 'NONE', #7664, #8718, #1410, .T. ) ;
#8087 = VERTEX_POINT ( 'NONE', #6824 ) ;
#8088 = FACE_OUTER_BOUND ( 'NONE', #1680, .T. ) ;
#8089 = FACE_OUTER_BOUND ( 'NONE', #3497, .T. ) ;
#8090 = ADVANCED_FACE ( 'NONE', ( #2189 ), #3665, .T. ) ;
#8091 = DIRECTION ( 'NONE',  ( 0.000000000000000000, 0.000000000000000000, -1.000000000000000000 ) ) ;
#8092 = LINE ( 'NONE', #4248, #701 ) ;
#8093 = CARTESIAN_POINT ( 'NONE',  ( -0.1999999999999908795, 0.04999999999999999584, 0.6999999999999998446 ) ) ;
#8094 = CARTESIAN_POINT ( 'NONE',  ( -0.4999999999999825695, 0.2000000000000000111, -0.08500000000000000611 ) ) ;
#8095 = ORIENTED_EDGE ( 'NONE', *, *, #3216, .T. ) ;
#8096 = ORIENTED_EDGE ( 'NONE', *, *, #9243, .T. ) ;
#8097 = ORIENTED_EDGE ( 'NONE', *, *, #6748, .T. ) ;
#8098 = DIRECTION ( 'NONE',  ( 6.195440985631458867E-15, 0.000000000000000000, -1.000000000000000000 ) ) ;
#8099 = FACE_OUTER_BOUND ( 'NONE', #8624, .T. ) ;
#8100 = PLANE ( 'NONE',  #156 ) ;
#8101 = ORIENTED_EDGE ( 'NONE', *, *, #6031, .T. ) ;
#8102 = CARTESIAN_POINT ( 'NONE',  ( 0.5000000000000000000, 0.1500000000000000222, 0.8675000000000002709 ) ) ;
#8103 = CARTESIAN_POINT ( 'NONE',  ( -0.1999999999999908795, 0.2000000000000000111, 0.9000000000000000222 ) ) ;
#8104 = CARTESIAN_POINT ( 'NONE',  ( 0.5000000000000091038, 0.2000000000000000111, 0.4625000000000001887 ) ) ;
#8105 = EDGE_LOOP ( 'NONE', ( #174, #7474, #1348, #4328 ) ) ;
#8106 = ADVANCED_FACE ( 'NONE', ( #9824 ), #9921, .F. ) ;
#8107 = CARTESIAN_POINT ( 'NONE',  ( -0.4649999999999908651, 0.2000000000000000111, -0.8850000000000001199 ) ) ;
#8108 = PLANE ( 'NONE',  #2353 ) ;
#8109 = LINE ( 'NONE', #2738, #9424 ) ;
#8110 = ORIENTED_EDGE ( 'NONE', *, *, #5921, .T. ) ;
#8111 = VECTOR ( 'NONE', #336, 1000.000000000000114 ) ;
#8112 = ORIENTED_EDGE ( 'NONE', *, *, #1932, .T. ) ;
#8113 = DIRECTION ( 'NONE',  ( 0.000000000000000000, 0.000000000000000000, 1.000000000000000000 ) ) ;
#8114 = ORIENTED_EDGE ( 'NONE', *, *, #5737, .T. ) ;
#8115 = PLANE ( 'NONE',  #5243 ) ;
#8116 = PLANE ( 'NONE',  #3392 ) ;
#8117 = EDGE_CURVE ( 'NONE', #8263, #5903, #7578, .T. ) ;
#8118 = ORIENTED_EDGE ( 'NONE', *, *, #7296, .F. ) ;
#8119 = DIRECTION ( 'NONE',  ( 0.000000000000000000, 0.000000000000000000, 1.000000000000000000 ) ) ;
#8120 = EDGE_CURVE ( 'NONE', #8706, #8516, #5896, .T. ) ;
#8121 = VECTOR ( 'NONE', #1654, 1000.000000000000000 ) ;
#8122 = DIRECTION ( 'NONE',  ( 1.000000000000000000, 0.000000000000000000, 6.195440985631458867E-15 ) ) ;
#8123 = CARTESIAN_POINT ( 'NONE',  ( 0.5000000000000000000, 0.1500000000000000222, 0.8675000000000002709 ) ) ;
#8124 = VERTEX_POINT ( 'NONE', #3571 ) ;
#8125 = EDGE_CURVE ( 'NONE', #1986, #4315, #3722, .T. ) ;
#8126 = ORIENTED_EDGE ( 'NONE', *, *, #4417, .T. ) ;
#8127 = VECTOR ( 'NONE', #4742, 1000.000000000000000 ) ;
#8128 = LINE ( 'NONE', #1945, #3076 ) ;
#8129 = DIRECTION ( 'NONE',  ( 1.000000000000000000, 0.000000000000000000, -6.195440985631447034E-15 ) ) ;
#8130 = ORIENTED_EDGE ( 'NONE', *, *, #2620, .T. ) ;
#8131 = EDGE_CURVE ( 'NONE', #5287, #3264, #6100, .T. ) ;
#8132 = CARTESIAN_POINT ( 'NONE',  ( -0.4999999999999825695, 0.1500000000000000222, 0.3325000000000001843 ) ) ;
#8133 = CIRCLE ( 'NONE', #1810, 0.06249999999999984041 ) ;
#8134 = EDGE_CURVE ( 'NONE', #4697, #7782, #9871, .T. ) ;
#8135 = CARTESIAN_POINT ( 'NONE',  ( 0.4649999999999997469, 0.2000000000000000111, -1.214999999999999858 ) ) ;
#8136 = CARTESIAN_POINT ( 'NONE',  ( -0.4650000000000002465, 0.04999999999999999584, -1.614999999999999769 ) ) ;
#8137 = LINE ( 'NONE', #5817, #4247 ) ;
#8138 = CARTESIAN_POINT ( 'NONE',  ( 0.5000000000000000000, 0.1500000000000000222, 0.8675000000000002709 ) ) ;
#8139 = FACE_OUTER_BOUND ( 'NONE', #4030, .T. ) ;
#8140 = EDGE_CURVE ( 'NONE', #3288, #4168, #3010, .T. ) ;
#8141 = ADVANCED_FACE ( 'NONE', ( #8367 ), #6048, .F. ) ;
#8142 = DIRECTION ( 'NONE',  ( 0.000000000000000000, -0.000000000000000000, 1.000000000000000000 ) ) ;
#8143 = DIRECTION ( 'NONE',  ( -4.015563601798163822E-16, 0.000000000000000000, -1.000000000000000000 ) ) ;
#8144 = VECTOR ( 'NONE', #4889, 1000.000000000000000 ) ;
#8145 = ORIENTED_EDGE ( 'NONE', *, *, #2034, .F. ) ;
#8146 = PLANE ( 'NONE',  #2807 ) ;
#8147 = ORIENTED_EDGE ( 'NONE', *, *, #9862, .F. ) ;
#8148 = PLANE ( 'NONE',  #2065 ) ;
#8149 = DIRECTION ( 'NONE',  ( -1.000000000000000000, -0.000000000000000000, -0.000000000000000000 ) ) ;
#8150 = ORIENTED_EDGE ( 'NONE', *, *, #4945, .T. ) ;
#8151 = AXIS2_PLACEMENT_3D ( 'NONE', #8255, #9805, #2887 ) ;
#8152 = CARTESIAN_POINT ( 'NONE',  ( 0.2000000000000090317, 0.2000000000000000111, 1.400000000000000133 ) ) ;
#8153 = DIRECTION ( 'NONE',  ( 0.000000000000000000, -0.000000000000000000, -1.000000000000000000 ) ) ;
#8154 = EDGE_LOOP ( 'NONE', ( #2320, #3319, #7851, #1896 ) ) ;
#8155 = LINE ( 'NONE', #1812, #8495 ) ;
#8156 = CARTESIAN_POINT ( 'NONE',  ( 0.4999999999999997780, 0.2000000000000000111, -1.385000000000000231 ) ) ;
#8157 = VECTOR ( 'NONE', #1442, 1000.000000000000000 ) ;
#8158 = ORIENTED_EDGE ( 'NONE', *, *, #7887, .T. ) ;
#8159 = PLANE ( 'NONE',  #3859 ) ;
#8160 = ORIENTED_EDGE ( 'NONE', *, *, #3610, .T. ) ;
#8161 = VERTEX_POINT ( 'NONE', #2957 ) ;
#8162 = LINE ( 'NONE', #1208, #3878 ) ;
#8163 = LINE ( 'NONE', #2747, #988 ) ;
#8164 = FACE_OUTER_BOUND ( 'NONE', #5610, .T. ) ;
#8165 = CARTESIAN_POINT ( 'NONE',  ( 0.5000000000000091038, 0.2000000000000000111, -0.7999999999999999334 ) ) ;
#8166 = ORIENTED_EDGE ( 'NONE', *, *, #2471, .T. ) ;
#8167 = CARTESIAN_POINT ( 'NONE',  ( -0.2000000000000002609, 0.2000000000000000111, -1.800000000000000044 ) ) ;
#8168 = PLANE ( 'NONE',  #5443 ) ;
#8169 = LINE ( 'NONE', #1215, #216 ) ;
#8170 = DIRECTION ( 'NONE',  ( -0.4999999999999786837, 0.000000000000000000, -0.8660254037844510311 ) ) ;
#8171 = ORIENTED_EDGE ( 'NONE', *, *, #726, .F. ) ;
#8172 = AXIS2_PLACEMENT_3D ( 'NONE', #4765, #2435, #10022 ) ;
#8173 = ORIENTED_EDGE ( 'NONE', *, *, #3032, .F. ) ;
#8174 = VECTOR ( 'NONE', #5759, 1000.000000000000000 ) ;
#8175 = ADVANCED_FACE ( 'NONE', ( #2039 ), #2858, .F. ) ;
#8176 = DIRECTION ( 'NONE',  ( 1.000000000000000000, 0.000000000000000000, -6.505213034913025026E-15 ) ) ;
#8177 = CARTESIAN_POINT ( 'NONE',  ( -0.4390192378864497535, 0.000000000000000000, -0.1000000000000000472 ) ) ;
#8178 = VERTEX_POINT ( 'NONE', #1265 ) ;
#8179 = ADVANCED_FACE ( 'NONE', ( #5182 ), #497, .F. ) ;
#8180 = DIRECTION ( 'NONE',  ( -0.000000000000000000, -1.000000000000000000, -0.000000000000000000 ) ) ;
#8181 = EDGE_LOOP ( 'NONE', ( #880, #2711 ) ) ;
#8182 = DIRECTION ( 'NONE',  ( -1.355252715606880049E-16, -0.000000000000000000, 1.000000000000000000 ) ) ;
#8183 = AXIS2_PLACEMENT_3D ( 'NONE', #6242, #8451, #5425 ) ;
#8184 = ADVANCED_FACE ( 'NONE', ( #9032 ), #8271, .T. ) ;
#8185 = LINE ( 'NONE', #1229, #1249 ) ;
#8186 = PLANE ( 'NONE',  #1315 ) ;
#8187 = FACE_OUTER_BOUND ( 'NONE', #8029, .T. ) ;
#8188 = DIRECTION ( 'NONE',  ( 0.000000000000000000, -1.000000000000000000, 0.000000000000000000 ) ) ;
#8189 = EDGE_CURVE ( 'NONE', #8887, #8087, #7862, .T. ) ;
#8190 = PLANE ( 'NONE',  #2214 ) ;
#8191 = VERTEX_POINT ( 'NONE', #128 ) ;
#8192 = DIRECTION ( 'NONE',  ( 0.000000000000000000, 0.000000000000000000, 1.000000000000000000 ) ) ;
#8193 = ORIENTED_EDGE ( 'NONE', *, *, #368, .T. ) ;
#8194 = EDGE_CURVE ( 'NONE', #4014, #7336, #1660, .T. ) ;
#8195 = DIRECTION ( 'NONE',  ( -1.355252715606755804E-16, 0.000000000000000000, -1.000000000000000000 ) ) ;
#8196 = LINE ( 'NONE', #2838, #8084 ) ;
#8197 = PLANE ( 'NONE',  #8435 ) ;
#8198 = EDGE_LOOP ( 'NONE', ( #6195, #394, #1768, #6022 ) ) ;
#8199 = LINE ( 'NONE', #6654, #7620 ) ;
#8200 = CYLINDRICAL_SURFACE ( 'NONE', #2939, 0.07499999999999998335 ) ;
#8201 = CARTESIAN_POINT ( 'NONE',  ( -0.3999999999999907518, 0.1500000000000000222, -0.4675000000000000266 ) ) ;
#8202 = ORIENTED_EDGE ( 'NONE', *, *, #7727, .T. ) ;
#8203 = CARTESIAN_POINT ( 'NONE',  ( 0.000000000000000000, 0.05000000000000000278, -1.200000000000000178 ) ) ;
#8204 = EDGE_CURVE ( 'NONE', #8063, #4900, #8517, .T. ) ;
#8205 = DIRECTION ( 'NONE',  ( -0.000000000000000000, 1.000000000000000000, -0.000000000000000000 ) ) ;
#8206 = DIRECTION ( 'NONE',  ( -0.000000000000000000, 0.000000000000000000, 1.000000000000000000 ) ) ;
#8207 = CLOSED_SHELL ( 'NONE', ( #2652, #9543, #204, #7769, #9748, #6860 ) ) ;
#8208 = ORIENTED_EDGE ( 'NONE', *, *, #2809, .T. ) ;
#8209 = VERTEX_POINT ( 'NONE', #5592 ) ;
#8210 = CARTESIAN_POINT ( 'NONE',  ( -0.4390192378864497535, 0.2000000000000000111, -0.1000000000000000472 ) ) ;
#8211 = EDGE_LOOP ( 'NONE', ( #3218, #6661, #1728, #8970, #2882, #7057 ) ) ;
#8212 = EDGE_CURVE ( 'NONE', #4878, #5902, #3203, .T. ) ;
#8213 = ORIENTED_EDGE ( 'NONE', *, *, #853, .T. ) ;
#8214 = DIRECTION ( 'NONE',  ( 0.000000000000000000, -0.000000000000000000, 1.000000000000000000 ) ) ;
#8215 = CARTESIAN_POINT ( 'NONE',  ( 0.000000000000000000, 0.1500000000000000222, 0.000000000000000000 ) ) ;
#8216 = DIRECTION ( 'NONE',  ( 0.000000000000000000, 0.000000000000000000, 1.000000000000000000 ) ) ;
#8217 = DIRECTION ( 'NONE',  ( -1.000000000000000000, 0.000000000000000000, -0.000000000000000000 ) ) ;
#8218 = CARTESIAN_POINT ( 'NONE',  ( 0.2000000000000090039, 0.2000000000000000111, 1.200000000000000178 ) ) ;
#8220 = ORIENTED_EDGE ( 'NONE', *, *, #9800, .T. ) ;
#8219 = ADVANCED_FACE ( 'NONE', ( #9279 ), #8465, .F. ) ;
#8221 = PLANE ( 'NONE',  #6561 ) ;
#8222 = AXIS2_PLACEMENT_3D ( 'NONE', #9999, #7748, #7147 ) ;
#8223 = DIRECTION ( 'NONE',  ( 0.8660254037844510311, 0.000000000000000000, 0.4999999999999786837 ) ) ;
#8224 = CARTESIAN_POINT ( 'NONE',  ( 0.3999999999999998557, 0.2000000000000000111, 0.8674999999999997158 ) ) ;
#8225 = EDGE_LOOP ( 'NONE', ( #8692, #7619, #1630, #4171 ) ) ;
#8226 = AXIS2_PLACEMENT_3D ( 'NONE', #4074, #4923, #242 ) ;
#8227 = AXIS2_PLACEMENT_3D ( 'NONE', #2218, #4492, #1335 ) ;
#8228 = ORIENTED_EDGE ( 'NONE', *, *, #9738, .T. ) ;
#8229 = CARTESIAN_POINT ( 'NONE',  ( 0.5000000000000091038, 0.2000000000000000111, 0.7374999999999998224 ) ) ;
#8230 = DIRECTION ( 'NONE',  ( 1.000000000000000000, 0.000000000000000000, 1.355252715606880049E-16 ) ) ;
#8231 = CARTESIAN_POINT ( 'NONE',  ( -0.4999999999999908962, 0.2000000000000000111, 0.8849999999999998979 ) ) ;
#8232 = VERTEX_POINT ( 'NONE', #5444 ) ;
#8233 = LINE ( 'NONE', #1370, #8489 ) ;
#8234 = VECTOR ( 'NONE', #5668, 1000.000000000000000 ) ;
#8235 = EDGE_CURVE ( 'NONE', #8421, #1961, #4668, .T. ) ;
#8236 = ORIENTED_EDGE ( 'NONE', *, *, #9904, .T. ) ;
#8237 = VECTOR ( 'NONE', #838, 1000.000000000000000 ) ;
#8238 = PLANE ( 'NONE',  #3879 ) ;
#8239 = VECTOR ( 'NONE', #1019, 1000.000000000000000 ) ;
#8240 = PLANE ( 'NONE',  #6301 ) ;
#8241 = CARTESIAN_POINT ( 'NONE',  ( -0.1999999999999908795, 0.05000000000000000278, 0.000000000000000000 ) ) ;
#8242 = EDGE_CURVE ( 'NONE', #6037, #3423, #1512, .T. ) ;
#8243 = DIRECTION ( 'NONE',  ( -1.000000000000000000, 0.000000000000000000, -6.505213034913017138E-15 ) ) ;
#8244 = CARTESIAN_POINT ( 'NONE',  ( 0.2000000000000184130, 0.000000000000000000, -0.5000000000000002220 ) ) ;
#8245 = EDGE_CURVE ( 'NONE', #1598, #2784, #8618, .T. ) ;
#8246 = VECTOR ( 'NONE', #2929, 1000.000000000000000 ) ;
#8247 = DIRECTION ( 'NONE',  ( 0.8660254037844378194, -0.000000000000000000, 0.5000000000000013323 ) ) ;
#8248 = EDGE_CURVE ( 'NONE', #10013, #7930, #3915, .T. ) ;
#8249 = ORIENTED_EDGE ( 'NONE', *, *, #1174, .T. ) ;
#8250 = EDGE_LOOP ( 'NONE', ( #1157, #7917, #7366, #3321 ) ) ;
#8251 = ORIENTED_EDGE ( 'NONE', *, *, #4285, .F. ) ;
#8252 = FACE_OUTER_BOUND ( 'NONE', #2304, .T. ) ;
#8253 = FACE_OUTER_BOUND ( 'NONE', #830, .T. ) ;
#8254 = FILL_AREA_STYLE_COLOUR ( '', #5341 ) ;
#8255 = CARTESIAN_POINT ( 'NONE',  ( 0.4390192378864654077, 0.2000000000000000111, 1.200000000000000178 ) ) ;
#8256 = DIRECTION ( 'NONE',  ( 0.000000000000000000, 0.000000000000000000, -1.000000000000000000 ) ) ;
#8257 = VERTEX_POINT ( 'NONE', #6925 ) ;
#8258 = LINE ( 'NONE', #7509, #4716 ) ;
#8259 = ORIENTED_EDGE ( 'NONE', *, *, #4588, .F. ) ;
#8260 = ADVANCED_FACE ( 'NONE', ( #6259 ), #7119, .F. ) ;
#8261 = CARTESIAN_POINT ( 'NONE',  ( -0.5000000000000002220, 0.05000000000000000278, 1.899999999999999911 ) ) ;
#8262 = CYLINDRICAL_SURFACE ( 'NONE', #8461, 0.06250000000000000000 ) ;
#8263 = VERTEX_POINT ( 'NONE', #4015 ) ;
#8264 = ORIENTED_EDGE ( 'NONE', *, *, #9793, .F. ) ;
#8265 = PLANE ( 'NONE',  #8076 ) ;
#8266 = CARTESIAN_POINT ( 'NONE',  ( 0.4999999999999997780, 0.05000000000000000278, 1.899999999999999911 ) ) ;
#8267 = LINE ( 'NONE', #4410, #1581 ) ;
#8268 = DIRECTION ( 'NONE',  ( 0.000000000000000000, 0.000000000000000000, 1.000000000000000000 ) ) ;
#8269 = ORIENTED_EDGE ( 'NONE', *, *, #3786, .T. ) ;
#8270 = LINE ( 'NONE', #1307, #9764 ) ;
#8271 = CYLINDRICAL_SURFACE ( 'NONE', #1531, 0.07499999999999998335 ) ;
#8272 = EDGE_CURVE ( 'NONE', #2043, #9694, #842, .T. ) ;
#8273 = CYLINDRICAL_SURFACE ( 'NONE', #6744, 0.07499999999999998335 ) ;
#8274 = CARTESIAN_POINT ( 'NONE',  ( -0.3999999999999907518, 0.2000000000000000111, -0.3325000000000000178 ) ) ;
#8275 = VERTEX_POINT ( 'NONE', #3963 ) ;
#8276 = ADVANCED_FACE ( 'NONE', ( #9377 ), #2288, .F. ) ;
#8277 = ORIENTED_EDGE ( 'NONE', *, *, #5824, .F. ) ;
#8278 = CARTESIAN_POINT ( 'NONE',  ( 0.2000000000000090039, 0.000000000000000000, 1.200000000000000178 ) ) ;
#8279 = AXIS2_PLACEMENT_3D ( 'NONE', #281, #4013, #8669 ) ;
#8280 = CARTESIAN_POINT ( 'NONE',  ( -0.4390192378864581357, 0.2000000000000000111, 0.9000000000000000222 ) ) ;
#8281 = ORIENTED_EDGE ( 'NONE', *, *, #1477, .T. ) ;
#8282 = CARTESIAN_POINT ( 'NONE',  ( -0.5000000000000002220, 0.1999999999999999833, 1.367500000000000160 ) ) ;
#8283 = CARTESIAN_POINT ( 'NONE',  ( 0.5000000000000091038, 0.1500000000000000222, -0.06749999999999996281 ) ) ;
#8284 = VECTOR ( 'NONE', #874, 1000.000000000000000 ) ;
#8285 = VERTEX_POINT ( 'NONE', #2434 ) ;
#8286 = DIRECTION ( 'NONE',  ( -0.8660254037844378194, 0.000000000000000000, -0.5000000000000013323 ) ) ;
#8287 = EDGE_CURVE ( 'NONE', #8718, #8750, #745, .T. ) ;
#8288 = DIRECTION ( 'NONE',  ( 1.000000000000000000, 0.000000000000000000, 1.355252715606755804E-16 ) ) ;
#8289 = DIRECTION ( 'NONE',  ( 1.000000000000000000, 0.000000000000000000, -1.355252715606880049E-16 ) ) ;
#8290 = VECTOR ( 'NONE', #7046, 1000.000000000000000 ) ;
#8291 = CARTESIAN_POINT ( 'NONE',  ( 0.06749999999999997669, 0.1500000000000000222, 1.899999999999999911 ) ) ;
#8292 = LINE ( 'NONE', #2978, #8246 ) ;
#8293 = DIRECTION ( 'NONE',  ( 0.000000000000000000, -1.000000000000000000, 0.000000000000000000 ) ) ;
#8294 = ORIENTED_EDGE ( 'NONE', *, *, #9561, .T. ) ;
#8295 = LINE ( 'NONE', #624, #7103 ) ;
#8296 = EDGE_CURVE ( 'NONE', #143, #4976, #4714, .T. ) ;
#8297 = PLANE ( 'NONE',  #9813 ) ;
#8298 = LINE ( 'NONE', #9107, #3955 ) ;
#8299 = FACE_OUTER_BOUND ( 'NONE', #1207, .T. ) ;
#8300 = ORIENTED_EDGE ( 'NONE', *, *, #9110, .T. ) ;
#8301 = ORIENTED_EDGE ( 'NONE', *, *, #8553, .F. ) ;
#8302 = EDGE_CURVE ( 'NONE', #2044, #7235, #3253, .T. ) ;
#8303 =( LENGTH_UNIT ( ) NAMED_UNIT ( * ) SI_UNIT ( .MILLI., .METRE. ) );
#8304 = CARTESIAN_POINT ( 'NONE',  ( 0.2000000000000090039, 0.2000000000000000111, -1.200000000000000178 ) ) ;
#8305 = CARTESIAN_POINT ( 'NONE',  ( 0.3999999999999997446, 0.2000000000000000111, 1.767500000000000071 ) ) ;
#8306 = ORIENTED_EDGE ( 'NONE', *, *, #6984, .T. ) ;
#8307 = CARTESIAN_POINT ( 'NONE',  ( 0.3999999999999998557, 0.1500000000000000222, -0.8674999999999999378 ) ) ;
#8308 = VECTOR ( 'NONE', #7233, 1000.000000000000000 ) ;
#8309 = EDGE_CURVE ( 'NONE', #1089, #9601, #3060, .T. ) ;
#8310 = CARTESIAN_POINT ( 'NONE',  ( 0.5000000000000091038, 0.1500000000000000222, 0.06750000000000001832 ) ) ;
#8311 = PLANE ( 'NONE',  #1181 ) ;
#8312 = CARTESIAN_POINT ( 'NONE',  ( 0.5000000000000091038, 0.2000000000000000111, -0.4850000000000002087 ) ) ;
#8313 = ORIENTED_EDGE ( 'NONE', *, *, #9203, .F. ) ;
#8314 = DIRECTION ( 'NONE',  ( -0.000000000000000000, -0.000000000000000000, -1.000000000000000000 ) ) ;
#8315 = CARTESIAN_POINT ( 'NONE',  ( 0.2000000000000090317, 0.04999999999999999584, -1.400000000000000133 ) ) ;
#8316 = VECTOR ( 'NONE', #230, 1000.000000000000000 ) ;
#8317 = CARTESIAN_POINT ( 'NONE',  ( -0.3250000000000001776, 0.3128679656440358503, -1.724999999999999867 ) ) ;
#8318 = AXIS2_PLACEMENT_3D ( 'NONE', #6619, #5698, #8775 ) ;
#8319 = ADVANCED_FACE ( 'NONE', ( #7221 ), #3502, .T. ) ;
#8320 = DIRECTION ( 'NONE',  ( 0.000000000000000000, 0.000000000000000000, 1.000000000000000000 ) ) ;
#8321 = ORIENTED_EDGE ( 'NONE', *, *, #3381, .T. ) ;
#8322 = VERTEX_POINT ( 'NONE', #2588 ) ;
#8323 = ORIENTED_EDGE ( 'NONE', *, *, #4408, .F. ) ;
#8324 = ADVANCED_FACE ( 'NONE', ( #285 ), #8715, .F. ) ;
#8325 = CARTESIAN_POINT ( 'NONE',  ( 0.2000000000000184130, 0.2000000000000000111, -0.3375000000000001887 ) ) ;
#8326 = MECHANICAL_DESIGN_GEOMETRIC_PRESENTATION_REPRESENTATION (  '', ( #372 ), #5419 ) ;
#8327 = EDGE_CURVE ( 'NONE', #9140, #4657, #4166, .T. ) ;
#8328 = AXIS2_PLACEMENT_3D ( 'NONE', #6066, #4385, #5303 ) ;
#8329 = DIRECTION ( 'NONE',  ( 1.626303258728392138E-15, 0.000000000000000000, 1.000000000000000000 ) ) ;
#8330 = EDGE_LOOP ( 'NONE', ( #4368, #4082, #1384, #8438 ) ) ;
#8331 = DIRECTION ( 'NONE',  ( 0.000000000000000000, 0.000000000000000000, 1.000000000000000000 ) ) ;
#8332 = CARTESIAN_POINT ( 'NONE',  ( -0.3250000000000001776, 0.5250000000000000222, -1.724999999999999867 ) ) ;
#8333 = COLOUR_RGB ( '',0.7921568627450980005, 0.8196078431372548767, 0.9333333333333333481 ) ;
#8334 = VECTOR ( 'NONE', #4582, 1000.000000000000000 ) ;
#8335 = VERTEX_POINT ( 'NONE', #9521 ) ;
#8336 = LINE ( 'NONE', #5249, #8070 ) ;
#8337 = EDGE_CURVE ( 'NONE', #847, #9418, #4965, .T. ) ;
#8338 = CARTESIAN_POINT ( 'NONE',  ( 0.4999999999999997780, 0.2000000000000000111, -1.215000000000000080 ) ) ;
#8339 = LINE ( 'NONE', #9097, #4091 ) ;
#8340 = VECTOR ( 'NONE', #1266, 1000.000000000000000 ) ;
#8341 = DIRECTION ( 'NONE',  ( 1.000000000000000000, 0.000000000000000000, 6.195440985631458867E-15 ) ) ;
#8342 = CARTESIAN_POINT ( 'NONE',  ( 0.2000000000000090317, 0.000000000000000000, 1.400000000000000133 ) ) ;
#8343 = ADVANCED_FACE ( 'NONE', ( #6403 ), #1153, .T. ) ;
#8344 = ORIENTED_EDGE ( 'NONE', *, *, #363, .T. ) ;
#8345 = PLANE ( 'NONE',  #4655 ) ;
#8346 = PLANE ( 'NONE',  #6288 ) ;
#8347 = PRESENTATION_STYLE_ASSIGNMENT (( #8441 ) ) ;
#8348 = LINE ( 'NONE', #9661, #5552 ) ;
#8349 = EDGE_LOOP ( 'NONE', ( #7802, #7543, #5102, #9039 ) ) ;
#8350 = CARTESIAN_POINT ( 'NONE',  ( -0.4390192378864581357, 0.2000000000000000111, 0.9000000000000000222 ) ) ;
#8351 = ORIENTED_EDGE ( 'NONE', *, *, #2011, .T. ) ;
#8352 = VECTOR ( 'NONE', #3439, 1000.000000000000000 ) ;
#8353 = CARTESIAN_POINT ( 'NONE',  ( -0.4999999999999824585, 0.1500000000000000222, -0.3324999999999999623 ) ) ;
#8354 = ADVANCED_FACE ( 'NONE', ( #8059 ), #1054, .T. ) ;
#8355 = CARTESIAN_POINT ( 'NONE',  ( -0.4390192378864674616, 0.04999999999999999584, -1.599999999999999867 ) ) ;
#8356 = EDGE_LOOP ( 'NONE', ( #2792, #7206, #8779, #118, #944, #4137 ) ) ;
#8357 = DIRECTION ( 'NONE',  ( -1.000000000000000000, -0.000000000000000000, 6.195440985631447034E-15 ) ) ;
#8358 = EDGE_LOOP ( 'NONE', ( #1619, #5581, #8420, #4185 ) ) ;
#8359 = VERTEX_POINT ( 'NONE', #3407 ) ;
#8360 = COLOUR_RGB ( '',0.7921568627450980005, 0.8196078431372548767, 0.9333333333333333481 ) ;
#8361 = ORIENTED_EDGE ( 'NONE', *, *, #4423, .T. ) ;
#8362 = EDGE_LOOP ( 'NONE', ( #1777, #7950, #9625, #1714 ) ) ;
#8363 = CARTESIAN_POINT ( 'NONE',  ( -0.4390192378864497535, 0.2000000000000000111, 0.1000000000000000472 ) ) ;
#8364 = DIRECTION ( 'NONE',  ( 1.000000000000000000, 0.000000000000000000, 6.195440985631458078E-15 ) ) ;
#8365 = ORIENTED_EDGE ( 'NONE', *, *, #1720, .T. ) ;
#8366 = PLANE ( 'NONE',  #7687 ) ;
#8367 = FACE_OUTER_BOUND ( 'NONE', #457, .T. ) ;
#8368 = CARTESIAN_POINT ( 'NONE',  ( 0.3999999999999998557, 0.2000000000000000111, -0.8674999999999999378 ) ) ;
#8369 = CARTESIAN_POINT ( 'NONE',  ( 0.4999999999999997780, 0.2000000000000000111, -1.215000000000000080 ) ) ;
#8370 = EDGE_LOOP ( 'NONE', ( #6445, #6264, #9465, #5154 ) ) ;
#8371 = VERTEX_POINT ( 'NONE', #9565 ) ;
#8372 = EDGE_CURVE ( 'NONE', #5222, #3957, #3354, .T. ) ;
#8373 = ORIENTED_EDGE ( 'NONE', *, *, #1363, .F. ) ;
#8374 = LINE ( 'NONE', #6215, #4511 ) ;
#8375 = ORIENTED_EDGE ( 'NONE', *, *, #8761, .F. ) ;
#8376 = PLANE ( 'NONE',  #6073 ) ;
#8377 = CARTESIAN_POINT ( 'NONE',  ( 0.4390192378864747891, 0.2000000000000000111, 0.3000000000000001554 ) ) ;
#8378 = CARTESIAN_POINT ( 'NONE',  ( 0.000000000000000000, 0.2000000000000000111, 0.000000000000000000 ) ) ;
#8379 = EDGE_CURVE ( 'NONE', #8257, #1217, #5780, .T. ) ;
#8380 = CIRCLE ( 'NONE', #1574, 0.06249999999999984041 ) ;
#8381 = ORIENTED_EDGE ( 'NONE', *, *, #6723, .T. ) ;
#8382 = DIRECTION ( 'NONE',  ( 1.000000000000000000, -0.000000000000000000, -0.000000000000000000 ) ) ;
#8383 = LINE ( 'NONE', #6742, #3869 ) ;
#8384 = VECTOR ( 'NONE', #1770, 1000.000000000000000 ) ;
#8385 = VECTOR ( 'NONE', #3790, 1000.000000000000000 ) ;
#8386 = DIRECTION ( 'NONE',  ( 0.000000000000000000, 0.000000000000000000, -1.000000000000000000 ) ) ;
#8387 = ADVANCED_FACE ( 'NONE', ( #7320 ), #6509, .T. ) ;
#8388 = LINE ( 'NONE', #6947, #5460 ) ;
#8389 = VECTOR ( 'NONE', #9819, 1000.000000000000000 ) ;
#8390 = VECTOR ( 'NONE', #6697, 1000.000000000000114 ) ;
#8391 = ORIENTED_EDGE ( 'NONE', *, *, #6577, .F. ) ;
#8392 = EDGE_CURVE ( 'NONE', #2908, #1832, #8814, .T. ) ;
#8393 = DIRECTION ( 'NONE',  ( -1.000000000000000000, 0.000000000000000000, 5.421010862427973793E-16 ) ) ;
#8394 = SURFACE_STYLE_FILL_AREA ( #4643 ) ;
#8395 = CARTESIAN_POINT ( 'NONE',  ( 0.4999999999999997780, 0.1500000000000000222, 1.767499999999999627 ) ) ;
#8396 = ORIENTED_EDGE ( 'NONE', *, *, #4626, .F. ) ;
#8397 = AXIS2_PLACEMENT_3D ( 'NONE', #8218, #7478, #7331 ) ;
#8398 = CARTESIAN_POINT ( 'NONE',  ( 0.06749999999999997669, 0.1500000000000000222, 1.899999999999999911 ) ) ;
#8399 = EDGE_LOOP ( 'NONE', ( #233, #2468, #5951, #4157, #7911, #195 ) ) ;
#8400 = VECTOR ( 'NONE', #7705, 1000.000000000000000 ) ;
#8401 = LINE ( 'NONE', #825, #8484 ) ;
#8402 = CARTESIAN_POINT ( 'NONE',  ( 0.3999999999999997446, 0.1500000000000000222, 1.767500000000000071 ) ) ;
#8403 = VERTEX_POINT ( 'NONE', #7913 ) ;
#8404 = CARTESIAN_POINT ( 'NONE',  ( 0.5000000000000091038, 0.2000000000000000111, -0.06250000000000000000 ) ) ;
#8405 = ORIENTED_EDGE ( 'NONE', *, *, #5342, .T. ) ;
#8406 = ORIENTED_EDGE ( 'NONE', *, *, #1477, .F. ) ;
#8407 = ORIENTED_EDGE ( 'NONE', *, *, #5434, .T. ) ;
#8408 = CARTESIAN_POINT ( 'NONE',  ( -0.1999999999999908795, 0.000000000000000000, -0.9000000000000000222 ) ) ;
#8409 = DIRECTION ( 'NONE',  ( -1.000000000000000000, 0.000000000000000000, 0.000000000000000000 ) ) ;
#8410 = ORIENTED_EDGE ( 'NONE', *, *, #6589, .T. ) ;
#8411 = EDGE_CURVE ( 'NONE', #1993, #292, #5011, .T. ) ;
#8412 = DIRECTION ( 'NONE',  ( 0.000000000000000000, 0.000000000000000000, 1.000000000000000000 ) ) ;
#8413 = LINE ( 'NONE', #1355, #9841 ) ;
#8414 = ORIENTED_EDGE ( 'NONE', *, *, #3669, .F. ) ;
#8415 = CARTESIAN_POINT ( 'NONE',  ( -0.4390192378864497535, 0.2000000000000000111, 0.1000000000000000472 ) ) ;
#8416 = CARTESIAN_POINT ( 'NONE',  ( 0.000000000000000000, 0.000000000000000000, 0.000000000000000000 ) ) ;
#8417 = LINE ( 'NONE', #6721, #4943 ) ;
#8418 = LINE ( 'NONE', #1567, #1482 ) ;
#8419 = EDGE_LOOP ( 'NONE', ( #6276, #8623, #1388, #6814 ) ) ;
#8420 = ORIENTED_EDGE ( 'NONE', *, *, #949, .T. ) ;
#8421 = VERTEX_POINT ( 'NONE', #7960 ) ;
#8422 = ADVANCED_FACE ( 'NONE', ( #9619 ), #4264, .F. ) ;
#8423 = ORIENTED_EDGE ( 'NONE', *, *, #8212, .F. ) ;
#8424 = EDGE_CURVE ( 'NONE', #4526, #525, #9668, .T. ) ;
#8425 = CARTESIAN_POINT ( 'NONE',  ( 0.5000000000000091038, 0.000000000000000000, 0.3150000000000001688 ) ) ;
#8426 = LINE ( 'NONE', #9189, #5654 ) ;
#8427 = CARTESIAN_POINT ( 'NONE',  ( -0.06750000000000000444, 0.1500000000000000222, -1.800000000000000044 ) ) ;
#8428 = DIRECTION ( 'NONE',  ( 1.000000000000000000, -0.000000000000000000, 1.355252715606755804E-16 ) ) ;
#8429 = ORIENTED_EDGE ( 'NONE', *, *, #9500, .T. ) ;
#8430 = ORIENTED_EDGE ( 'NONE', *, *, #3130, .F. ) ;
#8431 = VECTOR ( 'NONE', #8695, 1000.000000000000000 ) ;
#8432 = LINE ( 'NONE', #5357, #8385 ) ;
#8433 = LINE ( 'NONE', #3843, #5906 ) ;
#8434 = DIRECTION ( 'NONE',  ( -0.000000000000000000, 1.000000000000000000, -0.000000000000000000 ) ) ;
#8435 = AXIS2_PLACEMENT_3D ( 'NONE', #8911, #4257, #4305 ) ;
#8436 = DIRECTION ( 'NONE',  ( -0.8660254037844509201, -0.000000000000000000, -0.4999999999999786837 ) ) ;
#8437 = EDGE_CURVE ( 'NONE', #7156, #6609, #2689, .T. ) ;
#8438 = ORIENTED_EDGE ( 'NONE', *, *, #8873, .T. ) ;
#8439 = AXIS2_PLACEMENT_3D ( 'NONE', #1596, #5418, #1443 ) ;
#8440 = PLANE ( 'NONE',  #5305 ) ;
#8441 = SURFACE_STYLE_USAGE ( .BOTH. , #6025 ) ;
#8442 = DIRECTION ( 'NONE',  ( -0.000000000000000000, 0.000000000000000000, 1.000000000000000000 ) ) ;
#8443 = ADVANCED_FACE ( 'NONE', ( #387 ), #5832, .F. ) ;
#8444 = ORIENTED_EDGE ( 'NONE', *, *, #907, .F. ) ;
#8445 = EDGE_CURVE ( 'NONE', #4169, #7652, #9856, .T. ) ;
#8446 = ADVANCED_FACE ( 'NONE', ( #1248 ), #1392, .F. ) ;
#8447 = LINE ( 'NONE', #9854, #6186 ) ;
#8448 = ORIENTED_EDGE ( 'NONE', *, *, #5612, .F. ) ;
#8449 = SURFACE_STYLE_FILL_AREA ( #1447 ) ;
#8450 = EDGE_CURVE ( 'NONE', #2067, #8575, #9067, .T. ) ;
#8451 = DIRECTION ( 'NONE',  ( 1.000000000000000000, 0.000000000000000000, 1.355252715606880049E-16 ) ) ;
#8452 = AXIS2_PLACEMENT_3D ( 'NONE', #7322, #8818, #9427 ) ;
#8453 = EDGE_LOOP ( 'NONE', ( #3350, #8130, #524, #9984 ) ) ;
#8454 = DIRECTION ( 'NONE',  ( -1.000000000000000000, 0.000000000000000000, 0.000000000000000000 ) ) ;
#8455 = ORIENTED_EDGE ( 'NONE', *, *, #2727, .T. ) ;
#8456 = EDGE_LOOP ( 'NONE', ( #8535, #1451, #6350, #2968 ) ) ;
#8457 = ORIENTED_EDGE ( 'NONE', *, *, #8014, .T. ) ;
#8458 = ORIENTED_EDGE ( 'NONE', *, *, #8734, .T. ) ;
#8459 = DIRECTION ( 'NONE',  ( -1.000000000000000000, 0.000000000000000000, 0.000000000000000000 ) ) ;
#8460 = DIRECTION ( 'NONE',  ( 0.5000000000000014433, 0.000000000000000000, -0.8660254037844379305 ) ) ;
#8461 = AXIS2_PLACEMENT_3D ( 'NONE', #9070, #4456, #341 ) ;
#8462 = CARTESIAN_POINT ( 'NONE',  ( 0.3999999999999998557, 0.1500000000000000222, -0.8674999999999999378 ) ) ;
#8463 = MANIFOLD_SOLID_BREP ( 'Cut-Extrude5[5]', #7584 ) ;
#8464 = ORIENTED_EDGE ( 'NONE', *, *, #7274, .F. ) ;
#8465 = PLANE ( 'NONE',  #4592 ) ;
#8466 = LINE ( 'NONE', #3254, #5269 ) ;
#8467 = FACE_OUTER_BOUND ( 'NONE', #2990, .T. ) ;
#8468 = ORIENTED_EDGE ( 'NONE', *, *, #9113, .F. ) ;
#8469 = ADVANCED_FACE ( 'NONE', ( #5115 ), #1971, .T. ) ;
#8470 = VECTOR ( 'NONE', #7723, 1000.000000000000000 ) ;
#8471 = ORIENTED_EDGE ( 'NONE', *, *, #2853, .T. ) ;
#8472 = ORIENTED_EDGE ( 'NONE', *, *, #10027, .T. ) ;
#8473 = ORIENTED_EDGE ( 'NONE', *, *, #5036, .F. ) ;
#8474 = LINE ( 'NONE', #8425, #3467 ) ;
#8475 = FACE_BOUND ( 'NONE', #9296, .T. ) ;
#8476 = ORIENTED_EDGE ( 'NONE', *, *, #5666, .T. ) ;
#8477 = AXIS2_PLACEMENT_3D ( 'NONE', #1763, #950, #1866 ) ;
#8478 = VECTOR ( 'NONE', #9419, 1000.000000000000114 ) ;
#8479 = DIRECTION ( 'NONE',  ( 0.000000000000000000, 0.000000000000000000, 1.000000000000000000 ) ) ;
#8480 = CARTESIAN_POINT ( 'NONE',  ( 0.5000000000000091038, 0.1500000000000000222, 0.06750000000000001832 ) ) ;
#8481 = CARTESIAN_POINT ( 'NONE',  ( 0.5000000000000091038, 0.2000000000000000111, -0.3375000000000001887 ) ) ;
#8482 = ORIENTED_EDGE ( 'NONE', *, *, #3826, .F. ) ;
#8483 = EDGE_CURVE ( 'NONE', #1247, #3962, #2785, .T. ) ;
#8484 = VECTOR ( 'NONE', #8503, 1000.000000000000000 ) ;
#8485 = DIRECTION ( 'NONE',  ( 0.000000000000000000, -0.000000000000000000, -1.000000000000000000 ) ) ;
#8486 = LINE ( 'NONE', #2977, #2506 ) ;
#8487 = DIRECTION ( 'NONE',  ( 2.710505431213760099E-16, 0.000000000000000000, 1.000000000000000000 ) ) ;
#8488 = COLOUR_RGB ( '',0.7921568627450980005, 0.8196078431372548767, 0.9333333333333333481 ) ;
#8489 = VECTOR ( 'NONE', #9045, 1000.000000000000000 ) ;
#8490 = DIRECTION ( 'NONE',  ( -1.000000000000000000, -0.000000000000000000, -0.000000000000000000 ) ) ;
#8491 = EDGE_CURVE ( 'NONE', #4900, #6596, #9769, .T. ) ;
#8492 = EDGE_CURVE ( 'NONE', #4702, #2144, #581, .T. ) ;
#8493 = LINE ( 'NONE', #7702, #3532 ) ;
#8494 = MANIFOLD_SOLID_BREP ( 'Cut-Extrude5[8]', #4646 ) ;
#8495 = VECTOR ( 'NONE', #286, 1000.000000000000000 ) ;
#8496 = AXIS2_PLACEMENT_3D ( 'NONE', #1103, #2635, #1711 ) ;
#8497 = DIRECTION ( 'NONE',  ( 0.000000000000000000, 0.000000000000000000, -1.000000000000000000 ) ) ;
#8498 = CARTESIAN_POINT ( 'NONE',  ( -0.4390192378864674616, 0.2000000000000000111, -1.599999999999999867 ) ) ;
#8499 = DIRECTION ( 'NONE',  ( 1.000000000000000000, 0.000000000000000000, 0.000000000000000000 ) ) ;
#8500 = VERTEX_POINT ( 'NONE', #6760 ) ;
#8501 = ADVANCED_FACE ( 'NONE', ( #4651 ), #7562, .F. ) ;
#8502 = ORIENTED_EDGE ( 'NONE', *, *, #4172, .F. ) ;
#8503 = DIRECTION ( 'NONE',  ( -1.000000000000000000, -0.000000000000000000, 5.421010862427972807E-16 ) ) ;
#8504 = VECTOR ( 'NONE', #9567, 1000.000000000000000 ) ;
#8505 = DIRECTION ( 'NONE',  ( 1.000000000000000000, 0.000000000000000000, -6.505213034913024237E-15 ) ) ;
#8506 = ORIENTED_EDGE ( 'NONE', *, *, #8752, .F. ) ;
#8507 = DIRECTION ( 'NONE',  ( 1.000000000000000000, 0.000000000000000000, -6.195440985631447034E-15 ) ) ;
#8508 = ORIENTED_EDGE ( 'NONE', *, *, #7989, .F. ) ;
#8509 = ORIENTED_EDGE ( 'NONE', *, *, #4529, .F. ) ;
#8510 = DIRECTION ( 'NONE',  ( 0.000000000000000000, 0.000000000000000000, 1.000000000000000000 ) ) ;
#8511 = AXIS2_PLACEMENT_3D ( 'NONE', #3654, #6810, #6761 ) ;
#8512 = EDGE_LOOP ( 'NONE', ( #7877, #4720, #9494, #1394 ) ) ;
#8513 = LINE ( 'NONE', #6201, #1015 ) ;
#8514 = DIRECTION ( 'NONE',  ( 0.8660254037844510311, 0.000000000000000000, 0.4999999999999786837 ) ) ;
#8515 = MANIFOLD_SOLID_BREP ( 'Boss-Extrude2', #2878 ) ;
#8516 = VERTEX_POINT ( 'NONE', #5424 ) ;
#8517 = LINE ( 'NONE', #1562, #7993 ) ;
#8518 = CARTESIAN_POINT ( 'NONE',  ( -0.4999999999999908962, 0.1500000000000000222, -1.232500000000000817 ) ) ;
#8519 = EDGE_CURVE ( 'NONE', #6604, #4918, #2419, .T. ) ;
#8520 = VECTOR ( 'NONE', #621, 1000.000000000000000 ) ;
#8521 = EDGE_LOOP ( 'NONE', ( #7736, #2397, #4058, #5703 ) ) ;
#8522 = ORIENTED_EDGE ( 'NONE', *, *, #2245, .T. ) ;
#8523 = ORIENTED_EDGE ( 'NONE', *, *, #2475, .F. ) ;
#8524 = CARTESIAN_POINT ( 'NONE',  ( -0.4650000000000002465, 0.2000000000000000111, -1.785000000000000142 ) ) ;
#8525 = EDGE_CURVE ( 'NONE', #4014, #9594, #3806, .T. ) ;
#8526 = CARTESIAN_POINT ( 'NONE',  ( -0.4649999999999908651, 0.2000000000000000111, -0.7149999999999997469 ) ) ;
#8527 = DIRECTION ( 'NONE',  ( -0.000000000000000000, -1.000000000000000000, -0.000000000000000000 ) ) ;
#8528 = VERTEX_POINT ( 'NONE', #7844 ) ;
#8529 = DIRECTION ( 'NONE',  ( 1.000000000000000000, -0.000000000000000000, 6.195440985631458078E-15 ) ) ;
#8530 = CARTESIAN_POINT ( 'NONE',  ( 0.4649999999999997469, 0.2000000000000000111, -1.385000000000000453 ) ) ;
#8531 = CARTESIAN_POINT ( 'NONE',  ( -0.06750000000000000444, 0.1500000000000000222, 1.800000000000000044 ) ) ;
#8532 = MANIFOLD_SOLID_BREP ( 'Boss-Extrude5[6]', #8857 ) ;
#8533 = VERTEX_POINT ( 'NONE', #4606 ) ;
#8534 = VECTOR ( 'NONE', #1441, 1000.000000000000114 ) ;
#8535 = ORIENTED_EDGE ( 'NONE', *, *, #6273, .T. ) ;
#8536 = CARTESIAN_POINT ( 'NONE',  ( -0.4390192378864581357, 0.2000000000000000111, -0.9000000000000000222 ) ) ;
#8537 = DIRECTION ( 'NONE',  ( 0.000000000000000000, -0.000000000000000000, 1.000000000000000000 ) ) ;
#8538 = CARTESIAN_POINT ( 'NONE',  ( -0.4390192378864674616, 0.000000000000000000, -1.800000000000000044 ) ) ;
#8539 = CIRCLE ( 'NONE', #6129, 0.06250000000000000000 ) ;
#8540 = CARTESIAN_POINT ( 'NONE',  ( 0.06749999999999997669, 0.1500000000000000222, 1.899999999999999911 ) ) ;
#8541 = VECTOR ( 'NONE', #7448, 1000.000000000000000 ) ;
#8542 = AXIS2_PLACEMENT_3D ( 'NONE', #313, #7298, #8789 ) ;
#8543 = DIRECTION ( 'NONE',  ( -1.000000000000000000, -0.000000000000000000, -0.000000000000000000 ) ) ;
#8544 = EDGE_CURVE ( 'NONE', #5221, #6501, #8548, .T. ) ;
#8545 = FACE_OUTER_BOUND ( 'NONE', #2632, .T. ) ;
#8546 = ADVANCED_FACE ( 'NONE', ( #1599 ), #5317, .F. ) ;
#8547 = ORIENTED_EDGE ( 'NONE', *, *, #4009, .F. ) ;
#8548 = LINE ( 'NONE', #9959, #2664 ) ;
#8549 = VECTOR ( 'NONE', #8563, 1000.000000000000000 ) ;
#8550 = VECTOR ( 'NONE', #7623, 1000.000000000000000 ) ;
#8551 = LINE ( 'NONE', #3856, #9323 ) ;
#8552 = ORIENTED_EDGE ( 'NONE', *, *, #2787, .T. ) ;
#8553 = EDGE_CURVE ( 'NONE', #8556, #2144, #8401, .T. ) ;
#8554 = CARTESIAN_POINT ( 'NONE',  ( -0.4649999999999908651, 0.2000000000000000111, 0.7149999999999997469 ) ) ;
#8555 = VERTEX_POINT ( 'NONE', #10006 ) ;
#8556 = VERTEX_POINT ( 'NONE', #3041 ) ;
#8557 = DIRECTION ( 'NONE',  ( 1.000000000000000000, 0.000000000000000000, -1.626303258728392138E-15 ) ) ;
#8558 = EDGE_LOOP ( 'NONE', ( #5032, #7439, #8717, #4187, #6750, #9628 ) ) ;
#8559 = LINE ( 'NONE', #1046, #113 ) ;
#8560 = CARTESIAN_POINT ( 'NONE',  ( -0.1999999999999908795, 0.2000000000000000111, -0.9000000000000000222 ) ) ;
#8561 = STYLED_ITEM ( 'NONE', ( #4446 ), #1798 ) ;
#8562 = ORIENTED_EDGE ( 'NONE', *, *, #8721, .T. ) ;
#8563 = DIRECTION ( 'NONE',  ( 0.000000000000000000, -1.000000000000000000, 0.000000000000000000 ) ) ;
#8564 = ADVANCED_FACE ( 'NONE', ( #2322 ), #3948, .F. ) ;
#8565 = DIRECTION ( 'NONE',  ( -1.000000000000000000, 0.000000000000000000, 0.000000000000000000 ) ) ;
#8566 = MANIFOLD_SOLID_BREP ( 'Boss-Extrude5[7]', #7430 ) ;
#8567 = VERTEX_POINT ( 'NONE', #4894 ) ;
#8568 = DIRECTION ( 'NONE',  ( 0.000000000000000000, -0.000000000000000000, 1.000000000000000000 ) ) ;
#8569 = DIRECTION ( 'NONE',  ( -2.710505431213760099E-16, -0.000000000000000000, 1.000000000000000000 ) ) ;
#8570 = VECTOR ( 'NONE', #9101, 1000.000000000000000 ) ;
#8571 = DIRECTION ( 'NONE',  ( 6.195440985631458867E-15, 0.000000000000000000, 1.000000000000000000 ) ) ;
#8572 = ORIENTED_EDGE ( 'NONE', *, *, #8755, .F. ) ;
#8573 = VERTEX_POINT ( 'NONE', #212 ) ;
#8574 = ORIENTED_EDGE ( 'NONE', *, *, #3533, .T. ) ;
#8575 = VERTEX_POINT ( 'NONE', #1036 ) ;
#8576 = CARTESIAN_POINT ( 'NONE',  ( 0.4650000000000091283, 0.2000000000000000111, 0.3149999999999999467 ) ) ;
#8577 = DIRECTION ( 'NONE',  ( 0.8660254037844378194, 0.000000000000000000, 0.5000000000000013323 ) ) ;
#8578 = CARTESIAN_POINT ( 'NONE',  ( 0.5000000000000091038, 0.2000000000000000111, -0.4850000000000002087 ) ) ;
#8579 = ORIENTED_EDGE ( 'NONE', *, *, #9924, .F. ) ;
#8580 = EDGE_CURVE ( 'NONE', #8893, #9412, #8044, .T. ) ;
#8581 = DIRECTION ( 'NONE',  ( 6.195440985631458867E-15, -0.000000000000000000, 1.000000000000000000 ) ) ;
#8582 = LINE ( 'NONE', #2254, #9132 ) ;
#8583 = CARTESIAN_POINT ( 'NONE',  ( -0.4390192378864581357, 0.2000000000000000111, -0.6999999999999998446 ) ) ;
#8584 = MANIFOLD_SOLID_BREP ( 'Boss-Extrude5[1]', #2058 ) ;
#8585 = EDGE_CURVE ( 'NONE', #2541, #145, #1904, .T. ) ;
#8586 = ORIENTED_EDGE ( 'NONE', *, *, #6398, .F. ) ;
#8587 = EDGE_LOOP ( 'NONE', ( #9910, #4662, #401, #251 ) ) ;
#8588 = CARTESIAN_POINT ( 'NONE',  ( 0.5000000000000091038, 0.1999999999999999833, 1.699999999999999956 ) ) ;
#8589 = CARTESIAN_POINT ( 'NONE',  ( 0.3999999999999997446, 0.2000000000000000111, 1.767500000000000071 ) ) ;
#8590 = CARTESIAN_POINT ( 'NONE',  ( 0.3999999999999998557, 0.1500000000000000222, -0.7324999999999998179 ) ) ;
#8591 = VECTOR ( 'NONE', #3093, 999.9999999999998863 ) ;
#8592 = EDGE_CURVE ( 'NONE', #6918, #7667, #4798, .T. ) ;
#8593 = LINE ( 'NONE', #7793, #9509 ) ;
#8594 = MANIFOLD_SOLID_BREP ( 'Boss-Extrude5[10]', #2550 ) ;
#8595 = PLANE ( 'NONE',  #4843 ) ;
#8596 = LINE ( 'NONE', #5717, #5046 ) ;
#8597 = VECTOR ( 'NONE', #8808, 1000.000000000000000 ) ;
#8598 = CARTESIAN_POINT ( 'NONE',  ( -0.06749999999999997669, 0.1500000000000000222, 1.899999999999999911 ) ) ;
#8599 = DIRECTION ( 'NONE',  ( 0.000000000000000000, 1.000000000000000000, 0.000000000000000000 ) ) ;
#8600 = VERTEX_POINT ( 'NONE', #3785 ) ;
#8601 = CARTESIAN_POINT ( 'NONE',  ( -0.4649999999999908651, 0.2000000000000000111, -0.7149999999999997469 ) ) ;
#8602 = DIRECTION ( 'NONE',  ( 0.8660254037844378194, 0.000000000000000000, -0.5000000000000013323 ) ) ;
#8603 = ORIENTED_EDGE ( 'NONE', *, *, #810, .F. ) ;
#8604 = CARTESIAN_POINT ( 'NONE',  ( 0.4999999999999997780, 0.2000000000000000111, -1.767499999999999627 ) ) ;
#8605 = VERTEX_POINT ( 'NONE', #2103 ) ;
#8606 = EDGE_CURVE ( 'NONE', #2558, #1464, #2465, .T. ) ;
#8607 = VERTEX_POINT ( 'NONE', #5402 ) ;
#8608 = DIRECTION ( 'NONE',  ( 0.000000000000000000, 1.000000000000000000, 0.000000000000000000 ) ) ;
#8609 = LINE ( 'NONE', #8560, #2454 ) ;
#8610 = ADVANCED_FACE ( 'NONE', ( #1474 ), #2922, .T. ) ;
#8611 = EDGE_LOOP ( 'NONE', ( #9961, #2403, #7411, #4413 ) ) ;
#8612 = DIRECTION ( 'NONE',  ( 0.000000000000000000, 1.000000000000000000, -0.000000000000000000 ) ) ;
#8613 = DIRECTION ( 'NONE',  ( 0.5000000000000014433, -0.000000000000000000, 0.8660254037844379305 ) ) ;
#8614 = MANIFOLD_SOLID_BREP ( 'Cut-Extrude5[2]', #9659 ) ;
#8615 = DIRECTION ( 'NONE',  ( 1.000000000000000000, 0.000000000000000000, 0.000000000000000000 ) ) ;
#8616 = VERTEX_POINT ( 'NONE', #5196 ) ;
#8617 = PRESENTATION_LAYER_ASSIGNMENT (  '', '', ( #7503 ) ) ;
#8618 = LINE ( 'NONE', #891, #199 ) ;
#8619 = CARTESIAN_POINT ( 'NONE',  ( 0.06749999999999997669, 0.2000000000000000111, 1.899999999999999911 ) ) ;
#8620 = LINE ( 'NONE', #6307, #6534 ) ;
#8621 = ORIENTED_EDGE ( 'NONE', *, *, #6680, .F. ) ;
#8622 = EDGE_CURVE ( 'NONE', #7171, #4169, #9884, .T. ) ;
#8623 = ORIENTED_EDGE ( 'NONE', *, *, #1733, .F. ) ;
#8624 = EDGE_LOOP ( 'NONE', ( #7456, #9299, #2806, #9785, #1096, #6763, #8147, #6089 ) ) ;
#8625 = MECHANICAL_DESIGN_GEOMETRIC_PRESENTATION_REPRESENTATION (  '', ( #7503 ), #9268 ) ;
#8626 = EDGE_CURVE ( 'NONE', #3561, #5273, #4536, .T. ) ;
#8627 = PLANE ( 'NONE',  #2904 ) ;
#8628 = DIRECTION ( 'NONE',  ( 0.000000000000000000, -1.000000000000000000, 0.000000000000000000 ) ) ;
#8629 = CARTESIAN_POINT ( 'NONE',  ( -0.1999999999999825528, 0.2000000000000000111, -0.1000000000000000472 ) ) ;
#8630 = CARTESIAN_POINT ( 'NONE',  ( 0.5000000000000000000, 0.2000000000000000111, 0.8675000000000002709 ) ) ;
#8631 = DIRECTION ( 'NONE',  ( -0.000000000000000000, -0.000000000000000000, 1.000000000000000000 ) ) ;
#8632 = EDGE_CURVE ( 'NONE', #9335, #4804, #2256, .T. ) ;
#8633 = LINE ( 'NONE', #6171, #7698 ) ;
#8634 = FACE_OUTER_BOUND ( 'NONE', #8225, .T. ) ;
#8635 = ORIENTED_EDGE ( 'NONE', *, *, #9001, .F. ) ;
#8636 = EDGE_CURVE ( 'NONE', #2542, #358, #6172, .T. ) ;
#8637 = ORIENTED_EDGE ( 'NONE', *, *, #467, .F. ) ;
#8638 = ORIENTED_EDGE ( 'NONE', *, *, #8287, .T. ) ;
#8639 = DIRECTION ( 'NONE',  ( 0.000000000000000000, -0.000000000000000000, -1.000000000000000000 ) ) ;
#8640 = VECTOR ( 'NONE', #3054, 1000.000000000000000 ) ;
#8641 = PLANE ( 'NONE',  #5091 ) ;
#8642 = CARTESIAN_POINT ( 'NONE',  ( -0.4649999999999908651, 0.000000000000000000, -0.7149999999999997469 ) ) ;
#8643 = EDGE_CURVE ( 'NONE', #7518, #1986, #6592, .T. ) ;
#8644 = ADVANCED_FACE ( 'NONE', ( #9840 ), #9093, .T. ) ;
#8645 = VECTOR ( 'NONE', #6291, 1000.000000000000000 ) ;
#8646 = VECTOR ( 'NONE', #6286, 1000.000000000000000 ) ;
#8647 = EDGE_CURVE ( 'NONE', #6246, #8359, #1371, .T. ) ;
#8648 = CARTESIAN_POINT ( 'NONE',  ( -0.4390192378864581357, 0.2000000000000000111, 0.6999999999999998446 ) ) ;
#8649 = SURFACE_STYLE_USAGE ( .BOTH. , #5569 ) ;
#8650 = CARTESIAN_POINT ( 'NONE',  ( 0.06749999999999997669, 0.1500000000000000222, 1.899999999999999911 ) ) ;
#8651 = AXIS2_PLACEMENT_3D ( 'NONE', #7739, #2552, #7083 ) ;
#8652 = VECTOR ( 'NONE', #873, 1000.000000000000000 ) ;
#8653 = DIRECTION ( 'NONE',  ( -1.000000000000000000, 0.000000000000000000, -0.000000000000000000 ) ) ;
#8654 = DIRECTION ( 'NONE',  ( 0.8660254037844510311, 0.000000000000000000, 0.4999999999999786837 ) ) ;
#8655 = EDGE_LOOP ( 'NONE', ( #9461, #6676, #2428, #6479 ) ) ;
#8656 = SURFACE_STYLE_FILL_AREA ( #3338 ) ;
#8657 = DIRECTION ( 'NONE',  ( -0.000000000000000000, -1.000000000000000000, -0.000000000000000000 ) ) ;
#8658 = ORIENTED_EDGE ( 'NONE', *, *, #3536, .F. ) ;
#8659 = LINE ( 'NONE', #5675, #5722 ) ;
#8660 = EDGE_LOOP ( 'NONE', ( #319, #5275, #4961, #5020 ) ) ;
#8661 = VECTOR ( 'NONE', #7132, 1000.000000000000114 ) ;
#8662 = ORIENTED_EDGE ( 'NONE', *, *, #726, .T. ) ;
#8663 = CARTESIAN_POINT ( 'NONE',  ( -0.4999999999999908962, 0.1500000000000000222, -1.367499999999999494 ) ) ;
#8664 = LINE ( 'NONE', #1704, #1637 ) ;
#8665 = ORIENTED_EDGE ( 'NONE', *, *, #6678, .T. ) ;
#8666 = CARTESIAN_POINT ( 'NONE',  ( -0.3250000000000001776, 0.5250000000000000222, -1.800000000000000044 ) ) ;
#8667 = DIRECTION ( 'NONE',  ( -1.000000000000000000, -0.000000000000000000, -0.000000000000000000 ) ) ;
#8668 = LINE ( 'NONE', #7114, #7445 ) ;
#8669 = DIRECTION ( 'NONE',  ( 0.000000000000000000, 0.000000000000000000, 1.000000000000000000 ) ) ;
#8670 = VERTEX_POINT ( 'NONE', #613 ) ;
#8671 = ADVANCED_FACE ( 'NONE', ( #3736 ), #6836, .F. ) ;
#8672 = DIRECTION ( 'NONE',  ( 1.000000000000000000, 0.000000000000000000, -0.000000000000000000 ) ) ;
#8673 = CARTESIAN_POINT ( 'NONE',  ( -0.4999999999999908962, 0.1500000000000000222, 1.367499999999999494 ) ) ;
#8674 = EDGE_LOOP ( 'NONE', ( #5901, #1695, #1839, #480 ) ) ;
#8675 = VECTOR ( 'NONE', #4388, 1000.000000000000000 ) ;
#8676 = EDGE_LOOP ( 'NONE', ( #997, #22, #8957, #5313 ) ) ;
#8677 = FACE_OUTER_BOUND ( 'NONE', #2177, .T. ) ;
#8678 = DIRECTION ( 'NONE',  ( 0.5000000000000014433, 0.000000000000000000, -0.8660254037844379305 ) ) ;
#8679 = CARTESIAN_POINT ( 'NONE',  ( 0.4999999999999997780, 0.2000000000000000111, 1.385000000000000231 ) ) ;
#8680 = DIRECTION ( 'NONE',  ( -0.000000000000000000, -0.000000000000000000, -1.000000000000000000 ) ) ;
#8681 = ADVANCED_FACE ( 'NONE', ( #8634 ), #7785, .F. ) ;
#8682 = VERTEX_POINT ( 'NONE', #8686 ) ;
#8683 = CARTESIAN_POINT ( 'NONE',  ( -0.4390192378864674616, 0.2000000000000000111, 1.800000000000000044 ) ) ;
#8684 = DIRECTION ( 'NONE',  ( 6.195440985631447034E-15, 0.000000000000000000, 1.000000000000000000 ) ) ;
#8685 = VECTOR ( 'NONE', #7501, 1000.000000000000000 ) ;
#8686 = CARTESIAN_POINT ( 'NONE',  ( 0.4390192378864747891, 0.2000000000000000111, -0.5000000000000002220 ) ) ;
#8687 = EDGE_CURVE ( 'NONE', #4548, #2472, #9295, .T. ) ;
#8688 = EDGE_LOOP ( 'NONE', ( #1350, #7319, #2013, #1065 ) ) ;
#8689 = ORIENTED_EDGE ( 'NONE', *, *, #7577, .F. ) ;
#8690 = ORIENTED_EDGE ( 'NONE', *, *, #6532, .F. ) ;
#8691 = DIRECTION ( 'NONE',  ( -0.4999999999999786837, 0.000000000000000000, -0.8660254037844510311 ) ) ;
#8692 = ORIENTED_EDGE ( 'NONE', *, *, #2362, .T. ) ;
#8693 = ADVANCED_FACE ( 'NONE', ( #5607 ), #1629, .F. ) ;
#8694 = PLANE ( 'NONE',  #7224 ) ;
#8695 = DIRECTION ( 'NONE',  ( -1.000000000000000000, -0.000000000000000000, 5.421010862427972807E-16 ) ) ;
#8696 = CARTESIAN_POINT ( 'NONE',  ( -0.4390192378864674616, 0.2000000000000000111, -1.599999999999999867 ) ) ;
#8697 = PRESENTATION_STYLE_ASSIGNMENT (( #9354 ) ) ;
#8698 = DIRECTION ( 'NONE',  ( -0.8660254037844509201, 0.000000000000000000, -0.4999999999999786837 ) ) ;
#8699 = AXIS2_PLACEMENT_3D ( 'NONE', #5264, #625, #4545 ) ;
#8700 = LINE ( 'NONE', #4847, #6238 ) ;
#8701 = EDGE_CURVE ( 'NONE', #6979, #8725, #905, .T. ) ;
#8702 = CARTESIAN_POINT ( 'NONE',  ( 0.5000000000000000000, 0.1500000000000000222, -0.7324999999999994849 ) ) ;
#8703 = DIRECTION ( 'NONE',  ( -0.000000000000000000, -0.000000000000000000, 1.000000000000000000 ) ) ;
#8704 = EDGE_CURVE ( 'NONE', #2850, #5831, #3268, .T. ) ;
#8705 = VERTEX_POINT ( 'NONE', #7135 ) ;
#8706 = VERTEX_POINT ( 'NONE', #1727 ) ;
#8707 = FACE_OUTER_BOUND ( 'NONE', #9510, .T. ) ;
#8708 = DIRECTION ( 'NONE',  ( 0.000000000000000000, 1.000000000000000000, 0.000000000000000000 ) ) ;
#8709 = DIRECTION ( 'NONE',  ( 0.000000000000000000, -1.000000000000000000, 0.000000000000000000 ) ) ;
#8710 = DIRECTION ( 'NONE',  ( -0.000000000000000000, -0.000000000000000000, 1.000000000000000000 ) ) ;
#8711 = VECTOR ( 'NONE', #9865, 1000.000000000000000 ) ;
#8712 = PLANE ( 'NONE',  #8279 ) ;
#8713 = ORIENTED_EDGE ( 'NONE', *, *, #5646, .T. ) ;
#8714 = VECTOR ( 'NONE', #3323, 1000.000000000000000 ) ;
#8715 = PLANE ( 'NONE',  #8477 ) ;
#8716 = CARTESIAN_POINT ( 'NONE',  ( 0.4649999999999997469, 0.2000000000000000111, -1.385000000000000453 ) ) ;
#8717 = ORIENTED_EDGE ( 'NONE', *, *, #9048, .F. ) ;
#8718 = VERTEX_POINT ( 'NONE', #8730 ) ;
#8719 = AXIS2_PLACEMENT_3D ( 'NONE', #6297, #5679, #4755 ) ;
#8720 = VERTEX_POINT ( 'NONE', #2352 ) ;
#8721 = EDGE_CURVE ( 'NONE', #4057, #2619, #93, .T. ) ;
#8722 = CARTESIAN_POINT ( 'NONE',  ( 0.5000000000000000000, 0.2000000000000000111, -0.7324999999999994849 ) ) ;
#8723 = CARTESIAN_POINT ( 'NONE',  ( -0.4649999999999825384, 0.2000000000000000111, -0.08500000000000022815 ) ) ;
#8724 = DIRECTION ( 'NONE',  ( -1.000000000000000000, 0.000000000000000000, 0.000000000000000000 ) ) ;
#8725 = VERTEX_POINT ( 'NONE', #2400 ) ;
#8726 = PLANE ( 'NONE',  #8963 ) ;
#8727 = LINE ( 'NONE', #192, #5247 ) ;
#8728 = VECTOR ( 'NONE', #1890, 1000.000000000000000 ) ;
#8729 = VECTOR ( 'NONE', #2314, 1000.000000000000000 ) ;
#8730 = CARTESIAN_POINT ( 'NONE',  ( 0.5000000000000091038, 0.1500000000000000222, -0.06749999999999996281 ) ) ;
#8731 = ORIENTED_EDGE ( 'NONE', *, *, #1277, .F. ) ;
#8732 = EDGE_CURVE ( 'NONE', #3865, #7171, #3173, .T. ) ;
#8733 = ORIENTED_EDGE ( 'NONE', *, *, #564, .T. ) ;
#8734 = EDGE_CURVE ( 'NONE', #1978, #6956, #9439, .T. ) ;
#8735 = DIRECTION ( 'NONE',  ( -0.000000000000000000, 1.000000000000000000, -0.000000000000000000 ) ) ;
#8736 = ORIENTED_EDGE ( 'NONE', *, *, #2371, .F. ) ;
#8737 = DIRECTION ( 'NONE',  ( 0.000000000000000000, -1.000000000000000000, 0.000000000000000000 ) ) ;
#8738 = DIRECTION ( 'NONE',  ( 0.000000000000000000, -1.000000000000000000, 0.000000000000000000 ) ) ;
#8739 = DIRECTION ( 'NONE',  ( 0.8660254037844509201, 0.000000000000000000, -0.4999999999999786837 ) ) ;
#8740 = ADVANCED_FACE ( 'NONE', ( #5653 ), #3215, .F. ) ;
#8741 = PLANE ( 'NONE',  #8542 ) ;
#8742 = DIRECTION ( 'NONE',  ( 0.000000000000000000, 0.000000000000000000, 1.000000000000000000 ) ) ;
#8743 = DIRECTION ( 'NONE',  ( -4.015563601798163822E-16, 0.000000000000000000, -1.000000000000000000 ) ) ;
#8744 = DIRECTION ( 'NONE',  ( 0.000000000000000000, -1.000000000000000000, 0.000000000000000000 ) ) ;
#8745 = ORIENTED_EDGE ( 'NONE', *, *, #8131, .T. ) ;
#8746 = SURFACE_STYLE_USAGE ( .BOTH. , #6337 ) ;
#8747 = CARTESIAN_POINT ( 'NONE',  ( 0.4390192378864747891, 0.2000000000000000111, -0.5000000000000002220 ) ) ;
#8748 = ORIENTED_EDGE ( 'NONE', *, *, #6173, .F. ) ;
#8749 = DIRECTION ( 'NONE',  ( 0.000000000000000000, -0.000000000000000000, 1.000000000000000000 ) ) ;
#8750 = VERTEX_POINT ( 'NONE', #758 ) ;
#8751 = ORIENTED_EDGE ( 'NONE', *, *, #7742, .T. ) ;
#8752 = EDGE_CURVE ( 'NONE', #705, #3820, #7222, .T. ) ;
#8753 = VECTOR ( 'NONE', #3650, 1000.000000000000114 ) ;
#8754 = DIRECTION ( 'NONE',  ( 0.000000000000000000, -0.000000000000000000, -1.000000000000000000 ) ) ;
#8755 = EDGE_CURVE ( 'NONE', #7407, #6298, #5456, .T. ) ;
#8756 = CARTESIAN_POINT ( 'NONE',  ( -0.4390192378864674616, 0.2000000000000000111, 1.599999999999999867 ) ) ;
#8757 = DIRECTION ( 'NONE',  ( -0.8660254037844509201, -0.000000000000000000, -0.4999999999999786837 ) ) ;
#8758 = DIRECTION ( 'NONE',  ( -0.000000000000000000, -1.000000000000000000, -0.000000000000000000 ) ) ;
#8759 = CARTESIAN_POINT ( 'NONE',  ( 0.3999999999999997446, 0.2000000000000000111, -1.632499999999999840 ) ) ;
#8760 = ORIENTED_EDGE ( 'NONE', *, *, #1377, .T. ) ;
#8761 = EDGE_CURVE ( 'NONE', #3627, #9876, #4080, .T. ) ;
#8762 = CARTESIAN_POINT ( 'NONE',  ( -0.06749999999999997669, 0.1500000000000000222, 1.899999999999999911 ) ) ;
#8763 = CARTESIAN_POINT ( 'NONE',  ( -0.3250000000000001776, 0.5250000000000000222, -1.724999999999999867 ) ) ;
#8764 = VECTOR ( 'NONE', #6451, 1000.000000000000000 ) ;
#8765 = VERTEX_POINT ( 'NONE', #7876 ) ;
#8766 = ORIENTED_EDGE ( 'NONE', *, *, #9923, .T. ) ;
#8767 = CYLINDRICAL_SURFACE ( 'NONE', #1900, 0.06249999999999984041 ) ;
#8768 = EDGE_CURVE ( 'NONE', #6702, #4010, #5556, .T. ) ;
#8769 = ORIENTED_EDGE ( 'NONE', *, *, #7644, .T. ) ;
#8770 = DIRECTION ( 'NONE',  ( 1.000000000000000000, 0.000000000000000000, 6.195440985631447034E-15 ) ) ;
#8771 = DIRECTION ( 'NONE',  ( 0.8660254037844509201, 0.000000000000000000, -0.4999999999999786837 ) ) ;
#8772 = AXIS2_PLACEMENT_3D ( 'NONE', #5056, #1289, #4396 ) ;
#8773 = LINE ( 'NONE', #1671, #8892 ) ;
#8774 = ORIENTED_EDGE ( 'NONE', *, *, #1570, .F. ) ;
#8775 = DIRECTION ( 'NONE',  ( -1.000000000000000000, 0.000000000000000000, 6.195440985631447034E-15 ) ) ;
#8776 = CARTESIAN_POINT ( 'NONE',  ( 0.4390192378864747891, 0.04999999999999999584, -0.5000000000000002220 ) ) ;
#8777 = DIRECTION ( 'NONE',  ( 0.000000000000000000, 0.000000000000000000, 1.000000000000000000 ) ) ;
#8778 = EDGE_CURVE ( 'NONE', #6339, #3606, #7032, .T. ) ;
#8779 = ORIENTED_EDGE ( 'NONE', *, *, #5669, .F. ) ;
#8780 = ORIENTED_EDGE ( 'NONE', *, *, #2430, .T. ) ;
#8781 = ORIENTED_EDGE ( 'NONE', *, *, #3244, .T. ) ;
#8782 = DIRECTION ( 'NONE',  ( 0.000000000000000000, -0.000000000000000000, -1.000000000000000000 ) ) ;
#8783 = AXIS2_PLACEMENT_3D ( 'NONE', #4701, #4899, #5724 ) ;
#8784 = CARTESIAN_POINT ( 'NONE',  ( 0.4390192378864747891, 0.2000000000000000111, -0.5000000000000002220 ) ) ;
#8785 = UNCERTAINTY_MEASURE_WITH_UNIT (LENGTH_MEASURE( 1.000000000000000082E-05 ), #6786, 'distance_accuracy_value', 'NONE');
#8786 = EDGE_CURVE ( 'NONE', #7824, #6372, #2500, .T. ) ;
#8787 = EDGE_CURVE ( 'NONE', #8000, #608, #3318, .T. ) ;
#8788 = AXIS2_PLACEMENT_3D ( 'NONE', #1842, #8230, #4148 ) ;
#8789 = DIRECTION ( 'NONE',  ( 0.000000000000000000, 0.000000000000000000, -1.000000000000000000 ) ) ;
#8790 = DIRECTION ( 'NONE',  ( -0.000000000000000000, -1.000000000000000000, -0.000000000000000000 ) ) ;
#8791 = DIRECTION ( 'NONE',  ( 1.000000000000000000, 0.000000000000000000, -0.000000000000000000 ) ) ;
#8792 = CARTESIAN_POINT ( 'NONE',  ( -0.3999999999999908629, 0.1500000000000000222, -1.232500000000000151 ) ) ;
#8793 = LINE ( 'NONE', #9754, #6896 ) ;
#8794 = DIRECTION ( 'NONE',  ( 1.000000000000000000, 0.000000000000000000, 0.000000000000000000 ) ) ;
#8795 = ORIENTED_EDGE ( 'NONE', *, *, #6995, .T. ) ;
#8796 = VECTOR ( 'NONE', #9734, 1000.000000000000000 ) ;
#8797 = VECTOR ( 'NONE', #4320, 1000.000000000000000 ) ;
#8798 = EDGE_CURVE ( 'NONE', #5783, #2789, #3124, .T. ) ;
#8799 = DIRECTION ( 'NONE',  ( -0.8660254037844509201, 0.000000000000000000, -0.4999999999999786837 ) ) ;
#8800 = EDGE_CURVE ( 'NONE', #2287, #8849, #404, .T. ) ;
#8801 = ORIENTED_EDGE ( 'NONE', *, *, #5031, .F. ) ;
#8802 = SURFACE_STYLE_USAGE ( .BOTH. , #6444 ) ;
#8803 = ORIENTED_EDGE ( 'NONE', *, *, #5083, .T. ) ;
#8804 = EDGE_LOOP ( 'NONE', ( #2384, #3771, #9902, #133 ) ) ;
#8805 = VECTOR ( 'NONE', #1645, 1000.000000000000000 ) ;
#8806 = AXIS2_PLACEMENT_3D ( 'NONE', #3534, #1846, #9551 ) ;
#8807 = SURFACE_STYLE_USAGE ( .BOTH. , #2728 ) ;
#8808 = DIRECTION ( 'NONE',  ( -0.000000000000000000, 1.000000000000000000, -0.000000000000000000 ) ) ;
#8809 = ORIENTED_EDGE ( 'NONE', *, *, #1823, .F. ) ;
#8810 = CARTESIAN_POINT ( 'NONE',  ( 0.4650000000000091283, 0.04999999999999999584, 0.3149999999999999467 ) ) ;
#8811 = CARTESIAN_POINT ( 'NONE',  ( -0.4390192378864674616, 0.2000000000000000111, 1.800000000000000044 ) ) ;
#8812 = EDGE_LOOP ( 'NONE', ( #7879, #4575, #5977, #2390 ) ) ;
#8813 = EDGE_CURVE ( 'NONE', #3018, #4762, #3369, .T. ) ;
#8814 = LINE ( 'NONE', #4863, #5411 ) ;
#8815 = VECTOR ( 'NONE', #3466, 1000.000000000000000 ) ;
#8816 = FACE_OUTER_BOUND ( 'NONE', #5940, .T. ) ;
#8817 = VECTOR ( 'NONE', #45, 1000.000000000000000 ) ;
#8818 = DIRECTION ( 'NONE',  ( -1.000000000000000000, 0.000000000000000000, 0.000000000000000000 ) ) ;
#8819 = ORIENTED_EDGE ( 'NONE', *, *, #2787, .F. ) ;
#8820 = ORIENTED_EDGE ( 'NONE', *, *, #5633, .F. ) ;
#8821 = CARTESIAN_POINT ( 'NONE',  ( -0.5000000000000002220, 0.000000000000000000, 1.614999999999999991 ) ) ;
#8822 = ORIENTED_EDGE ( 'NONE', *, *, #7717, .F. ) ;
#8823 = CARTESIAN_POINT ( 'NONE',  ( -0.5000000000000002220, 0.2000000000000000111, -0.06250000000000000000 ) ) ;
#8824 = DIRECTION ( 'NONE',  ( 0.000000000000000000, -0.000000000000000000, 1.000000000000000000 ) ) ;
#8825 = AXIS2_PLACEMENT_3D ( 'NONE', #33, #9379, #892 ) ;
#8826 = LINE ( 'NONE', #8629, #8384 ) ;
#8827 = FACE_OUTER_BOUND ( 'NONE', #3299, .T. ) ;
#8828 = ORIENTED_EDGE ( 'NONE', *, *, #6770, .F. ) ;
#8829 = PLANE ( 'NONE',  #3473 ) ;
#8830 = DIRECTION ( 'NONE',  ( -0.000000000000000000, -1.000000000000000000, -0.000000000000000000 ) ) ;
#8831 = ADVANCED_FACE ( 'NONE', ( #5848 ), #8832, .T. ) ;
#8832 = PLANE ( 'NONE',  #2836 ) ;
#8833 = MANIFOLD_SOLID_BREP ( 'Cut-Extrude5[7]', #3204 ) ;
#8834 = EDGE_LOOP ( 'NONE', ( #965, #594, #1005, #3758 ) ) ;
#8835 = EDGE_CURVE ( 'NONE', #4702, #8930, #8934, .T. ) ;
#8836 = ORIENTED_EDGE ( 'NONE', *, *, #6410, .T. ) ;
#8837 = LINE ( 'NONE', #4984, #9992 ) ;
#8838 = CARTESIAN_POINT ( 'NONE',  ( 0.5000000000000091038, 0.2000000000000000111, -0.7374999999999998224 ) ) ;
#8839 = ORIENTED_EDGE ( 'NONE', *, *, #7577, .T. ) ;
#8840 = CARTESIAN_POINT ( 'NONE',  ( -0.4649999999999825384, 0.000000000000000000, 0.08500000000000022815 ) ) ;
#8841 = VECTOR ( 'NONE', #421, 1000.000000000000000 ) ;
#8842 = CARTESIAN_POINT ( 'NONE',  ( -0.4999999999999824585, 0.2000000000000000111, -0.4674999999999998601 ) ) ;
#8843 = EDGE_CURVE ( 'NONE', #6298, #8567, #4180, .T. ) ;
#8844 = CARTESIAN_POINT ( 'NONE',  ( 0.2000000000000183853, 0.2000000000000000111, 0.3000000000000001554 ) ) ;
#8845 = PLANE ( 'NONE',  #8788 ) ;
#8846 = PLANE ( 'NONE',  #2140 ) ;
#8847 = CARTESIAN_POINT ( 'NONE',  ( -0.3999999999999907518, 0.1500000000000000222, -0.4675000000000000266 ) ) ;
#8848 = CARTESIAN_POINT ( 'NONE',  ( 0.4390192378864747891, 0.04999999999999999584, 0.5000000000000002220 ) ) ;
#8849 = VERTEX_POINT ( 'NONE', #1942 ) ;
#8850 = DIRECTION ( 'NONE',  ( 1.000000000000000000, 0.000000000000000000, -0.000000000000000000 ) ) ;
#8851 = DIRECTION ( 'NONE',  ( 1.000000000000000000, 0.000000000000000000, 0.000000000000000000 ) ) ;
#8852 = FACE_OUTER_BOUND ( 'NONE', #182, .T. ) ;
#8853 = VERTEX_POINT ( 'NONE', #9581 ) ;
#8854 = ORIENTED_EDGE ( 'NONE', *, *, #5688, .F. ) ;
#8855 = EDGE_CURVE ( 'NONE', #7265, #1107, #1990, .T. ) ;
#8856 = CARTESIAN_POINT ( 'NONE',  ( -0.3250000000000001776, 0.5500000000000000444, -1.649999999999999911 ) ) ;
#8857 = CLOSED_SHELL ( 'NONE', ( #5491, #5170, #5000, #769, #8387, #250 ) ) ;
#8858 = PLANE ( 'NONE',  #8894 ) ;
#8859 = DIRECTION ( 'NONE',  ( -1.000000000000000000, -0.000000000000000000, 6.195440985631447034E-15 ) ) ;
#8860 = ORIENTED_EDGE ( 'NONE', *, *, #6541, .F. ) ;
#8861 = CARTESIAN_POINT ( 'NONE',  ( 0.5000000000000091038, 0.2000000000000000111, 0.4850000000000002087 ) ) ;
#8862 = CARTESIAN_POINT ( 'NONE',  ( -0.4390192378864581357, 0.2000000000000000111, -0.9000000000000000222 ) ) ;
#8863 = DIRECTION ( 'NONE',  ( 1.355252715606880049E-16, 0.000000000000000000, 1.000000000000000000 ) ) ;
#8864 = ORIENTED_EDGE ( 'NONE', *, *, #6283, .T. ) ;
#8865 = DIRECTION ( 'NONE',  ( -1.000000000000000000, 0.000000000000000000, 0.000000000000000000 ) ) ;
#8866 = VECTOR ( 'NONE', #1351, 1000.000000000000000 ) ;
#8867 = CARTESIAN_POINT ( 'NONE',  ( 0.000000000000000000, 0.2000000000000000111, 0.000000000000000000 ) ) ;
#8868 = LINE ( 'NONE', #7468, #5053 ) ;
#8869 = VERTEX_POINT ( 'NONE', #2651 ) ;
#8870 = LINE ( 'NONE', #5693, #435 ) ;
#8871 = ORIENTED_EDGE ( 'NONE', *, *, #137, .T. ) ;
#8872 = VERTEX_POINT ( 'NONE', #4231 ) ;
#8873 = EDGE_CURVE ( 'NONE', #5800, #5528, #2803, .T. ) ;
#8874 = CARTESIAN_POINT ( 'NONE',  ( 0.4999999999999997780, 0.2000000000000000111, -1.215000000000000080 ) ) ;
#8875 = CARTESIAN_POINT ( 'NONE',  ( -0.4650000000000002465, 0.000000000000000000, -1.785000000000000142 ) ) ;
#8876 = VECTOR ( 'NONE', #6919, 1000.000000000000000 ) ;
#8877 = AXIS2_PLACEMENT_3D ( 'NONE', #8135, #4146, #6434 ) ;
#8878 = PLANE ( 'NONE',  #7747 ) ;
#8879 = DIRECTION ( 'NONE',  ( -0.000000000000000000, -0.000000000000000000, 1.000000000000000000 ) ) ;
#8880 = ORIENTED_EDGE ( 'NONE', *, *, #3048, .T. ) ;
#8881 = LINE ( 'NONE', #3518, #9446 ) ;
#8882 = CARTESIAN_POINT ( 'NONE',  ( -0.4999999999999824585, 0.1500000000000000222, -0.3324999999999999623 ) ) ;
#8883 =( NAMED_UNIT ( * ) PLANE_ANGLE_UNIT ( ) SI_UNIT ( $, .RADIAN. ) );
#8884 = VECTOR ( 'NONE', #7638, 1000.000000000000000 ) ;
#8885 = PLANE ( 'NONE',  #2467 ) ;
#8886 = AXIS2_PLACEMENT_3D ( 'NONE', #7061, #2378, #5534 ) ;
#8887 = VERTEX_POINT ( 'NONE', #3520 ) ;
#8888 = EDGE_LOOP ( 'NONE', ( #324, #654, #540, #3762 ) ) ;
#8889 = CARTESIAN_POINT ( 'NONE',  ( 0.4390192378864747891, 0.000000000000000000, 0.3000000000000001554 ) ) ;
#8890 = EDGE_CURVE ( 'NONE', #1910, #4053, #451, .T. ) ;
#8891 = CARTESIAN_POINT ( 'NONE',  ( -0.4999999999999908962, 0.1500000000000000222, 1.367499999999999494 ) ) ;
#8892 = VECTOR ( 'NONE', #4776, 1000.000000000000000 ) ;
#8893 = VERTEX_POINT ( 'NONE', #5028 ) ;
#8894 = AXIS2_PLACEMENT_3D ( 'NONE', #8959, #2019, #1194 ) ;
#8895 = LINE ( 'NONE', #2872, #3645 ) ;
#8896 = ADVANCED_FACE ( 'NONE', ( #1169 ), #5898, .F. ) ;
#8897 = VECTOR ( 'NONE', #4283, 1000.000000000000000 ) ;
#8898 = ORIENTED_EDGE ( 'NONE', *, *, #1013, .F. ) ;
#8899 = PLANE ( 'NONE',  #8877 ) ;
#8900 = CARTESIAN_POINT ( 'NONE',  ( -0.06750000000000000444, 0.2000000000000000111, -1.800000000000000044 ) ) ;
#8901 = PLANE ( 'NONE',  #3966 ) ;
#8902 = LINE ( 'NONE', #1956, #496 ) ;
#8903 = CARTESIAN_POINT ( 'NONE',  ( 0.5000000000000091038, 0.2000000000000000111, 0.4850000000000002087 ) ) ;
#8904 = CARTESIAN_POINT ( 'NONE',  ( 0.4649999999999997469, 0.000000000000000000, 1.214999999999999858 ) ) ;
#8905 = EDGE_CURVE ( 'NONE', #6464, #8556, #1014, .T. ) ;
#8906 = ORIENTED_EDGE ( 'NONE', *, *, #9320, .T. ) ;
#8907 = DIRECTION ( 'NONE',  ( 1.000000000000000000, 0.000000000000000000, -0.000000000000000000 ) ) ;
#8908 = VERTEX_POINT ( 'NONE', #5079 ) ;
#8909 = LINE ( 'NONE', #1753, #9987 ) ;
#8910 =( LENGTH_UNIT ( ) NAMED_UNIT ( * ) SI_UNIT ( .MILLI., .METRE. ) );
#8911 = CARTESIAN_POINT ( 'NONE',  ( 0.000000000000000000, 0.1500000000000000222, 0.000000000000000000 ) ) ;
#8912 = EDGE_LOOP ( 'NONE', ( #6126, #6813, #9737, #5525 ) ) ;
#8913 = DIRECTION ( 'NONE',  ( 0.000000000000000000, -0.000000000000000000, 1.000000000000000000 ) ) ;
#8914 = CARTESIAN_POINT ( 'NONE',  ( -0.1999999999999825528, 0.04999999999999999584, 0.1000000000000000472 ) ) ;
#8915 = ORIENTED_EDGE ( 'NONE', *, *, #5359, .F. ) ;
#8916 =( LENGTH_UNIT ( ) NAMED_UNIT ( * ) SI_UNIT ( .MILLI., .METRE. ) );
#8917 = CARTESIAN_POINT ( 'NONE',  ( 0.3999999999999997446, 0.1500000000000000222, 1.632499999999999840 ) ) ;
#8918 = EDGE_CURVE ( 'NONE', #7976, #7304, #8169, .T. ) ;
#8919 = CARTESIAN_POINT ( 'NONE',  ( 0.3999999999999997446, 0.2000000000000000111, -1.767500000000000071 ) ) ;
#8920 = EDGE_LOOP ( 'NONE', ( #6054, #3482, #6518, #5370 ) ) ;
#8921 = VECTOR ( 'NONE', #6349, 1000.000000000000000 ) ;
#8922 = ORIENTED_EDGE ( 'NONE', *, *, #6423, .T. ) ;
#8923 = LINE ( 'NONE', #5067, #4026 ) ;
#8924 = EDGE_CURVE ( 'NONE', #82, #143, #7238, .T. ) ;
#8925 = ORIENTED_EDGE ( 'NONE', *, *, #591, .F. ) ;
#8926 = CARTESIAN_POINT ( 'NONE',  ( 0.4390192378864654077, 0.2000000000000000111, 1.200000000000000178 ) ) ;
#8927 = LINE ( 'NONE', #7425, #9037 ) ;
#8928 = LINE ( 'NONE', #6616, #1332 ) ;
#8929 = DIRECTION ( 'NONE',  ( 0.000000000000000000, 0.000000000000000000, 1.000000000000000000 ) ) ;
#8930 = VERTEX_POINT ( 'NONE', #2040 ) ;
#8931 = CARTESIAN_POINT ( 'NONE',  ( -0.2000000000000002609, 0.2000000000000000111, -1.599999999999999867 ) ) ;
#8932 = VECTOR ( 'NONE', #3909, 1000.000000000000000 ) ;
#8933 = FACE_OUTER_BOUND ( 'NONE', #2948, .T. ) ;
#8934 = LINE ( 'NONE', #355, #379 ) ;
#8935 = EDGE_CURVE ( 'NONE', #9524, #5800, #3723, .T. ) ;
#8936 = DIRECTION ( 'NONE',  ( 0.000000000000000000, 0.000000000000000000, 1.000000000000000000 ) ) ;
#8937 = ORIENTED_EDGE ( 'NONE', *, *, #9541, .F. ) ;
#8938 = EDGE_CURVE ( 'NONE', #2425, #749, #6874, .T. ) ;
#8939 = EDGE_LOOP ( 'NONE', ( #9383, #9538, #4816, #16 ) ) ;
#8940 = MECHANICAL_DESIGN_GEOMETRIC_PRESENTATION_REPRESENTATION (  '', ( #7655 ), #9411 ) ;
#8941 = DIRECTION ( 'NONE',  ( -0.000000000000000000, -0.000000000000000000, -1.000000000000000000 ) ) ;
#8942 = PLANE ( 'NONE',  #1765 ) ;
#8943 = EDGE_CURVE ( 'NONE', #1464, #7667, #7386, .T. ) ;
#8944 = ORIENTED_EDGE ( 'NONE', *, *, #5532, .F. ) ;
#8945 = LINE ( 'NONE', #5090, #868 ) ;
#8946 = VECTOR ( 'NONE', #9771, 999.9999999999998863 ) ;
#8947 = ADVANCED_FACE ( 'NONE', ( #4416 ), #1411, .T. ) ;
#8948 = FACE_OUTER_BOUND ( 'NONE', #3445, .T. ) ;
#8949 =( GEOMETRIC_REPRESENTATION_CONTEXT ( 3 ) GLOBAL_UNCERTAINTY_ASSIGNED_CONTEXT ( ( #2410 ) ) GLOBAL_UNIT_ASSIGNED_CONTEXT ( ( #7999, #9462, #5625 ) ) REPRESENTATION_CONTEXT ( 'NONE', 'WORKASPACE' ) );
#8950 = DIRECTION ( 'NONE',  ( 2.710505431213760099E-16, -0.000000000000000000, -1.000000000000000000 ) ) ;
#8951 = EDGE_CURVE ( 'NONE', #8573, #849, #7482, .T. ) ;
#8952 = FACE_OUTER_BOUND ( 'NONE', #4419, .T. ) ;
#8953 = CARTESIAN_POINT ( 'NONE',  ( 0.3999999999999997446, 0.1500000000000000222, -1.632499999999999840 ) ) ;
#8954 = EDGE_CURVE ( 'NONE', #9519, #8765, #9033, .T. ) ;
#8955 = CARTESIAN_POINT ( 'NONE',  ( -0.4999999999999824585, 0.1500000000000000222, -0.3324999999999999623 ) ) ;
#8956 = VECTOR ( 'NONE', #851, 1000.000000000000000 ) ;
#8957 = ORIENTED_EDGE ( 'NONE', *, *, #2755, .T. ) ;
#8958 = VERTEX_POINT ( 'NONE', #3666 ) ;
#8959 = CARTESIAN_POINT ( 'NONE',  ( -0.06750000000000000444, 0.1500000000000000222, 1.800000000000000044 ) ) ;
#8960 = CARTESIAN_POINT ( 'NONE',  ( -0.2000000000000002609, 0.2000000000000000111, 1.800000000000000044 ) ) ;
#8961 = VECTOR ( 'NONE', #5847, 1000.000000000000000 ) ;
#8962 = ORIENTED_EDGE ( 'NONE', *, *, #9099, .F. ) ;
#8963 = AXIS2_PLACEMENT_3D ( 'NONE', #6572, #4927, #9635 ) ;
#8964 = DIRECTION ( 'NONE',  ( 0.000000000000000000, -0.000000000000000000, -1.000000000000000000 ) ) ;
#8965 = DIRECTION ( 'NONE',  ( 3.252606517456508569E-15, 0.000000000000000000, -1.000000000000000000 ) ) ;
#8966 = DIRECTION ( 'NONE',  ( 0.000000000000000000, -1.000000000000000000, 0.000000000000000000 ) ) ;
#8967 = ORIENTED_EDGE ( 'NONE', *, *, #2865, .T. ) ;
#8968 = DIRECTION ( 'NONE',  ( -1.355252715606880049E-16, 0.000000000000000000, -1.000000000000000000 ) ) ;
#8969 = DIRECTION ( 'NONE',  ( -0.000000000000000000, -0.000000000000000000, 1.000000000000000000 ) ) ;
#8970 = ORIENTED_EDGE ( 'NONE', *, *, #3526, .F. ) ;
#8971 = DIRECTION ( 'NONE',  ( -0.000000000000000000, -0.000000000000000000, -1.000000000000000000 ) ) ;
#8972 = STYLED_ITEM ( 'NONE', ( #5062 ), #8494 ) ;
#8973 = ORIENTED_EDGE ( 'NONE', *, *, #982, .T. ) ;
#8974 = VECTOR ( 'NONE', #370, 1000.000000000000000 ) ;
#8975 = ORIENTED_EDGE ( 'NONE', *, *, #8525, .F. ) ;
#8976 = DIRECTION ( 'NONE',  ( 0.000000000000000000, -1.000000000000000000, 0.000000000000000000 ) ) ;
#8977 = VERTEX_POINT ( 'NONE', #4522 ) ;
#8978 = CARTESIAN_POINT ( 'NONE',  ( 0.06750000000000000444, 0.1500000000000000222, -1.800000000000000044 ) ) ;
#8979 = DIRECTION ( 'NONE',  ( 0.000000000000000000, -0.000000000000000000, 1.000000000000000000 ) ) ;
#8980 = EDGE_CURVE ( 'NONE', #6246, #362, #9925, .T. ) ;
#8981 = PRESENTATION_STYLE_ASSIGNMENT (( #5890 ) ) ;
#8982 = DIRECTION ( 'NONE',  ( -1.000000000000000000, 0.000000000000000000, -0.000000000000000000 ) ) ;
#8983 = LINE ( 'NONE', #446, #1428 ) ;
#8984 = ORIENTED_EDGE ( 'NONE', *, *, #3506, .F. ) ;
#8985 = FACE_BOUND ( 'NONE', #4269, .T. ) ;
#8986 = STYLED_ITEM ( 'NONE', ( #1527 ), #8614 ) ;
#8987 = VECTOR ( 'NONE', #5606, 1000.000000000000000 ) ;
#8988 = DIRECTION ( 'NONE',  ( 1.000000000000000000, 0.000000000000000000, -6.195440985631447034E-15 ) ) ;
#8989 = DIRECTION ( 'NONE',  ( 0.000000000000000000, 1.000000000000000000, -0.000000000000000000 ) ) ;
#8990 = DIRECTION ( 'NONE',  ( -1.000000000000000000, 0.000000000000000000, 0.000000000000000000 ) ) ;
#8991 = ORIENTED_EDGE ( 'NONE', *, *, #982, .F. ) ;
#8992 = VECTOR ( 'NONE', #5542, 1000.000000000000000 ) ;
#8993 = ORIENTED_EDGE ( 'NONE', *, *, #4985, .F. ) ;
#8994 = VECTOR ( 'NONE', #3156, 1000.000000000000000 ) ;
#8995 = EDGE_CURVE ( 'NONE', #358, #1070, #4468, .T. ) ;
#8996 = DIRECTION ( 'NONE',  ( -1.000000000000000000, 0.000000000000000000, -6.505213034913017138E-15 ) ) ;
#8997 = EDGE_CURVE ( 'NONE', #1622, #9507, #2025, .T. ) ;
#8998 = FACE_OUTER_BOUND ( 'NONE', #8349, .T. ) ;
#8999 = ORIENTED_EDGE ( 'NONE', *, *, #8798, .F. ) ;
#9000 = LINE ( 'NONE', #2203, #1884 ) ;
#9001 = EDGE_CURVE ( 'NONE', #6906, #7012, #700, .T. ) ;
#9002 = CARTESIAN_POINT ( 'NONE',  ( -0.4390192378864581357, 0.000000000000000000, -0.6999999999999998446 ) ) ;
#9003 = PLANE ( 'NONE',  #1415 ) ;
#9004 = VECTOR ( 'NONE', #4454, 1000.000000000000000 ) ;
#9005 = EDGE_CURVE ( 'NONE', #7867, #35, #3618, .T. ) ;
#9006 = CARTESIAN_POINT ( 'NONE',  ( -0.4649999999999908651, 0.2000000000000000111, -0.8850000000000001199 ) ) ;
#9007 = FACE_OUTER_BOUND ( 'NONE', #7208, .T. ) ;
#9008 = LINE ( 'NONE', #7500, #6526 ) ;
#9009 = DIRECTION ( 'NONE',  ( 0.000000000000000000, -0.000000000000000000, -1.000000000000000000 ) ) ;
#9010 = CARTESIAN_POINT ( 'NONE',  ( 0.000000000000000000, 0.2000000000000000111, 0.000000000000000000 ) ) ;
#9011 = ORIENTED_EDGE ( 'NONE', *, *, #3175, .F. ) ;
#9012 = CARTESIAN_POINT ( 'NONE',  ( -0.3999999999999908629, 0.1500000000000000222, -1.232500000000000151 ) ) ;
#9013 = CARTESIAN_POINT ( 'NONE',  ( -0.4999999999999908962, 0.2000000000000000111, -1.367499999999999494 ) ) ;
#9014 = DIRECTION ( 'NONE',  ( -1.000000000000000000, 0.000000000000000000, -6.505213034913025026E-15 ) ) ;
#9015 = ORIENTED_EDGE ( 'NONE', *, *, #2760, .T. ) ;
#9016 = ADVANCED_FACE ( 'NONE', ( #598 ), #8273, .T. ) ;
#9017 = CARTESIAN_POINT ( 'NONE',  ( 0.4649999999999997469, 0.2000000000000000111, -1.214999999999999858 ) ) ;
#9018 = CARTESIAN_POINT ( 'NONE',  ( 0.4999999999999997780, 0.5500000000000000444, 1.899999999999999911 ) ) ;
#9019 = VERTEX_POINT ( 'NONE', #2091 ) ;
#9020 = ADVANCED_FACE ( 'NONE', ( #6825 ), #5338, .F. ) ;
#9021 = PLANE ( 'NONE',  #6427 ) ;
#9022 = CARTESIAN_POINT ( 'NONE',  ( 0.4390192378864654077, 0.2000000000000000111, 1.200000000000000178 ) ) ;
#9023 = VECTOR ( 'NONE', #899, 1000.000000000000000 ) ;
#9024 = ORIENTED_EDGE ( 'NONE', *, *, #3121, .T. ) ;
#9025 = ORIENTED_EDGE ( 'NONE', *, *, #6470, .T. ) ;
#9026 = DIRECTION ( 'NONE',  ( 0.000000000000000000, 0.000000000000000000, 1.000000000000000000 ) ) ;
#9027 = DIRECTION ( 'NONE',  ( -1.000000000000000000, 0.000000000000000000, 0.000000000000000000 ) ) ;
#9028 = CARTESIAN_POINT ( 'NONE',  ( 0.4999999999999997780, 0.5500000000000000444, -1.899999999999999911 ) ) ;
#9029 = VERTEX_POINT ( 'NONE', #2958 ) ;
#9030 = FACE_OUTER_BOUND ( 'NONE', #9861, .T. ) ;
#9031 = VECTOR ( 'NONE', #5432, 1000.000000000000000 ) ;
#9032 = FACE_OUTER_BOUND ( 'NONE', #2810, .T. ) ;
#9033 = LINE ( 'NONE', #7528, #5917 ) ;
#9034 = DIRECTION ( 'NONE',  ( -0.000000000000000000, 0.000000000000000000, 1.000000000000000000 ) ) ;
#9035 = EDGE_LOOP ( 'NONE', ( #7473, #5557, #3857, #9542 ) ) ;
#9036 = EDGE_CURVE ( 'NONE', #7304, #798, #8417, .T. ) ;
#9037 = VECTOR ( 'NONE', #1981, 1000.000000000000000 ) ;
#9038 = AXIS2_PLACEMENT_3D ( 'NONE', #3840, #2305, #8485 ) ;
#9039 = ORIENTED_EDGE ( 'NONE', *, *, #5562, .T. ) ;
#9040 = DIRECTION ( 'NONE',  ( -0.000000000000000000, 0.000000000000000000, -1.000000000000000000 ) ) ;
#9041 = CARTESIAN_POINT ( 'NONE',  ( -0.4649999999999825384, 0.2000000000000000111, -0.08500000000000022815 ) ) ;
#9042 = CARTESIAN_POINT ( 'NONE',  ( -0.2000000000000002609, 0.000000000000000000, -1.599999999999999867 ) ) ;
#9043 = VERTEX_POINT ( 'NONE', #9973 ) ;
#9044 =( LENGTH_UNIT ( ) NAMED_UNIT ( * ) SI_UNIT ( .MILLI., .METRE. ) );
#9045 = DIRECTION ( 'NONE',  ( 0.000000000000000000, 0.000000000000000000, -1.000000000000000000 ) ) ;
#9046 = VECTOR ( 'NONE', #8770, 1000.000000000000000 ) ;
#9047 = VECTOR ( 'NONE', #4281, 1000.000000000000114 ) ;
#9048 = EDGE_CURVE ( 'NONE', #6669, #123, #6158, .T. ) ;
#9049 = VECTOR ( 'NONE', #6617, 1000.000000000000000 ) ;
#9050 = DIRECTION ( 'NONE',  ( 1.000000000000000000, 0.000000000000000000, -6.195440985631458867E-15 ) ) ;
#9051 = ADVANCED_FACE ( 'NONE', ( #2859 ), #5949, .T. ) ;
#9052 = FACE_OUTER_BOUND ( 'NONE', #1292, .T. ) ;
#9053 = PRESENTATION_STYLE_ASSIGNMENT (( #4436 ) ) ;
#9054 = CARTESIAN_POINT ( 'NONE',  ( -0.4999999999999825695, 0.2000000000000000111, 0.08500000000000000611 ) ) ;
#9055 = DIRECTION ( 'NONE',  ( 1.000000000000000000, -0.000000000000000000, 1.355252715606880049E-16 ) ) ;
#9056 = AXIS2_PLACEMENT_3D ( 'NONE', #5805, #1946, #2867 ) ;
#9057 = DIRECTION ( 'NONE',  ( 0.000000000000000000, 0.000000000000000000, 1.000000000000000000 ) ) ;
#9058 = EDGE_CURVE ( 'NONE', #7289, #7433, #7773, .T. ) ;
#9059 = ORIENTED_EDGE ( 'NONE', *, *, #8997, .F. ) ;
#9060 = ORIENTED_EDGE ( 'NONE', *, *, #5514, .T. ) ;
#9061 = CARTESIAN_POINT ( 'NONE',  ( -0.1999999999999908795, 0.2000000000000000111, 0.6999999999999998446 ) ) ;
#9062 = LINE ( 'NONE', #5208, #908 ) ;
#9063 = CARTESIAN_POINT ( 'NONE',  ( 0.3999999999999998557, 0.1500000000000000222, 0.8674999999999997158 ) ) ;
#9064 = ORIENTED_EDGE ( 'NONE', *, *, #4911, .F. ) ;
#9065 = FACE_OUTER_BOUND ( 'NONE', #7139, .T. ) ;
#9066 = EDGE_LOOP ( 'NONE', ( #8095, #903, #9262, #438 ) ) ;
#9067 = LINE ( 'NONE', #4401, #3472 ) ;
#9068 = FACE_OUTER_BOUND ( 'NONE', #5739, .T. ) ;
#9069 = EDGE_CURVE ( 'NONE', #2096, #7618, #3965, .T. ) ;
#9070 = CARTESIAN_POINT ( 'NONE',  ( 0.4999999999999997780, 0.1999999999999999833, 0.4000000000000001887 ) ) ;
#9071 = EDGE_CURVE ( 'NONE', #3833, #8670, #7120, .T. ) ;
#9072 = ORIENTED_EDGE ( 'NONE', *, *, #3130, .T. ) ;
#9073 = ORIENTED_EDGE ( 'NONE', *, *, #8302, .F. ) ;
#9074 = PLANE ( 'NONE',  #5973 ) ;
#9075 = DIRECTION ( 'NONE',  ( -0.000000000000000000, 0.000000000000000000, 1.000000000000000000 ) ) ;
#9076 = CARTESIAN_POINT ( 'NONE',  ( 0.06749999999999997669, 0.1500000000000000222, -1.899999999999999911 ) ) ;
#9077 = DIRECTION ( 'NONE',  ( 0.000000000000000000, 0.000000000000000000, 1.000000000000000000 ) ) ;
#9078 = LINE ( 'NONE', #9126, #2575 ) ;
#9079 = ORIENTED_EDGE ( 'NONE', *, *, #2663, .F. ) ;
#9080 = FACE_BOUND ( 'NONE', #1499, .T. ) ;
#9081 = DIRECTION ( 'NONE',  ( 1.000000000000000000, 0.000000000000000000, 0.000000000000000000 ) ) ;
#9082 = DIRECTION ( 'NONE',  ( 0.8660254037844378194, 0.000000000000000000, -0.5000000000000013323 ) ) ;
#9083 = FACE_OUTER_BOUND ( 'NONE', #9775, .T. ) ;
#9084 = EDGE_CURVE ( 'NONE', #6942, #67, #8466, .T. ) ;
#9085 = ORIENTED_EDGE ( 'NONE', *, *, #964, .T. ) ;
#9086 = ORIENTED_EDGE ( 'NONE', *, *, #8248, .T. ) ;
#9087 = CARTESIAN_POINT ( 'NONE',  ( 0.5000000000000000000, 0.1500000000000000222, 0.8675000000000002709 ) ) ;
#9088 = VECTOR ( 'NONE', #2409, 1000.000000000000000 ) ;
#9089 = CARTESIAN_POINT ( 'NONE',  ( 0.000000000000000000, 0.05000000000000000278, -0.9000000000000000222 ) ) ;
#9090 = ORIENTED_EDGE ( 'NONE', *, *, #5408, .F. ) ;
#9091 = EDGE_CURVE ( 'NONE', #5060, #2477, #4669, .T. ) ;
#9092 = CARTESIAN_POINT ( 'NONE',  ( 0.4999999999999997780, 0.1500000000000000222, -1.632500000000000284 ) ) ;
#9093 = PLANE ( 'NONE',  #1358 ) ;
#9094 = AXIS2_PLACEMENT_3D ( 'NONE', #6970, #7719, #9915 ) ;
#9095 = LINE ( 'NONE', #3528, #3380 ) ;
#9096 = CARTESIAN_POINT ( 'NONE',  ( 0.4999999999999997780, 0.05000000000000000278, -1.214999999999998748 ) ) ;
#9097 = CARTESIAN_POINT ( 'NONE',  ( -0.4999999999999908962, 0.1500000000000000222, -1.367499999999999494 ) ) ;
#9098 = ADVANCED_FACE ( 'NONE', ( #3158 ), #7069, .F. ) ;
#9099 = EDGE_CURVE ( 'NONE', #8161, #3778, #2484, .T. ) ;
#9100 = DIRECTION ( 'NONE',  ( -2.710505431213760099E-16, -0.000000000000000000, 1.000000000000000000 ) ) ;
#9101 = DIRECTION ( 'NONE',  ( -1.000000000000000000, 0.000000000000000000, 1.355252715606755804E-16 ) ) ;
#9102 = CARTESIAN_POINT ( 'NONE',  ( 0.2000000000000089762, 0.2000000000000000111, -1.237500000000000266 ) ) ;
#9103 = VECTOR ( 'NONE', #794, 1000.000000000000000 ) ;
#9104 = EDGE_LOOP ( 'NONE', ( #9479, #116, #1222, #2851, #7685, #5030 ) ) ;
#9105 = LINE ( 'NONE', #527, #8534 ) ;
#9106 = EDGE_CURVE ( 'NONE', #2437, #3830, #5594, .T. ) ;
#9107 = CARTESIAN_POINT ( 'NONE',  ( 0.4999999999999997780, 0.2000000000000000111, 1.632499999999999840 ) ) ;
#9108 = DIRECTION ( 'NONE',  ( 6.505213034913025026E-15, 0.000000000000000000, -1.000000000000000000 ) ) ;
#9109 = VERTEX_POINT ( 'NONE', #5445 ) ;
#9110 = EDGE_CURVE ( 'NONE', #8232, #4422, #6976, .T. ) ;
#9111 = ORIENTED_EDGE ( 'NONE', *, *, #7613, .F. ) ;
#9112 = VECTOR ( 'NONE', #7432, 1000.000000000000000 ) ;
#9113 = EDGE_CURVE ( 'NONE', #4205, #5123, #843, .T. ) ;
#9114 = CARTESIAN_POINT ( 'NONE',  ( 0.000000000000000000, 0.000000000000000000, 0.000000000000000000 ) ) ;
#9115 = LINE ( 'NONE', #8261, #6271 ) ;
#9116 = LINE ( 'NONE', #9221, #2151 ) ;
#9117 = ORIENTED_EDGE ( 'NONE', *, *, #1218, .F. ) ;
#9118 = ORIENTED_EDGE ( 'NONE', *, *, #6074, .T. ) ;
#9119 = ORIENTED_EDGE ( 'NONE', *, *, #2034, .T. ) ;
#9120 = VECTOR ( 'NONE', #4579, 1000.000000000000114 ) ;
#9121 = DIRECTION ( 'NONE',  ( -1.000000000000000000, 0.000000000000000000, -0.000000000000000000 ) ) ;
#9122 = FACE_OUTER_BOUND ( 'NONE', #10019, .T. ) ;
#9123 = ORIENTED_EDGE ( 'NONE', *, *, #3424, .T. ) ;
#9124 = DIRECTION ( 'NONE',  ( 0.000000000000000000, 0.000000000000000000, -1.000000000000000000 ) ) ;
#9125 = EDGE_CURVE ( 'NONE', #4319, #3951, #177, .T. ) ;
#9126 = CARTESIAN_POINT ( 'NONE',  ( 0.3999999999999997446, 0.1500000000000000222, 1.767500000000000071 ) ) ;
#9127 = ORIENTED_EDGE ( 'NONE', *, *, #9809, .T. ) ;
#9128 = PLANE ( 'NONE',  #2001 ) ;
#9129 = DIRECTION ( 'NONE',  ( 0.000000000000000000, 1.000000000000000000, -0.000000000000000000 ) ) ;
#9130 = VECTOR ( 'NONE', #3702, 1000.000000000000000 ) ;
#9131 = DIRECTION ( 'NONE',  ( -0.000000000000000000, -0.000000000000000000, -1.000000000000000000 ) ) ;
#9132 = VECTOR ( 'NONE', #5296, 1000.000000000000114 ) ;
#9133 = LINE ( 'NONE', #5390, #827 ) ;
#9134 = VERTEX_POINT ( 'NONE', #4625 ) ;
#9135 = EDGE_LOOP ( 'NONE', ( #1650, #9929, #2343, #9315 ) ) ;
#9136 = VERTEX_POINT ( 'NONE', #3205 ) ;
#9137 = EDGE_LOOP ( 'NONE', ( #7346, #7402, #2808, #2122, #2639, #685 ) ) ;
#9138 = VECTOR ( 'NONE', #9341, 1000.000000000000000 ) ;
#9139 = CARTESIAN_POINT ( 'NONE',  ( 0.4650000000000091283, 0.2000000000000000111, -0.4850000000000004308 ) ) ;
#9140 = VERTEX_POINT ( 'NONE', #1712 ) ;
#9141 =( NAMED_UNIT ( * ) PLANE_ANGLE_UNIT ( ) SI_UNIT ( $, .RADIAN. ) );
#9142 = ADVANCED_FACE ( 'NONE', ( #1565 ), #1661, .F. ) ;
#9143 = FACE_OUTER_BOUND ( 'NONE', #9699, .T. ) ;
#9144 = FILL_AREA_STYLE_COLOUR ( '', #8333 ) ;
#9145 = EDGE_CURVE ( 'NONE', #2501, #6979, #81, .T. ) ;
#9146 = VECTOR ( 'NONE', #2449, 1000.000000000000000 ) ;
#9147 = AXIS2_PLACEMENT_3D ( 'NONE', #6269, #8581, #3885 ) ;
#9148 = VERTEX_POINT ( 'NONE', #3301 ) ;
#9149 = LINE ( 'NONE', #2003, #3068 ) ;
#9150 = DIRECTION ( 'NONE',  ( 0.000000000000000000, -1.000000000000000000, 0.000000000000000000 ) ) ;
#9151 = VECTOR ( 'NONE', #1764, 1000.000000000000000 ) ;
#9152 = DIRECTION ( 'NONE',  ( -0.000000000000000000, -1.000000000000000000, -0.000000000000000000 ) ) ;
#9153 = PLANE ( 'NONE',  #1224 ) ;
#9154 = EDGE_CURVE ( 'NONE', #8533, #1478, #7863, .T. ) ;
#9155 = EDGE_LOOP ( 'NONE', ( #6461, #4176, #9672, #1759 ) ) ;
#9156 = CARTESIAN_POINT ( 'NONE',  ( -0.06750000000000000444, 0.2000000000000000111, -1.800000000000000044 ) ) ;
#9157 = DIRECTION ( 'NONE',  ( 0.8660254037844378194, -0.000000000000000000, 0.5000000000000013323 ) ) ;
#9158 = CARTESIAN_POINT ( 'NONE',  ( -0.4999999999999908962, 0.000000000000000000, 0.8849999999999998979 ) ) ;
#9159 = EDGE_LOOP ( 'NONE', ( #5672, #8820, #1237, #8013 ) ) ;
#9160 = CARTESIAN_POINT ( 'NONE',  ( -0.5000000000000002220, 0.2000000000000000111, -1.614999999999999991 ) ) ;
#9161 = ORIENTED_EDGE ( 'NONE', *, *, #916, .F. ) ;
#9162 = AXIS2_PLACEMENT_3D ( 'NONE', #114, #3237, #7002 ) ;
#9163 = DIRECTION ( 'NONE',  ( 0.000000000000000000, -1.000000000000000000, 0.000000000000000000 ) ) ;
#9164 = CARTESIAN_POINT ( 'NONE',  ( -0.4650000000000002465, 0.2000000000000000111, -1.614999999999999769 ) ) ;
#9165 = VERTEX_POINT ( 'NONE', #2338 ) ;
#9166 = EDGE_CURVE ( 'NONE', #4936, #82, #9235, .T. ) ;
#9167 = CARTESIAN_POINT ( 'NONE',  ( -0.2000000000000002609, 0.000000000000000000, 1.599999999999999867 ) ) ;
#9168 = ORIENTED_EDGE ( 'NONE', *, *, #5294, .F. ) ;
#9169 = ADVANCED_FACE ( 'NONE', ( #5494 ), #2289, .T. ) ;
#9170 = ORIENTED_EDGE ( 'NONE', *, *, #5019, .F. ) ;
#9171 = ORIENTED_EDGE ( 'NONE', *, *, #4111, .F. ) ;
#9172 = ORIENTED_EDGE ( 'NONE', *, *, #4229, .F. ) ;
#9173 = CARTESIAN_POINT ( 'NONE',  ( -0.5000000000000002220, 0.2000000000000000111, 1.614999999999999991 ) ) ;
#9174 = CARTESIAN_POINT ( 'NONE',  ( -0.4999999999999908962, 0.2000000000000000111, 0.7149999999999999689 ) ) ;
#9175 = ORIENTED_EDGE ( 'NONE', *, *, #7038, .F. ) ;
#9176 = CARTESIAN_POINT ( 'NONE',  ( -0.4999999999999908962, 0.1500000000000000222, 1.232500000000000373 ) ) ;
#9177 = CARTESIAN_POINT ( 'NONE',  ( 0.4390192378864654077, 0.04999999999999999584, 1.200000000000000178 ) ) ;
#9178 = ORIENTED_EDGE ( 'NONE', *, *, #1293, .F. ) ;
#9179 = CARTESIAN_POINT ( 'NONE',  ( -0.4999999999999908962, 0.1500000000000000222, 1.367499999999999494 ) ) ;
#9180 = CARTESIAN_POINT ( 'NONE',  ( 0.4649999999999997469, 0.2000000000000000111, 1.214999999999999858 ) ) ;
#9181 = DIRECTION ( 'NONE',  ( 0.000000000000000000, 1.000000000000000000, 0.000000000000000000 ) ) ;
#9182 = ORIENTED_EDGE ( 'NONE', *, *, #3121, .F. ) ;
#9183 = ADVANCED_FACE ( 'NONE', ( #5389 ), #1514, .T. ) ;
#9184 = ORIENTED_EDGE ( 'NONE', *, *, #2895, .T. ) ;
#9185 = ORIENTED_EDGE ( 'NONE', *, *, #131, .T. ) ;
#9186 = PLANE ( 'NONE',  #5470 ) ;
#9187 = CLOSED_SHELL ( 'NONE', ( #40, #1446, #5473, #2054, #10023, #3897 ) ) ;
#9188 = LINE ( 'NONE', #2250, #9283 ) ;
#9189 = CARTESIAN_POINT ( 'NONE',  ( -1.951563910473891415E-15, 0.05000000000000000278, -0.3149999999999970601 ) ) ;
#9190 = ORIENTED_EDGE ( 'NONE', *, *, #2161, .F. ) ;
#9191 = EDGE_CURVE ( 'NONE', #288, #5580, #8155, .T. ) ;
#9192 = DIRECTION ( 'NONE',  ( -0.000000000000000000, 1.000000000000000000, -0.000000000000000000 ) ) ;
#9193 = LINE ( 'NONE', #6937, #2330 ) ;
#9194 = FILL_AREA_STYLE ('',( #9144 ) ) ;
#9195 = VECTOR ( 'NONE', #4773, 1000.000000000000000 ) ;
#9196 = VECTOR ( 'NONE', #4303, 1000.000000000000000 ) ;
#9197 = ADVANCED_FACE ( 'NONE', ( #8816 ), #8011, .F. ) ;
#9198 = ORIENTED_EDGE ( 'NONE', *, *, #1909, .F. ) ;
#9199 = ADVANCED_FACE ( 'NONE', ( #9621 ), #4967, .F. ) ;
#9200 = LINE ( 'NONE', #6224, #6793 ) ;
#9201 = CARTESIAN_POINT ( 'NONE',  ( 0.3999999999999997446, 0.1500000000000000222, 1.767500000000000071 ) ) ;
#9202 = VECTOR ( 'NONE', #3635, 1000.000000000000000 ) ;
#9203 = EDGE_CURVE ( 'NONE', #5697, #1831, #2195, .T. ) ;
#9204 = VECTOR ( 'NONE', #6012, 1000.000000000000000 ) ;
#9205 = LINE ( 'NONE', #8291, #5256 ) ;
#9206 = CARTESIAN_POINT ( 'NONE',  ( -0.5000000000000002220, 0.000000000000000000, 1.614999999999999991 ) ) ;
#9207 = DIRECTION ( 'NONE',  ( -1.000000000000000000, 0.000000000000000000, -6.195440985631447034E-15 ) ) ;
#9208 = VECTOR ( 'NONE', #9914, 1000.000000000000000 ) ;
#9209 = EDGE_LOOP ( 'NONE', ( #4362, #4581, #3257, #7272 ) ) ;
#9210 = LINE ( 'NONE', #2268, #5150 ) ;
#9211 = DIRECTION ( 'NONE',  ( -0.000000000000000000, -1.000000000000000000, -0.000000000000000000 ) ) ;
#9212 = CARTESIAN_POINT ( 'NONE',  ( 0.2000000000000184130, 0.2000000000000000111, -0.3375000000000001887 ) ) ;
#9213 = ORIENTED_EDGE ( 'NONE', *, *, #939, .T. ) ;
#9214 = VECTOR ( 'NONE', #8631, 1000.000000000000000 ) ;
#9215 = DIRECTION ( 'NONE',  ( 0.000000000000000000, 0.000000000000000000, -1.000000000000000000 ) ) ;
#9216 = ORIENTED_EDGE ( 'NONE', *, *, #1227, .F. ) ;
#9217 = MECHANICAL_DESIGN_GEOMETRIC_PRESENTATION_REPRESENTATION (  '', ( #7766 ), #4525 ) ;
#9218 = ADVANCED_FACE ( 'NONE', ( #4864 ), #8108, .F. ) ;
#9219 = FACE_OUTER_BOUND ( 'NONE', #6923, .T. ) ;
#9220 = ORIENTED_EDGE ( 'NONE', *, *, #1253, .T. ) ;
#9221 = CARTESIAN_POINT ( 'NONE',  ( -0.4999999999999825695, 0.1500000000000000222, 0.3325000000000001843 ) ) ;
#9222 = ORIENTED_EDGE ( 'NONE', *, *, #8025, .T. ) ;
#9223 = ORIENTED_EDGE ( 'NONE', *, *, #1013, .T. ) ;
#9224 = VECTOR ( 'NONE', #8056, 1000.000000000000000 ) ;
#9225 = ORIENTED_EDGE ( 'NONE', *, *, #2199, .F. ) ;
#9226 = CARTESIAN_POINT ( 'NONE',  ( 3.004788878031277966E-15, 0.05000000000000000278, -0.4850000000000032618 ) ) ;
#9227 = CARTESIAN_POINT ( 'NONE',  ( 0.4650000000000091283, 0.000000000000000000, 0.3149999999999999467 ) ) ;
#9228 = ORIENTED_EDGE ( 'NONE', *, *, #5978, .T. ) ;
#9229 = PLANE ( 'NONE',  #2405 ) ;
#9230 = CARTESIAN_POINT ( 'NONE',  ( 0.3999999999999999112, 0.2000000000000000111, -0.06749999999999997669 ) ) ;
#9231 = CARTESIAN_POINT ( 'NONE',  ( 0.5000000000000091038, 0.2000000000000000111, -1.637500000000000178 ) ) ;
#9232 = ORIENTED_EDGE ( 'NONE', *, *, #1061, .T. ) ;
#9233 = EDGE_CURVE ( 'NONE', #1961, #9875, #4913, .T. ) ;
#9234 = CARTESIAN_POINT ( 'NONE',  ( -0.4649999999999908651, 0.2000000000000000111, 0.8850000000000001199 ) ) ;
#9235 = LINE ( 'NONE', #6306, #3174 ) ;
#9236 = SURFACE_STYLE_FILL_AREA ( #7631 ) ;
#9237 = ORIENTED_EDGE ( 'NONE', *, *, #8492, .T. ) ;
#9238 = ORIENTED_EDGE ( 'NONE', *, *, #5013, .F. ) ;
#9239 = ORIENTED_EDGE ( 'NONE', *, *, #9251, .T. ) ;
#9240 = VERTEX_POINT ( 'NONE', #1201 ) ;
#9241 = CARTESIAN_POINT ( 'NONE',  ( -0.5000000000000002220, 0.2000000000000000111, -1.614999999999999991 ) ) ;
#9242 = CARTESIAN_POINT ( 'NONE',  ( -0.5000000000000002220, 0.2000000000000000111, -0.7999999999999999334 ) ) ;
#9243 = EDGE_CURVE ( 'NONE', #2908, #5591, #5781, .T. ) ;
#9244 = PLANE ( 'NONE',  #3322 ) ;
#9245 = FACE_OUTER_BOUND ( 'NONE', #7709, .T. ) ;
#9246 = ADVANCED_FACE ( 'NONE', ( #7961 ), #7369, .T. ) ;
#9247 = VERTEX_POINT ( 'NONE', #2737 ) ;
#9248 = VECTOR ( 'NONE', #6454, 1000.000000000000000 ) ;
#9249 = ADVANCED_FACE ( 'NONE', ( #9522 ), #1001, .F. ) ;
#9250 = CARTESIAN_POINT ( 'NONE',  ( 0.4999999999999997780, 0.05000000000000000278, 1.899999999999999911 ) ) ;
#9251 = EDGE_CURVE ( 'NONE', #890, #9807, #391, .T. ) ;
#9252 = LINE ( 'NONE', #517, #4131 ) ;
#9253 = CARTESIAN_POINT ( 'NONE',  ( 0.5000000000000091038, 0.2000000000000000111, -0.4850000000000002087 ) ) ;
#9254 = VECTOR ( 'NONE', #2379, 1000.000000000000114 ) ;
#9255 = DIRECTION ( 'NONE',  ( 6.505213034913025026E-15, 0.000000000000000000, -1.000000000000000000 ) ) ;
#9256 = LINE ( 'NONE', #7092, #752 ) ;
#9257 = AXIS2_PLACEMENT_3D ( 'NONE', #469, #3586, #6014 ) ;
#9258 = LINE ( 'NONE', #2313, #3688 ) ;
#9259 = CARTESIAN_POINT ( 'NONE',  ( 0.4999999999999997780, 0.2000000000000000111, -1.767499999999999627 ) ) ;
#9260 = FACE_OUTER_BOUND ( 'NONE', #3270, .T. ) ;
#9261 = DIRECTION ( 'NONE',  ( -1.000000000000000000, 0.000000000000000000, -3.252606517456508569E-15 ) ) ;
#9262 = ORIENTED_EDGE ( 'NONE', *, *, #3499, .T. ) ;
#9263 = LINE ( 'NONE', #2319, #1957 ) ;
#9264 = EDGE_LOOP ( 'NONE', ( #6391, #9161, #861, #9213 ) ) ;
#9265 = EDGE_CURVE ( 'NONE', #4053, #8765, #339, .T. ) ;
#9266 =( LENGTH_UNIT ( ) NAMED_UNIT ( * ) SI_UNIT ( .MILLI., .METRE. ) );
#9267 = CARTESIAN_POINT ( 'NONE',  ( 0.4649999999999997469, 0.000000000000000000, 1.214999999999999858 ) ) ;
#9268 =( GEOMETRIC_REPRESENTATION_CONTEXT ( 3 ) GLOBAL_UNCERTAINTY_ASSIGNED_CONTEXT ( ( #2681 ) ) GLOBAL_UNIT_ASSIGNED_CONTEXT ( ( #1515, #2192, #1463 ) ) REPRESENTATION_CONTEXT ( 'NONE', 'WORKASPACE' ) );
#9269 = VERTEX_POINT ( 'NONE', #5734 ) ;
#9270 = CARTESIAN_POINT ( 'NONE',  ( -0.4999999999999824585, 0.1500000000000000222, -0.4674999999999998601 ) ) ;
#9271 = EDGE_CURVE ( 'NONE', #8335, #4838, #3503, .T. ) ;
#9272 = VERTEX_POINT ( 'NONE', #3408 ) ;
#9273 = ORIENTED_EDGE ( 'NONE', *, *, #8033, .T. ) ;
#9274 = ORIENTED_EDGE ( 'NONE', *, *, #3881, .F. ) ;
#9275 = CARTESIAN_POINT ( 'NONE',  ( 0.4650000000000091283, 0.2000000000000000111, 0.3149999999999999467 ) ) ;
#9276 = VECTOR ( 'NONE', #6192, 1000.000000000000000 ) ;
#9277 = CARTESIAN_POINT ( 'NONE',  ( -0.1999999999999908795, 0.2000000000000000111, -0.9000000000000000222 ) ) ;
#9278 = ORIENTED_EDGE ( 'NONE', *, *, #1997, .T. ) ;
#9279 = FACE_OUTER_BOUND ( 'NONE', #8358, .T. ) ;
#9280 = DIRECTION ( 'NONE',  ( 0.000000000000000000, -1.000000000000000000, 0.000000000000000000 ) ) ;
#9281 = CARTESIAN_POINT ( 'NONE',  ( 0.4999999999999997780, 0.1500000000000000222, -1.767499999999999627 ) ) ;
#9282 = ORIENTED_EDGE ( 'NONE', *, *, #9327, .F. ) ;
#9283 = VECTOR ( 'NONE', #709, 1000.000000000000000 ) ;
#9284 = ORIENTED_EDGE ( 'NONE', *, *, #7903, .F. ) ;
#9285 = ORIENTED_EDGE ( 'NONE', *, *, #3370, .T. ) ;
#9286 = FACE_OUTER_BOUND ( 'NONE', #3, .T. ) ;
#9287 = VERTEX_POINT ( 'NONE', #436 ) ;
#9288 = LINE ( 'NONE', #2347, #8956 ) ;
#9289 = DIRECTION ( 'NONE',  ( 1.000000000000000000, 0.000000000000000000, -6.195440985631458867E-15 ) ) ;
#9290 = ORIENTED_EDGE ( 'NONE', *, *, #4130, .T. ) ;
#9291 = VECTOR ( 'NONE', #9425, 1000.000000000000000 ) ;
#9292 = VECTOR ( 'NONE', #5587, 1000.000000000000000 ) ;
#9293 = CARTESIAN_POINT ( 'NONE',  ( -0.4999999999999908962, 0.1500000000000000222, -1.367499999999999494 ) ) ;
#9294 = DIRECTION ( 'NONE',  ( 0.8660254037844510311, 0.000000000000000000, 0.4999999999999786837 ) ) ;
#9295 = LINE ( 'NONE', #142, #1520 ) ;
#9296 = EDGE_LOOP ( 'NONE', ( #3040, #42, #3410, #410 ) ) ;
#9297 = EDGE_CURVE ( 'NONE', #288, #4348, #5063, .T. ) ;
#9298 = STYLED_ITEM ( 'NONE', ( #6189 ), #8532 ) ;
#9299 = ORIENTED_EDGE ( 'NONE', *, *, #1131, .F. ) ;
#9300 = CIRCLE ( 'NONE', #6574, 0.07499999999999998335 ) ;
#9301 = EDGE_CURVE ( 'NONE', #9694, #5682, #6510, .T. ) ;
#9302 = EDGE_CURVE ( 'NONE', #2526, #4749, #1972, .T. ) ;
#9303 = CARTESIAN_POINT ( 'NONE',  ( -0.1999999999999825528, 0.2000000000000000111, -0.1000000000000000472 ) ) ;
#9304 = CARTESIAN_POINT ( 'NONE',  ( 0.4390192378864747891, 0.2000000000000000111, 0.5000000000000002220 ) ) ;
#9305 = VECTOR ( 'NONE', #3931, 1000.000000000000000 ) ;
#9306 = VECTOR ( 'NONE', #7789, 1000.000000000000114 ) ;
#9307 = LINE ( 'NONE', #3019, #3841 ) ;
#9308 = ADVANCED_FACE ( 'NONE', ( #2538 ), #5638, .T. ) ;
#9309 = FACE_OUTER_BOUND ( 'NONE', #6948, .T. ) ;
#9310 = DIRECTION ( 'NONE',  ( -0.000000000000000000, -1.000000000000000000, -0.000000000000000000 ) ) ;
#9311 = CARTESIAN_POINT ( 'NONE',  ( -0.06750000000000000444, 0.2000000000000000111, 1.800000000000000044 ) ) ;
#9312 = EDGE_LOOP ( 'NONE', ( #7616, #6093, #5391, #6988 ) ) ;
#9313 = FILL_AREA_STYLE ('',( #9358 ) ) ;
#9314 = CARTESIAN_POINT ( 'NONE',  ( -0.4999999999999908962, 0.1500000000000000222, -1.367499999999999494 ) ) ;
#9315 = ORIENTED_EDGE ( 'NONE', *, *, #8424, .F. ) ;
#9316 = CARTESIAN_POINT ( 'NONE',  ( -0.4650000000000002465, 0.2000000000000000111, -1.785000000000000142 ) ) ;
#9317 = EDGE_LOOP ( 'NONE', ( #8455, #6675, #3366, #5081, #8158, #9278 ) ) ;
#9318 = VERTEX_POINT ( 'NONE', #5320 ) ;
#9319 = ORIENTED_EDGE ( 'NONE', *, *, #9862, .T. ) ;
#9320 = EDGE_CURVE ( 'NONE', #8533, #2540, #9115, .T. ) ;
#9321 = DIRECTION ( 'NONE',  ( 0.000000000000000000, 0.000000000000000000, -1.000000000000000000 ) ) ;
#9322 = LINE ( 'NONE', #6198, #8932 ) ;
#9323 = VECTOR ( 'NONE', #4748, 1000.000000000000000 ) ;
#9324 = ORIENTED_EDGE ( 'NONE', *, *, #4289, .T. ) ;
#9325 = DIRECTION ( 'NONE',  ( -1.000000000000000000, -0.000000000000000000, -0.000000000000000000 ) ) ;
#9326 = CARTESIAN_POINT ( 'NONE',  ( -0.3250000000000001776, 0.5500000000000000444, -1.800000000000000044 ) ) ;
#9328 = ORIENTED_EDGE ( 'NONE', *, *, #4243, .F. ) ;
#9327 = EDGE_CURVE ( 'NONE', #8371, #8178, #6033, .T. ) ;
#9329 = EDGE_CURVE ( 'NONE', #600, #4101, #2120, .T. ) ;
#9330 = CARTESIAN_POINT ( 'NONE',  ( -0.4390192378864497535, 0.2000000000000000111, -0.1000000000000000472 ) ) ;
#9331 = DIRECTION ( 'NONE',  ( -0.000000000000000000, 1.000000000000000000, -0.000000000000000000 ) ) ;
#9332 = FILL_AREA_STYLE_COLOUR ( '', #2972 ) ;
#9333 = VERTEX_POINT ( 'NONE', #5985 ) ;
#9334 = ORIENTED_EDGE ( 'NONE', *, *, #1174, .F. ) ;
#9335 = VERTEX_POINT ( 'NONE', #4402 ) ;
#9336 = VERTEX_POINT ( 'NONE', #1344 ) ;
#9337 = CARTESIAN_POINT ( 'NONE',  ( -0.1999999999999908795, 0.2000000000000000111, 0.9000000000000000222 ) ) ;
#9338 = EDGE_LOOP ( 'NONE', ( #8860, #9408, #8665, #3978 ) ) ;
#9339 = DIRECTION ( 'NONE',  ( -0.000000000000000000, -0.000000000000000000, 1.000000000000000000 ) ) ;
#9340 = LINE ( 'NONE', #2399, #3633 ) ;
#9341 = DIRECTION ( 'NONE',  ( -0.000000000000000000, -1.000000000000000000, -0.000000000000000000 ) ) ;
#9342 = EDGE_CURVE ( 'NONE', #6369, #7084, #2073, .T. ) ;
#9343 = VERTEX_POINT ( 'NONE', #9164 ) ;
#9344 = VECTOR ( 'NONE', #5022, 1000.000000000000114 ) ;
#9345 = DIRECTION ( 'NONE',  ( 0.000000000000000000, 0.000000000000000000, 1.000000000000000000 ) ) ;
#9346 = LINE ( 'NONE', #8589, #3974 ) ;
#9347 = CARTESIAN_POINT ( 'NONE',  ( 0.4650000000000091283, 0.2000000000000000111, 0.4850000000000004308 ) ) ;
#9348 = AXIS2_PLACEMENT_3D ( 'NONE', #3146, #1652, #4753 ) ;
#9349 = EDGE_CURVE ( 'NONE', #7618, #7356, #1295, .T. ) ;
#9350 = LINE ( 'NONE', #4593, #6112 ) ;
#9351 = ADVANCED_FACE ( 'NONE', ( #9068 ), #4359, .T. ) ;
#9352 = AXIS2_PLACEMENT_3D ( 'NONE', #1952, #4147, #2004 ) ;
#9353 = CIRCLE ( 'NONE', #923, 0.07499999999999998335 ) ;
#9354 = SURFACE_STYLE_USAGE ( .BOTH. , #6435 ) ;
#9355 = CARTESIAN_POINT ( 'NONE',  ( 0.4999999999999997780, 0.2000000000000000111, 1.385000000000000231 ) ) ;
#9356 = CARTESIAN_POINT ( 'NONE',  ( 0.2000000000000090317, 0.2000000000000000111, -1.362500000000000044 ) ) ;
#9357 = ORIENTED_EDGE ( 'NONE', *, *, #9885, .F. ) ;
#9358 = FILL_AREA_STYLE_COLOUR ( '', #7371 ) ;
#9359 = AXIS2_PLACEMENT_3D ( 'NONE', #5239, #8329, #4678 ) ;
#9360 = VECTOR ( 'NONE', #3347, 1000.000000000000000 ) ;
#9361 = CARTESIAN_POINT ( 'NONE',  ( -0.1999999999999908795, 0.2000000000000000111, -0.9000000000000000222 ) ) ;
#9362 = ORIENTED_EDGE ( 'NONE', *, *, #7198, .F. ) ;
#9363 = LINE ( 'NONE', #4156, #4583 ) ;
#9364 = ORIENTED_EDGE ( 'NONE', *, *, #2191, .F. ) ;
#9365 = ORIENTED_EDGE ( 'NONE', *, *, #4903, .F. ) ;
#9366 = CARTESIAN_POINT ( 'NONE',  ( -0.3250000000000001776, 0.3128679656440358503, -1.649999999999999911 ) ) ;
#9367 = EDGE_CURVE ( 'NONE', #3423, #8556, #4553, .T. ) ;
#9368 = AXIS2_PLACEMENT_3D ( 'NONE', #3961, #8613, #7957 ) ;
#9369 = DIRECTION ( 'NONE',  ( 1.000000000000000000, 0.000000000000000000, -0.000000000000000000 ) ) ;
#9370 = COLOUR_RGB ( '',0.7921568627450980005, 0.8196078431372548767, 0.9333333333333333481 ) ;
#9371 = ORIENTED_EDGE ( 'NONE', *, *, #3826, .T. ) ;
#9372 = CARTESIAN_POINT ( 'NONE',  ( 0.000000000000000000, 0.2000000000000000111, 0.000000000000000000 ) ) ;
#9373 = CARTESIAN_POINT ( 'NONE',  ( -0.4999999999999908962, 0.04999999999999999584, 0.8849999999999998979 ) ) ;
#9374 = FACE_OUTER_BOUND ( 'NONE', #6819, .T. ) ;
#9375 = ORIENTED_EDGE ( 'NONE', *, *, #4233, .T. ) ;
#9376 = ADVANCED_FACE ( 'NONE', ( #4504 ), #9021, .F. ) ;
#9377 = FACE_OUTER_BOUND ( 'NONE', #5290, .T. ) ;
#9378 = EDGE_CURVE ( 'NONE', #9760, #6246, #3553, .T. ) ;
#9379 = DIRECTION ( 'NONE',  ( 0.000000000000000000, -1.000000000000000000, 0.000000000000000000 ) ) ;
#9380 = AXIS2_PLACEMENT_3D ( 'NONE', #1560, #4665, #7770 ) ;
#9381 = CARTESIAN_POINT ( 'NONE',  ( -0.06750000000000000444, 0.1500000000000000222, 1.800000000000000044 ) ) ;
#9382 = ORIENTED_EDGE ( 'NONE', *, *, #3195, .F. ) ;
#9383 = ORIENTED_EDGE ( 'NONE', *, *, #7653, .F. ) ;
#9384 = ORIENTED_EDGE ( 'NONE', *, *, #9005, .T. ) ;
#9385 = DIRECTION ( 'NONE',  ( 0.000000000000000000, 0.000000000000000000, -1.000000000000000000 ) ) ;
#9386 = LINE ( 'NONE', #2544, #4813 ) ;
#9387 = LINE ( 'NONE', #9845, #5148 ) ;
#9388 = DIRECTION ( 'NONE',  ( -1.000000000000000000, -0.000000000000000000, -0.000000000000000000 ) ) ;
#9389 = CARTESIAN_POINT ( 'NONE',  ( 0.2000000000000183853, 0.2000000000000000111, -0.3000000000000001554 ) ) ;
#9390 = EDGE_LOOP ( 'NONE', ( #2342, #1467, #3359, #5010, #1343, #7753 ) ) ;
#9391 = CARTESIAN_POINT ( 'NONE',  ( 0.5000000000000091038, 0.2000000000000000111, -0.4625000000000001887 ) ) ;
#9392 = EDGE_CURVE ( 'NONE', #5528, #1247, #2171, .T. ) ;
#9393 = CARTESIAN_POINT ( 'NONE',  ( -0.4999999999999908962, 0.1500000000000000222, 1.367499999999999494 ) ) ;
#9394 = VERTEX_POINT ( 'NONE', #2845 ) ;
#9395 = ORIENTED_EDGE ( 'NONE', *, *, #3831, .T. ) ;
#9396 = PLANE ( 'NONE',  #4034 ) ;
#9397 = ADVANCED_FACE ( 'NONE', ( #536 ), #5117, .T. ) ;
#9398 = LINE ( 'NONE', #9495, #551 ) ;
#9399 = LINE ( 'NONE', #4883, #4236 ) ;
#9400 = VECTOR ( 'NONE', #4449, 1000.000000000000000 ) ;
#9401 = EDGE_CURVE ( 'NONE', #9901, #8670, #2026, .T. ) ;
#9402 = CARTESIAN_POINT ( 'NONE',  ( -7.527460797542190354E-15, 0.05000000000000000278, -1.214999999999997193 ) ) ;
#9403 = VECTOR ( 'NONE', #3488, 1000.000000000000000 ) ;
#9404 = CARTESIAN_POINT ( 'NONE',  ( -0.4999999999999824585, 0.1500000000000000222, -0.3324999999999999623 ) ) ;
#9405 = DIRECTION ( 'NONE',  ( 0.000000000000000000, 0.000000000000000000, -1.000000000000000000 ) ) ;
#9406 = VERTEX_POINT ( 'NONE', #6658 ) ;
#9407 = DIRECTION ( 'NONE',  ( 1.000000000000000000, 0.000000000000000000, -0.000000000000000000 ) ) ;
#9408 = ORIENTED_EDGE ( 'NONE', *, *, #5116, .T. ) ;
#9409 = CARTESIAN_POINT ( 'NONE',  ( 0.3999999999999997446, 0.2000000000000000111, 1.632499999999999840 ) ) ;
#9410 = EDGE_LOOP ( 'NONE', ( #2193, #6455, #500, #9364, #2834, #555 ) ) ;
#9411 =( GEOMETRIC_REPRESENTATION_CONTEXT ( 3 ) GLOBAL_UNCERTAINTY_ASSIGNED_CONTEXT ( ( #327 ) ) GLOBAL_UNIT_ASSIGNED_CONTEXT ( ( #5149, #3637, #2717 ) ) REPRESENTATION_CONTEXT ( 'NONE', 'WORKASPACE' ) );
#9412 = VERTEX_POINT ( 'NONE', #5270 ) ;
#9413 = EDGE_CURVE ( 'NONE', #3337, #8869, #582, .T. ) ;
#9414 = DIRECTION ( 'NONE',  ( 1.626303258728392138E-15, -0.000000000000000000, 1.000000000000000000 ) ) ;
#9415 = CARTESIAN_POINT ( 'NONE',  ( 0.06749999999999997669, 0.1500000000000000222, -1.899999999999999911 ) ) ;
#9416 = DIRECTION ( 'NONE',  ( 0.000000000000000000, 0.000000000000000000, 1.000000000000000000 ) ) ;
#9417 = LINE ( 'NONE', #886, #4754 ) ;
#9418 = VERTEX_POINT ( 'NONE', #8355 ) ;
#9419 = DIRECTION ( 'NONE',  ( 0.8660254037844378194, -0.000000000000000000, 0.5000000000000013323 ) ) ;
#9420 = EDGE_CURVE ( 'NONE', #7012, #48, #3705, .T. ) ;
#9421 = CARTESIAN_POINT ( 'NONE',  ( -0.4650000000000002465, 0.000000000000000000, -1.614999999999999769 ) ) ;
#9422 = FACE_OUTER_BOUND ( 'NONE', #5307, .T. ) ;
#9423 = ORIENTED_EDGE ( 'NONE', *, *, #575, .F. ) ;
#9424 = VECTOR ( 'NONE', #3454, 1000.000000000000000 ) ;
#9425 = DIRECTION ( 'NONE',  ( -0.000000000000000000, -0.000000000000000000, -1.000000000000000000 ) ) ;
#9426 = DIRECTION ( 'NONE',  ( 0.000000000000000000, 0.000000000000000000, 1.000000000000000000 ) ) ;
#9427 = DIRECTION ( 'NONE',  ( 0.000000000000000000, 0.000000000000000000, 1.000000000000000000 ) ) ;
#9428 = ORIENTED_EDGE ( 'NONE', *, *, #6473, .F. ) ;
#9429 = ORIENTED_EDGE ( 'NONE', *, *, #6494, .F. ) ;
#9430 = ORIENTED_EDGE ( 'NONE', *, *, #6565, .F. ) ;
#9431 = VECTOR ( 'NONE', #2075, 1000.000000000000000 ) ;
#9432 = EDGE_CURVE ( 'NONE', #3258, #1558, #7720, .T. ) ;
#9433 = FACE_OUTER_BOUND ( 'NONE', #1038, .T. ) ;
#9434 = CARTESIAN_POINT ( 'NONE',  ( -0.1999999999999825528, 0.2000000000000000111, 0.1000000000000000472 ) ) ;
#9435 = DIRECTION ( 'NONE',  ( -0.000000000000000000, -1.000000000000000000, -0.000000000000000000 ) ) ;
#9436 = CYLINDRICAL_SURFACE ( 'NONE', #7133, 0.06249999999999984041 ) ;
#9437 = ORIENTED_EDGE ( 'NONE', *, *, #9800, .F. ) ;
#9438 = DIRECTION ( 'NONE',  ( -1.000000000000000000, 0.000000000000000000, 0.000000000000000000 ) ) ;
#9439 = LINE ( 'NONE', #9393, #9305 ) ;
#9440 = CIRCLE ( 'NONE', #194, 0.06250000000000000000 ) ;
#9441 = ORIENTED_EDGE ( 'NONE', *, *, #8632, .T. ) ;
#9442 = ORIENTED_EDGE ( 'NONE', *, *, #3863, .T. ) ;
#9443 = VERTEX_POINT ( 'NONE', #2993 ) ;
#9444 = FACE_OUTER_BOUND ( 'NONE', #9739, .T. ) ;
#9445 = VECTOR ( 'NONE', #9081, 1000.000000000000000 ) ;
#9446 = VECTOR ( 'NONE', #7973, 1000.000000000000114 ) ;
#9447 = VERTEX_POINT ( 'NONE', #5881 ) ;
#9448 = CARTESIAN_POINT ( 'NONE',  ( 0.4649999999999997469, 0.2000000000000000111, -1.214999999999999858 ) ) ;
#9449 = LINE ( 'NONE', #7983, #8431 ) ;
#9450 = MECHANICAL_DESIGN_GEOMETRIC_PRESENTATION_REPRESENTATION (  '', ( #5583 ), #7535 ) ;
#9451 = CARTESIAN_POINT ( 'NONE',  ( 0.2000000000000183853, 0.2000000000000000111, -0.3000000000000001554 ) ) ;
#9452 = PLANE ( 'NONE',  #9352 ) ;
#9453 = DIRECTION ( 'NONE',  ( -1.000000000000000000, 0.000000000000000000, -2.710505431213760099E-16 ) ) ;
#9454 = VECTOR ( 'NONE', #7826, 1000.000000000000000 ) ;
#9455 = CARTESIAN_POINT ( 'NONE',  ( -0.4390192378864581357, 0.000000000000000000, -0.9000000000000000222 ) ) ;
#9456 = DIRECTION ( 'NONE',  ( 0.000000000000000000, 0.000000000000000000, 1.000000000000000000 ) ) ;
#9457 = ORIENTED_EDGE ( 'NONE', *, *, #4285, .T. ) ;
#9458 = DIRECTION ( 'NONE',  ( -0.000000000000000000, 1.000000000000000000, -0.000000000000000000 ) ) ;
#9459 = PLANE ( 'NONE',  #2361 ) ;
#9460 = EDGE_CURVE ( 'NONE', #7652, #6030, #3949, .T. ) ;
#9461 = ORIENTED_EDGE ( 'NONE', *, *, #5743, .T. ) ;
#9462 =( NAMED_UNIT ( * ) PLANE_ANGLE_UNIT ( ) SI_UNIT ( $, .RADIAN. ) );
#9463 = ORIENTED_EDGE ( 'NONE', *, *, #5039, .T. ) ;
#9464 = AXIS2_PLACEMENT_3D ( 'NONE', #8132, #9645, #1781 ) ;
#9465 = ORIENTED_EDGE ( 'NONE', *, *, #8079, .T. ) ;
#9466 = PLANE ( 'NONE',  #9348 ) ;
#9467 = DIRECTION ( 'NONE',  ( -0.000000000000000000, -1.000000000000000000, -0.000000000000000000 ) ) ;
#9468 = DIRECTION ( 'NONE',  ( -2.710505431213760099E-16, -0.000000000000000000, 1.000000000000000000 ) ) ;
#9469 = ORIENTED_EDGE ( 'NONE', *, *, #8855, .T. ) ;
#9470 = CARTESIAN_POINT ( 'NONE',  ( 0.5000000000000091038, 0.2000000000000000111, 0.4850000000000002087 ) ) ;
#9471 = CARTESIAN_POINT ( 'NONE',  ( 0.2000000000000089762, 0.2000000000000000111, 1.237500000000000266 ) ) ;
#9472 = CARTESIAN_POINT ( 'NONE',  ( -0.4649999999999825384, 0.2000000000000000111, 0.08500000000000022815 ) ) ;
#9473 = ORIENTED_EDGE ( 'NONE', *, *, #5045, .T. ) ;
#9474 = DIRECTION ( 'NONE',  ( 6.195440985631458867E-15, 0.000000000000000000, -1.000000000000000000 ) ) ;
#9475 = EDGE_CURVE ( 'NONE', #2789, #7084, #5455, .T. ) ;
#9476 = DIRECTION ( 'NONE',  ( 0.8660254037844378194, 0.000000000000000000, 0.5000000000000013323 ) ) ;
#9477 = EDGE_CURVE ( 'NONE', #9855, #7050, #3096, .T. ) ;
#9478 =( LENGTH_UNIT ( ) NAMED_UNIT ( * ) SI_UNIT ( .MILLI., .METRE. ) );
#9479 = ORIENTED_EDGE ( 'NONE', *, *, #3632, .F. ) ;
#9480 = EDGE_LOOP ( 'NONE', ( #2302, #6564, #37, #6804, #21, #6500 ) ) ;
#9481 = VECTOR ( 'NONE', #933, 1000.000000000000000 ) ;
#9482 = ORIENTED_EDGE ( 'NONE', *, *, #4650, .T. ) ;
#9483 = DIRECTION ( 'NONE',  ( 1.000000000000000000, 0.000000000000000000, 0.000000000000000000 ) ) ;
#9484 = CARTESIAN_POINT ( 'NONE',  ( -0.1999999999999825528, 0.04999999999999999584, -0.1000000000000000472 ) ) ;
#9485 = EDGE_LOOP ( 'NONE', ( #7486, #896, #2629, #9557 ) ) ;
#9486 = LINE ( 'NONE', #8074, #5248 ) ;
#9487 = LINE ( 'NONE', #7335, #6559 ) ;
#9488 = DIRECTION ( 'NONE',  ( 0.000000000000000000, -1.000000000000000000, 0.000000000000000000 ) ) ;
#9489 = ADVANCED_FACE ( 'NONE', ( #9219 ), #2420, .T. ) ;
#9490 = VERTEX_POINT ( 'NONE', #4000 ) ;
#9491 = ORIENTED_EDGE ( 'NONE', *, *, #6009, .F. ) ;
#9492 = LINE ( 'NONE', #1731, #2072 ) ;
#9493 = ADVANCED_FACE ( 'NONE', ( #6190 ), #7053, .T. ) ;
#9494 = ORIENTED_EDGE ( 'NONE', *, *, #7946, .T. ) ;
#9495 = CARTESIAN_POINT ( 'NONE',  ( 0.2000000000000183298, 0.05000000000000000278, -2.710505431214008528E-17 ) ) ;
#9496 = FACE_OUTER_BOUND ( 'NONE', #4232, .T. ) ;
#9497 = UNCERTAINTY_MEASURE_WITH_UNIT (LENGTH_MEASURE( 1.000000000000000082E-05 ), #8916, 'distance_accuracy_value', 'NONE');
#9498 = EDGE_CURVE ( 'NONE', #740, #162, #8551, .T. ) ;
#9499 = EDGE_CURVE ( 'NONE', #9109, #5060, #3189, .T. ) ;
#9500 = EDGE_CURVE ( 'NONE', #7292, #803, #2276, .T. ) ;
#9501 = CARTESIAN_POINT ( 'NONE',  ( -0.06749999999999997669, 0.1500000000000000222, 1.899999999999999911 ) ) ;
#9502 = VECTOR ( 'NONE', #4658, 1000.000000000000000 ) ;
#9503 = DIRECTION ( 'NONE',  ( -0.000000000000000000, 1.000000000000000000, -0.000000000000000000 ) ) ;
#9504 = CARTESIAN_POINT ( 'NONE',  ( 0.000000000000000000, 0.05000000000000000278, 0.3000000000000001554 ) ) ;
#9505 = EDGE_LOOP ( 'NONE', ( #6162, #8259, #9428, #7003, #4636, #7900, #3766, #6512 ) ) ;
#9506 = DIRECTION ( 'NONE',  ( 0.000000000000000000, 1.000000000000000000, 0.000000000000000000 ) ) ;
#9507 = VERTEX_POINT ( 'NONE', #7845 ) ;
#9508 = VECTOR ( 'NONE', #5966, 1000.000000000000000 ) ;
#9509 = VECTOR ( 'NONE', #1638, 1000.000000000000114 ) ;
#9510 = EDGE_LOOP ( 'NONE', ( #5381, #4155, #8294, #111 ) ) ;
#9511 = VERTEX_POINT ( 'NONE', #9267 ) ;
#9512 = CARTESIAN_POINT ( 'NONE',  ( -0.4999999999999908962, 0.2000000000000000111, -0.8849999999999998979 ) ) ;
#9513 = LINE ( 'NONE', #278, #7803 ) ;
#9514 = ORIENTED_EDGE ( 'NONE', *, *, #7198, .T. ) ;
#9515 = EDGE_CURVE ( 'NONE', #7063, #1993, #877, .T. ) ;
#9516 = DIRECTION ( 'NONE',  ( 0.8660254037844378194, 0.000000000000000000, 0.5000000000000013323 ) ) ;
#9517 = VECTOR ( 'NONE', #5632, 1000.000000000000000 ) ;
#9518 = DIRECTION ( 'NONE',  ( -0.000000000000000000, -1.000000000000000000, -0.000000000000000000 ) ) ;
#9519 = VERTEX_POINT ( 'NONE', #1697 ) ;
#9520 = VECTOR ( 'NONE', #5406, 1000.000000000000000 ) ;
#9521 = CARTESIAN_POINT ( 'NONE',  ( -0.4390192378864674616, 0.2000000000000000111, -1.800000000000000044 ) ) ;
#9522 = FACE_OUTER_BOUND ( 'NONE', #5908, .T. ) ;
#9523 = CARTESIAN_POINT ( 'NONE',  ( -0.4999999999999825695, 0.2000000000000000111, -0.08500000000000000611 ) ) ;
#9524 = VERTEX_POINT ( 'NONE', #4699 ) ;
#9525 = EDGE_LOOP ( 'NONE', ( #4202, #439, #1124, #586, #906, #2900 ) ) ;
#9526 = AXIS2_PLACEMENT_3D ( 'NONE', #2953, #6202, #6973 ) ;
#9527 = DIRECTION ( 'NONE',  ( 0.000000000000000000, 0.000000000000000000, 1.000000000000000000 ) ) ;
#9528 = VECTOR ( 'NONE', #2709, 1000.000000000000000 ) ;
#9529 = ORIENTED_EDGE ( 'NONE', *, *, #1684, .F. ) ;
#9530 = DIRECTION ( 'NONE',  ( 0.8660254037844510311, 0.000000000000000000, 0.4999999999999786837 ) ) ;
#9531 = DIRECTION ( 'NONE',  ( 1.000000000000000000, 0.000000000000000000, 0.000000000000000000 ) ) ;
#9532 = ADVANCED_FACE ( 'NONE', ( #2323 ), #6292, .F. ) ;
#9533 = CARTESIAN_POINT ( 'NONE',  ( -0.1999999999999908795, 0.000000000000000000, -0.9000000000000000222 ) ) ;
#9534 = ORIENTED_EDGE ( 'NONE', *, *, #4596, .F. ) ;
#9535 = LINE ( 'NONE', #2601, #2658 ) ;
#9536 = DIRECTION ( 'NONE',  ( 0.000000000000000000, 0.000000000000000000, -1.000000000000000000 ) ) ;
#9537 = CARTESIAN_POINT ( 'NONE',  ( 0.4999999999999997780, 0.2000000000000000111, 1.385000000000000231 ) ) ;
#9538 = ORIENTED_EDGE ( 'NONE', *, *, #6624, .F. ) ;
#9539 = ORIENTED_EDGE ( 'NONE', *, *, #7086, .T. ) ;
#9540 = PLANE ( 'NONE',  #6798 ) ;
#9541 = EDGE_CURVE ( 'NONE', #2833, #3092, #1548, .T. ) ;
#9542 = ORIENTED_EDGE ( 'NONE', *, *, #9001, .T. ) ;
#9543 = ADVANCED_FACE ( 'NONE', ( #7100 ), #5375, .F. ) ;
#9544 = PLANE ( 'NONE',  #6740 ) ;
#9545 = LINE ( 'NONE', #2610, #4550 ) ;
#9546 = DIRECTION ( 'NONE',  ( 1.000000000000000000, 0.000000000000000000, 6.195440985631458867E-15 ) ) ;
#9547 = ADVANCED_FACE ( 'NONE', ( #826 ), #7798, .F. ) ;
#9548 = CARTESIAN_POINT ( 'NONE',  ( -0.4999999999999825695, 0.2000000000000000111, 0.3325000000000001843 ) ) ;
#9549 = DIRECTION ( 'NONE',  ( 0.000000000000000000, -1.000000000000000000, 0.000000000000000000 ) ) ;
#9550 = DIRECTION ( 'NONE',  ( 1.084202172485502265E-15, -0.000000000000000000, 1.000000000000000000 ) ) ;
#9551 = DIRECTION ( 'NONE',  ( 0.000000000000000000, 0.000000000000000000, 1.000000000000000000 ) ) ;
#9552 =( LENGTH_UNIT ( ) NAMED_UNIT ( * ) SI_UNIT ( .MILLI., .METRE. ) );
#9553 = LINE ( 'NONE', #6388, #5286 ) ;
#9554 = ORIENTED_EDGE ( 'NONE', *, *, #1130, .F. ) ;
#9555 = CARTESIAN_POINT ( 'NONE',  ( 4.429740304726464865E-15, 0.05000000000000000278, -0.7149999999999967493 ) ) ;
#9556 = ORIENTED_EDGE ( 'NONE', *, *, #6846, .T. ) ;
#9557 = ORIENTED_EDGE ( 'NONE', *, *, #7167, .T. ) ;
#9558 = VECTOR ( 'NONE', #1686, 1000.000000000000000 ) ;
#9559 = FACE_OUTER_BOUND ( 'NONE', #8674, .T. ) ;
#9560 = LINE ( 'NONE', #5006, #8597 ) ;
#9561 = EDGE_CURVE ( 'NONE', #4749, #8977, #3903, .T. ) ;
#9562 = DIRECTION ( 'NONE',  ( -6.195440985631458867E-15, 0.000000000000000000, -1.000000000000000000 ) ) ;
#9563 = PLANE ( 'NONE',  #3401 ) ;
#9564 = LINE ( 'NONE', #5685, #4387 ) ;
#9565 = CARTESIAN_POINT ( 'NONE',  ( 0.5000000000000091038, 0.2000000000000000111, 0.3375000000000001887 ) ) ;
#9566 = EDGE_CURVE ( 'NONE', #197, #96, #17, .T. ) ;
#9567 = DIRECTION ( 'NONE',  ( -0.000000000000000000, 1.000000000000000000, -0.000000000000000000 ) ) ;
#9568 = AXIS2_PLACEMENT_3D ( 'NONE', #6690, #2719, #5866 ) ;
#9569 = DIRECTION ( 'NONE',  ( -1.000000000000000000, -0.000000000000000000, -6.505213034913024237E-15 ) ) ;
#9570 = ORIENTED_EDGE ( 'NONE', *, *, #5834, .F. ) ;
#9571 = ORIENTED_EDGE ( 'NONE', *, *, #7091, .T. ) ;
#9572 = DIRECTION ( 'NONE',  ( -1.000000000000000000, 0.000000000000000000, 1.355252715606755804E-16 ) ) ;
#9573 = ORIENTED_EDGE ( 'NONE', *, *, #7828, .F. ) ;
#9574 = CARTESIAN_POINT ( 'NONE',  ( -0.1999999999999908795, 0.2000000000000000111, 0.9000000000000000222 ) ) ;
#9575 = DIRECTION ( 'NONE',  ( 0.000000000000000000, -1.000000000000000000, 0.000000000000000000 ) ) ;
#9576 = VECTOR ( 'NONE', #5469, 1000.000000000000000 ) ;
#9577 = CARTESIAN_POINT ( 'NONE',  ( 0.4999999999999997780, 0.2000000000000000111, 1.385000000000000231 ) ) ;
#9578 = EDGE_LOOP ( 'NONE', ( #9482, #5946 ) ) ;
#9579 = CARTESIAN_POINT ( 'NONE',  ( -0.06750000000000000444, 0.2000000000000000111, -1.800000000000000044 ) ) ;
#9580 = DIRECTION ( 'NONE',  ( 1.000000000000000000, 0.000000000000000000, 0.000000000000000000 ) ) ;
#9581 = CARTESIAN_POINT ( 'NONE',  ( -0.4649999999999908651, 0.2000000000000000111, 0.7149999999999997469 ) ) ;
#9582 = EDGE_LOOP ( 'NONE', ( #9658, #7101, #6290, #541, #657, #3591 ) ) ;
#9583 = ADVANCED_FACE ( 'NONE', ( #1600 ), #1498, .F. ) ;
#9584 = VERTEX_POINT ( 'NONE', #5822 ) ;
#9585 = VERTEX_POINT ( 'NONE', #7254 ) ;
#9586 = LINE ( 'NONE', #9640, #8239 ) ;
#9587 = DIRECTION ( 'NONE',  ( -1.000000000000000000, 0.000000000000000000, -6.195440985631458867E-15 ) ) ;
#9588 = ORIENTED_EDGE ( 'NONE', *, *, #8935, .T. ) ;
#9589 = VECTOR ( 'NONE', #5823, 1000.000000000000000 ) ;
#9590 = DIRECTION ( 'NONE',  ( 0.000000000000000000, -1.000000000000000000, 0.000000000000000000 ) ) ;
#9591 = UNCERTAINTY_MEASURE_WITH_UNIT (LENGTH_MEASURE( 1.000000000000000082E-05 ), #9266, 'distance_accuracy_value', 'NONE');
#9592 = EDGE_CURVE ( 'NONE', #9689, #6257, #1037, .T. ) ;
#9593 = EDGE_CURVE ( 'NONE', #6609, #7304, #2577, .T. ) ;
#9594 = VERTEX_POINT ( 'NONE', #7205 ) ;
#9595 = LINE ( 'NONE', #9501, #444 ) ;
#9596 = DIRECTION ( 'NONE',  ( 0.000000000000000000, -0.000000000000000000, -1.000000000000000000 ) ) ;
#9597 = PLANE ( 'NONE',  #7196 ) ;
#9598 = EDGE_CURVE ( 'NONE', #9511, #2207, #270, .T. ) ;
#9599 = PLANE ( 'NONE',  #50 ) ;
#9600 = CARTESIAN_POINT ( 'NONE',  ( 0.4999999999999997780, 0.2000000000000000111, -1.215000000000000080 ) ) ;
#9601 = VERTEX_POINT ( 'NONE', #4054 ) ;
#9602 = AXIS2_PLACEMENT_3D ( 'NONE', #7526, #7481, #449 ) ;
#9603 = VECTOR ( 'NONE', #4827, 1000.000000000000000 ) ;
#9604 = CARTESIAN_POINT ( 'NONE',  ( 0.2000000000000183853, 0.2000000000000000111, -0.3000000000000001554 ) ) ;
#9605 = CARTESIAN_POINT ( 'NONE',  ( -0.2000000000000002609, 0.2000000000000000111, 1.800000000000000044 ) ) ;
#9606 = EDGE_CURVE ( 'NONE', #7407, #8124, #3340, .T. ) ;
#9607 = ORIENTED_EDGE ( 'NONE', *, *, #2138, .T. ) ;
#9608 = PLANE ( 'NONE',  #183 ) ;
#9609 = ORIENTED_EDGE ( 'NONE', *, *, #7634, .F. ) ;
#9610 = ORIENTED_EDGE ( 'NONE', *, *, #4574, .F. ) ;
#9611 = CARTESIAN_POINT ( 'NONE',  ( -0.3999999999999908629, 0.1500000000000000222, -1.232500000000000151 ) ) ;
#9612 = VECTOR ( 'NONE', #6176, 1000.000000000000000 ) ;
#9613 = CARTESIAN_POINT ( 'NONE',  ( -0.2000000000000002609, 0.04999999999999999584, 1.800000000000000044 ) ) ;
#9614 = ORIENTED_EDGE ( 'NONE', *, *, #3805, .F. ) ;
#9615 = DIRECTION ( 'NONE',  ( 1.000000000000000000, 0.000000000000000000, -6.505213034913024237E-15 ) ) ;
#9616 = CARTESIAN_POINT ( 'NONE',  ( -0.3999999999999907518, 0.2000000000000000111, 0.4675000000000001932 ) ) ;
#9617 = DIRECTION ( 'NONE',  ( -1.000000000000000000, 0.000000000000000000, -3.252606517456508569E-15 ) ) ;
#9618 = ORIENTED_EDGE ( 'NONE', *, *, #1254, .F. ) ;
#9619 = FACE_OUTER_BOUND ( 'NONE', #5479, .T. ) ;
#9620 = VECTOR ( 'NONE', #9488, 1000.000000000000000 ) ;
#9621 = FACE_OUTER_BOUND ( 'NONE', #7374, .T. ) ;
#9622 = VECTOR ( 'NONE', #8331, 1000.000000000000000 ) ;
#9623 = FACE_OUTER_BOUND ( 'NONE', #3007, .T. ) ;
#9624 = EDGE_CURVE ( 'NONE', #2112, #7659, #5624, .T. ) ;
#9625 = ORIENTED_EDGE ( 'NONE', *, *, #8935, .F. ) ;
#9626 = VERTEX_POINT ( 'NONE', #8702 ) ;
#9627 = ORIENTED_EDGE ( 'NONE', *, *, #8242, .F. ) ;
#9628 = ORIENTED_EDGE ( 'NONE', *, *, #3289, .F. ) ;
#9629 = FACE_OUTER_BOUND ( 'NONE', #4162, .T. ) ;
#9630 = FACE_OUTER_BOUND ( 'NONE', #9209, .T. ) ;
#9631 = PRODUCT_DEFINITION ( 'UNKNOWN', '', #6927, #4241 ) ;
#9632 = AXIS2_PLACEMENT_3D ( 'NONE', #5183, #1310, #2911 ) ;
#9633 = CARTESIAN_POINT ( 'NONE',  ( 0.2000000000000183853, 0.2000000000000000111, 0.3000000000000001554 ) ) ;
#9634 = ORIENTED_EDGE ( 'NONE', *, *, #7605, .F. ) ;
#9635 = DIRECTION ( 'NONE',  ( 0.000000000000000000, -0.000000000000000000, -1.000000000000000000 ) ) ;
#9636 = DIRECTION ( 'NONE',  ( -0.000000000000000000, -1.000000000000000000, -0.000000000000000000 ) ) ;
#9637 = CARTESIAN_POINT ( 'NONE',  ( 0.4650000000000091283, 0.2000000000000000111, 0.4850000000000004308 ) ) ;
#9638 = VERTEX_POINT ( 'NONE', #4952 ) ;
#9639 = EDGE_LOOP ( 'NONE', ( #9111, #8809, #7855, #7901 ) ) ;
#9640 = CARTESIAN_POINT ( 'NONE',  ( -0.4999999999999825695, 0.2000000000000000111, 0.4675000000000001932 ) ) ;
#9641 = LINE ( 'NONE', #6733, #3732 ) ;
#9642 = ORIENTED_EDGE ( 'NONE', *, *, #1504, .T. ) ;
#9643 = AXIS2_PLACEMENT_3D ( 'NONE', #1393, #3757, #6858 ) ;
#9644 = ADVANCED_FACE ( 'NONE', ( #4154 ), #9459, .F. ) ;
#9645 = DIRECTION ( 'NONE',  ( 0.000000000000000000, 0.000000000000000000, 1.000000000000000000 ) ) ;
#9646 = DIRECTION ( 'NONE',  ( 0.000000000000000000, -0.000000000000000000, 1.000000000000000000 ) ) ;
#9647 = PLANE ( 'NONE',  #9676 ) ;
#9648 = DIRECTION ( 'NONE',  ( 0.000000000000000000, 0.000000000000000000, 1.000000000000000000 ) ) ;
#9649 = EDGE_CURVE ( 'NONE', #6324, #6999, #4895, .T. ) ;
#9650 = CARTESIAN_POINT ( 'NONE',  ( 0.4390192378864654077, 0.2000000000000000111, -1.200000000000000178 ) ) ;
#9651 = PLANE ( 'NONE',  #6023 ) ;
#9652 =( NAMED_UNIT ( * ) SI_UNIT ( $, .STERADIAN. ) SOLID_ANGLE_UNIT ( ) );
#9653 = EDGE_CURVE ( 'NONE', #8725, #6609, #3395, .T. ) ;
#9654 = CARTESIAN_POINT ( 'NONE',  ( 0.3999999999999998557, 0.1500000000000000222, -0.8674999999999999378 ) ) ;
#9655 = ORIENTED_EDGE ( 'NONE', *, *, #4516, .F. ) ;
#9656 = FACE_OUTER_BOUND ( 'NONE', #6039, .T. ) ;
#9657 = UNCERTAINTY_MEASURE_WITH_UNIT (LENGTH_MEASURE( 1.000000000000000082E-05 ), #7475, 'distance_accuracy_value', 'NONE');
#9658 = ORIENTED_EDGE ( 'NONE', *, *, #2547, .F. ) ;
#9659 = CLOSED_SHELL ( 'NONE', ( #6636, #258, #7937, #3024, #6108, #8446, #2356, #2, #7051, #7440, #1925, #3558 ) ) ;
#9660 =( NAMED_UNIT ( * ) SI_UNIT ( $, .STERADIAN. ) SOLID_ANGLE_UNIT ( ) );
#9661 = CARTESIAN_POINT ( 'NONE',  ( 0.4390192378864654077, 0.2000000000000000111, 1.200000000000000178 ) ) ;
#9662 = VERTEX_POINT ( 'NONE', #1959 ) ;
#9663 = EDGE_CURVE ( 'NONE', #3755, #3161, #9553, .T. ) ;
#9664 = LINE ( 'NONE', #6602, #2753 ) ;
#9665 = CARTESIAN_POINT ( 'NONE',  ( -0.06749999999999997669, 0.1500000000000000222, -1.899999999999999911 ) ) ;
#9666 = ORIENTED_EDGE ( 'NONE', *, *, #8125, .T. ) ;
#9667 = EDGE_CURVE ( 'NONE', #5324, #6241, #2676, .T. ) ;
#9668 = LINE ( 'NONE', #2736, #6720 ) ;
#9669 = AXIS2_PLACEMENT_3D ( 'NONE', #6800, #8195, #4349 ) ;
#9670 = CARTESIAN_POINT ( 'NONE',  ( -0.4649999999999825384, 0.2000000000000000111, -0.08500000000000022815 ) ) ;
#9671 = DIRECTION ( 'NONE',  ( 0.000000000000000000, -1.000000000000000000, 0.000000000000000000 ) ) ;
#9672 = ORIENTED_EDGE ( 'NONE', *, *, #6049, .T. ) ;
#9673 = EDGE_LOOP ( 'NONE', ( #8523, #3016, #6051, #2938 ) ) ;
#9674 = PLANE ( 'NONE',  #1738 ) ;
#9675 = ORIENTED_EDGE ( 'NONE', *, *, #672, .F. ) ;
#9676 = AXIS2_PLACEMENT_3D ( 'NONE', #1899, #2823, #4994 ) ;
#9677 = VECTOR ( 'NONE', #4290, 1000.000000000000000 ) ;
#9678 = CARTESIAN_POINT ( 'NONE',  ( -0.5000000000000002220, 0.000000000000000000, -1.784999999999999920 ) ) ;
#9679 = ADVANCED_FACE ( 'NONE', ( #1748 ), #4850, .T. ) ;
#9680 = PLANE ( 'NONE',  #8397 ) ;
#9681 = EDGE_LOOP ( 'NONE', ( #1270, #8925, #9172, #383 ) ) ;
#9682 = CARTESIAN_POINT ( 'NONE',  ( -0.1999999999999825528, 0.2000000000000000111, -0.1000000000000000472 ) ) ;
#9683 = CARTESIAN_POINT ( 'NONE',  ( 0.3999999999999998002, 0.1500000000000000222, 0.7324999999999995959 ) ) ;
#9684 = DIRECTION ( 'NONE',  ( -0.000000000000000000, 1.000000000000000000, -0.000000000000000000 ) ) ;
#9685 = AXIS2_PLACEMENT_3D ( 'NONE', #6832, #3883, #6056 ) ;
#9686 = CARTESIAN_POINT ( 'NONE',  ( -0.4390192378864581357, 0.2000000000000000111, -0.9000000000000000222 ) ) ;
#9687 = AXIS2_PLACEMENT_3D ( 'NONE', #5137, #9787, #5238 ) ;
#9688 = ORIENTED_EDGE ( 'NONE', *, *, #4455, .T. ) ;
#9689 = VERTEX_POINT ( 'NONE', #1851 ) ;
#9690 = EDGE_CURVE ( 'NONE', #2581, #3908, #7307, .T. ) ;
#9691 = PLANE ( 'NONE',  #9997 ) ;
#9692 = CARTESIAN_POINT ( 'NONE',  ( 0.5000000000000091038, 0.2000000000000000111, -1.637500000000000178 ) ) ;
#9693 = VECTOR ( 'NONE', #4412, 1000.000000000000000 ) ;
#9694 = VERTEX_POINT ( 'NONE', #983 ) ;
#9695 = EDGE_CURVE ( 'NONE', #3325, #8421, #5770, .T. ) ;
#9696 = MECHANICAL_DESIGN_GEOMETRIC_PRESENTATION_REPRESENTATION (  '', ( #1930 ), #9843 ) ;
#9697 = LINE ( 'NONE', #1948, #4937 ) ;
#9698 = AXIS2_PLACEMENT_3D ( 'NONE', #1221, #5855, #1126 ) ;
#9699 = EDGE_LOOP ( 'NONE', ( #1887, #4632, #5282, #797 ) ) ;
#9700 = DIRECTION ( 'NONE',  ( -1.000000000000000000, -0.000000000000000000, -0.000000000000000000 ) ) ;
#9701 = CARTESIAN_POINT ( 'NONE',  ( -0.4999999999999825695, 0.1500000000000000222, 0.3325000000000001843 ) ) ;
#9702 = LINE ( 'NONE', #8241, #7180 ) ;
#9703 = CARTESIAN_POINT ( 'NONE',  ( -0.4390192378864581357, 0.2000000000000000111, 0.6999999999999998446 ) ) ;
#9704 = DIRECTION ( 'NONE',  ( 0.000000000000000000, 1.000000000000000000, 0.000000000000000000 ) ) ;
#9705 = CARTESIAN_POINT ( 'NONE',  ( -0.4999999999999825695, 0.1500000000000000222, 0.4675000000000001932 ) ) ;
#9706 = VERTEX_POINT ( 'NONE', #4099 ) ;
#9707 = EDGE_CURVE ( 'NONE', #5289, #2024, #6542, .T. ) ;
#9708 = ORIENTED_EDGE ( 'NONE', *, *, #9904, .F. ) ;
#9709 = ORIENTED_EDGE ( 'NONE', *, *, #6316, .T. ) ;
#9710 = CARTESIAN_POINT ( 'NONE',  ( 0.4650000000000091283, 0.2000000000000000111, 0.4850000000000004308 ) ) ;
#9711 = CARTESIAN_POINT ( 'NONE',  ( -0.1999999999999908795, 0.2000000000000000111, -0.6999999999999998446 ) ) ;
#9712 = ORIENTED_EDGE ( 'NONE', *, *, #6096, .F. ) ;
#9713 = CARTESIAN_POINT ( 'NONE',  ( 0.06749999999999997669, 0.1500000000000000222, -1.899999999999999911 ) ) ;
#9714 = CARTESIAN_POINT ( 'NONE',  ( 0.5000000000000091038, 0.000000000000000000, 0.3150000000000001688 ) ) ;
#9715 = ORIENTED_EDGE ( 'NONE', *, *, #8086, .F. ) ;
#9716 = FILL_AREA_STYLE_COLOUR ( '', #5905 ) ;
#9717 = DIRECTION ( 'NONE',  ( -1.000000000000000000, -0.000000000000000000, -0.000000000000000000 ) ) ;
#9718 = EDGE_CURVE ( 'NONE', #6726, #7659, #4252, .T. ) ;
#9719 = DIRECTION ( 'NONE',  ( 1.000000000000000000, 0.000000000000000000, 0.000000000000000000 ) ) ;
#9720 = ORIENTED_EDGE ( 'NONE', *, *, #8592, .F. ) ;
#9721 = VECTOR ( 'NONE', #3275, 1000.000000000000000 ) ;
#9722 = ORIENTED_EDGE ( 'NONE', *, *, #5434, .F. ) ;
#9723 = DIRECTION ( 'NONE',  ( -1.000000000000000000, 0.000000000000000000, -0.000000000000000000 ) ) ;
#9724 = ORIENTED_EDGE ( 'NONE', *, *, #3080, .T. ) ;
#9725 = ORIENTED_EDGE ( 'NONE', *, *, #6232, .T. ) ;
#9726 = EDGE_CURVE ( 'NONE', #4936, #1598, #6594, .T. ) ;
#9727 = CARTESIAN_POINT ( 'NONE',  ( 0.3999999999999999112, 0.1500000000000000222, -0.06749999999999997669 ) ) ;
#9728 = SURFACE_STYLE_FILL_AREA ( #6666 ) ;
#9729 = LINE ( 'NONE', #4411, #7363 ) ;
#9730 = CARTESIAN_POINT ( 'NONE',  ( 0.4999999999999997780, 0.1500000000000000222, -1.767499999999999627 ) ) ;
#9731 = ORIENTED_EDGE ( 'NONE', *, *, #3382, .F. ) ;
#9732 = PLANE ( 'NONE',  #5413 ) ;
#9733 = VECTOR ( 'NONE', #8859, 1000.000000000000000 ) ;
#9734 = DIRECTION ( 'NONE',  ( 2.710505431213760099E-16, 0.000000000000000000, 1.000000000000000000 ) ) ;
#9735 = CARTESIAN_POINT ( 'NONE',  ( 0.000000000000000000, 0.05000000000000000278, 1.400000000000000133 ) ) ;
#9736 = CARTESIAN_POINT ( 'NONE',  ( -0.4649999999999908651, 0.000000000000000000, 0.8850000000000001199 ) ) ;
#9737 = ORIENTED_EDGE ( 'NONE', *, *, #7742, .F. ) ;
#9738 = EDGE_CURVE ( 'NONE', #8161, #3161, #7894, .T. ) ;
#9739 = EDGE_LOOP ( 'NONE', ( #3644, #2592, #8005, #8114, #5065, #2739 ) ) ;
#9740 = ORIENTED_EDGE ( 'NONE', *, *, #8954, .T. ) ;
#9741 = AXIS2_PLACEMENT_3D ( 'NONE', #4645, #5369, #8442 ) ;
#9742 = CARTESIAN_POINT ( 'NONE',  ( -0.3999999999999908629, 0.1500000000000000222, -1.367500000000000160 ) ) ;
#9743 = CARTESIAN_POINT ( 'NONE',  ( 0.3999999999999999112, 0.1500000000000000222, 0.06750000000000003220 ) ) ;
#9744 = ORIENTED_EDGE ( 'NONE', *, *, #5807, .T. ) ;
#9745 = PRODUCT_CONTEXT ( 'NONE', #1674, 'mechanical' ) ;
#9746 = CARTESIAN_POINT ( 'NONE',  ( -0.4650000000000002465, 0.2000000000000000111, 1.614999999999999769 ) ) ;
#9747 = VECTOR ( 'NONE', #9569, 1000.000000000000000 ) ;
#9748 = ADVANCED_FACE ( 'NONE', ( #1285 ), #6643, .T. ) ;
#9749 = LINE ( 'NONE', #3584, #5156 ) ;
#9750 = VECTOR ( 'NONE', #6244, 1000.000000000000000 ) ;
#9751 = CARTESIAN_POINT ( 'NONE',  ( -0.06749999999999997669, 0.2000000000000000111, -1.899999999999999911 ) ) ;
#9752 = EDGE_CURVE ( 'NONE', #7830, #6596, #7454, .T. ) ;
#9753 = DIRECTION ( 'NONE',  ( 0.000000000000000000, 1.000000000000000000, 0.000000000000000000 ) ) ;
#9754 = CARTESIAN_POINT ( 'NONE',  ( 0.2000000000000184130, 0.2000000000000000111, 0.5000000000000002220 ) ) ;
#9755 = DIRECTION ( 'NONE',  ( 0.000000000000000000, -0.000000000000000000, 1.000000000000000000 ) ) ;
#9756 = LINE ( 'NONE', #5101, #5614 ) ;
#9757 = VECTOR ( 'NONE', #7280, 1000.000000000000000 ) ;
#9758 = ORIENTED_EDGE ( 'NONE', *, *, #4441, .T. ) ;
#9759 = LINE ( 'NONE', #5924, #9589 ) ;
#9760 = VERTEX_POINT ( 'NONE', #9102 ) ;
#9761 = PLANE ( 'NONE',  #1155 ) ;
#9762 = AXIS2_PLACEMENT_3D ( 'NONE', #7168, #8865, #176 ) ;
#9763 = ORIENTED_EDGE ( 'NONE', *, *, #3164, .F. ) ;
#9764 = VECTOR ( 'NONE', #9870, 1000.000000000000000 ) ;
#9765 = PLANE ( 'NONE',  #1435 ) ;
#9766 = PLANE ( 'NONE',  #6839 ) ;
#9767 = VERTEX_POINT ( 'NONE', #3590 ) ;
#9768 = ADVANCED_FACE ( 'NONE', ( #4299 ), #2772, .T. ) ;
#9769 = LINE ( 'NONE', #8203, #8002 ) ;
#9770 = CARTESIAN_POINT ( 'NONE',  ( 0.4650000000000091283, 0.000000000000000000, 0.4850000000000004308 ) ) ;
#9771 = DIRECTION ( 'NONE',  ( 0.8660254037844509201, 0.000000000000000000, -0.4999999999999786837 ) ) ;
#9772 = ORIENTED_EDGE ( 'NONE', *, *, #2727, .F. ) ;
#9773 = AXIS2_PLACEMENT_3D ( 'NONE', #7649, #8386, #619 ) ;
#9774 = ORIENTED_EDGE ( 'NONE', *, *, #9329, .T. ) ;
#9775 = EDGE_LOOP ( 'NONE', ( #5103, #9469, #1620, #454 ) ) ;
#9776 = PLANE ( 'NONE',  #1585 ) ;
#9777 = SURFACE_STYLE_FILL_AREA ( #6713 ) ;
#9778 = CARTESIAN_POINT ( 'NONE',  ( -0.5000000000000002220, 0.05000000000000000278, 1.899999999999999911 ) ) ;
#9779 = LINE ( 'NONE', #2857, #5584 ) ;
#9780 = AXIS2_PLACEMENT_3D ( 'NONE', #4534, #658, #3784 ) ;
#9781 = EDGE_CURVE ( 'NONE', #8124, #8567, #5153, .T. ) ;
#9782 = CARTESIAN_POINT ( 'NONE',  ( -0.2000000000000003164, 0.2000000000000000111, 1.637500000000000178 ) ) ;
#9783 = DIRECTION ( 'NONE',  ( 0.000000000000000000, 0.000000000000000000, -1.000000000000000000 ) ) ;
#9784 = ORIENTED_EDGE ( 'NONE', *, *, #7034, .T. ) ;
#9785 = ORIENTED_EDGE ( 'NONE', *, *, #1349, .F. ) ;
#9786 = AXIS2_PLACEMENT_3D ( 'NONE', #2090, #2802, #8988 ) ;
#9787 = DIRECTION ( 'NONE',  ( -1.355252715606755804E-16, 0.000000000000000000, -1.000000000000000000 ) ) ;
#9788 = CARTESIAN_POINT ( 'NONE',  ( 0.3999999999999999112, 0.1500000000000000222, -0.06749999999999997669 ) ) ;
#9789 = DIRECTION ( 'NONE',  ( -1.000000000000000000, -0.000000000000000000, -0.000000000000000000 ) ) ;
#9790 = VERTEX_POINT ( 'NONE', #9705 ) ;
#9791 = EDGE_CURVE ( 'NONE', #5641, #2581, #3537, .T. ) ;
#9792 = CARTESIAN_POINT ( 'NONE',  ( -0.4999999999999825695, 0.1500000000000000222, 0.4675000000000001932 ) ) ;
#9793 = EDGE_CURVE ( 'NONE', #2275, #6212, #9756, .T. ) ;
#9794 = CARTESIAN_POINT ( 'NONE',  ( -0.4390192378864497535, 0.2000000000000000111, 0.1000000000000000472 ) ) ;
#9795 = VECTOR ( 'NONE', #8799, 1000.000000000000114 ) ;
#9796 = LINE ( 'NONE', #7594, #2561 ) ;
#9797 = CARTESIAN_POINT ( 'NONE',  ( -0.3999999999999908629, 0.2000000000000000111, -1.367500000000000160 ) ) ;
#9798 = CARTESIAN_POINT ( 'NONE',  ( -0.1999999999999825528, 0.2000000000000000111, -0.1000000000000000472 ) ) ;
#9799 = ADVANCED_FACE ( 'NONE', ( #7551 ), #2156, .T. ) ;
#9800 = EDGE_CURVE ( 'NONE', #3145, #3829, #1233, .T. ) ;
#9801 = DIRECTION ( 'NONE',  ( -1.000000000000000000, 0.000000000000000000, 0.000000000000000000 ) ) ;
#9802 = ORIENTED_EDGE ( 'NONE', *, *, #949, .F. ) ;
#9803 = LINE ( 'NONE', #574, #102 ) ;
#9804 = CARTESIAN_POINT ( 'NONE',  ( 0.5000000000000000000, 0.1500000000000000222, -0.8675000000000002709 ) ) ;
#9805 = DIRECTION ( 'NONE',  ( 0.000000000000000000, -0.000000000000000000, 1.000000000000000000 ) ) ;
#9806 = CARTESIAN_POINT ( 'NONE',  ( -0.3999999999999908629, 0.1500000000000000222, -1.367500000000000160 ) ) ;
#9807 = VERTEX_POINT ( 'NONE', #3642 ) ;
#9808 = ORIENTED_EDGE ( 'NONE', *, *, #9592, .T. ) ;
#9809 = EDGE_CURVE ( 'NONE', #2763, #6967, #572, .T. ) ;
#9810 = SURFACE_SIDE_STYLE ('',( #2992 ) ) ;
#9811 = CARTESIAN_POINT ( 'NONE',  ( 0.06749999999999997669, 0.1500000000000000222, 1.899999999999999911 ) ) ;
#9812 = FACE_OUTER_BOUND ( 'NONE', #9525, .T. ) ;
#9813 = AXIS2_PLACEMENT_3D ( 'NONE', #576, #2270, #1934 ) ;
#9814 = ORIENTED_EDGE ( 'NONE', *, *, #5342, .F. ) ;
#9815 = ORIENTED_EDGE ( 'NONE', *, *, #4183, .F. ) ;
#9816 = DIRECTION ( 'NONE',  ( 0.000000000000000000, 0.000000000000000000, -1.000000000000000000 ) ) ;
#9817 = VERTEX_POINT ( 'NONE', #8342 ) ;
#9818 = EDGE_CURVE ( 'NONE', #1516, #7830, #2979, .T. ) ;
#9819 = DIRECTION ( 'NONE',  ( 1.355252715606880049E-16, 0.000000000000000000, 1.000000000000000000 ) ) ;
#9820 = DIRECTION ( 'NONE',  ( 1.000000000000000000, 0.000000000000000000, 0.000000000000000000 ) ) ;
#9821 = ORIENTED_EDGE ( 'NONE', *, *, #7699, .T. ) ;
#9822 = DIRECTION ( 'NONE',  ( 1.355252715606880049E-16, 0.000000000000000000, 1.000000000000000000 ) ) ;
#9823 = VECTOR ( 'NONE', #3243, 1000.000000000000000 ) ;
#9824 = FACE_OUTER_BOUND ( 'NONE', #8330, .T. ) ;
#9825 = CARTESIAN_POINT ( 'NONE',  ( -0.4999999999999908962, 0.1500000000000000222, -1.367499999999999494 ) ) ;
#9826 = EDGE_LOOP ( 'NONE', ( #4675, #1417, #4360, #6296 ) ) ;
#9827 = ORIENTED_EDGE ( 'NONE', *, *, #1594, .F. ) ;
#9828 = VECTOR ( 'NONE', #7497, 1000.000000000000000 ) ;
#9829 = VECTOR ( 'NONE', #7395, 1000.000000000000000 ) ;
#9830 = EDGE_CURVE ( 'NONE', #8528, #5927, #6845, .T. ) ;
#9831 = VERTEX_POINT ( 'NONE', #1382 ) ;
#9832 = EDGE_CURVE ( 'NONE', #4727, #4762, #7088, .T. ) ;
#9833 = CARTESIAN_POINT ( 'NONE',  ( -0.2000000000000002609, 0.04999999999999999584, 1.599999999999999867 ) ) ;
#9834 = DIRECTION ( 'NONE',  ( -1.000000000000000000, -0.000000000000000000, 6.195440985631447034E-15 ) ) ;
#9835 = PLANE ( 'NONE',  #9359 ) ;
#9836 = ORIENTED_EDGE ( 'NONE', *, *, #8411, .T. ) ;
#9837 = CARTESIAN_POINT ( 'NONE',  ( -0.5000000000000002220, 0.2000000000000000111, 0.000000000000000000 ) ) ;
#9838 = LINE ( 'NONE', #7589, #1845 ) ;
#9839 = VECTOR ( 'NONE', #1506, 1000.000000000000000 ) ;
#9840 = FACE_OUTER_BOUND ( 'NONE', #5478, .T. ) ;
#9841 = VECTOR ( 'NONE', #4518, 1000.000000000000000 ) ;
#9842 = CARTESIAN_POINT ( 'NONE',  ( -0.3999999999999907518, 0.1500000000000000222, 0.4675000000000001932 ) ) ;
#9843 =( GEOMETRIC_REPRESENTATION_CONTEXT ( 3 ) GLOBAL_UNCERTAINTY_ASSIGNED_CONTEXT ( ( #5726 ) ) GLOBAL_UNIT_ASSIGNED_CONTEXT ( ( #2682, #7359, #9660 ) ) REPRESENTATION_CONTEXT ( 'NONE', 'WORKASPACE' ) );
#9844 = ADVANCED_FACE ( 'NONE', ( #2879 ), #8190, .T. ) ;
#9845 = CARTESIAN_POINT ( 'NONE',  ( -0.5000000000000002220, 0.5500000000000000444, 1.899999999999999911 ) ) ;
#9846 = DIRECTION ( 'NONE',  ( 0.000000000000000000, 0.000000000000000000, -1.000000000000000000 ) ) ;
#9847 = DIRECTION ( 'NONE',  ( 1.000000000000000000, 0.000000000000000000, 0.000000000000000000 ) ) ;
#9848 = CARTESIAN_POINT ( 'NONE',  ( -0.4999999999999908962, 0.1500000000000000222, -1.367499999999999494 ) ) ;
#9849 = ORIENTED_EDGE ( 'NONE', *, *, #6470, .F. ) ;
#9850 = EDGE_CURVE ( 'NONE', #8600, #7636, #5204, .T. ) ;
#9851 = CARTESIAN_POINT ( 'NONE',  ( -0.4999999999999908962, 0.04999999999999999584, -0.7149999999999999689 ) ) ;
#9852 = DIRECTION ( 'NONE',  ( -0.000000000000000000, -0.000000000000000000, -1.000000000000000000 ) ) ;
#9853 = ORIENTED_EDGE ( 'NONE', *, *, #8734, .F. ) ;
#9854 = CARTESIAN_POINT ( 'NONE',  ( 0.4650000000000091283, 0.2000000000000000111, -0.4850000000000004308 ) ) ;
#9855 = VERTEX_POINT ( 'NONE', #9848 ) ;
#9856 = LINE ( 'NONE', #535, #7527 ) ;
#9857 = CARTESIAN_POINT ( 'NONE',  ( 0.2000000000000183853, 0.2000000000000000111, -0.3000000000000001554 ) ) ;
#9858 = ORIENTED_EDGE ( 'NONE', *, *, #984, .F. ) ;
#9859 = DIRECTION ( 'NONE',  ( -2.710505431213760099E-16, 0.000000000000000000, -1.000000000000000000 ) ) ;
#9860 = EDGE_LOOP ( 'NONE', ( #1852, #1772, #4427, #1362 ) ) ;
#9861 = EDGE_LOOP ( 'NONE', ( #9808, #8508, #3877, #7920 ) ) ;
#9862 = EDGE_CURVE ( 'NONE', #2594, #9511, #4489, .T. ) ;
#9863 = DIRECTION ( 'NONE',  ( 1.355252715606880049E-16, 0.000000000000000000, 1.000000000000000000 ) ) ;
#9864 = ORIENTED_EDGE ( 'NONE', *, *, #6589, .F. ) ;
#9865 = DIRECTION ( 'NONE',  ( -0.000000000000000000, -0.000000000000000000, 1.000000000000000000 ) ) ;
#9866 = CARTESIAN_POINT ( 'NONE',  ( 0.5000000000000091038, 0.2000000000000000111, 0.06750000000000001832 ) ) ;
#9867 = DIRECTION ( 'NONE',  ( -0.000000000000000000, -1.000000000000000000, -0.000000000000000000 ) ) ;
#9869 = ORIENTED_EDGE ( 'NONE', *, *, #8687, .T. ) ;
#9868 = ADVANCED_FACE ( 'NONE', ( #3745 ), #9153, .F. ) ;
#9870 = DIRECTION ( 'NONE',  ( -0.000000000000000000, -0.000000000000000000, 1.000000000000000000 ) ) ;
#9871 = LINE ( 'NONE', #6671, #3303 ) ;
#9872 = CARTESIAN_POINT ( 'NONE',  ( -0.4390192378864674616, 0.2000000000000000111, 1.599999999999999867 ) ) ;
#9873 = VECTOR ( 'NONE', #5111, 1000.000000000000000 ) ;
#9874 = LINE ( 'NONE', #499, #9112 ) ;
#9875 = VERTEX_POINT ( 'NONE', #8 ) ;
#9876 = VERTEX_POINT ( 'NONE', #7042 ) ;
#9877 = VERTEX_POINT ( 'NONE', #3087 ) ;
#9878 = CARTESIAN_POINT ( 'NONE',  ( 0.2000000000000089762, 0.2000000000000000111, 1.237500000000000266 ) ) ;
#9879 = CARTESIAN_POINT ( 'NONE',  ( -0.4999999999999908962, 0.2000000000000000111, 1.232500000000000373 ) ) ;
#9880 = VECTOR ( 'NONE', #1804, 1000.000000000000114 ) ;
#9881 = DIRECTION ( 'NONE',  ( -1.000000000000000000, 0.000000000000000000, 0.000000000000000000 ) ) ;
#9882 = ORIENTED_EDGE ( 'NONE', *, *, #9091, .T. ) ;
#9883 = CARTESIAN_POINT ( 'NONE',  ( -0.4999999999999824585, 0.1500000000000000222, -0.4674999999999998601 ) ) ;
#9884 = LINE ( 'NONE', #6938, #3320 ) ;
#9885 = EDGE_CURVE ( 'NONE', #9585, #6324, #6994, .T. ) ;
#9886 = VECTOR ( 'NONE', #2905, 1000.000000000000000 ) ;
#9887 = DIRECTION ( 'NONE',  ( -1.000000000000000000, 0.000000000000000000, 5.421010862427973793E-16 ) ) ;
#9888 = DIRECTION ( 'NONE',  ( 6.195440985631447034E-15, 0.000000000000000000, -1.000000000000000000 ) ) ;
#9889 = MECHANICAL_DESIGN_GEOMETRIC_PRESENTATION_REPRESENTATION (  '', ( #2798 ), #7188 ) ;
#9890 = EDGE_CURVE ( 'NONE', #221, #8178, #4161, .T. ) ;
#9891 = CARTESIAN_POINT ( 'NONE',  ( -0.1999999999999908795, 0.2000000000000000111, -0.9000000000000000222 ) ) ;
#9892 = CARTESIAN_POINT ( 'NONE',  ( 0.4999999999999997780, 0.1500000000000000222, 1.767499999999999627 ) ) ;
#9893 = EDGE_CURVE ( 'NONE', #4010, #1143, #3898, .T. ) ;
#9894 = DIRECTION ( 'NONE',  ( 0.000000000000000000, 1.000000000000000000, -0.000000000000000000 ) ) ;
#9895 = VECTOR ( 'NONE', #3191, 1000.000000000000000 ) ;
#9896 = ORIENTED_EDGE ( 'NONE', *, *, #5109, .T. ) ;
#9897 = ADVANCED_FACE ( 'NONE', ( #3845 ), #9947, .T. ) ;
#9898 = DIRECTION ( 'NONE',  ( -1.000000000000000000, 0.000000000000000000, 4.336808689942016158E-15 ) ) ;
#9899 = CARTESIAN_POINT ( 'NONE',  ( 0.5000000000000091038, 0.2000000000000000111, -0.3150000000000001688 ) ) ;
#9900 = CARTESIAN_POINT ( 'NONE',  ( 0.5000000000000000000, 0.1500000000000000222, -0.7324999999999994849 ) ) ;
#9901 = VERTEX_POINT ( 'NONE', #8540 ) ;
#9902 = ORIENTED_EDGE ( 'NONE', *, *, #6275, .F. ) ;
#9903 = VECTOR ( 'NONE', #4326, 1000.000000000000000 ) ;
#9904 = EDGE_CURVE ( 'NONE', #6854, #8908, #8388, .T. ) ;
#9905 = DIRECTION ( 'NONE',  ( 1.000000000000000000, 0.000000000000000000, 0.000000000000000000 ) ) ;
#9906 = CARTESIAN_POINT ( 'NONE',  ( 0.5000000000000091038, 0.000000000000000000, -0.3150000000000001688 ) ) ;
#9907 = ORIENTED_EDGE ( 'NONE', *, *, #9349, .T. ) ;
#9908 = CARTESIAN_POINT ( 'NONE',  ( 0.5000000000000091038, 0.2000000000000000111, 0.06750000000000001832 ) ) ;
#9909 = ORIENTED_EDGE ( 'NONE', *, *, #11, .T. ) ;
#9910 = ORIENTED_EDGE ( 'NONE', *, *, #8424, .T. ) ;
#9911 = PLANE ( 'NONE',  #264 ) ;
#9912 = AXIS2_PLACEMENT_3D ( 'NONE', #5647, #9575, #2646 ) ;
#9913 = EDGE_CURVE ( 'NONE', #4918, #7173, #816, .T. ) ;
#9914 = DIRECTION ( 'NONE',  ( -1.000000000000000000, 0.000000000000000000, -6.195440985631458867E-15 ) ) ;
#9915 = DIRECTION ( 'NONE',  ( 0.000000000000000000, 0.000000000000000000, 1.000000000000000000 ) ) ;
#9916 = EDGE_LOOP ( 'NONE', ( #8391, #3025, #1452, #6978, #7604, #9060, #3672, #6965, #1809, #9079, #4953, #9239, #4970, #2258, #2600, #5811, #5396, #3545, #981, #5233, #6735, #7565, #4458, #3353, #8864, #3422, #3808, #3052, #4036, #9324, #1060, #8407, #2292, #9223, #5941, #6274, #7721, #4987, #8662, #5995, #3307, #8365, #6265, #4649, #3921, #4832, #6912, #5224, #2124, #7740, #7189, #1700, #2074, #3441, #8781, #6207, #8300, #5075, #7575, #3816, #5448, #5344, #4835, #4647, #2440, #2933, #386, #3860, #9334, #534, #2225, #3984, #9896, #4514, #7105, #7731 ) ) ;
#9917 = DIRECTION ( 'NONE',  ( -0.8660254037844378194, 0.000000000000000000, -0.5000000000000013323 ) ) ;
#9918 = CARTESIAN_POINT ( 'NONE',  ( -0.2000000000000002609, 0.2000000000000000111, 1.800000000000000044 ) ) ;
#9919 = ORIENTED_EDGE ( 'NONE', *, *, #2008, .T. ) ;
#9920 = LINE ( 'NONE', #4743, #3812 ) ;
#9921 = PLANE ( 'NONE',  #9602 ) ;
#9922 = MECHANICAL_DESIGN_GEOMETRIC_PRESENTATION_REPRESENTATION (  '', ( #3964 ), #5255 ) ;
#9923 = EDGE_CURVE ( 'NONE', #7209, #4323, #5362, .T. ) ;
#9924 = EDGE_CURVE ( 'NONE', #6555, #2594, #1536, .T. ) ;
#9925 = LINE ( 'NONE', #5232, #4782 ) ;
#9926 = AXIS2_PLACEMENT_3D ( 'NONE', #647, #595, #5130 ) ;
#9927 = FILL_AREA_STYLE_COLOUR ( '', #2460 ) ;
#9928 = ORIENTED_EDGE ( 'NONE', *, *, #6841, .T. ) ;
#9929 = ORIENTED_EDGE ( 'NONE', *, *, #4931, .F. ) ;
#9930 = EDGE_CURVE ( 'NONE', #8682, #7209, #9995, .T. ) ;
#9931 = EDGE_LOOP ( 'NONE', ( #9024, #2194, #7767, #7142, #5779, #8880 ) ) ;
#9932 = ORIENTED_EDGE ( 'NONE', *, *, #9233, .F. ) ;
#9933 = VECTOR ( 'NONE', #9684, 1000.000000000000000 ) ;
#9934 = CARTESIAN_POINT ( 'NONE',  ( 0.5000000000000091038, 0.2000000000000000111, -0.4850000000000002087 ) ) ;
#9935 = ORIENTED_EDGE ( 'NONE', *, *, #5031, .T. ) ;
#9936 = DIRECTION ( 'NONE',  ( -0.8660254037844378194, 0.000000000000000000, -0.5000000000000013323 ) ) ;
#9937 = DIRECTION ( 'NONE',  ( 0.000000000000000000, 1.000000000000000000, 0.000000000000000000 ) ) ;
#9938 =( NAMED_UNIT ( * ) PLANE_ANGLE_UNIT ( ) SI_UNIT ( $, .RADIAN. ) );
#9939 = AXIS2_PLACEMENT_3D ( 'NONE', #5998, #3011, #649 ) ;
#9940 = ORIENTED_EDGE ( 'NONE', *, *, #999, .T. ) ;
#9941 = AXIS2_PLACEMENT_3D ( 'NONE', #9883, #7641, #2970 ) ;
#9942 = ORIENTED_EDGE ( 'NONE', *, *, #6738, .T. ) ;
#9943 = PLANE ( 'NONE',  #5655 ) ;
#9944 = DIRECTION ( 'NONE',  ( -0.000000000000000000, 0.000000000000000000, 1.000000000000000000 ) ) ;
#9945 = CARTESIAN_POINT ( 'NONE',  ( -0.1999999999999908795, 0.2000000000000000111, -0.9000000000000000222 ) ) ;
#9946 = CARTESIAN_POINT ( 'NONE',  ( -0.4999999999999908962, 0.000000000000000000, 0.7149999999999999689 ) ) ;
#9947 = PLANE ( 'NONE',  #4960 ) ;
#9948 = VECTOR ( 'NONE', #161, 1000.000000000000000 ) ;
#9949 = VERTEX_POINT ( 'NONE', #5306 ) ;
#9950 = ORIENTED_EDGE ( 'NONE', *, *, #9297, .T. ) ;
#9951 = CARTESIAN_POINT ( 'NONE',  ( 0.4390192378864747891, 0.04999999999999999584, 0.3000000000000001554 ) ) ;
#9952 = EDGE_CURVE ( 'NONE', #2954, #8335, #9350, .T. ) ;
#9953 = CARTESIAN_POINT ( 'NONE',  ( 0.2000000000000184130, 0.2000000000000000111, 0.5000000000000002220 ) ) ;
#9954 = CARTESIAN_POINT ( 'NONE',  ( -0.5000000000000002220, 0.05000000000000000278, 1.899999999999999911 ) ) ;
#9955 = FACE_OUTER_BOUND ( 'NONE', #1275, .T. ) ;
#9956 = VERTEX_POINT ( 'NONE', #4641 ) ;
#9957 = CARTESIAN_POINT ( 'NONE',  ( -0.5000000000000002220, 0.2000000000000000111, -0.7374999999999998224 ) ) ;
#9958 = ORIENTED_EDGE ( 'NONE', *, *, #8924, .F. ) ;
#9959 = CARTESIAN_POINT ( 'NONE',  ( 0.4999999999999997780, 0.1500000000000000222, -1.632500000000000284 ) ) ;
#9960 = CARTESIAN_POINT ( 'NONE',  ( -0.4999999999999908962, 0.2000000000000000111, 1.367499999999999494 ) ) ;
#9961 = ORIENTED_EDGE ( 'NONE', *, *, #2011, .F. ) ;
#9962 = DIRECTION ( 'NONE',  ( -1.355252715606880049E-16, -0.000000000000000000, 1.000000000000000000 ) ) ;
#9963 = ORIENTED_EDGE ( 'NONE', *, *, #5922, .T. ) ;
#9964 = ORIENTED_EDGE ( 'NONE', *, *, #7136, .T. ) ;
#9965 = ORIENTED_EDGE ( 'NONE', *, *, #9154, .F. ) ;
#9966 = PLANE ( 'NONE',  #2732 ) ;
#9967 = CARTESIAN_POINT ( 'NONE',  ( -0.4649999999999825384, 0.2000000000000000111, 0.08500000000000022815 ) ) ;
#9968 = ADVANCED_FACE ( 'NONE', ( #1437 ), #5517, .T. ) ;
#9969 = CARTESIAN_POINT ( 'NONE',  ( 0.5000000000000091038, 0.2000000000000000111, 0.7999999999999999334 ) ) ;
#9970 = EDGE_LOOP ( 'NONE', ( #9534, #8405, #3239, #5237 ) ) ;
#9971 = CARTESIAN_POINT ( 'NONE',  ( -0.1999999999999908795, 0.2000000000000000111, 0.7374999999999998224 ) ) ;
#9972 = CARTESIAN_POINT ( 'NONE',  ( 0.5000000000000091038, 0.1500000000000000222, -0.06749999999999996281 ) ) ;
#9973 = CARTESIAN_POINT ( 'NONE',  ( -0.4650000000000002465, 0.2000000000000000111, 1.785000000000000142 ) ) ;
#9974 = EDGE_CURVE ( 'NONE', #2196, #8682, #7746, .T. ) ;
#9975 = EDGE_LOOP ( 'NONE', ( #6452, #7290, #4803, #4964 ) ) ;
#9976 = VERTEX_POINT ( 'NONE', #7700 ) ;
#9977 = ORIENTED_EDGE ( 'NONE', *, *, #5646, .F. ) ;
#9978 = EDGE_CURVE ( 'NONE', #5597, #2067, #1485, .T. ) ;
#9979 = FACE_OUTER_BOUND ( 'NONE', #7895, .T. ) ;
#9980 = ORIENTED_EDGE ( 'NONE', *, *, #4585, .T. ) ;
#9981 = AXIS2_PLACEMENT_3D ( 'NONE', #1573, #7780, #5346 ) ;
#9982 = DIRECTION ( 'NONE',  ( -1.000000000000000000, -0.000000000000000000, -0.000000000000000000 ) ) ;
#9983 = CARTESIAN_POINT ( 'NONE',  ( -0.1999999999999908795, 0.2000000000000000111, 0.9000000000000000222 ) ) ;
#9984 = ORIENTED_EDGE ( 'NONE', *, *, #716, .F. ) ;
#9985 = FACE_OUTER_BOUND ( 'NONE', #1609, .T. ) ;
#9986 = DIRECTION ( 'NONE',  ( -0.000000000000000000, -0.000000000000000000, 1.000000000000000000 ) ) ;
#9987 = VECTOR ( 'NONE', #1093, 1000.000000000000000 ) ;
#9988 = EDGE_LOOP ( 'NONE', ( #9319, #4242, #5518, #1746 ) ) ;
#9989 = DIRECTION ( 'NONE',  ( -0.000000000000000000, -0.000000000000000000, -1.000000000000000000 ) ) ;
#9990 = EDGE_CURVE ( 'NONE', #6702, #4086, #9307, .T. ) ;
#9991 = VECTOR ( 'NONE', #3835, 1000.000000000000000 ) ;
#9992 = VECTOR ( 'NONE', #4186, 1000.000000000000000 ) ;
#9993 = CARTESIAN_POINT ( 'NONE',  ( -0.1999999999999825528, 0.2000000000000000111, 0.1000000000000000472 ) ) ;
#9994 = CARTESIAN_POINT ( 'NONE',  ( -0.4650000000000002465, 0.2000000000000000111, 1.614999999999999769 ) ) ;
#9995 = LINE ( 'NONE', #6282, #414 ) ;
#9996 = AXIS2_PLACEMENT_3D ( 'NONE', #8165, #1879, #7378 ) ;
#9997 = AXIS2_PLACEMENT_3D ( 'NONE', #408, #6003, #8176 ) ;
#9998 = ORIENTED_EDGE ( 'NONE', *, *, #7519, .F. ) ;
#9999 = CARTESIAN_POINT ( 'NONE',  ( 0.000000000000000000, 0.2000000000000000111, 0.000000000000000000 ) ) ;
#10000 = CARTESIAN_POINT ( 'NONE',  ( -0.5000000000000002220, 0.2000000000000000111, -1.614999999999999991 ) ) ;
#10001 =( NAMED_UNIT ( * ) SI_UNIT ( $, .STERADIAN. ) SOLID_ANGLE_UNIT ( ) );
#10002 = LINE ( 'NONE', #9900, #4403 ) ;
#10003 = ORIENTED_EDGE ( 'NONE', *, *, #6316, .F. ) ;
#10004 = VECTOR ( 'NONE', #4376, 1000.000000000000000 ) ;
#10005 = EDGE_LOOP ( 'NONE', ( #3283, #2202, #1324, #5674 ) ) ;
#10006 = CARTESIAN_POINT ( 'NONE',  ( -0.5000000000000002220, 0.2000000000000000111, -1.784999999999999920 ) ) ;
#10007 = EDGE_CURVE ( 'NONE', #9876, #3542, #1420, .T. ) ;
#10008 = DIRECTION ( 'NONE',  ( -0.8660254037844378194, -0.000000000000000000, 0.5000000000000013323 ) ) ;
#10009 = ORIENTED_EDGE ( 'NONE', *, *, #3431, .F. ) ;
#10010 = DIRECTION ( 'NONE',  ( 0.000000000000000000, 0.000000000000000000, -1.000000000000000000 ) ) ;
#10011 = ORIENTED_EDGE ( 'NONE', *, *, #1234, .T. ) ;
#10012 = ORIENTED_EDGE ( 'NONE', *, *, #8296, .T. ) ;
#10013 = VERTEX_POINT ( 'NONE', #5959 ) ;
#10014 = CARTESIAN_POINT ( 'NONE',  ( 0.5000000000000091038, 0.2000000000000000111, 1.362500000000000044 ) ) ;
#10015 = DIRECTION ( 'NONE',  ( 1.000000000000000000, -0.000000000000000000, -6.195440985631447034E-15 ) ) ;
#10016 = ORIENTED_EDGE ( 'NONE', *, *, #4972, .T. ) ;
#10017 = LINE ( 'NONE', #3912, #6711 ) ;
#10018 = DIRECTION ( 'NONE',  ( -0.000000000000000000, 1.000000000000000000, -0.000000000000000000 ) ) ;
#10019 = EDGE_LOOP ( 'NONE', ( #910, #7342, #4482, #4687 ) ) ;
#10020 = DIRECTION ( 'NONE',  ( 0.000000000000000000, 1.000000000000000000, -0.000000000000000000 ) ) ;
#10021 = EDGE_CURVE ( 'NONE', #9949, #7992, #2531, .T. ) ;
#10022 = DIRECTION ( 'NONE',  ( 1.000000000000000000, 0.000000000000000000, 6.195440985631458867E-15 ) ) ;
#10023 = ADVANCED_FACE ( 'NONE', ( #7588 ), #6834, .F. ) ;
#10024 = CARTESIAN_POINT ( 'NONE',  ( 0.5000000000000091038, 0.2000000000000000111, -0.4850000000000002087 ) ) ;
#10025 = ORIENTED_EDGE ( 'NONE', *, *, #6436, .F. ) ;
#10026 = ORIENTED_EDGE ( 'NONE', *, *, #6040, .T. ) ;
#10027 = EDGE_CURVE ( 'NONE', #4918, #4700, #9000, .T. ) ;
#10028 = ORIENTED_EDGE ( 'NONE', *, *, #310, .T. ) ;
#10029 = CARTESIAN_POINT ( 'NONE',  ( 0.5000000000000091038, 0.1500000000000000222, -0.06749999999999996281 ) ) ;
#10030 = PLANE ( 'NONE',  #9981 ) ;
#10031 = CYLINDRICAL_SURFACE ( 'NONE', #7680, 0.06250000000000000000 ) ;
#10032 = CARTESIAN_POINT ( 'NONE',  ( 0.000000000000000000, 0.2000000000000000111, 0.000000000000000000 ) ) ;
#10033 = VERTEX_POINT ( 'NONE', #3677 ) ;
#10034 = DIRECTION ( 'NONE',  ( 1.000000000000000000, 0.000000000000000000, 6.195440985631458867E-15 ) ) ;
#10035 = LINE ( 'NONE', #3123, #2821 ) ;
ENDSEC;
END-ISO-10303-21;
