ISO-10303-21;
HEADER;
/* Generated by software containing ST-Developer
 * from STEP Tools, Inc. (www.steptools.com) 
 */

FILE_DESCRIPTION(
/* description */ (''),
/* implementation_level */ '2;1');

FILE_NAME(
/* name */ 'Standard Weapon Teeth.step',
/* time_stamp */ '2026-06-02T11:42:52-07:00',
/* author */ (''),
/* organization */ (''),
/* preprocessor_version */ 'ST-DEVELOPER v20.1',
/* originating_system */ 'Autodesk Translation Framework v15.8.0.0',
/* authorisation */ '');

FILE_SCHEMA (('AUTOMOTIVE_DESIGN { 1 0 10303 214 3 1 1 }'));
ENDSEC;

DATA;
#10=MECHANICAL_DESIGN_GEOMETRIC_PRESENTATION_REPRESENTATION('',(#13,#14),
#4076);
#11=SHAPE_REPRESENTATION_RELATIONSHIP('SRR','None',#4083,#12);
#12=ADVANCED_BREP_SHAPE_REPRESENTATION('',(#15,#16),#4075);
#13=STYLED_ITEM('',(#4093),#15);
#14=STYLED_ITEM('',(#4093),#16);
#15=MANIFOLD_SOLID_BREP('Body1',#1439);
#16=MANIFOLD_SOLID_BREP('Body5',#1440);
#17=ELLIPSE('',#1480,131.676337596928,65.6500000000038);
#18=ELLIPSE('',#1482,131.427766788225,65.1500000000038);
#19=ELLIPSE('',#1484,131.427766788225,65.1500000000038);
#20=ELLIPSE('',#1486,131.676337596928,65.6500000000038);
#21=ELLIPSE('',#1546,131.676337596928,65.6500000000038);
#22=ELLIPSE('',#1548,131.427766788225,65.1500000000038);
#23=ELLIPSE('',#1550,131.427766788225,65.1500000000038);
#24=ELLIPSE('',#1552,131.676337596928,65.6500000000038);
#25=(
BOUNDED_SURFACE()
B_SPLINE_SURFACE(1,2,((#2448,#2449,#2450),(#2451,#2452,#2453)),
 .UNSPECIFIED.,.F.,.F.,.F.)
B_SPLINE_SURFACE_WITH_KNOTS((2,2),(3,3),(-6.41979321108233,2.33430725423023),
(-0.0121617005106328,0.86215473695846),.UNSPECIFIED.)
GEOMETRIC_REPRESENTATION_ITEM()
RATIONAL_B_SPLINE_SURFACE(((1.,0.905958435124391,1.),(1.,0.905958435124391,
1.)))
REPRESENTATION_ITEM('')
SURFACE()
);
#26=(
BOUNDED_SURFACE()
B_SPLINE_SURFACE(1,2,((#2962,#2963,#2964),(#2965,#2966,#2967)),
 .UNSPECIFIED.,.F.,.F.,.F.)
B_SPLINE_SURFACE_WITH_KNOTS((2,2),(3,3),(-2.33430725423023,6.41979321108233),
(-0.0121616875092359,0.862154963232186),.UNSPECIFIED.)
GEOMETRIC_REPRESENTATION_ITEM()
RATIONAL_B_SPLINE_SURFACE(((1.,0.905958389978191,1.),(1.,0.905958389978191,
1.)))
REPRESENTATION_ITEM('')
SURFACE()
);
#27=(
BOUNDED_SURFACE()
B_SPLINE_SURFACE(1,2,((#3524,#3525,#3526),(#3527,#3528,#3529)),
 .UNSPECIFIED.,.F.,.F.,.F.)
B_SPLINE_SURFACE_WITH_KNOTS((2,2),(3,3),(-6.41979321108233,2.33430725423023),
(-0.0121617005106243,0.862154736958608),.UNSPECIFIED.)
GEOMETRIC_REPRESENTATION_ITEM()
RATIONAL_B_SPLINE_SURFACE(((1.,0.905958435124362,1.),(1.,0.905958435124362,
1.)))
REPRESENTATION_ITEM('')
SURFACE()
);
#28=(
BOUNDED_SURFACE()
B_SPLINE_SURFACE(1,2,((#4038,#4039,#4040),(#4041,#4042,#4043)),
 .UNSPECIFIED.,.F.,.F.,.F.)
B_SPLINE_SURFACE_WITH_KNOTS((2,2),(3,3),(-2.33430725423023,6.41979321108233),
(-0.0121616875092359,0.862154963232186),.UNSPECIFIED.)
GEOMETRIC_REPRESENTATION_ITEM()
RATIONAL_B_SPLINE_SURFACE(((1.,0.905958389978191,1.),(1.,0.905958389978191,
1.)))
REPRESENTATION_ITEM('')
SURFACE()
);
#29=CYLINDRICAL_SURFACE('',#1474,25.);
#30=CYLINDRICAL_SURFACE('',#1477,1.);
#31=CYLINDRICAL_SURFACE('',#1488,2.49603614384558);
#32=CYLINDRICAL_SURFACE('',#1504,65.1500000000038);
#33=CYLINDRICAL_SURFACE('',#1505,5.);
#34=CYLINDRICAL_SURFACE('',#1507,5.);
#35=CYLINDRICAL_SURFACE('',#1509,5.);
#36=CYLINDRICAL_SURFACE('',#1510,57.5000000007492);
#37=CYLINDRICAL_SURFACE('',#1511,73.8000000000037);
#38=CYLINDRICAL_SURFACE('',#1512,13.4478566993356);
#39=CYLINDRICAL_SURFACE('',#1513,2.50000000027202);
#40=CYLINDRICAL_SURFACE('',#1514,56.3);
#41=CYLINDRICAL_SURFACE('',#1515,2.49999999997634);
#42=CYLINDRICAL_SURFACE('',#1517,50.0000000007492);
#43=CYLINDRICAL_SURFACE('',#1518,1.25);
#44=CYLINDRICAL_SURFACE('',#1519,1.25000000000001);
#45=CYLINDRICAL_SURFACE('',#1540,25.);
#46=CYLINDRICAL_SURFACE('',#1543,1.);
#47=CYLINDRICAL_SURFACE('',#1554,2.49603614384558);
#48=CYLINDRICAL_SURFACE('',#1570,65.1500000000038);
#49=CYLINDRICAL_SURFACE('',#1571,5.);
#50=CYLINDRICAL_SURFACE('',#1573,5.);
#51=CYLINDRICAL_SURFACE('',#1575,5.);
#52=CYLINDRICAL_SURFACE('',#1576,57.5000000007492);
#53=CYLINDRICAL_SURFACE('',#1577,73.8000000000037);
#54=CYLINDRICAL_SURFACE('',#1578,13.4478566993356);
#55=CYLINDRICAL_SURFACE('',#1579,1.25000000000001);
#56=CYLINDRICAL_SURFACE('',#1580,1.25);
#57=CYLINDRICAL_SURFACE('',#1581,2.50000000027202);
#58=CYLINDRICAL_SURFACE('',#1582,56.2999999999927);
#59=CYLINDRICAL_SURFACE('',#1583,2.49999999997634);
#60=CYLINDRICAL_SURFACE('',#1585,50.0000000007492);
#61=FACE_BOUND('',#318,.T.);
#62=FACE_BOUND('',#319,.T.);
#63=FACE_BOUND('',#320,.T.);
#64=FACE_BOUND('',#337,.T.);
#65=FACE_BOUND('',#338,.T.);
#66=FACE_BOUND('',#339,.T.);
#67=FACE_BOUND('',#365,.T.);
#68=FACE_BOUND('',#366,.T.);
#69=FACE_BOUND('',#367,.T.);
#70=FACE_BOUND('',#384,.T.);
#71=FACE_BOUND('',#385,.T.);
#72=FACE_BOUND('',#386,.T.);
#73=LINE('',#2171,#141);
#74=LINE('',#2175,#142);
#75=LINE('',#2183,#143);
#76=LINE('',#2236,#144);
#77=LINE('',#2334,#145);
#78=LINE('',#2340,#146);
#79=LINE('',#2345,#147);
#80=LINE('',#2349,#148);
#81=LINE('',#2456,#149);
#82=LINE('',#2457,#150);
#83=LINE('',#2463,#151);
#84=LINE('',#2466,#152);
#85=LINE('',#2637,#153);
#86=LINE('',#2638,#154);
#87=LINE('',#2760,#155);
#88=LINE('',#2763,#156);
#89=LINE('',#2772,#157);
#90=LINE('',#2879,#158);
#91=LINE('',#2889,#159);
#92=LINE('',#2895,#160);
#93=LINE('',#2969,#161);
#94=LINE('',#2970,#162);
#95=LINE('',#2972,#163);
#96=LINE('',#2974,#164);
#97=LINE('',#2975,#165);
#98=LINE('',#2977,#166);
#99=LINE('',#2979,#167);
#100=LINE('',#2980,#168);
#101=LINE('',#2985,#169);
#102=LINE('',#2987,#170);
#103=LINE('',#2989,#171);
#104=LINE('',#2991,#172);
#105=LINE('',#2994,#173);
#106=LINE('',#2996,#174);
#107=LINE('',#3247,#175);
#108=LINE('',#3251,#176);
#109=LINE('',#3259,#177);
#110=LINE('',#3312,#178);
#111=LINE('',#3410,#179);
#112=LINE('',#3416,#180);
#113=LINE('',#3421,#181);
#114=LINE('',#3425,#182);
#115=LINE('',#3532,#183);
#116=LINE('',#3533,#184);
#117=LINE('',#3539,#185);
#118=LINE('',#3542,#186);
#119=LINE('',#3713,#187);
#120=LINE('',#3714,#188);
#121=LINE('',#3836,#189);
#122=LINE('',#3839,#190);
#123=LINE('',#3848,#191);
#124=LINE('',#3955,#192);
#125=LINE('',#3965,#193);
#126=LINE('',#3971,#194);
#127=LINE('',#4045,#195);
#128=LINE('',#4046,#196);
#129=LINE('',#4048,#197);
#130=LINE('',#4050,#198);
#131=LINE('',#4051,#199);
#132=LINE('',#4053,#200);
#133=LINE('',#4055,#201);
#134=LINE('',#4056,#202);
#135=LINE('',#4061,#203);
#136=LINE('',#4063,#204);
#137=LINE('',#4065,#205);
#138=LINE('',#4067,#206);
#139=LINE('',#4069,#207);
#140=LINE('',#4071,#208);
#141=VECTOR('',#1600,10.);
#142=VECTOR('',#1603,10.);
#143=VECTOR('',#1610,10.);
#144=VECTOR('',#1611,10.);
#145=VECTOR('',#1622,10.);
#146=VECTOR('',#1627,10.);
#147=VECTOR('',#1634,10.);
#148=VECTOR('',#1639,10.);
#149=VECTOR('',#1642,10.);
#150=VECTOR('',#1643,10.);
#151=VECTOR('',#1648,10.);
#152=VECTOR('',#1651,10.);
#153=VECTOR('',#1660,10.);
#154=VECTOR('',#1661,10.);
#155=VECTOR('',#1670,10.);
#156=VECTOR('',#1673,10.);
#157=VECTOR('',#1676,10.);
#158=VECTOR('',#1687,10.);
#159=VECTOR('',#1696,10.);
#160=VECTOR('',#1701,10.);
#161=VECTOR('',#1712,10.);
#162=VECTOR('',#1713,10.);
#163=VECTOR('',#1716,10.);
#164=VECTOR('',#1719,10.);
#165=VECTOR('',#1720,10.);
#166=VECTOR('',#1723,10.);
#167=VECTOR('',#1726,10.);
#168=VECTOR('',#1727,10.);
#169=VECTOR('',#1736,10.);
#170=VECTOR('',#1739,10.);
#171=VECTOR('',#1742,10.);
#172=VECTOR('',#1745,10.);
#173=VECTOR('',#1750,1.25);
#174=VECTOR('',#1753,1.25000000000001);
#175=VECTOR('',#1766,10.);
#176=VECTOR('',#1769,10.);
#177=VECTOR('',#1776,10.);
#178=VECTOR('',#1777,10.);
#179=VECTOR('',#1788,10.);
#180=VECTOR('',#1793,10.);
#181=VECTOR('',#1800,10.);
#182=VECTOR('',#1805,10.);
#183=VECTOR('',#1808,10.);
#184=VECTOR('',#1809,10.);
#185=VECTOR('',#1814,10.);
#186=VECTOR('',#1817,10.);
#187=VECTOR('',#1826,10.);
#188=VECTOR('',#1827,10.);
#189=VECTOR('',#1836,10.);
#190=VECTOR('',#1839,10.);
#191=VECTOR('',#1842,10.);
#192=VECTOR('',#1853,10.);
#193=VECTOR('',#1862,10.);
#194=VECTOR('',#1867,10.);
#195=VECTOR('',#1878,10.);
#196=VECTOR('',#1879,10.);
#197=VECTOR('',#1882,10.);
#198=VECTOR('',#1885,10.);
#199=VECTOR('',#1886,10.);
#200=VECTOR('',#1889,10.);
#201=VECTOR('',#1892,10.);
#202=VECTOR('',#1893,10.);
#203=VECTOR('',#1902,1.25000000000001);
#204=VECTOR('',#1905,1.25);
#205=VECTOR('',#1908,10.);
#206=VECTOR('',#1911,10.);
#207=VECTOR('',#1914,10.);
#208=VECTOR('',#1917,10.);
#209=PLANE('',#1458);
#210=PLANE('',#1473);
#211=PLANE('',#1476);
#212=PLANE('',#1483);
#213=PLANE('',#1487);
#214=PLANE('',#1489);
#215=PLANE('',#1490);
#216=PLANE('',#1506);
#217=PLANE('',#1508);
#218=PLANE('',#1516);
#219=PLANE('',#1524);
#220=PLANE('',#1539);
#221=PLANE('',#1542);
#222=PLANE('',#1549);
#223=PLANE('',#1553);
#224=PLANE('',#1555);
#225=PLANE('',#1556);
#226=PLANE('',#1572);
#227=PLANE('',#1574);
#228=PLANE('',#1584);
#229=FACE_OUTER_BOUND('',#311,.T.);
#230=FACE_OUTER_BOUND('',#312,.T.);
#231=FACE_OUTER_BOUND('',#313,.T.);
#232=FACE_OUTER_BOUND('',#314,.T.);
#233=FACE_OUTER_BOUND('',#315,.T.);
#234=FACE_OUTER_BOUND('',#316,.T.);
#235=FACE_OUTER_BOUND('',#317,.T.);
#236=FACE_OUTER_BOUND('',#321,.T.);
#237=FACE_OUTER_BOUND('',#322,.T.);
#238=FACE_OUTER_BOUND('',#323,.T.);
#239=FACE_OUTER_BOUND('',#324,.T.);
#240=FACE_OUTER_BOUND('',#325,.T.);
#241=FACE_OUTER_BOUND('',#326,.T.);
#242=FACE_OUTER_BOUND('',#327,.T.);
#243=FACE_OUTER_BOUND('',#328,.T.);
#244=FACE_OUTER_BOUND('',#329,.T.);
#245=FACE_OUTER_BOUND('',#330,.T.);
#246=FACE_OUTER_BOUND('',#331,.T.);
#247=FACE_OUTER_BOUND('',#332,.T.);
#248=FACE_OUTER_BOUND('',#333,.T.);
#249=FACE_OUTER_BOUND('',#334,.T.);
#250=FACE_OUTER_BOUND('',#335,.T.);
#251=FACE_OUTER_BOUND('',#336,.T.);
#252=FACE_OUTER_BOUND('',#340,.T.);
#253=FACE_OUTER_BOUND('',#341,.T.);
#254=FACE_OUTER_BOUND('',#342,.T.);
#255=FACE_OUTER_BOUND('',#343,.T.);
#256=FACE_OUTER_BOUND('',#344,.T.);
#257=FACE_OUTER_BOUND('',#345,.T.);
#258=FACE_OUTER_BOUND('',#346,.T.);
#259=FACE_OUTER_BOUND('',#347,.T.);
#260=FACE_OUTER_BOUND('',#348,.T.);
#261=FACE_OUTER_BOUND('',#349,.T.);
#262=FACE_OUTER_BOUND('',#350,.T.);
#263=FACE_OUTER_BOUND('',#351,.T.);
#264=FACE_OUTER_BOUND('',#352,.T.);
#265=FACE_OUTER_BOUND('',#353,.T.);
#266=FACE_OUTER_BOUND('',#354,.T.);
#267=FACE_OUTER_BOUND('',#355,.T.);
#268=FACE_OUTER_BOUND('',#356,.T.);
#269=FACE_OUTER_BOUND('',#357,.T.);
#270=FACE_OUTER_BOUND('',#358,.T.);
#271=FACE_OUTER_BOUND('',#359,.T.);
#272=FACE_OUTER_BOUND('',#360,.T.);
#273=FACE_OUTER_BOUND('',#361,.T.);
#274=FACE_OUTER_BOUND('',#362,.T.);
#275=FACE_OUTER_BOUND('',#363,.T.);
#276=FACE_OUTER_BOUND('',#364,.T.);
#277=FACE_OUTER_BOUND('',#368,.T.);
#278=FACE_OUTER_BOUND('',#369,.T.);
#279=FACE_OUTER_BOUND('',#370,.T.);
#280=FACE_OUTER_BOUND('',#371,.T.);
#281=FACE_OUTER_BOUND('',#372,.T.);
#282=FACE_OUTER_BOUND('',#373,.T.);
#283=FACE_OUTER_BOUND('',#374,.T.);
#284=FACE_OUTER_BOUND('',#375,.T.);
#285=FACE_OUTER_BOUND('',#376,.T.);
#286=FACE_OUTER_BOUND('',#377,.T.);
#287=FACE_OUTER_BOUND('',#378,.T.);
#288=FACE_OUTER_BOUND('',#379,.T.);
#289=FACE_OUTER_BOUND('',#380,.T.);
#290=FACE_OUTER_BOUND('',#381,.T.);
#291=FACE_OUTER_BOUND('',#382,.T.);
#292=FACE_OUTER_BOUND('',#383,.T.);
#293=FACE_OUTER_BOUND('',#387,.T.);
#294=FACE_OUTER_BOUND('',#388,.T.);
#295=FACE_OUTER_BOUND('',#389,.T.);
#296=FACE_OUTER_BOUND('',#390,.T.);
#297=FACE_OUTER_BOUND('',#391,.T.);
#298=FACE_OUTER_BOUND('',#392,.T.);
#299=FACE_OUTER_BOUND('',#393,.T.);
#300=FACE_OUTER_BOUND('',#394,.T.);
#301=FACE_OUTER_BOUND('',#395,.T.);
#302=FACE_OUTER_BOUND('',#396,.T.);
#303=FACE_OUTER_BOUND('',#397,.T.);
#304=FACE_OUTER_BOUND('',#398,.T.);
#305=FACE_OUTER_BOUND('',#399,.T.);
#306=FACE_OUTER_BOUND('',#400,.T.);
#307=FACE_OUTER_BOUND('',#401,.T.);
#308=FACE_OUTER_BOUND('',#402,.T.);
#309=FACE_OUTER_BOUND('',#403,.T.);
#310=FACE_OUTER_BOUND('',#404,.T.);
#311=EDGE_LOOP('',(#899,#900,#901,#902));
#312=EDGE_LOOP('',(#903,#904,#905,#906));
#313=EDGE_LOOP('',(#907,#908,#909,#910));
#314=EDGE_LOOP('',(#911,#912,#913,#914));
#315=EDGE_LOOP('',(#915,#916,#917,#918));
#316=EDGE_LOOP('',(#919,#920,#921,#922));
#317=EDGE_LOOP('',(#923,#924,#925,#926,#927,#928,#929,#930,#931,#932,#933,
#934,#935,#936));
#318=EDGE_LOOP('',(#937));
#319=EDGE_LOOP('',(#938));
#320=EDGE_LOOP('',(#939,#940,#941,#942,#943,#944,#945,#946));
#321=EDGE_LOOP('',(#947,#948,#949));
#322=EDGE_LOOP('',(#950,#951,#952,#953,#954,#955,#956,#957));
#323=EDGE_LOOP('',(#958,#959,#960,#961,#962,#963,#964));
#324=EDGE_LOOP('',(#965,#966,#967));
#325=EDGE_LOOP('',(#968,#969,#970,#971));
#326=EDGE_LOOP('',(#972,#973,#974,#975));
#327=EDGE_LOOP('',(#976,#977,#978,#979));
#328=EDGE_LOOP('',(#980,#981,#982,#983));
#329=EDGE_LOOP('',(#984,#985,#986,#987,#988));
#330=EDGE_LOOP('',(#989,#990,#991,#992,#993,#994));
#331=EDGE_LOOP('',(#995,#996,#997,#998,#999));
#332=EDGE_LOOP('',(#1000,#1001,#1002,#1003));
#333=EDGE_LOOP('',(#1004,#1005,#1006,#1007));
#334=EDGE_LOOP('',(#1008,#1009,#1010,#1011,#1012));
#335=EDGE_LOOP('',(#1013,#1014,#1015,#1016));
#336=EDGE_LOOP('',(#1017,#1018,#1019,#1020,#1021,#1022,#1023,#1024,#1025,
#1026,#1027,#1028,#1029,#1030));
#337=EDGE_LOOP('',(#1031,#1032,#1033,#1034,#1035,#1036,#1037,#1038));
#338=EDGE_LOOP('',(#1039));
#339=EDGE_LOOP('',(#1040));
#340=EDGE_LOOP('',(#1041,#1042,#1043,#1044,#1045,#1046,#1047));
#341=EDGE_LOOP('',(#1048,#1049,#1050,#1051));
#342=EDGE_LOOP('',(#1052,#1053,#1054));
#343=EDGE_LOOP('',(#1055,#1056,#1057,#1058));
#344=EDGE_LOOP('',(#1059,#1060,#1061,#1062));
#345=EDGE_LOOP('',(#1063,#1064,#1065,#1066));
#346=EDGE_LOOP('',(#1067,#1068,#1069,#1070));
#347=EDGE_LOOP('',(#1071,#1072,#1073,#1074));
#348=EDGE_LOOP('',(#1075,#1076,#1077,#1078));
#349=EDGE_LOOP('',(#1079,#1080,#1081,#1082));
#350=EDGE_LOOP('',(#1083,#1084,#1085,#1086));
#351=EDGE_LOOP('',(#1087,#1088,#1089,#1090));
#352=EDGE_LOOP('',(#1091,#1092,#1093,#1094));
#353=EDGE_LOOP('',(#1095,#1096,#1097,#1098));
#354=EDGE_LOOP('',(#1099,#1100,#1101,#1102));
#355=EDGE_LOOP('',(#1103,#1104,#1105,#1106));
#356=EDGE_LOOP('',(#1107,#1108,#1109,#1110));
#357=EDGE_LOOP('',(#1111,#1112,#1113,#1114));
#358=EDGE_LOOP('',(#1115,#1116,#1117,#1118));
#359=EDGE_LOOP('',(#1119,#1120,#1121,#1122));
#360=EDGE_LOOP('',(#1123,#1124,#1125,#1126));
#361=EDGE_LOOP('',(#1127,#1128,#1129,#1130));
#362=EDGE_LOOP('',(#1131,#1132,#1133,#1134));
#363=EDGE_LOOP('',(#1135,#1136,#1137,#1138));
#364=EDGE_LOOP('',(#1139,#1140,#1141,#1142,#1143,#1144,#1145,#1146,#1147,
#1148,#1149,#1150,#1151,#1152));
#365=EDGE_LOOP('',(#1153));
#366=EDGE_LOOP('',(#1154));
#367=EDGE_LOOP('',(#1155,#1156,#1157,#1158,#1159,#1160,#1161,#1162));
#368=EDGE_LOOP('',(#1163,#1164,#1165));
#369=EDGE_LOOP('',(#1166,#1167,#1168,#1169,#1170,#1171,#1172,#1173));
#370=EDGE_LOOP('',(#1174,#1175,#1176,#1177,#1178,#1179,#1180));
#371=EDGE_LOOP('',(#1181,#1182,#1183));
#372=EDGE_LOOP('',(#1184,#1185,#1186,#1187));
#373=EDGE_LOOP('',(#1188,#1189,#1190,#1191));
#374=EDGE_LOOP('',(#1192,#1193,#1194,#1195));
#375=EDGE_LOOP('',(#1196,#1197,#1198,#1199));
#376=EDGE_LOOP('',(#1200,#1201,#1202,#1203,#1204));
#377=EDGE_LOOP('',(#1205,#1206,#1207,#1208,#1209,#1210));
#378=EDGE_LOOP('',(#1211,#1212,#1213,#1214,#1215));
#379=EDGE_LOOP('',(#1216,#1217,#1218,#1219));
#380=EDGE_LOOP('',(#1220,#1221,#1222,#1223));
#381=EDGE_LOOP('',(#1224,#1225,#1226,#1227,#1228));
#382=EDGE_LOOP('',(#1229,#1230,#1231,#1232));
#383=EDGE_LOOP('',(#1233,#1234,#1235,#1236,#1237,#1238,#1239,#1240,#1241,
#1242,#1243,#1244,#1245,#1246));
#384=EDGE_LOOP('',(#1247,#1248,#1249,#1250,#1251,#1252,#1253,#1254));
#385=EDGE_LOOP('',(#1255));
#386=EDGE_LOOP('',(#1256));
#387=EDGE_LOOP('',(#1257,#1258,#1259,#1260,#1261,#1262,#1263));
#388=EDGE_LOOP('',(#1264,#1265,#1266,#1267));
#389=EDGE_LOOP('',(#1268,#1269,#1270));
#390=EDGE_LOOP('',(#1271,#1272,#1273,#1274));
#391=EDGE_LOOP('',(#1275,#1276,#1277,#1278));
#392=EDGE_LOOP('',(#1279,#1280,#1281,#1282));
#393=EDGE_LOOP('',(#1283,#1284,#1285,#1286));
#394=EDGE_LOOP('',(#1287,#1288,#1289,#1290));
#395=EDGE_LOOP('',(#1291,#1292,#1293,#1294));
#396=EDGE_LOOP('',(#1295,#1296,#1297,#1298));
#397=EDGE_LOOP('',(#1299,#1300,#1301,#1302));
#398=EDGE_LOOP('',(#1303,#1304,#1305,#1306));
#399=EDGE_LOOP('',(#1307,#1308,#1309,#1310));
#400=EDGE_LOOP('',(#1311,#1312,#1313,#1314));
#401=EDGE_LOOP('',(#1315,#1316,#1317,#1318));
#402=EDGE_LOOP('',(#1319,#1320,#1321,#1322));
#403=EDGE_LOOP('',(#1323,#1324,#1325,#1326));
#404=EDGE_LOOP('',(#1327,#1328,#1329,#1330));
#405=CIRCLE('',#1454,4.99999999999999);
#406=CIRCLE('',#1455,5.00000000000002);
#407=CIRCLE('',#1456,5.);
#408=CIRCLE('',#1457,5.00000000000003);
#409=CIRCLE('',#1459,25.);
#410=CIRCLE('',#1460,50.0000000007492);
#411=CIRCLE('',#1461,2.49999999997634);
#412=CIRCLE('',#1462,56.3);
#413=CIRCLE('',#1463,2.50000000027202);
#414=CIRCLE('',#1464,112.499999999994);
#415=CIRCLE('',#1465,1.25);
#416=CIRCLE('',#1466,1.25000000000001);
#417=CIRCLE('',#1467,5.);
#418=CIRCLE('',#1468,57.5000000007492);
#419=CIRCLE('',#1469,5.);
#420=CIRCLE('',#1470,13.4478566993356);
#421=CIRCLE('',#1471,5.);
#422=CIRCLE('',#1472,73.8000000000037);
#423=CIRCLE('',#1475,25.);
#424=CIRCLE('',#1478,1.);
#425=CIRCLE('',#1479,0.999999999999974);
#426=CIRCLE('',#1481,0.500000000000004);
#427=CIRCLE('',#1485,0.499999999999986);
#428=CIRCLE('',#1491,112.499999999994);
#429=CIRCLE('',#1492,2.50000000027202);
#430=CIRCLE('',#1493,56.3);
#431=CIRCLE('',#1494,2.49999999997634);
#432=CIRCLE('',#1495,50.0000000007492);
#433=CIRCLE('',#1496,5.);
#434=CIRCLE('',#1497,73.8000000000037);
#435=CIRCLE('',#1498,5.);
#436=CIRCLE('',#1499,13.4478566993356);
#437=CIRCLE('',#1500,5.);
#438=CIRCLE('',#1501,57.5000000007492);
#439=CIRCLE('',#1502,1.25);
#440=CIRCLE('',#1503,1.25000000000001);
#441=CIRCLE('',#1520,4.99999999999997);
#442=CIRCLE('',#1521,4.99999999999999);
#443=CIRCLE('',#1522,5.00000000000001);
#444=CIRCLE('',#1523,4.99999999999999);
#445=CIRCLE('',#1525,25.);
#446=CIRCLE('',#1526,50.0000000007492);
#447=CIRCLE('',#1527,2.49999999997634);
#448=CIRCLE('',#1528,56.2999999999927);
#449=CIRCLE('',#1529,2.50000000027202);
#450=CIRCLE('',#1530,112.499999999993);
#451=CIRCLE('',#1531,1.25000000000001);
#452=CIRCLE('',#1532,1.25);
#453=CIRCLE('',#1533,5.);
#454=CIRCLE('',#1534,57.5000000007492);
#455=CIRCLE('',#1535,5.);
#456=CIRCLE('',#1536,13.4478566993356);
#457=CIRCLE('',#1537,5.);
#458=CIRCLE('',#1538,73.8000000000037);
#459=CIRCLE('',#1541,25.);
#460=CIRCLE('',#1544,1.);
#461=CIRCLE('',#1545,0.999999999999987);
#462=CIRCLE('',#1547,0.500000000000011);
#463=CIRCLE('',#1551,0.499999999999991);
#464=CIRCLE('',#1557,112.499999999993);
#465=CIRCLE('',#1558,2.50000000027202);
#466=CIRCLE('',#1559,56.2999999999927);
#467=CIRCLE('',#1560,2.49999999997634);
#468=CIRCLE('',#1561,50.0000000007492);
#469=CIRCLE('',#1562,5.);
#470=CIRCLE('',#1563,73.8000000000037);
#471=CIRCLE('',#1564,5.);
#472=CIRCLE('',#1565,13.4478566993356);
#473=CIRCLE('',#1566,5.);
#474=CIRCLE('',#1567,57.5000000007492);
#475=CIRCLE('',#1568,1.25000000000001);
#476=CIRCLE('',#1569,1.25);
#477=B_SPLINE_CURVE_WITH_KNOTS('',3,(#1951,#1952,#1953,#1954,#1955,#1956,
#1957),.UNSPECIFIED.,.F.,.F.,(4,2,1,4),(0.331290964694627,0.368812196987427,
0.802389950082569,1.09144178547933),.UNSPECIFIED.);
#478=B_SPLINE_CURVE_WITH_KNOTS('',3,(#1961,#1962,#1963,#1964,#1965,#1966,
#1967),.UNSPECIFIED.,.F.,.F.,(4,1,2,4),(-1.09144178547933,-0.802389950082569,
-0.368812196987427,-0.00132789980807609),.UNSPECIFIED.);
#479=B_SPLINE_CURVE_WITH_KNOTS('',3,(#1968,#1969,#1970,#1971,#1972,#1973,
#1974,#1975,#1976,#1977),.UNSPECIFIED.,.F.,.F.,(4,2,2,2,4),(-0.580114354008258,
-0.367853034651113,-0.183168459723791,0.,0.00131653975466857),
 .UNSPECIFIED.);
#480=B_SPLINE_CURVE_WITH_KNOTS('',3,(#2005,#2006,#2007,#2008,#2009,#2010),
 .UNSPECIFIED.,.F.,.F.,(4,2,4),(-0.519765560935443,-0.0866483904807927,
0.),.UNSPECIFIED.);
#481=B_SPLINE_CURVE_WITH_KNOTS('',3,(#2011,#2012,#2013,#2014,#2015,#2016),
 .UNSPECIFIED.,.F.,.F.,(4,2,4),(0.,0.0866483904807927,0.519765560935443),
 .UNSPECIFIED.);
#482=B_SPLINE_CURVE_WITH_KNOTS('',3,(#2035,#2036,#2037,#2038,#2039,#2040),
 .UNSPECIFIED.,.F.,.F.,(4,2,4),(0.,0.289381483298625,0.60150882262542),
 .UNSPECIFIED.);
#483=B_SPLINE_CURVE_WITH_KNOTS('',3,(#2041,#2042,#2043,#2044),
 .UNSPECIFIED.,.F.,.F.,(4,4),(-0.219590091785808,-1.73824460270725E-13),
 .UNSPECIFIED.);
#484=B_SPLINE_CURVE_WITH_KNOTS('',3,(#2045,#2046,#2047,#2048),
 .UNSPECIFIED.,.F.,.F.,(4,4),(1.73824460270725E-13,0.661734000368995),
 .UNSPECIFIED.);
#485=B_SPLINE_CURVE_WITH_KNOTS('',3,(#2067,#2068,#2069,#2070,#2071,#2072,
#2073,#2074),.UNSPECIFIED.,.F.,.F.,(4,2,2,4),(0.,0.130574365054467,0.360405537061664,
0.602555489645474),.UNSPECIFIED.);
#486=B_SPLINE_CURVE_WITH_KNOTS('',3,(#2076,#2077,#2078,#2079),
 .UNSPECIFIED.,.F.,.F.,(4,4),(-0.442395730392329,0.219338277046402),
 .UNSPECIFIED.);
#487=B_SPLINE_CURVE_WITH_KNOTS('',3,(#2082,#2083,#2084,#2085),
 .UNSPECIFIED.,.F.,.F.,(4,4),(-0.219338277046402,0.000251821826494133),
 .UNSPECIFIED.);
#488=B_SPLINE_CURVE_WITH_KNOTS('',3,(#2113,#2114,#2115,#2116,#2117,#2118),
 .UNSPECIFIED.,.F.,.F.,(4,2,4),(-0.519765554768939,-0.433117174724918,-4.3382592245553E-11),
 .UNSPECIFIED.);
#489=B_SPLINE_CURVE_WITH_KNOTS('',3,(#2119,#2120,#2121,#2122,#2123,#2124),
 .UNSPECIFIED.,.F.,.F.,(4,2,4),(4.3382592245553E-11,0.433117174724918,0.519765554768939),
 .UNSPECIFIED.);
#490=B_SPLINE_CURVE_WITH_KNOTS('',3,(#2153,#2154,#2155,#2156,#2157,#2158,
#2159),.UNSPECIFIED.,.F.,.F.,(4,2,1,4),(-1.09011389595782,-0.722629762255531,
-0.2890519051771,-4.58145682185663E-10),.UNSPECIFIED.);
#491=B_SPLINE_CURVE_WITH_KNOTS('',3,(#2160,#2161,#2162,#2163,#2164,#2165,
#2166),.UNSPECIFIED.,.F.,.F.,(4,1,2,4),(4.58145682185663E-10,0.2890519051771,
0.722629762255531,0.760150818142167),.UNSPECIFIED.);
#492=B_SPLINE_CURVE_WITH_KNOTS('',3,(#2185,#2186,#2187,#2188,#2189,#2190,
#2191,#2192,#2193,#2194,#2195,#2196),.UNSPECIFIED.,.F.,.F.,(4,2,2,2,2,4),
(0.,0.0346880038802754,0.0715461994041943,0.112872656633245,0.139648461075885,
0.167418212513098),.UNSPECIFIED.);
#493=B_SPLINE_CURVE_WITH_KNOTS('',3,(#2198,#2199,#2200,#2201,#2202,#2203,
#2204,#2205,#2206,#2207,#2208,#2209,#2210,#2211,#2212,#2213,#2214,#2215,
#2216,#2217,#2218,#2219,#2220,#2221,#2222,#2223,#2224,#2225,#2226,#2227,
#2228,#2229,#2230,#2231,#2232,#2233,#2234),.UNSPECIFIED.,.F.,.F.,(4,3,3,
3,3,3,3,3,3,3,3,3,4),(0.,0.00802723729452367,0.0155815079663016,0.0182841055669603,
0.0264385507129121,0.034592995858864,0.0424637492078554,0.0480624433045818,
0.0504932606953415,0.0575299573328793,0.0650033300823182,0.0685122395687962,
0.0724470284599156),.UNSPECIFIED.);
#494=B_SPLINE_CURVE_WITH_KNOTS('',3,(#2238,#2239,#2240,#2241,#2242,#2243,
#2244,#2245,#2246,#2247,#2248,#2249,#2250,#2251,#2252,#2253,#2254,#2255,
#2256,#2257,#2258,#2259,#2260,#2261,#2262,#2263,#2264,#2265,#2266,#2267,
#2268,#2269,#2270,#2271,#2272,#2273,#2274,#2275,#2276,#2277,#2278,#2279,
#2280,#2281,#2282,#2283,#2284,#2285,#2286,#2287,#2288,#2289,#2290,#2291,
#2292,#2293,#2294,#2295,#2296,#2297,#2298,#2299,#2300,#2301,#2302,#2303,
#2304,#2305,#2306,#2307,#2308,#2309,#2310,#2311,#2312,#2313,#2314,#2315,
#2316,#2317,#2318,#2319,#2320,#2321,#2322),.UNSPECIFIED.,.F.,.F.,(4,3,3,
3,3,3,3,3,3,3,3,3,3,3,3,3,3,3,3,3,3,3,3,3,3,3,3,3,4),(0.,0.07348463781204,
0.148646039624145,0.225942379716222,0.266071146599522,0.337778230136523,
0.411978917409627,0.487371484820367,0.563946778310424,0.602209477411254,
0.681372485888928,0.761183360914683,0.828469457234016,0.906437975181423,
0.985771620673509,1.06523747420973,1.14387467641619,1.20152152187034,1.27884169541389,
1.35442312381516,1.40039218131156,1.47958031244818,1.55774943494879,1.58135970627597,
1.65669622567375,1.72984138781492,1.80150487842668,1.87224492948701,1.94298498054735),
 .UNSPECIFIED.);
#495=B_SPLINE_CURVE_WITH_KNOTS('',3,(#2406,#2407,#2408,#2409),
 .UNSPECIFIED.,.F.,.F.,(4,4),(0.964397420512444,1.09143290347404),
 .UNSPECIFIED.);
#496=B_SPLINE_CURVE_WITH_KNOTS('',3,(#2411,#2412,#2413,#2414,#2415,#2416,
#2417,#2418),.UNSPECIFIED.,.F.,.F.,(4,2,2,4),(-1.09143290347404,-0.693791861676664,
0.,0.184493841524544),.UNSPECIFIED.);
#497=B_SPLINE_CURVE_WITH_KNOTS('',3,(#2420,#2421,#2422,#2423,#2424,#2425),
 .UNSPECIFIED.,.F.,.F.,(4,2,4),(-0.433097924225795,0.,0.00203208464442238),
 .UNSPECIFIED.);
#498=B_SPLINE_CURVE_WITH_KNOTS('',3,(#2426,#2427,#2428,#2429,#2430,#2431,
#2432,#2433,#2434,#2435,#2436,#2437,#2438,#2439,#2440,#2441,#2442,#2443,
#2444,#2445,#2446,#2447),.UNSPECIFIED.,.F.,.F.,(4,3,3,3,3,3,3,4),(1.675199110708,
1.77389582221404,1.87047732102402,1.93712790416352,2.03832779745345,2.13829065134505,
2.18954430625127,2.28475373724537),.UNSPECIFIED.);
#499=B_SPLINE_CURVE_WITH_KNOTS('',3,(#2504,#2505,#2506,#2507,#2508,#2509,
#2510,#2511,#2512,#2513,#2514,#2515),.UNSPECIFIED.,.F.,.F.,(4,2,2,2,2,4),
(0.,0.0440512621801656,0.0875412744282673,0.127335626369497,0.147460341309345,
0.16788146067473),.UNSPECIFIED.);
#500=B_SPLINE_CURVE_WITH_KNOTS('',3,(#2516,#2517,#2518,#2519,#2520),
 .UNSPECIFIED.,.F.,.F.,(4,1,4),(0.0300381325599611,0.166850632528551,0.269547385256349),
 .UNSPECIFIED.);
#501=B_SPLINE_CURVE_WITH_KNOTS('',3,(#2521,#2522,#2523,#2524,#2525),
 .UNSPECIFIED.,.F.,.F.,(4,1,4),(-0.269547385256349,-0.166850632528551,-0.0769198925947945),
 .UNSPECIFIED.);
#502=B_SPLINE_CURVE_WITH_KNOTS('',3,(#2561,#2562,#2563,#2564,#2565),
 .UNSPECIFIED.,.F.,.F.,(4,1,4),(-0.192592130611019,-0.136975862102377,0.),
 .UNSPECIFIED.);
#503=B_SPLINE_CURVE_WITH_KNOTS('',3,(#2566,#2567,#2568,#2569,#2570),
 .UNSPECIFIED.,.F.,.F.,(4,1,4),(0.,0.136975862102377,0.239509250495827),
 .UNSPECIFIED.);
#504=B_SPLINE_CURVE_WITH_KNOTS('',3,(#2596,#2597,#2598,#2599,#2600,#2601,
#2602,#2603,#2604,#2605,#2606,#2607,#2608,#2609,#2610,#2611,#2612,#2613,
#2614,#2615,#2616,#2617,#2618,#2619,#2620,#2621,#2622,#2623,#2624,#2625,
#2626,#2627,#2628,#2629),.UNSPECIFIED.,.F.,.F.,(4,3,3,3,3,3,3,3,3,3,3,4),
(0.0484186214823378,0.0552972745436297,0.063480482283485,0.0711673774330742,
0.0750379528715674,0.0759955657818899,0.0849225594753704,0.093849553168851,
0.102483351602104,0.111117150035358,0.119651721980732,0.127589990552777),
 .UNSPECIFIED.);
#505=B_SPLINE_CURVE_WITH_KNOTS('',3,(#2710,#2711,#2712,#2713,#2714,#2715),
 .UNSPECIFIED.,.F.,.F.,(4,1,1,4),(1.31524718238445,1.37776119223101,1.44027520207757,
1.53404621684741),.UNSPECIFIED.);
#506=B_SPLINE_CURVE_WITH_KNOTS('',3,(#2716,#2717,#2718,#2719,#2720,#2721,
#2722,#2723,#2724,#2725,#2726,#2727,#2728,#2729,#2730,#2731,#2732,#2733,
#2734,#2735,#2736,#2737,#2738,#2739,#2740,#2741,#2742,#2743,#2744,#2745,
#2746,#2747,#2748,#2749,#2750,#2751,#2752,#2753,#2754,#2755,#2756,#2757,
#2758),.UNSPECIFIED.,.F.,.F.,(4,3,3,3,3,3,3,3,3,3,3,3,3,3,4),(-1.53404621684741,
-1.51650299772058,-1.49918952539454,-1.48258193434169,-1.46809178776835,
-1.45011616085547,-1.44017900319297,-1.42241049116705,-1.41397201067536,
-1.39064540799814,-1.377708538252,-1.36060455189333,-1.33951948194693,-1.31675608217802,
-1.31524718238446),.UNSPECIFIED.);
#507=B_SPLINE_CURVE_WITH_KNOTS('',3,(#2764,#2765,#2766,#2767,#2768,#2769),
 .UNSPECIFIED.,.F.,.F.,(4,2,4),(0.386345904890409,0.769184611618166,0.771216099601957),
 .UNSPECIFIED.);
#508=B_SPLINE_CURVE_WITH_KNOTS('',3,(#2773,#2774,#2775,#2776,#2777,#2778,
#2779,#2780),.UNSPECIFIED.,.F.,.F.,(4,2,2,4),(-0.878285854414809,-0.693791854615328,
0.,0.397641064717059),.UNSPECIFIED.);
#509=B_SPLINE_CURVE_WITH_KNOTS('',3,(#2784,#2785,#2786,#2787,#2788,#2789,
#2790,#2791,#2792,#2793,#2794,#2795,#2796,#2797,#2798,#2799,#2800,#2801,
#2802,#2803,#2804,#2805,#2806,#2807,#2808,#2809,#2810,#2811,#2812,#2813,
#2814,#2815,#2816,#2817,#2818,#2819,#2820,#2821,#2822,#2823,#2824,#2825,
#2826,#2827,#2828,#2829,#2830,#2831,#2832,#2833,#2834,#2835,#2836,#2837,
#2838,#2839,#2840,#2841,#2842,#2843,#2844,#2845,#2846,#2847,#2848,#2849,
#2850,#2851,#2852,#2853,#2854,#2855,#2856,#2857,#2858,#2859,#2860,#2861,
#2862,#2863,#2864,#2865,#2866,#2867,#2868,#2869,#2870,#2871),
 .UNSPECIFIED.,.F.,.F.,(4,3,3,3,3,3,3,3,3,3,3,3,3,3,3,3,3,3,3,3,3,3,3,3,
3,3,3,3,3,4),(0.,0.0689648922609299,0.13976558959738,0.212400676734702,
0.286778146902073,0.363259887525442,0.440507526505759,0.518050438789092,
0.543837233163025,0.602207808576655,0.678540865940164,0.756383247623991,
0.835338969701965,0.914820519962336,0.993905485835193,1.07156353080204,
1.11605137358779,1.19579555616374,1.20153999761005,1.28013997816711,1.35826711427854,
1.43549199333633,1.51055514083864,1.58136080200325,1.65308706867187,1.67730655131784,
1.75393565571292,1.82940206037979,1.90253387777475,1.94298505632021),
 .UNSPECIFIED.);
#510=B_SPLINE_CURVE_WITH_KNOTS('',3,(#2957,#2958,#2959,#2960),
 .UNSPECIFIED.,.F.,.F.,(4,4),(-0.397641064717059,-0.270605566888116),
 .UNSPECIFIED.);
#511=B_SPLINE_CURVE_WITH_KNOTS('',3,(#3027,#3028,#3029,#3030,#3031,#3032,
#3033),.UNSPECIFIED.,.F.,.F.,(4,2,1,4),(0.331290964696173,0.368812196995109,
0.802389950086477,1.09144178548072),.UNSPECIFIED.);
#512=B_SPLINE_CURVE_WITH_KNOTS('',3,(#3037,#3038,#3039,#3040,#3041,#3042,
#3043),.UNSPECIFIED.,.F.,.F.,(4,1,2,4),(-1.09144178548072,-0.802389950086477,
-0.368812196995109,-0.00132789980915069),.UNSPECIFIED.);
#513=B_SPLINE_CURVE_WITH_KNOTS('',3,(#3044,#3045,#3046,#3047,#3048,#3049,
#3050,#3051,#3052,#3053),.UNSPECIFIED.,.F.,.F.,(4,2,2,2,4),(-0.580114354014078,
-0.367853034655156,-0.183168459725696,0.,0.00131653975551766),
 .UNSPECIFIED.);
#514=B_SPLINE_CURVE_WITH_KNOTS('',3,(#3072,#3073,#3074,#3075,#3076,#3077,
#3078,#3079),.UNSPECIFIED.,.F.,.F.,(4,2,2,4),(0.,0.130574365054478,0.360405537061454,
0.602555489645048),.UNSPECIFIED.);
#515=B_SPLINE_CURVE_WITH_KNOTS('',3,(#3081,#3082,#3083,#3084),
 .UNSPECIFIED.,.F.,.F.,(4,4),(-0.442395730392352,0.219338277052401),
 .UNSPECIFIED.);
#516=B_SPLINE_CURVE_WITH_KNOTS('',3,(#3087,#3088,#3089,#3090),
 .UNSPECIFIED.,.F.,.F.,(4,4),(-0.219338277052401,0.000251821826554164),
 .UNSPECIFIED.);
#517=B_SPLINE_CURVE_WITH_KNOTS('',3,(#3118,#3119,#3120,#3121,#3122,#3123),
 .UNSPECIFIED.,.F.,.F.,(4,2,4),(-0.51976555476306,-0.433117174728417,-4.33844336244704E-11),
 .UNSPECIFIED.);
#518=B_SPLINE_CURVE_WITH_KNOTS('',3,(#3124,#3125,#3126,#3127,#3128,#3129),
 .UNSPECIFIED.,.F.,.F.,(4,2,4),(4.33844336244704E-11,0.433117174728417,
0.51976555476306),.UNSPECIFIED.);
#519=B_SPLINE_CURVE_WITH_KNOTS('',3,(#3158,#3159,#3160,#3161,#3162,#3163,
#3164),.UNSPECIFIED.,.F.,.F.,(4,2,1,4),(-1.0901138959585,-0.72262976225682,
-0.289051905177619,-4.58151192717245E-10),.UNSPECIFIED.);
#520=B_SPLINE_CURVE_WITH_KNOTS('',3,(#3165,#3166,#3167,#3168,#3169,#3170,
#3171),.UNSPECIFIED.,.F.,.F.,(4,1,2,4),(4.58151192717245E-10,0.289051905177619,
0.72262976225682,0.760150818142156),.UNSPECIFIED.);
#521=B_SPLINE_CURVE_WITH_KNOTS('',3,(#3199,#3200,#3201,#3202,#3203,#3204),
 .UNSPECIFIED.,.F.,.F.,(4,2,4),(-0.519765560935076,-0.0866483904802139,
0.),.UNSPECIFIED.);
#522=B_SPLINE_CURVE_WITH_KNOTS('',3,(#3205,#3206,#3207,#3208,#3209,#3210),
 .UNSPECIFIED.,.F.,.F.,(4,2,4),(0.,0.0866483904802139,0.519765560935076),
 .UNSPECIFIED.);
#523=B_SPLINE_CURVE_WITH_KNOTS('',3,(#3229,#3230,#3231,#3232,#3233,#3234),
 .UNSPECIFIED.,.F.,.F.,(4,2,4),(0.,0.289381483298573,0.601508822625371),
 .UNSPECIFIED.);
#524=B_SPLINE_CURVE_WITH_KNOTS('',3,(#3235,#3236,#3237,#3238),
 .UNSPECIFIED.,.F.,.F.,(4,4),(-0.219590091786128,-1.72255289836006E-13),
 .UNSPECIFIED.);
#525=B_SPLINE_CURVE_WITH_KNOTS('',3,(#3239,#3240,#3241,#3242),
 .UNSPECIFIED.,.F.,.F.,(4,4),(1.72255289836006E-13,0.661734000369293),
 .UNSPECIFIED.);
#526=B_SPLINE_CURVE_WITH_KNOTS('',3,(#3261,#3262,#3263,#3264,#3265,#3266,
#3267,#3268,#3269,#3270,#3271,#3272),.UNSPECIFIED.,.F.,.F.,(4,2,2,2,2,4),
(0.,0.0346880038802766,0.0715461994041916,0.112872656633231,0.139648461075863,
0.167418212513062),.UNSPECIFIED.);
#527=B_SPLINE_CURVE_WITH_KNOTS('',3,(#3274,#3275,#3276,#3277,#3278,#3279,
#3280,#3281,#3282,#3283,#3284,#3285,#3286,#3287,#3288,#3289,#3290,#3291,
#3292,#3293,#3294,#3295,#3296,#3297,#3298,#3299,#3300,#3301,#3302,#3303,
#3304,#3305,#3306,#3307,#3308,#3309,#3310),.UNSPECIFIED.,.F.,.F.,(4,3,3,
3,3,3,3,3,3,3,3,3,4),(0.,0.00802723729467981,0.0155815079665611,0.0182841055669232,
0.0264385507128439,0.0345929958587647,0.042463749207656,0.0480624433044239,
0.0504932606951731,0.0575299573326957,0.0650033300821079,0.0685122395685476,
0.0724470284596492),.UNSPECIFIED.);
#528=B_SPLINE_CURVE_WITH_KNOTS('',3,(#3314,#3315,#3316,#3317,#3318,#3319,
#3320,#3321,#3322,#3323,#3324,#3325,#3326,#3327,#3328,#3329,#3330,#3331,
#3332,#3333,#3334,#3335,#3336,#3337,#3338,#3339,#3340,#3341,#3342,#3343,
#3344,#3345,#3346,#3347,#3348,#3349,#3350,#3351,#3352,#3353,#3354,#3355,
#3356,#3357,#3358,#3359,#3360,#3361,#3362,#3363,#3364,#3365,#3366,#3367,
#3368,#3369,#3370,#3371,#3372,#3373,#3374,#3375,#3376,#3377,#3378,#3379,
#3380,#3381,#3382,#3383,#3384,#3385,#3386,#3387,#3388,#3389,#3390,#3391,
#3392,#3393,#3394,#3395,#3396,#3397,#3398),.UNSPECIFIED.,.F.,.F.,(4,3,3,
3,3,3,3,3,3,3,3,3,3,3,3,3,3,3,3,3,3,3,3,3,3,3,3,3,4),(0.,0.0734846378120627,
0.148646039624521,0.225942379716204,0.266071146599422,0.33777823013639,
0.411978917409628,0.487371484820095,0.563946778309935,0.602209477411082,
0.681372485888945,0.761183360914717,0.828469457233768,0.90643797518129,
0.985771620673334,1.06523747420936,1.14387467641565,1.20152152187,1.27884169541334,
1.35442312381463,1.40039218131111,1.47958031244842,1.55774943494928,1.58135970627547,
1.65669622567256,1.72984138781378,1.80150487842547,1.87224492948609,1.94298498054672),
 .UNSPECIFIED.);
#529=B_SPLINE_CURVE_WITH_KNOTS('',3,(#3482,#3483,#3484,#3485),
 .UNSPECIFIED.,.F.,.F.,(4,4),(0.964397420513155,1.09143290347547),
 .UNSPECIFIED.);
#530=B_SPLINE_CURVE_WITH_KNOTS('',3,(#3487,#3488,#3489,#3490,#3491,#3492,
#3493,#3494),.UNSPECIFIED.,.F.,.F.,(4,2,2,4),(-1.09143290347547,-0.693791861676676,
0.,0.184493841518916),.UNSPECIFIED.);
#531=B_SPLINE_CURVE_WITH_KNOTS('',3,(#3496,#3497,#3498,#3499,#3500,#3501),
 .UNSPECIFIED.,.F.,.F.,(4,2,4),(-0.433097926350704,0.,0.00203208468171823),
 .UNSPECIFIED.);
#532=B_SPLINE_CURVE_WITH_KNOTS('',3,(#3502,#3503,#3504,#3505,#3506,#3507,
#3508,#3509,#3510,#3511,#3512,#3513,#3514,#3515,#3516,#3517,#3518,#3519,
#3520,#3521,#3522,#3523),.UNSPECIFIED.,.F.,.F.,(4,3,3,3,3,3,3,4),(1.6751991107046,
1.77389582221099,1.87047732102128,1.93712790415856,2.03832779744796,2.13829065133955,
2.18954430624708,2.28475373724072),.UNSPECIFIED.);
#533=B_SPLINE_CURVE_WITH_KNOTS('',3,(#3580,#3581,#3582,#3583,#3584,#3585,
#3586,#3587,#3588,#3589,#3590,#3591),.UNSPECIFIED.,.F.,.F.,(4,2,2,2,2,4),
(0.,0.0440512621801588,0.0875412744282466,0.127335626369479,0.147460341309332,
0.167881460674725),.UNSPECIFIED.);
#534=B_SPLINE_CURVE_WITH_KNOTS('',3,(#3592,#3593,#3594,#3595,#3596),
 .UNSPECIFIED.,.F.,.F.,(4,1,4),(0.030038132559958,0.166850632528548,0.269547385256348),
 .UNSPECIFIED.);
#535=B_SPLINE_CURVE_WITH_KNOTS('',3,(#3597,#3598,#3599,#3600,#3601),
 .UNSPECIFIED.,.F.,.F.,(4,1,4),(-0.269547385256348,-0.166850632528548,-0.0769198925947896),
 .UNSPECIFIED.);
#536=B_SPLINE_CURVE_WITH_KNOTS('',3,(#3637,#3638,#3639,#3640,#3641),
 .UNSPECIFIED.,.F.,.F.,(4,1,4),(-0.192592130611014,-0.136975862102375,0.),
 .UNSPECIFIED.);
#537=B_SPLINE_CURVE_WITH_KNOTS('',3,(#3642,#3643,#3644,#3645,#3646),
 .UNSPECIFIED.,.F.,.F.,(4,1,4),(0.,0.136975862102375,0.239509250495824),
 .UNSPECIFIED.);
#538=B_SPLINE_CURVE_WITH_KNOTS('',3,(#3672,#3673,#3674,#3675,#3676,#3677,
#3678,#3679,#3680,#3681,#3682,#3683,#3684,#3685,#3686,#3687,#3688,#3689,
#3690,#3691,#3692,#3693,#3694,#3695,#3696,#3697,#3698,#3699,#3700,#3701,
#3702,#3703,#3704,#3705),.UNSPECIFIED.,.F.,.F.,(4,3,3,3,3,3,3,3,3,3,3,4),
(0.048418621482307,0.0552972745435515,0.0634804822833704,0.0711673774329108,
0.0750379528713306,0.0759955657816459,0.0849225594750639,0.0938495531684818,
0.102483351601668,0.111117150034853,0.119651721980551,0.127589990552127),
 .UNSPECIFIED.);
#539=B_SPLINE_CURVE_WITH_KNOTS('',3,(#3786,#3787,#3788,#3789,#3790,#3791),
 .UNSPECIFIED.,.F.,.F.,(4,1,1,4),(1.31524718238445,1.40901819715429,1.47153220700085,
1.53404621684741),.UNSPECIFIED.);
#540=B_SPLINE_CURVE_WITH_KNOTS('',3,(#3792,#3793,#3794,#3795,#3796,#3797,
#3798,#3799,#3800,#3801,#3802,#3803,#3804,#3805,#3806,#3807,#3808,#3809,
#3810,#3811,#3812,#3813,#3814,#3815,#3816,#3817,#3818,#3819,#3820,#3821,
#3822,#3823,#3824,#3825,#3826,#3827,#3828,#3829,#3830,#3831,#3832,#3833,
#3834),.UNSPECIFIED.,.F.,.F.,(4,3,3,3,3,3,3,3,3,3,3,3,3,3,4),(-1.53404621684741,
-1.50655049261756,-1.48161352172863,-1.47160383049008,-1.46393592176976,
-1.4456262527263,-1.42781873372229,-1.41397201067535,-1.40909842286074,
-1.39173837461392,-1.37379910858784,-1.36060455189332,-1.3448860064041,
-1.32876758014931,-1.31524718238445),.UNSPECIFIED.);
#541=B_SPLINE_CURVE_WITH_KNOTS('',3,(#3840,#3841,#3842,#3843,#3844,#3845),
 .UNSPECIFIED.,.F.,.F.,(4,2,4),(0.386345910093377,0.769184633436603,0.771216121464555),
 .UNSPECIFIED.);
#542=B_SPLINE_CURVE_WITH_KNOTS('',3,(#3849,#3850,#3851,#3852,#3853,#3854,
#3855,#3856),.UNSPECIFIED.,.F.,.F.,(4,2,2,4),(-0.878285854416452,-0.693791854615343,
0.,0.397641064739857),.UNSPECIFIED.);
#543=B_SPLINE_CURVE_WITH_KNOTS('',3,(#3860,#3861,#3862,#3863,#3864,#3865,
#3866,#3867,#3868,#3869,#3870,#3871,#3872,#3873,#3874,#3875,#3876,#3877,
#3878,#3879,#3880,#3881,#3882,#3883,#3884,#3885,#3886,#3887,#3888,#3889,
#3890,#3891,#3892,#3893,#3894,#3895,#3896,#3897,#3898,#3899,#3900,#3901,
#3902,#3903,#3904,#3905,#3906,#3907,#3908,#3909,#3910,#3911,#3912,#3913,
#3914,#3915,#3916,#3917,#3918,#3919,#3920,#3921,#3922,#3923,#3924,#3925,
#3926,#3927,#3928,#3929,#3930,#3931,#3932,#3933,#3934,#3935,#3936,#3937,
#3938,#3939,#3940,#3941,#3942,#3943,#3944,#3945,#3946,#3947),
 .UNSPECIFIED.,.F.,.F.,(4,3,3,3,3,3,3,3,3,3,3,3,3,3,3,3,3,3,3,3,3,3,3,3,
3,3,3,3,3,4),(0.,0.0689648922597106,0.139765589594837,0.212400676730936,
0.286778146896775,0.363259887518764,0.440507526497689,0.518050438779798,
0.543837233159288,0.602207808572764,0.678540865934921,0.756383247617479,
0.835338969694282,0.914820519953387,0.993905485824795,1.07156353079024,
1.11605137358032,1.19579555615499,1.20153999760264,1.28013997815794,1.35826711426793,
1.43549199332466,1.51055514082558,1.58136080199298,1.65308706866027,1.67730655130661,
1.7539356557008,1.82940206036559,1.90253387776005,1.94298505630707),
 .UNSPECIFIED.);
#544=B_SPLINE_CURVE_WITH_KNOTS('',3,(#4033,#4034,#4035,#4036),
 .UNSPECIFIED.,.F.,.F.,(4,4),(-0.397641064739857,-0.270605566900581),
 .UNSPECIFIED.);
#545=VERTEX_POINT('',#1949);
#546=VERTEX_POINT('',#1950);
#547=VERTEX_POINT('',#1958);
#548=VERTEX_POINT('',#1960);
#549=VERTEX_POINT('',#2002);
#550=VERTEX_POINT('',#2003);
#551=VERTEX_POINT('',#2033);
#552=VERTEX_POINT('',#2034);
#553=VERTEX_POINT('',#2065);
#554=VERTEX_POINT('',#2066);
#555=VERTEX_POINT('',#2075);
#556=VERTEX_POINT('',#2080);
#557=VERTEX_POINT('',#2110);
#558=VERTEX_POINT('',#2111);
#559=VERTEX_POINT('',#2168);
#560=VERTEX_POINT('',#2170);
#561=VERTEX_POINT('',#2172);
#562=VERTEX_POINT('',#2174);
#563=VERTEX_POINT('',#2176);
#564=VERTEX_POINT('',#2178);
#565=VERTEX_POINT('',#2180);
#566=VERTEX_POINT('',#2182);
#567=VERTEX_POINT('',#2184);
#568=VERTEX_POINT('',#2197);
#569=VERTEX_POINT('',#2235);
#570=VERTEX_POINT('',#2237);
#571=VERTEX_POINT('',#2324);
#572=VERTEX_POINT('',#2326);
#573=VERTEX_POINT('',#2328);
#574=VERTEX_POINT('',#2329);
#575=VERTEX_POINT('',#2331);
#576=VERTEX_POINT('',#2333);
#577=VERTEX_POINT('',#2335);
#578=VERTEX_POINT('',#2337);
#579=VERTEX_POINT('',#2339);
#580=VERTEX_POINT('',#2341);
#581=VERTEX_POINT('',#2347);
#582=VERTEX_POINT('',#2410);
#583=VERTEX_POINT('',#2419);
#584=VERTEX_POINT('',#2455);
#585=VERTEX_POINT('',#2459);
#586=VERTEX_POINT('',#2460);
#587=VERTEX_POINT('',#2462);
#588=VERTEX_POINT('',#2464);
#589=VERTEX_POINT('',#2502);
#590=VERTEX_POINT('',#2503);
#591=VERTEX_POINT('',#2595);
#592=VERTEX_POINT('',#2630);
#593=VERTEX_POINT('',#2632);
#594=VERTEX_POINT('',#2636);
#595=VERTEX_POINT('',#2663);
#596=VERTEX_POINT('',#2665);
#597=VERTEX_POINT('',#2762);
#598=VERTEX_POINT('',#2771);
#599=VERTEX_POINT('',#2782);
#600=VERTEX_POINT('',#2872);
#601=VERTEX_POINT('',#2874);
#602=VERTEX_POINT('',#2876);
#603=VERTEX_POINT('',#2878);
#604=VERTEX_POINT('',#2881);
#605=VERTEX_POINT('',#2882);
#606=VERTEX_POINT('',#2884);
#607=VERTEX_POINT('',#2886);
#608=VERTEX_POINT('',#2888);
#609=VERTEX_POINT('',#2890);
#610=VERTEX_POINT('',#2892);
#611=VERTEX_POINT('',#2894);
#612=VERTEX_POINT('',#2897);
#613=VERTEX_POINT('',#2899);
#614=VERTEX_POINT('',#3025);
#615=VERTEX_POINT('',#3026);
#616=VERTEX_POINT('',#3034);
#617=VERTEX_POINT('',#3036);
#618=VERTEX_POINT('',#3070);
#619=VERTEX_POINT('',#3071);
#620=VERTEX_POINT('',#3080);
#621=VERTEX_POINT('',#3085);
#622=VERTEX_POINT('',#3115);
#623=VERTEX_POINT('',#3116);
#624=VERTEX_POINT('',#3196);
#625=VERTEX_POINT('',#3197);
#626=VERTEX_POINT('',#3227);
#627=VERTEX_POINT('',#3228);
#628=VERTEX_POINT('',#3244);
#629=VERTEX_POINT('',#3246);
#630=VERTEX_POINT('',#3248);
#631=VERTEX_POINT('',#3250);
#632=VERTEX_POINT('',#3252);
#633=VERTEX_POINT('',#3254);
#634=VERTEX_POINT('',#3256);
#635=VERTEX_POINT('',#3258);
#636=VERTEX_POINT('',#3260);
#637=VERTEX_POINT('',#3273);
#638=VERTEX_POINT('',#3311);
#639=VERTEX_POINT('',#3313);
#640=VERTEX_POINT('',#3400);
#641=VERTEX_POINT('',#3402);
#642=VERTEX_POINT('',#3404);
#643=VERTEX_POINT('',#3405);
#644=VERTEX_POINT('',#3407);
#645=VERTEX_POINT('',#3409);
#646=VERTEX_POINT('',#3411);
#647=VERTEX_POINT('',#3413);
#648=VERTEX_POINT('',#3415);
#649=VERTEX_POINT('',#3417);
#650=VERTEX_POINT('',#3423);
#651=VERTEX_POINT('',#3486);
#652=VERTEX_POINT('',#3495);
#653=VERTEX_POINT('',#3531);
#654=VERTEX_POINT('',#3535);
#655=VERTEX_POINT('',#3536);
#656=VERTEX_POINT('',#3538);
#657=VERTEX_POINT('',#3540);
#658=VERTEX_POINT('',#3578);
#659=VERTEX_POINT('',#3579);
#660=VERTEX_POINT('',#3671);
#661=VERTEX_POINT('',#3706);
#662=VERTEX_POINT('',#3708);
#663=VERTEX_POINT('',#3712);
#664=VERTEX_POINT('',#3739);
#665=VERTEX_POINT('',#3741);
#666=VERTEX_POINT('',#3838);
#667=VERTEX_POINT('',#3847);
#668=VERTEX_POINT('',#3858);
#669=VERTEX_POINT('',#3948);
#670=VERTEX_POINT('',#3950);
#671=VERTEX_POINT('',#3952);
#672=VERTEX_POINT('',#3954);
#673=VERTEX_POINT('',#3957);
#674=VERTEX_POINT('',#3958);
#675=VERTEX_POINT('',#3960);
#676=VERTEX_POINT('',#3962);
#677=VERTEX_POINT('',#3964);
#678=VERTEX_POINT('',#3966);
#679=VERTEX_POINT('',#3968);
#680=VERTEX_POINT('',#3970);
#681=VERTEX_POINT('',#3973);
#682=VERTEX_POINT('',#3975);
#683=EDGE_CURVE('',#545,#546,#477,.T.);
#684=EDGE_CURVE('',#546,#547,#405,.T.);
#685=EDGE_CURVE('',#547,#548,#478,.T.);
#686=EDGE_CURVE('',#548,#545,#479,.T.);
#687=EDGE_CURVE('',#549,#550,#406,.T.);
#688=EDGE_CURVE('',#550,#547,#480,.T.);
#689=EDGE_CURVE('',#546,#549,#481,.T.);
#690=EDGE_CURVE('',#551,#552,#482,.T.);
#691=EDGE_CURVE('',#552,#550,#483,.T.);
#692=EDGE_CURVE('',#549,#551,#484,.T.);
#693=EDGE_CURVE('',#553,#554,#485,.T.);
#694=EDGE_CURVE('',#554,#555,#486,.T.);
#695=EDGE_CURVE('',#555,#556,#407,.T.);
#696=EDGE_CURVE('',#556,#553,#487,.T.);
#697=EDGE_CURVE('',#557,#558,#408,.T.);
#698=EDGE_CURVE('',#558,#556,#488,.T.);
#699=EDGE_CURVE('',#555,#557,#489,.T.);
#700=EDGE_CURVE('',#548,#558,#490,.T.);
#701=EDGE_CURVE('',#557,#545,#491,.T.);
#702=EDGE_CURVE('',#551,#559,#409,.T.);
#703=EDGE_CURVE('',#559,#560,#73,.T.);
#704=EDGE_CURVE('',#560,#561,#410,.T.);
#705=EDGE_CURVE('',#561,#562,#74,.T.);
#706=EDGE_CURVE('',#563,#562,#411,.T.);
#707=EDGE_CURVE('',#563,#564,#412,.T.);
#708=EDGE_CURVE('',#565,#564,#413,.T.);
#709=EDGE_CURVE('',#565,#566,#75,.T.);
#710=EDGE_CURVE('',#567,#566,#492,.T.);
#711=EDGE_CURVE('',#568,#567,#493,.T.);
#712=EDGE_CURVE('',#568,#569,#76,.T.);
#713=EDGE_CURVE('',#570,#569,#494,.T.);
#714=EDGE_CURVE('',#570,#552,#414,.T.);
#715=EDGE_CURVE('',#571,#571,#415,.T.);
#716=EDGE_CURVE('',#572,#572,#416,.T.);
#717=EDGE_CURVE('',#573,#574,#417,.T.);
#718=EDGE_CURVE('',#574,#575,#418,.T.);
#719=EDGE_CURVE('',#575,#576,#77,.T.);
#720=EDGE_CURVE('',#576,#577,#419,.T.);
#721=EDGE_CURVE('',#577,#578,#420,.T.);
#722=EDGE_CURVE('',#578,#579,#78,.T.);
#723=EDGE_CURVE('',#579,#580,#421,.T.);
#724=EDGE_CURVE('',#580,#573,#422,.T.);
#725=EDGE_CURVE('',#546,#557,#79,.T.);
#726=EDGE_CURVE('',#581,#554,#423,.T.);
#727=EDGE_CURVE('',#559,#581,#80,.T.);
#728=EDGE_CURVE('',#550,#570,#495,.T.);
#729=EDGE_CURVE('',#569,#582,#496,.T.);
#730=EDGE_CURVE('',#583,#582,#497,.T.);
#731=EDGE_CURVE('',#548,#583,#498,.T.);
#732=EDGE_CURVE('',#581,#584,#81,.T.);
#733=EDGE_CURVE('',#560,#584,#82,.T.);
#734=EDGE_CURVE('',#585,#586,#424,.T.);
#735=EDGE_CURVE('',#586,#587,#83,.T.);
#736=EDGE_CURVE('',#587,#588,#425,.T.);
#737=EDGE_CURVE('',#588,#585,#84,.T.);
#738=EDGE_CURVE('',#589,#590,#499,.F.);
#739=EDGE_CURVE('',#589,#586,#500,.T.);
#740=EDGE_CURVE('',#585,#590,#501,.T.);
#741=EDGE_CURVE('',#566,#588,#502,.T.);
#742=EDGE_CURVE('',#587,#567,#503,.T.);
#743=EDGE_CURVE('',#589,#591,#504,.T.);
#744=EDGE_CURVE('',#591,#592,#17,.T.);
#745=EDGE_CURVE('',#593,#592,#426,.T.);
#746=EDGE_CURVE('',#593,#586,#18,.T.);
#747=EDGE_CURVE('',#565,#594,#85,.T.);
#748=EDGE_CURVE('',#594,#590,#86,.T.);
#749=EDGE_CURVE('',#587,#595,#19,.T.);
#750=EDGE_CURVE('',#595,#596,#427,.T.);
#751=EDGE_CURVE('',#596,#568,#20,.T.);
#752=EDGE_CURVE('',#595,#593,#505,.T.);
#753=EDGE_CURVE('',#592,#596,#506,.T.);
#754=EDGE_CURVE('',#582,#596,#87,.T.);
#755=EDGE_CURVE('',#592,#597,#88,.T.);
#756=EDGE_CURVE('',#583,#597,#507,.T.);
#757=EDGE_CURVE('',#591,#598,#89,.T.);
#758=EDGE_CURVE('',#597,#598,#508,.T.);
#759=EDGE_CURVE('',#553,#599,#428,.T.);
#760=EDGE_CURVE('',#598,#599,#509,.T.);
#761=EDGE_CURVE('',#594,#600,#429,.T.);
#762=EDGE_CURVE('',#600,#601,#430,.T.);
#763=EDGE_CURVE('',#601,#602,#431,.T.);
#764=EDGE_CURVE('',#602,#603,#90,.T.);
#765=EDGE_CURVE('',#603,#584,#432,.T.);
#766=EDGE_CURVE('',#604,#605,#433,.T.);
#767=EDGE_CURVE('',#605,#606,#434,.T.);
#768=EDGE_CURVE('',#606,#607,#435,.T.);
#769=EDGE_CURVE('',#607,#608,#91,.T.);
#770=EDGE_CURVE('',#608,#609,#436,.T.);
#771=EDGE_CURVE('',#609,#610,#437,.T.);
#772=EDGE_CURVE('',#610,#611,#92,.T.);
#773=EDGE_CURVE('',#611,#604,#438,.T.);
#774=EDGE_CURVE('',#612,#612,#439,.T.);
#775=EDGE_CURVE('',#613,#613,#440,.T.);
#776=EDGE_CURVE('',#599,#556,#510,.T.);
#777=EDGE_CURVE('',#610,#576,#93,.T.);
#778=EDGE_CURVE('',#577,#609,#94,.T.);
#779=EDGE_CURVE('',#611,#575,#95,.T.);
#780=EDGE_CURVE('',#607,#579,#96,.T.);
#781=EDGE_CURVE('',#580,#606,#97,.T.);
#782=EDGE_CURVE('',#608,#578,#98,.T.);
#783=EDGE_CURVE('',#605,#573,#99,.T.);
#784=EDGE_CURVE('',#574,#604,#100,.T.);
#785=EDGE_CURVE('',#564,#600,#101,.T.);
#786=EDGE_CURVE('',#563,#601,#102,.T.);
#787=EDGE_CURVE('',#562,#602,#103,.T.);
#788=EDGE_CURVE('',#561,#603,#104,.T.);
#789=EDGE_CURVE('',#612,#571,#105,.T.);
#790=EDGE_CURVE('',#613,#572,#106,.T.);
#791=EDGE_CURVE('',#614,#615,#511,.T.);
#792=EDGE_CURVE('',#615,#616,#441,.T.);
#793=EDGE_CURVE('',#616,#617,#512,.T.);
#794=EDGE_CURVE('',#617,#614,#513,.T.);
#795=EDGE_CURVE('',#618,#619,#514,.T.);
#796=EDGE_CURVE('',#619,#620,#515,.T.);
#797=EDGE_CURVE('',#620,#621,#442,.T.);
#798=EDGE_CURVE('',#621,#618,#516,.T.);
#799=EDGE_CURVE('',#622,#623,#443,.T.);
#800=EDGE_CURVE('',#623,#621,#517,.T.);
#801=EDGE_CURVE('',#620,#622,#518,.T.);
#802=EDGE_CURVE('',#617,#623,#519,.T.);
#803=EDGE_CURVE('',#622,#614,#520,.T.);
#804=EDGE_CURVE('',#624,#625,#444,.T.);
#805=EDGE_CURVE('',#625,#616,#521,.T.);
#806=EDGE_CURVE('',#615,#624,#522,.T.);
#807=EDGE_CURVE('',#626,#627,#523,.T.);
#808=EDGE_CURVE('',#627,#625,#524,.T.);
#809=EDGE_CURVE('',#624,#626,#525,.T.);
#810=EDGE_CURVE('',#626,#628,#445,.T.);
#811=EDGE_CURVE('',#628,#629,#107,.T.);
#812=EDGE_CURVE('',#629,#630,#446,.T.);
#813=EDGE_CURVE('',#630,#631,#108,.T.);
#814=EDGE_CURVE('',#631,#632,#447,.T.);
#815=EDGE_CURVE('',#632,#633,#448,.T.);
#816=EDGE_CURVE('',#633,#634,#449,.T.);
#817=EDGE_CURVE('',#634,#635,#109,.T.);
#818=EDGE_CURVE('',#636,#635,#526,.T.);
#819=EDGE_CURVE('',#637,#636,#527,.T.);
#820=EDGE_CURVE('',#637,#638,#110,.T.);
#821=EDGE_CURVE('',#639,#638,#528,.T.);
#822=EDGE_CURVE('',#639,#627,#450,.T.);
#823=EDGE_CURVE('',#640,#640,#451,.T.);
#824=EDGE_CURVE('',#641,#641,#452,.T.);
#825=EDGE_CURVE('',#642,#643,#453,.T.);
#826=EDGE_CURVE('',#643,#644,#454,.T.);
#827=EDGE_CURVE('',#644,#645,#111,.T.);
#828=EDGE_CURVE('',#645,#646,#455,.T.);
#829=EDGE_CURVE('',#646,#647,#456,.T.);
#830=EDGE_CURVE('',#647,#648,#112,.T.);
#831=EDGE_CURVE('',#648,#649,#457,.T.);
#832=EDGE_CURVE('',#649,#642,#458,.T.);
#833=EDGE_CURVE('',#615,#622,#113,.T.);
#834=EDGE_CURVE('',#650,#619,#459,.T.);
#835=EDGE_CURVE('',#628,#650,#114,.T.);
#836=EDGE_CURVE('',#625,#639,#529,.T.);
#837=EDGE_CURVE('',#638,#651,#530,.T.);
#838=EDGE_CURVE('',#652,#651,#531,.T.);
#839=EDGE_CURVE('',#617,#652,#532,.T.);
#840=EDGE_CURVE('',#650,#653,#115,.T.);
#841=EDGE_CURVE('',#653,#629,#116,.T.);
#842=EDGE_CURVE('',#654,#655,#460,.T.);
#843=EDGE_CURVE('',#655,#656,#117,.T.);
#844=EDGE_CURVE('',#656,#657,#461,.T.);
#845=EDGE_CURVE('',#657,#654,#118,.T.);
#846=EDGE_CURVE('',#658,#659,#533,.F.);
#847=EDGE_CURVE('',#658,#655,#534,.T.);
#848=EDGE_CURVE('',#654,#659,#535,.T.);
#849=EDGE_CURVE('',#635,#657,#536,.T.);
#850=EDGE_CURVE('',#656,#636,#537,.T.);
#851=EDGE_CURVE('',#658,#660,#538,.T.);
#852=EDGE_CURVE('',#660,#661,#21,.T.);
#853=EDGE_CURVE('',#662,#661,#462,.T.);
#854=EDGE_CURVE('',#662,#655,#22,.T.);
#855=EDGE_CURVE('',#663,#634,#119,.T.);
#856=EDGE_CURVE('',#663,#659,#120,.T.);
#857=EDGE_CURVE('',#656,#664,#23,.T.);
#858=EDGE_CURVE('',#664,#665,#463,.T.);
#859=EDGE_CURVE('',#665,#637,#24,.T.);
#860=EDGE_CURVE('',#664,#662,#539,.T.);
#861=EDGE_CURVE('',#661,#665,#540,.T.);
#862=EDGE_CURVE('',#651,#665,#121,.T.);
#863=EDGE_CURVE('',#661,#666,#122,.T.);
#864=EDGE_CURVE('',#652,#666,#541,.T.);
#865=EDGE_CURVE('',#660,#667,#123,.T.);
#866=EDGE_CURVE('',#666,#667,#542,.T.);
#867=EDGE_CURVE('',#618,#668,#464,.T.);
#868=EDGE_CURVE('',#667,#668,#543,.T.);
#869=EDGE_CURVE('',#663,#669,#465,.T.);
#870=EDGE_CURVE('',#670,#669,#466,.T.);
#871=EDGE_CURVE('',#670,#671,#467,.T.);
#872=EDGE_CURVE('',#672,#671,#124,.T.);
#873=EDGE_CURVE('',#653,#672,#468,.T.);
#874=EDGE_CURVE('',#673,#674,#469,.T.);
#875=EDGE_CURVE('',#674,#675,#470,.T.);
#876=EDGE_CURVE('',#675,#676,#471,.T.);
#877=EDGE_CURVE('',#676,#677,#125,.T.);
#878=EDGE_CURVE('',#677,#678,#472,.T.);
#879=EDGE_CURVE('',#678,#679,#473,.T.);
#880=EDGE_CURVE('',#679,#680,#126,.T.);
#881=EDGE_CURVE('',#680,#673,#474,.T.);
#882=EDGE_CURVE('',#681,#681,#475,.T.);
#883=EDGE_CURVE('',#682,#682,#476,.T.);
#884=EDGE_CURVE('',#668,#621,#544,.T.);
#885=EDGE_CURVE('',#679,#645,#127,.T.);
#886=EDGE_CURVE('',#646,#678,#128,.T.);
#887=EDGE_CURVE('',#680,#644,#129,.T.);
#888=EDGE_CURVE('',#676,#648,#130,.T.);
#889=EDGE_CURVE('',#649,#675,#131,.T.);
#890=EDGE_CURVE('',#677,#647,#132,.T.);
#891=EDGE_CURVE('',#674,#642,#133,.T.);
#892=EDGE_CURVE('',#643,#673,#134,.T.);
#893=EDGE_CURVE('',#640,#681,#135,.T.);
#894=EDGE_CURVE('',#641,#682,#136,.T.);
#895=EDGE_CURVE('',#669,#633,#137,.T.);
#896=EDGE_CURVE('',#670,#632,#138,.T.);
#897=EDGE_CURVE('',#671,#631,#139,.T.);
#898=EDGE_CURVE('',#672,#630,#140,.T.);
#899=ORIENTED_EDGE('',*,*,#683,.T.);
#900=ORIENTED_EDGE('',*,*,#684,.T.);
#901=ORIENTED_EDGE('',*,*,#685,.T.);
#902=ORIENTED_EDGE('',*,*,#686,.T.);
#903=ORIENTED_EDGE('',*,*,#687,.T.);
#904=ORIENTED_EDGE('',*,*,#688,.T.);
#905=ORIENTED_EDGE('',*,*,#684,.F.);
#906=ORIENTED_EDGE('',*,*,#689,.T.);
#907=ORIENTED_EDGE('',*,*,#690,.T.);
#908=ORIENTED_EDGE('',*,*,#691,.T.);
#909=ORIENTED_EDGE('',*,*,#687,.F.);
#910=ORIENTED_EDGE('',*,*,#692,.T.);
#911=ORIENTED_EDGE('',*,*,#693,.T.);
#912=ORIENTED_EDGE('',*,*,#694,.T.);
#913=ORIENTED_EDGE('',*,*,#695,.T.);
#914=ORIENTED_EDGE('',*,*,#696,.T.);
#915=ORIENTED_EDGE('',*,*,#697,.T.);
#916=ORIENTED_EDGE('',*,*,#698,.T.);
#917=ORIENTED_EDGE('',*,*,#695,.F.);
#918=ORIENTED_EDGE('',*,*,#699,.T.);
#919=ORIENTED_EDGE('',*,*,#700,.T.);
#920=ORIENTED_EDGE('',*,*,#697,.F.);
#921=ORIENTED_EDGE('',*,*,#701,.T.);
#922=ORIENTED_EDGE('',*,*,#686,.F.);
#923=ORIENTED_EDGE('',*,*,#690,.F.);
#924=ORIENTED_EDGE('',*,*,#702,.T.);
#925=ORIENTED_EDGE('',*,*,#703,.T.);
#926=ORIENTED_EDGE('',*,*,#704,.T.);
#927=ORIENTED_EDGE('',*,*,#705,.T.);
#928=ORIENTED_EDGE('',*,*,#706,.F.);
#929=ORIENTED_EDGE('',*,*,#707,.T.);
#930=ORIENTED_EDGE('',*,*,#708,.F.);
#931=ORIENTED_EDGE('',*,*,#709,.T.);
#932=ORIENTED_EDGE('',*,*,#710,.F.);
#933=ORIENTED_EDGE('',*,*,#711,.F.);
#934=ORIENTED_EDGE('',*,*,#712,.T.);
#935=ORIENTED_EDGE('',*,*,#713,.F.);
#936=ORIENTED_EDGE('',*,*,#714,.T.);
#937=ORIENTED_EDGE('',*,*,#715,.F.);
#938=ORIENTED_EDGE('',*,*,#716,.F.);
#939=ORIENTED_EDGE('',*,*,#717,.T.);
#940=ORIENTED_EDGE('',*,*,#718,.T.);
#941=ORIENTED_EDGE('',*,*,#719,.T.);
#942=ORIENTED_EDGE('',*,*,#720,.T.);
#943=ORIENTED_EDGE('',*,*,#721,.T.);
#944=ORIENTED_EDGE('',*,*,#722,.T.);
#945=ORIENTED_EDGE('',*,*,#723,.T.);
#946=ORIENTED_EDGE('',*,*,#724,.T.);
#947=ORIENTED_EDGE('',*,*,#683,.F.);
#948=ORIENTED_EDGE('',*,*,#701,.F.);
#949=ORIENTED_EDGE('',*,*,#725,.F.);
#950=ORIENTED_EDGE('',*,*,#692,.F.);
#951=ORIENTED_EDGE('',*,*,#689,.F.);
#952=ORIENTED_EDGE('',*,*,#725,.T.);
#953=ORIENTED_EDGE('',*,*,#699,.F.);
#954=ORIENTED_EDGE('',*,*,#694,.F.);
#955=ORIENTED_EDGE('',*,*,#726,.F.);
#956=ORIENTED_EDGE('',*,*,#727,.F.);
#957=ORIENTED_EDGE('',*,*,#702,.F.);
#958=ORIENTED_EDGE('',*,*,#688,.F.);
#959=ORIENTED_EDGE('',*,*,#728,.T.);
#960=ORIENTED_EDGE('',*,*,#713,.T.);
#961=ORIENTED_EDGE('',*,*,#729,.T.);
#962=ORIENTED_EDGE('',*,*,#730,.F.);
#963=ORIENTED_EDGE('',*,*,#731,.F.);
#964=ORIENTED_EDGE('',*,*,#685,.F.);
#965=ORIENTED_EDGE('',*,*,#691,.F.);
#966=ORIENTED_EDGE('',*,*,#714,.F.);
#967=ORIENTED_EDGE('',*,*,#728,.F.);
#968=ORIENTED_EDGE('',*,*,#727,.T.);
#969=ORIENTED_EDGE('',*,*,#732,.T.);
#970=ORIENTED_EDGE('',*,*,#733,.F.);
#971=ORIENTED_EDGE('',*,*,#703,.F.);
#972=ORIENTED_EDGE('',*,*,#734,.T.);
#973=ORIENTED_EDGE('',*,*,#735,.T.);
#974=ORIENTED_EDGE('',*,*,#736,.T.);
#975=ORIENTED_EDGE('',*,*,#737,.T.);
#976=ORIENTED_EDGE('',*,*,#738,.F.);
#977=ORIENTED_EDGE('',*,*,#739,.T.);
#978=ORIENTED_EDGE('',*,*,#734,.F.);
#979=ORIENTED_EDGE('',*,*,#740,.T.);
#980=ORIENTED_EDGE('',*,*,#710,.T.);
#981=ORIENTED_EDGE('',*,*,#741,.T.);
#982=ORIENTED_EDGE('',*,*,#736,.F.);
#983=ORIENTED_EDGE('',*,*,#742,.T.);
#984=ORIENTED_EDGE('',*,*,#739,.F.);
#985=ORIENTED_EDGE('',*,*,#743,.T.);
#986=ORIENTED_EDGE('',*,*,#744,.T.);
#987=ORIENTED_EDGE('',*,*,#745,.F.);
#988=ORIENTED_EDGE('',*,*,#746,.T.);
#989=ORIENTED_EDGE('',*,*,#740,.F.);
#990=ORIENTED_EDGE('',*,*,#737,.F.);
#991=ORIENTED_EDGE('',*,*,#741,.F.);
#992=ORIENTED_EDGE('',*,*,#709,.F.);
#993=ORIENTED_EDGE('',*,*,#747,.T.);
#994=ORIENTED_EDGE('',*,*,#748,.T.);
#995=ORIENTED_EDGE('',*,*,#742,.F.);
#996=ORIENTED_EDGE('',*,*,#749,.T.);
#997=ORIENTED_EDGE('',*,*,#750,.T.);
#998=ORIENTED_EDGE('',*,*,#751,.T.);
#999=ORIENTED_EDGE('',*,*,#711,.T.);
#1000=ORIENTED_EDGE('',*,*,#750,.F.);
#1001=ORIENTED_EDGE('',*,*,#752,.T.);
#1002=ORIENTED_EDGE('',*,*,#745,.T.);
#1003=ORIENTED_EDGE('',*,*,#753,.T.);
#1004=ORIENTED_EDGE('',*,*,#751,.F.);
#1005=ORIENTED_EDGE('',*,*,#754,.F.);
#1006=ORIENTED_EDGE('',*,*,#729,.F.);
#1007=ORIENTED_EDGE('',*,*,#712,.F.);
#1008=ORIENTED_EDGE('',*,*,#753,.F.);
#1009=ORIENTED_EDGE('',*,*,#755,.T.);
#1010=ORIENTED_EDGE('',*,*,#756,.F.);
#1011=ORIENTED_EDGE('',*,*,#730,.T.);
#1012=ORIENTED_EDGE('',*,*,#754,.T.);
#1013=ORIENTED_EDGE('',*,*,#744,.F.);
#1014=ORIENTED_EDGE('',*,*,#757,.T.);
#1015=ORIENTED_EDGE('',*,*,#758,.F.);
#1016=ORIENTED_EDGE('',*,*,#755,.F.);
#1017=ORIENTED_EDGE('',*,*,#693,.F.);
#1018=ORIENTED_EDGE('',*,*,#759,.T.);
#1019=ORIENTED_EDGE('',*,*,#760,.F.);
#1020=ORIENTED_EDGE('',*,*,#757,.F.);
#1021=ORIENTED_EDGE('',*,*,#743,.F.);
#1022=ORIENTED_EDGE('',*,*,#738,.T.);
#1023=ORIENTED_EDGE('',*,*,#748,.F.);
#1024=ORIENTED_EDGE('',*,*,#761,.T.);
#1025=ORIENTED_EDGE('',*,*,#762,.T.);
#1026=ORIENTED_EDGE('',*,*,#763,.T.);
#1027=ORIENTED_EDGE('',*,*,#764,.T.);
#1028=ORIENTED_EDGE('',*,*,#765,.T.);
#1029=ORIENTED_EDGE('',*,*,#732,.F.);
#1030=ORIENTED_EDGE('',*,*,#726,.T.);
#1031=ORIENTED_EDGE('',*,*,#766,.T.);
#1032=ORIENTED_EDGE('',*,*,#767,.T.);
#1033=ORIENTED_EDGE('',*,*,#768,.T.);
#1034=ORIENTED_EDGE('',*,*,#769,.T.);
#1035=ORIENTED_EDGE('',*,*,#770,.T.);
#1036=ORIENTED_EDGE('',*,*,#771,.T.);
#1037=ORIENTED_EDGE('',*,*,#772,.T.);
#1038=ORIENTED_EDGE('',*,*,#773,.T.);
#1039=ORIENTED_EDGE('',*,*,#774,.T.);
#1040=ORIENTED_EDGE('',*,*,#775,.T.);
#1041=ORIENTED_EDGE('',*,*,#700,.F.);
#1042=ORIENTED_EDGE('',*,*,#731,.T.);
#1043=ORIENTED_EDGE('',*,*,#756,.T.);
#1044=ORIENTED_EDGE('',*,*,#758,.T.);
#1045=ORIENTED_EDGE('',*,*,#760,.T.);
#1046=ORIENTED_EDGE('',*,*,#776,.T.);
#1047=ORIENTED_EDGE('',*,*,#698,.F.);
#1048=ORIENTED_EDGE('',*,*,#735,.F.);
#1049=ORIENTED_EDGE('',*,*,#746,.F.);
#1050=ORIENTED_EDGE('',*,*,#752,.F.);
#1051=ORIENTED_EDGE('',*,*,#749,.F.);
#1052=ORIENTED_EDGE('',*,*,#696,.F.);
#1053=ORIENTED_EDGE('',*,*,#776,.F.);
#1054=ORIENTED_EDGE('',*,*,#759,.F.);
#1055=ORIENTED_EDGE('',*,*,#720,.F.);
#1056=ORIENTED_EDGE('',*,*,#777,.F.);
#1057=ORIENTED_EDGE('',*,*,#771,.F.);
#1058=ORIENTED_EDGE('',*,*,#778,.F.);
#1059=ORIENTED_EDGE('',*,*,#777,.T.);
#1060=ORIENTED_EDGE('',*,*,#719,.F.);
#1061=ORIENTED_EDGE('',*,*,#779,.F.);
#1062=ORIENTED_EDGE('',*,*,#772,.F.);
#1063=ORIENTED_EDGE('',*,*,#723,.F.);
#1064=ORIENTED_EDGE('',*,*,#780,.F.);
#1065=ORIENTED_EDGE('',*,*,#768,.F.);
#1066=ORIENTED_EDGE('',*,*,#781,.F.);
#1067=ORIENTED_EDGE('',*,*,#780,.T.);
#1068=ORIENTED_EDGE('',*,*,#722,.F.);
#1069=ORIENTED_EDGE('',*,*,#782,.F.);
#1070=ORIENTED_EDGE('',*,*,#769,.F.);
#1071=ORIENTED_EDGE('',*,*,#717,.F.);
#1072=ORIENTED_EDGE('',*,*,#783,.F.);
#1073=ORIENTED_EDGE('',*,*,#766,.F.);
#1074=ORIENTED_EDGE('',*,*,#784,.F.);
#1075=ORIENTED_EDGE('',*,*,#784,.T.);
#1076=ORIENTED_EDGE('',*,*,#773,.F.);
#1077=ORIENTED_EDGE('',*,*,#779,.T.);
#1078=ORIENTED_EDGE('',*,*,#718,.F.);
#1079=ORIENTED_EDGE('',*,*,#781,.T.);
#1080=ORIENTED_EDGE('',*,*,#767,.F.);
#1081=ORIENTED_EDGE('',*,*,#783,.T.);
#1082=ORIENTED_EDGE('',*,*,#724,.F.);
#1083=ORIENTED_EDGE('',*,*,#778,.T.);
#1084=ORIENTED_EDGE('',*,*,#770,.F.);
#1085=ORIENTED_EDGE('',*,*,#782,.T.);
#1086=ORIENTED_EDGE('',*,*,#721,.F.);
#1087=ORIENTED_EDGE('',*,*,#708,.T.);
#1088=ORIENTED_EDGE('',*,*,#785,.T.);
#1089=ORIENTED_EDGE('',*,*,#761,.F.);
#1090=ORIENTED_EDGE('',*,*,#747,.F.);
#1091=ORIENTED_EDGE('',*,*,#707,.F.);
#1092=ORIENTED_EDGE('',*,*,#786,.T.);
#1093=ORIENTED_EDGE('',*,*,#762,.F.);
#1094=ORIENTED_EDGE('',*,*,#785,.F.);
#1095=ORIENTED_EDGE('',*,*,#706,.T.);
#1096=ORIENTED_EDGE('',*,*,#787,.T.);
#1097=ORIENTED_EDGE('',*,*,#763,.F.);
#1098=ORIENTED_EDGE('',*,*,#786,.F.);
#1099=ORIENTED_EDGE('',*,*,#705,.F.);
#1100=ORIENTED_EDGE('',*,*,#788,.T.);
#1101=ORIENTED_EDGE('',*,*,#764,.F.);
#1102=ORIENTED_EDGE('',*,*,#787,.F.);
#1103=ORIENTED_EDGE('',*,*,#704,.F.);
#1104=ORIENTED_EDGE('',*,*,#733,.T.);
#1105=ORIENTED_EDGE('',*,*,#765,.F.);
#1106=ORIENTED_EDGE('',*,*,#788,.F.);
#1107=ORIENTED_EDGE('',*,*,#774,.F.);
#1108=ORIENTED_EDGE('',*,*,#789,.T.);
#1109=ORIENTED_EDGE('',*,*,#715,.T.);
#1110=ORIENTED_EDGE('',*,*,#789,.F.);
#1111=ORIENTED_EDGE('',*,*,#775,.F.);
#1112=ORIENTED_EDGE('',*,*,#790,.T.);
#1113=ORIENTED_EDGE('',*,*,#716,.T.);
#1114=ORIENTED_EDGE('',*,*,#790,.F.);
#1115=ORIENTED_EDGE('',*,*,#791,.T.);
#1116=ORIENTED_EDGE('',*,*,#792,.T.);
#1117=ORIENTED_EDGE('',*,*,#793,.T.);
#1118=ORIENTED_EDGE('',*,*,#794,.T.);
#1119=ORIENTED_EDGE('',*,*,#795,.T.);
#1120=ORIENTED_EDGE('',*,*,#796,.T.);
#1121=ORIENTED_EDGE('',*,*,#797,.T.);
#1122=ORIENTED_EDGE('',*,*,#798,.T.);
#1123=ORIENTED_EDGE('',*,*,#799,.T.);
#1124=ORIENTED_EDGE('',*,*,#800,.T.);
#1125=ORIENTED_EDGE('',*,*,#797,.F.);
#1126=ORIENTED_EDGE('',*,*,#801,.T.);
#1127=ORIENTED_EDGE('',*,*,#802,.T.);
#1128=ORIENTED_EDGE('',*,*,#799,.F.);
#1129=ORIENTED_EDGE('',*,*,#803,.T.);
#1130=ORIENTED_EDGE('',*,*,#794,.F.);
#1131=ORIENTED_EDGE('',*,*,#804,.T.);
#1132=ORIENTED_EDGE('',*,*,#805,.T.);
#1133=ORIENTED_EDGE('',*,*,#792,.F.);
#1134=ORIENTED_EDGE('',*,*,#806,.T.);
#1135=ORIENTED_EDGE('',*,*,#807,.T.);
#1136=ORIENTED_EDGE('',*,*,#808,.T.);
#1137=ORIENTED_EDGE('',*,*,#804,.F.);
#1138=ORIENTED_EDGE('',*,*,#809,.T.);
#1139=ORIENTED_EDGE('',*,*,#807,.F.);
#1140=ORIENTED_EDGE('',*,*,#810,.T.);
#1141=ORIENTED_EDGE('',*,*,#811,.T.);
#1142=ORIENTED_EDGE('',*,*,#812,.T.);
#1143=ORIENTED_EDGE('',*,*,#813,.T.);
#1144=ORIENTED_EDGE('',*,*,#814,.T.);
#1145=ORIENTED_EDGE('',*,*,#815,.T.);
#1146=ORIENTED_EDGE('',*,*,#816,.T.);
#1147=ORIENTED_EDGE('',*,*,#817,.T.);
#1148=ORIENTED_EDGE('',*,*,#818,.F.);
#1149=ORIENTED_EDGE('',*,*,#819,.F.);
#1150=ORIENTED_EDGE('',*,*,#820,.T.);
#1151=ORIENTED_EDGE('',*,*,#821,.F.);
#1152=ORIENTED_EDGE('',*,*,#822,.T.);
#1153=ORIENTED_EDGE('',*,*,#823,.T.);
#1154=ORIENTED_EDGE('',*,*,#824,.T.);
#1155=ORIENTED_EDGE('',*,*,#825,.T.);
#1156=ORIENTED_EDGE('',*,*,#826,.T.);
#1157=ORIENTED_EDGE('',*,*,#827,.T.);
#1158=ORIENTED_EDGE('',*,*,#828,.T.);
#1159=ORIENTED_EDGE('',*,*,#829,.T.);
#1160=ORIENTED_EDGE('',*,*,#830,.T.);
#1161=ORIENTED_EDGE('',*,*,#831,.T.);
#1162=ORIENTED_EDGE('',*,*,#832,.T.);
#1163=ORIENTED_EDGE('',*,*,#791,.F.);
#1164=ORIENTED_EDGE('',*,*,#803,.F.);
#1165=ORIENTED_EDGE('',*,*,#833,.F.);
#1166=ORIENTED_EDGE('',*,*,#809,.F.);
#1167=ORIENTED_EDGE('',*,*,#806,.F.);
#1168=ORIENTED_EDGE('',*,*,#833,.T.);
#1169=ORIENTED_EDGE('',*,*,#801,.F.);
#1170=ORIENTED_EDGE('',*,*,#796,.F.);
#1171=ORIENTED_EDGE('',*,*,#834,.F.);
#1172=ORIENTED_EDGE('',*,*,#835,.F.);
#1173=ORIENTED_EDGE('',*,*,#810,.F.);
#1174=ORIENTED_EDGE('',*,*,#805,.F.);
#1175=ORIENTED_EDGE('',*,*,#836,.T.);
#1176=ORIENTED_EDGE('',*,*,#821,.T.);
#1177=ORIENTED_EDGE('',*,*,#837,.T.);
#1178=ORIENTED_EDGE('',*,*,#838,.F.);
#1179=ORIENTED_EDGE('',*,*,#839,.F.);
#1180=ORIENTED_EDGE('',*,*,#793,.F.);
#1181=ORIENTED_EDGE('',*,*,#808,.F.);
#1182=ORIENTED_EDGE('',*,*,#822,.F.);
#1183=ORIENTED_EDGE('',*,*,#836,.F.);
#1184=ORIENTED_EDGE('',*,*,#835,.T.);
#1185=ORIENTED_EDGE('',*,*,#840,.T.);
#1186=ORIENTED_EDGE('',*,*,#841,.T.);
#1187=ORIENTED_EDGE('',*,*,#811,.F.);
#1188=ORIENTED_EDGE('',*,*,#842,.T.);
#1189=ORIENTED_EDGE('',*,*,#843,.T.);
#1190=ORIENTED_EDGE('',*,*,#844,.T.);
#1191=ORIENTED_EDGE('',*,*,#845,.T.);
#1192=ORIENTED_EDGE('',*,*,#846,.F.);
#1193=ORIENTED_EDGE('',*,*,#847,.T.);
#1194=ORIENTED_EDGE('',*,*,#842,.F.);
#1195=ORIENTED_EDGE('',*,*,#848,.T.);
#1196=ORIENTED_EDGE('',*,*,#818,.T.);
#1197=ORIENTED_EDGE('',*,*,#849,.T.);
#1198=ORIENTED_EDGE('',*,*,#844,.F.);
#1199=ORIENTED_EDGE('',*,*,#850,.T.);
#1200=ORIENTED_EDGE('',*,*,#847,.F.);
#1201=ORIENTED_EDGE('',*,*,#851,.T.);
#1202=ORIENTED_EDGE('',*,*,#852,.T.);
#1203=ORIENTED_EDGE('',*,*,#853,.F.);
#1204=ORIENTED_EDGE('',*,*,#854,.T.);
#1205=ORIENTED_EDGE('',*,*,#848,.F.);
#1206=ORIENTED_EDGE('',*,*,#845,.F.);
#1207=ORIENTED_EDGE('',*,*,#849,.F.);
#1208=ORIENTED_EDGE('',*,*,#817,.F.);
#1209=ORIENTED_EDGE('',*,*,#855,.F.);
#1210=ORIENTED_EDGE('',*,*,#856,.T.);
#1211=ORIENTED_EDGE('',*,*,#850,.F.);
#1212=ORIENTED_EDGE('',*,*,#857,.T.);
#1213=ORIENTED_EDGE('',*,*,#858,.T.);
#1214=ORIENTED_EDGE('',*,*,#859,.T.);
#1215=ORIENTED_EDGE('',*,*,#819,.T.);
#1216=ORIENTED_EDGE('',*,*,#858,.F.);
#1217=ORIENTED_EDGE('',*,*,#860,.T.);
#1218=ORIENTED_EDGE('',*,*,#853,.T.);
#1219=ORIENTED_EDGE('',*,*,#861,.T.);
#1220=ORIENTED_EDGE('',*,*,#859,.F.);
#1221=ORIENTED_EDGE('',*,*,#862,.F.);
#1222=ORIENTED_EDGE('',*,*,#837,.F.);
#1223=ORIENTED_EDGE('',*,*,#820,.F.);
#1224=ORIENTED_EDGE('',*,*,#861,.F.);
#1225=ORIENTED_EDGE('',*,*,#863,.T.);
#1226=ORIENTED_EDGE('',*,*,#864,.F.);
#1227=ORIENTED_EDGE('',*,*,#838,.T.);
#1228=ORIENTED_EDGE('',*,*,#862,.T.);
#1229=ORIENTED_EDGE('',*,*,#852,.F.);
#1230=ORIENTED_EDGE('',*,*,#865,.T.);
#1231=ORIENTED_EDGE('',*,*,#866,.F.);
#1232=ORIENTED_EDGE('',*,*,#863,.F.);
#1233=ORIENTED_EDGE('',*,*,#795,.F.);
#1234=ORIENTED_EDGE('',*,*,#867,.T.);
#1235=ORIENTED_EDGE('',*,*,#868,.F.);
#1236=ORIENTED_EDGE('',*,*,#865,.F.);
#1237=ORIENTED_EDGE('',*,*,#851,.F.);
#1238=ORIENTED_EDGE('',*,*,#846,.T.);
#1239=ORIENTED_EDGE('',*,*,#856,.F.);
#1240=ORIENTED_EDGE('',*,*,#869,.T.);
#1241=ORIENTED_EDGE('',*,*,#870,.F.);
#1242=ORIENTED_EDGE('',*,*,#871,.T.);
#1243=ORIENTED_EDGE('',*,*,#872,.F.);
#1244=ORIENTED_EDGE('',*,*,#873,.F.);
#1245=ORIENTED_EDGE('',*,*,#840,.F.);
#1246=ORIENTED_EDGE('',*,*,#834,.T.);
#1247=ORIENTED_EDGE('',*,*,#874,.T.);
#1248=ORIENTED_EDGE('',*,*,#875,.T.);
#1249=ORIENTED_EDGE('',*,*,#876,.T.);
#1250=ORIENTED_EDGE('',*,*,#877,.T.);
#1251=ORIENTED_EDGE('',*,*,#878,.T.);
#1252=ORIENTED_EDGE('',*,*,#879,.T.);
#1253=ORIENTED_EDGE('',*,*,#880,.T.);
#1254=ORIENTED_EDGE('',*,*,#881,.T.);
#1255=ORIENTED_EDGE('',*,*,#882,.T.);
#1256=ORIENTED_EDGE('',*,*,#883,.T.);
#1257=ORIENTED_EDGE('',*,*,#802,.F.);
#1258=ORIENTED_EDGE('',*,*,#839,.T.);
#1259=ORIENTED_EDGE('',*,*,#864,.T.);
#1260=ORIENTED_EDGE('',*,*,#866,.T.);
#1261=ORIENTED_EDGE('',*,*,#868,.T.);
#1262=ORIENTED_EDGE('',*,*,#884,.T.);
#1263=ORIENTED_EDGE('',*,*,#800,.F.);
#1264=ORIENTED_EDGE('',*,*,#843,.F.);
#1265=ORIENTED_EDGE('',*,*,#854,.F.);
#1266=ORIENTED_EDGE('',*,*,#860,.F.);
#1267=ORIENTED_EDGE('',*,*,#857,.F.);
#1268=ORIENTED_EDGE('',*,*,#798,.F.);
#1269=ORIENTED_EDGE('',*,*,#884,.F.);
#1270=ORIENTED_EDGE('',*,*,#867,.F.);
#1271=ORIENTED_EDGE('',*,*,#828,.F.);
#1272=ORIENTED_EDGE('',*,*,#885,.F.);
#1273=ORIENTED_EDGE('',*,*,#879,.F.);
#1274=ORIENTED_EDGE('',*,*,#886,.F.);
#1275=ORIENTED_EDGE('',*,*,#885,.T.);
#1276=ORIENTED_EDGE('',*,*,#827,.F.);
#1277=ORIENTED_EDGE('',*,*,#887,.F.);
#1278=ORIENTED_EDGE('',*,*,#880,.F.);
#1279=ORIENTED_EDGE('',*,*,#831,.F.);
#1280=ORIENTED_EDGE('',*,*,#888,.F.);
#1281=ORIENTED_EDGE('',*,*,#876,.F.);
#1282=ORIENTED_EDGE('',*,*,#889,.F.);
#1283=ORIENTED_EDGE('',*,*,#888,.T.);
#1284=ORIENTED_EDGE('',*,*,#830,.F.);
#1285=ORIENTED_EDGE('',*,*,#890,.F.);
#1286=ORIENTED_EDGE('',*,*,#877,.F.);
#1287=ORIENTED_EDGE('',*,*,#825,.F.);
#1288=ORIENTED_EDGE('',*,*,#891,.F.);
#1289=ORIENTED_EDGE('',*,*,#874,.F.);
#1290=ORIENTED_EDGE('',*,*,#892,.F.);
#1291=ORIENTED_EDGE('',*,*,#892,.T.);
#1292=ORIENTED_EDGE('',*,*,#881,.F.);
#1293=ORIENTED_EDGE('',*,*,#887,.T.);
#1294=ORIENTED_EDGE('',*,*,#826,.F.);
#1295=ORIENTED_EDGE('',*,*,#889,.T.);
#1296=ORIENTED_EDGE('',*,*,#875,.F.);
#1297=ORIENTED_EDGE('',*,*,#891,.T.);
#1298=ORIENTED_EDGE('',*,*,#832,.F.);
#1299=ORIENTED_EDGE('',*,*,#886,.T.);
#1300=ORIENTED_EDGE('',*,*,#878,.F.);
#1301=ORIENTED_EDGE('',*,*,#890,.T.);
#1302=ORIENTED_EDGE('',*,*,#829,.F.);
#1303=ORIENTED_EDGE('',*,*,#823,.F.);
#1304=ORIENTED_EDGE('',*,*,#893,.T.);
#1305=ORIENTED_EDGE('',*,*,#882,.F.);
#1306=ORIENTED_EDGE('',*,*,#893,.F.);
#1307=ORIENTED_EDGE('',*,*,#824,.F.);
#1308=ORIENTED_EDGE('',*,*,#894,.T.);
#1309=ORIENTED_EDGE('',*,*,#883,.F.);
#1310=ORIENTED_EDGE('',*,*,#894,.F.);
#1311=ORIENTED_EDGE('',*,*,#869,.F.);
#1312=ORIENTED_EDGE('',*,*,#855,.T.);
#1313=ORIENTED_EDGE('',*,*,#816,.F.);
#1314=ORIENTED_EDGE('',*,*,#895,.F.);
#1315=ORIENTED_EDGE('',*,*,#870,.T.);
#1316=ORIENTED_EDGE('',*,*,#895,.T.);
#1317=ORIENTED_EDGE('',*,*,#815,.F.);
#1318=ORIENTED_EDGE('',*,*,#896,.F.);
#1319=ORIENTED_EDGE('',*,*,#871,.F.);
#1320=ORIENTED_EDGE('',*,*,#896,.T.);
#1321=ORIENTED_EDGE('',*,*,#814,.F.);
#1322=ORIENTED_EDGE('',*,*,#897,.F.);
#1323=ORIENTED_EDGE('',*,*,#872,.T.);
#1324=ORIENTED_EDGE('',*,*,#897,.T.);
#1325=ORIENTED_EDGE('',*,*,#813,.F.);
#1326=ORIENTED_EDGE('',*,*,#898,.F.);
#1327=ORIENTED_EDGE('',*,*,#873,.T.);
#1328=ORIENTED_EDGE('',*,*,#898,.T.);
#1329=ORIENTED_EDGE('',*,*,#812,.F.);
#1330=ORIENTED_EDGE('',*,*,#841,.F.);
#1331=B_SPLINE_SURFACE_WITH_KNOTS('',3,3,((#1921,#1922,#1923,#1924,#1925,
#1926,#1927),(#1928,#1929,#1930,#1931,#1932,#1933,#1934),(#1935,#1936,#1937,
#1938,#1939,#1940,#1941),(#1942,#1943,#1944,#1945,#1946,#1947,#1948)),
 .UNSPECIFIED.,.F.,.F.,.F.,(4,4),(4,2,1,4),(0.,1.),(0.00132789741419448,
0.368812196987427,0.802389950082569,1.09144178547933),.UNSPECIFIED.);
#1332=B_SPLINE_SURFACE_WITH_KNOTS('',3,3,((#1978,#1979,#1980,#1981,#1982,
#1983),(#1984,#1985,#1986,#1987,#1988,#1989),(#1990,#1991,#1992,#1993,#1994,
#1995),(#1996,#1997,#1998,#1999,#2000,#2001)),.UNSPECIFIED.,.F.,.F.,.F.,
(4,4),(4,2,4),(0.,1.),(0.,0.0866483904807927,0.519765560935443),
 .UNSPECIFIED.);
#1333=B_SPLINE_SURFACE_WITH_KNOTS('',3,3,((#2017,#2018,#2019,#2020),(#2021,
#2022,#2023,#2024),(#2025,#2026,#2027,#2028),(#2029,#2030,#2031,#2032)),
 .UNSPECIFIED.,.F.,.F.,.F.,(4,4),(4,4),(0.,1.),(1.73824460270725E-13,0.661734000368995),
 .UNSPECIFIED.);
#1334=B_SPLINE_SURFACE_WITH_KNOTS('',3,3,((#2049,#2050,#2051,#2052),(#2053,
#2054,#2055,#2056),(#2057,#2058,#2059,#2060),(#2061,#2062,#2063,#2064)),
 .UNSPECIFIED.,.F.,.F.,.F.,(4,4),(4,4),(0.,1.),(-0.442395730392329,0.219338277046402),
 .UNSPECIFIED.);
#1335=B_SPLINE_SURFACE_WITH_KNOTS('',3,3,((#2086,#2087,#2088,#2089,#2090,
#2091),(#2092,#2093,#2094,#2095,#2096,#2097),(#2098,#2099,#2100,#2101,#2102,
#2103),(#2104,#2105,#2106,#2107,#2108,#2109)),.UNSPECIFIED.,.F.,.F.,.F.,
(4,4),(4,2,4),(0.,1.),(4.3382592245553E-11,0.433117174724918,0.519765554768939),
 .UNSPECIFIED.);
#1336=B_SPLINE_SURFACE_WITH_KNOTS('',3,3,((#2125,#2126,#2127,#2128,#2129,
#2130,#2131),(#2132,#2133,#2134,#2135,#2136,#2137,#2138),(#2139,#2140,#2141,
#2142,#2143,#2144,#2145),(#2146,#2147,#2148,#2149,#2150,#2151,#2152)),
 .UNSPECIFIED.,.F.,.F.,.F.,(4,4),(4,1,2,4),(0.,1.),(4.58145682185663E-10,
0.2890519051771,0.722629762255531,1.09011389595782),.UNSPECIFIED.);
#1337=B_SPLINE_SURFACE_WITH_KNOTS('',3,3,((#2350,#2351,#2352,#2353,#2354,
#2355,#2356,#2357),(#2358,#2359,#2360,#2361,#2362,#2363,#2364,#2365),(#2366,
#2367,#2368,#2369,#2370,#2371,#2372,#2373),(#2374,#2375,#2376,#2377,#2378,
#2379,#2380,#2381),(#2382,#2383,#2384,#2385,#2386,#2387,#2388,#2389),(#2390,
#2391,#2392,#2393,#2394,#2395,#2396,#2397),(#2398,#2399,#2400,#2401,#2402,
#2403,#2404,#2405)),.UNSPECIFIED.,.F.,.F.,.F.,(4,1,1,1,4),(4,2,2,4),(0.,
0.285714285714286,0.571428571428571,0.857142857142857,1.),(-0.366978799799627,
0.,0.693791861676664,1.09143290347404),.UNSPECIFIED.);
#1338=B_SPLINE_SURFACE_WITH_KNOTS('',3,3,((#2467,#2468,#2469,#2470,#2471),
(#2472,#2473,#2474,#2475,#2476),(#2477,#2478,#2479,#2480,#2481),(#2482,
#2483,#2484,#2485,#2486),(#2487,#2488,#2489,#2490,#2491),(#2492,#2493,#2494,
#2495,#2496),(#2497,#2498,#2499,#2500,#2501)),.UNSPECIFIED.,.F.,.F.,.F.,
(4,1,1,1,4),(4,1,4),(0.,0.285714285714286,0.571428571428571,0.785714285714286,
1.),(-0.269547385256349,-0.166850632528551,-0.0299216288914869),
 .UNSPECIFIED.);
#1339=B_SPLINE_SURFACE_WITH_KNOTS('',3,3,((#2526,#2527,#2528,#2529,#2530),
(#2531,#2532,#2533,#2534,#2535),(#2536,#2537,#2538,#2539,#2540),(#2541,
#2542,#2543,#2544,#2545),(#2546,#2547,#2548,#2549,#2550),(#2551,#2552,#2553,
#2554,#2555),(#2556,#2557,#2558,#2559,#2560)),.UNSPECIFIED.,.F.,.F.,.F.,
(4,1,1,1,4),(4,1,4),(0.,0.285714285714286,0.571428571428571,0.785714285714286,
1.),(0.,0.136975862102377,0.23970775867916),.UNSPECIFIED.);
#1340=B_SPLINE_SURFACE_WITH_KNOTS('',3,3,((#2571,#2572,#2573,#2574),(#2575,
#2576,#2577,#2578),(#2579,#2580,#2581,#2582),(#2583,#2584,#2585,#2586),
(#2587,#2588,#2589,#2590),(#2591,#2592,#2593,#2594)),.UNSPECIFIED.,.F.,
 .F.,.F.,(4,1,1,4),(4,4),(0.,0.285714285714286,0.571428571428571,1.),(0.738948789890282,
0.858717214741691),.UNSPECIFIED.);
#1341=B_SPLINE_SURFACE_WITH_KNOTS('',3,3,((#2639,#2640,#2641,#2642),(#2643,
#2644,#2645,#2646),(#2647,#2648,#2649,#2650),(#2651,#2652,#2653,#2654),
(#2655,#2656,#2657,#2658),(#2659,#2660,#2661,#2662)),.UNSPECIFIED.,.F.,
 .F.,.F.,(4,1,1,4),(4,4),(0.,0.285714285714286,0.571428571428571,1.),(-0.858717214741691,
-0.738948789890281),.UNSPECIFIED.);
#1342=B_SPLINE_SURFACE_WITH_KNOTS('',3,3,((#2668,#2669,#2670,#2671,#2672,
#2673),(#2674,#2675,#2676,#2677,#2678,#2679),(#2680,#2681,#2682,#2683,#2684,
#2685),(#2686,#2687,#2688,#2689,#2690,#2691),(#2692,#2693,#2694,#2695,#2696,
#2697),(#2698,#2699,#2700,#2701,#2702,#2703),(#2704,#2705,#2706,#2707,#2708,
#2709)),.UNSPECIFIED.,.F.,.F.,.F.,(4,1,1,1,4),(4,1,1,4),(0.,0.285714285714286,
0.571428571428571,0.857142857142857,1.),(1.31524718238445,1.37776119223101,
1.44027520207757,1.53404621684741),.UNSPECIFIED.);
#1343=B_SPLINE_SURFACE_WITH_KNOTS('',3,3,((#2901,#2902,#2903,#2904,#2905,
#2906,#2907,#2908),(#2909,#2910,#2911,#2912,#2913,#2914,#2915,#2916),(#2917,
#2918,#2919,#2920,#2921,#2922,#2923,#2924),(#2925,#2926,#2927,#2928,#2929,
#2930,#2931,#2932),(#2933,#2934,#2935,#2936,#2937,#2938,#2939,#2940),(#2941,
#2942,#2943,#2944,#2945,#2946,#2947,#2948),(#2949,#2950,#2951,#2952,#2953,
#2954,#2955,#2956)),.UNSPECIFIED.,.F.,.F.,.F.,(4,1,1,1,4),(4,2,2,4),(0.,
0.285714285714286,0.571428571428571,0.857142857142857,1.),(-0.397641064717059,
0.,0.693791854615328,1.06077081974092),.UNSPECIFIED.);
#1344=B_SPLINE_SURFACE_WITH_KNOTS('',3,3,((#2997,#2998,#2999,#3000,#3001,
#3002,#3003),(#3004,#3005,#3006,#3007,#3008,#3009,#3010),(#3011,#3012,#3013,
#3014,#3015,#3016,#3017),(#3018,#3019,#3020,#3021,#3022,#3023,#3024)),
 .UNSPECIFIED.,.F.,.F.,.F.,(4,4),(4,2,1,4),(0.,1.),(0.00132789741516374,
0.368812196995109,0.802389950086477,1.09144178548072),.UNSPECIFIED.);
#1345=B_SPLINE_SURFACE_WITH_KNOTS('',3,3,((#3054,#3055,#3056,#3057),(#3058,
#3059,#3060,#3061),(#3062,#3063,#3064,#3065),(#3066,#3067,#3068,#3069)),
 .UNSPECIFIED.,.F.,.F.,.F.,(4,4),(4,4),(0.,1.),(-0.442395730392352,0.219338277052401),
 .UNSPECIFIED.);
#1346=B_SPLINE_SURFACE_WITH_KNOTS('',3,3,((#3091,#3092,#3093,#3094,#3095,
#3096),(#3097,#3098,#3099,#3100,#3101,#3102),(#3103,#3104,#3105,#3106,#3107,
#3108),(#3109,#3110,#3111,#3112,#3113,#3114)),.UNSPECIFIED.,.F.,.F.,.F.,
(4,4),(4,2,4),(0.,1.),(4.33844336244704E-11,0.433117174728417,0.51976555476306),
 .UNSPECIFIED.);
#1347=B_SPLINE_SURFACE_WITH_KNOTS('',3,3,((#3130,#3131,#3132,#3133,#3134,
#3135,#3136),(#3137,#3138,#3139,#3140,#3141,#3142,#3143),(#3144,#3145,#3146,
#3147,#3148,#3149,#3150),(#3151,#3152,#3153,#3154,#3155,#3156,#3157)),
 .UNSPECIFIED.,.F.,.F.,.F.,(4,4),(4,1,2,4),(0.,1.),(4.58151192717245E-10,
0.289051905177619,0.72262976225682,1.0901138959585),.UNSPECIFIED.);
#1348=B_SPLINE_SURFACE_WITH_KNOTS('',3,3,((#3172,#3173,#3174,#3175,#3176,
#3177),(#3178,#3179,#3180,#3181,#3182,#3183),(#3184,#3185,#3186,#3187,#3188,
#3189),(#3190,#3191,#3192,#3193,#3194,#3195)),.UNSPECIFIED.,.F.,.F.,.F.,
(4,4),(4,2,4),(0.,1.),(0.,0.0866483904802139,0.519765560935076),
 .UNSPECIFIED.);
#1349=B_SPLINE_SURFACE_WITH_KNOTS('',3,3,((#3211,#3212,#3213,#3214),(#3215,
#3216,#3217,#3218),(#3219,#3220,#3221,#3222),(#3223,#3224,#3225,#3226)),
 .UNSPECIFIED.,.F.,.F.,.F.,(4,4),(4,4),(0.,1.),(1.72255289836006E-13,0.661734000369293),
 .UNSPECIFIED.);
#1350=B_SPLINE_SURFACE_WITH_KNOTS('',3,3,((#3426,#3427,#3428,#3429,#3430,
#3431,#3432,#3433),(#3434,#3435,#3436,#3437,#3438,#3439,#3440,#3441),(#3442,
#3443,#3444,#3445,#3446,#3447,#3448,#3449),(#3450,#3451,#3452,#3453,#3454,
#3455,#3456,#3457),(#3458,#3459,#3460,#3461,#3462,#3463,#3464,#3465),(#3466,
#3467,#3468,#3469,#3470,#3471,#3472,#3473),(#3474,#3475,#3476,#3477,#3478,
#3479,#3480,#3481)),.UNSPECIFIED.,.F.,.F.,.F.,(4,1,1,1,4),(4,2,2,4),(0.,
0.285714285714286,0.571428571428571,0.857142857142857,1.),(-0.366978799794482,
0.,0.693791861676676,1.09143290347547),.UNSPECIFIED.);
#1351=B_SPLINE_SURFACE_WITH_KNOTS('',3,3,((#3543,#3544,#3545,#3546,#3547),
(#3548,#3549,#3550,#3551,#3552),(#3553,#3554,#3555,#3556,#3557),(#3558,
#3559,#3560,#3561,#3562),(#3563,#3564,#3565,#3566,#3567),(#3568,#3569,#3570,
#3571,#3572),(#3573,#3574,#3575,#3576,#3577)),.UNSPECIFIED.,.F.,.F.,.F.,
(4,1,1,1,4),(4,1,4),(0.,0.285714285714286,0.571428571428571,0.785714285714286,
1.),(-0.269547385256348,-0.166850632528548,-0.0299216288914821),
 .UNSPECIFIED.);
#1352=B_SPLINE_SURFACE_WITH_KNOTS('',3,3,((#3602,#3603,#3604,#3605,#3606),
(#3607,#3608,#3609,#3610,#3611),(#3612,#3613,#3614,#3615,#3616),(#3617,
#3618,#3619,#3620,#3621),(#3622,#3623,#3624,#3625,#3626),(#3627,#3628,#3629,
#3630,#3631),(#3632,#3633,#3634,#3635,#3636)),.UNSPECIFIED.,.F.,.F.,.F.,
(4,1,1,1,4),(4,1,4),(0.,0.285714285714286,0.571428571428571,0.785714285714286,
1.),(0.,0.136975862102375,0.239707758679156),.UNSPECIFIED.);
#1353=B_SPLINE_SURFACE_WITH_KNOTS('',3,3,((#3647,#3648,#3649,#3650),(#3651,
#3652,#3653,#3654),(#3655,#3656,#3657,#3658),(#3659,#3660,#3661,#3662),
(#3663,#3664,#3665,#3666),(#3667,#3668,#3669,#3670)),.UNSPECIFIED.,.F.,
 .F.,.F.,(4,1,1,4),(4,4),(0.,0.285714285714286,0.571428571428571,1.),(0.738948789890282,
0.858717214741691),.UNSPECIFIED.);
#1354=B_SPLINE_SURFACE_WITH_KNOTS('',3,3,((#3715,#3716,#3717,#3718),(#3719,
#3720,#3721,#3722),(#3723,#3724,#3725,#3726),(#3727,#3728,#3729,#3730),
(#3731,#3732,#3733,#3734),(#3735,#3736,#3737,#3738)),.UNSPECIFIED.,.F.,
 .F.,.F.,(4,1,1,4),(4,4),(0.,0.285714285714286,0.571428571428571,1.),(-0.858717214741691,
-0.738948789890282),.UNSPECIFIED.);
#1355=B_SPLINE_SURFACE_WITH_KNOTS('',3,3,((#3744,#3745,#3746,#3747,#3748,
#3749),(#3750,#3751,#3752,#3753,#3754,#3755),(#3756,#3757,#3758,#3759,#3760,
#3761),(#3762,#3763,#3764,#3765,#3766,#3767),(#3768,#3769,#3770,#3771,#3772,
#3773),(#3774,#3775,#3776,#3777,#3778,#3779),(#3780,#3781,#3782,#3783,#3784,
#3785)),.UNSPECIFIED.,.F.,.F.,.F.,(4,1,1,1,4),(4,1,1,4),(0.,0.285714285714286,
0.571428571428571,0.857142857142857,1.),(1.31524718238445,1.40901819715429,
1.47153220700085,1.53404621684741),.UNSPECIFIED.);
#1356=B_SPLINE_SURFACE_WITH_KNOTS('',3,3,((#3977,#3978,#3979,#3980,#3981,
#3982,#3983,#3984),(#3985,#3986,#3987,#3988,#3989,#3990,#3991,#3992),(#3993,
#3994,#3995,#3996,#3997,#3998,#3999,#4000),(#4001,#4002,#4003,#4004,#4005,
#4006,#4007,#4008),(#4009,#4010,#4011,#4012,#4013,#4014,#4015,#4016),(#4017,
#4018,#4019,#4020,#4021,#4022,#4023,#4024),(#4025,#4026,#4027,#4028,#4029,
#4030,#4031,#4032)),.UNSPECIFIED.,.F.,.F.,.F.,(4,1,1,1,4),(4,2,2,4),(0.,
0.285714285714286,0.571428571428571,0.857142857142857,1.),(-0.397641064739857,
0.,0.693791854615343,1.06077081974323),.UNSPECIFIED.);
#1357=ADVANCED_FACE('',(#229),#1331,.F.);
#1358=ADVANCED_FACE('',(#230),#1332,.F.);
#1359=ADVANCED_FACE('',(#231),#1333,.F.);
#1360=ADVANCED_FACE('',(#232),#1334,.F.);
#1361=ADVANCED_FACE('',(#233),#1335,.F.);
#1362=ADVANCED_FACE('',(#234),#1336,.F.);
#1363=ADVANCED_FACE('',(#235,#61,#62,#63),#209,.F.);
#1364=ADVANCED_FACE('',(#236),#210,.F.);
#1365=ADVANCED_FACE('',(#237),#29,.T.);
#1366=ADVANCED_FACE('',(#238),#1337,.T.);
#1367=ADVANCED_FACE('',(#239),#25,.T.);
#1368=ADVANCED_FACE('',(#240),#211,.T.);
#1369=ADVANCED_FACE('',(#241),#30,.F.);
#1370=ADVANCED_FACE('',(#242),#1338,.T.);
#1371=ADVANCED_FACE('',(#243),#1339,.T.);
#1372=ADVANCED_FACE('',(#244),#1340,.F.);
#1373=ADVANCED_FACE('',(#245),#212,.T.);
#1374=ADVANCED_FACE('',(#246),#1341,.F.);
#1375=ADVANCED_FACE('',(#247),#1342,.F.);
#1376=ADVANCED_FACE('',(#248),#213,.T.);
#1377=ADVANCED_FACE('',(#249),#31,.T.);
#1378=ADVANCED_FACE('',(#250),#214,.T.);
#1379=ADVANCED_FACE('',(#251,#64,#65,#66),#215,.T.);
#1380=ADVANCED_FACE('',(#252),#1343,.T.);
#1381=ADVANCED_FACE('',(#253),#32,.F.);
#1382=ADVANCED_FACE('',(#254),#26,.T.);
#1383=ADVANCED_FACE('',(#255),#33,.F.);
#1384=ADVANCED_FACE('',(#256),#216,.F.);
#1385=ADVANCED_FACE('',(#257),#34,.F.);
#1386=ADVANCED_FACE('',(#258),#217,.F.);
#1387=ADVANCED_FACE('',(#259),#35,.F.);
#1388=ADVANCED_FACE('',(#260),#36,.T.);
#1389=ADVANCED_FACE('',(#261),#37,.T.);
#1390=ADVANCED_FACE('',(#262),#38,.F.);
#1391=ADVANCED_FACE('',(#263),#39,.T.);
#1392=ADVANCED_FACE('',(#264),#40,.F.);
#1393=ADVANCED_FACE('',(#265),#41,.T.);
#1394=ADVANCED_FACE('',(#266),#218,.T.);
#1395=ADVANCED_FACE('',(#267),#42,.F.);
#1396=ADVANCED_FACE('',(#268),#43,.F.);
#1397=ADVANCED_FACE('',(#269),#44,.F.);
#1398=ADVANCED_FACE('',(#270),#1344,.F.);
#1399=ADVANCED_FACE('',(#271),#1345,.F.);
#1400=ADVANCED_FACE('',(#272),#1346,.F.);
#1401=ADVANCED_FACE('',(#273),#1347,.F.);
#1402=ADVANCED_FACE('',(#274),#1348,.F.);
#1403=ADVANCED_FACE('',(#275),#1349,.F.);
#1404=ADVANCED_FACE('',(#276,#67,#68,#69),#219,.F.);
#1405=ADVANCED_FACE('',(#277),#220,.F.);
#1406=ADVANCED_FACE('',(#278),#45,.T.);
#1407=ADVANCED_FACE('',(#279),#1350,.T.);
#1408=ADVANCED_FACE('',(#280),#27,.T.);
#1409=ADVANCED_FACE('',(#281),#221,.T.);
#1410=ADVANCED_FACE('',(#282),#46,.F.);
#1411=ADVANCED_FACE('',(#283),#1351,.T.);
#1412=ADVANCED_FACE('',(#284),#1352,.T.);
#1413=ADVANCED_FACE('',(#285),#1353,.F.);
#1414=ADVANCED_FACE('',(#286),#222,.T.);
#1415=ADVANCED_FACE('',(#287),#1354,.F.);
#1416=ADVANCED_FACE('',(#288),#1355,.F.);
#1417=ADVANCED_FACE('',(#289),#223,.T.);
#1418=ADVANCED_FACE('',(#290),#47,.T.);
#1419=ADVANCED_FACE('',(#291),#224,.T.);
#1420=ADVANCED_FACE('',(#292,#70,#71,#72),#225,.T.);
#1421=ADVANCED_FACE('',(#293),#1356,.T.);
#1422=ADVANCED_FACE('',(#294),#48,.F.);
#1423=ADVANCED_FACE('',(#295),#28,.T.);
#1424=ADVANCED_FACE('',(#296),#49,.F.);
#1425=ADVANCED_FACE('',(#297),#226,.F.);
#1426=ADVANCED_FACE('',(#298),#50,.F.);
#1427=ADVANCED_FACE('',(#299),#227,.F.);
#1428=ADVANCED_FACE('',(#300),#51,.F.);
#1429=ADVANCED_FACE('',(#301),#52,.T.);
#1430=ADVANCED_FACE('',(#302),#53,.T.);
#1431=ADVANCED_FACE('',(#303),#54,.F.);
#1432=ADVANCED_FACE('',(#304),#55,.F.);
#1433=ADVANCED_FACE('',(#305),#56,.F.);
#1434=ADVANCED_FACE('',(#306),#57,.T.);
#1435=ADVANCED_FACE('',(#307),#58,.F.);
#1436=ADVANCED_FACE('',(#308),#59,.T.);
#1437=ADVANCED_FACE('',(#309),#228,.T.);
#1438=ADVANCED_FACE('',(#310),#60,.F.);
#1439=CLOSED_SHELL('',(#1357,#1358,#1359,#1360,#1361,#1362,#1363,#1364,
#1365,#1366,#1367,#1368,#1369,#1370,#1371,#1372,#1373,#1374,#1375,#1376,
#1377,#1378,#1379,#1380,#1381,#1382,#1383,#1384,#1385,#1386,#1387,#1388,
#1389,#1390,#1391,#1392,#1393,#1394,#1395,#1396,#1397));
#1440=CLOSED_SHELL('',(#1398,#1399,#1400,#1401,#1402,#1403,#1404,#1405,
#1406,#1407,#1408,#1409,#1410,#1411,#1412,#1413,#1414,#1415,#1416,#1417,
#1418,#1419,#1420,#1421,#1422,#1423,#1424,#1425,#1426,#1427,#1428,#1429,
#1430,#1431,#1432,#1433,#1434,#1435,#1436,#1437,#1438));
#1441=DERIVED_UNIT_ELEMENT(#1443,1.);
#1442=DERIVED_UNIT_ELEMENT(#4078,-3.);
#1443=(
MASS_UNIT()
NAMED_UNIT(*)
SI_UNIT(.KILO.,.GRAM.)
);
#1444=DERIVED_UNIT((#1441,#1442));
#1445=MEASURE_REPRESENTATION_ITEM('density measure',
POSITIVE_RATIO_MEASURE(7850.),#1444);
#1446=PROPERTY_DEFINITION_REPRESENTATION(#1451,#1448);
#1447=PROPERTY_DEFINITION_REPRESENTATION(#1452,#1449);
#1448=REPRESENTATION('material name',(#1450),#4075);
#1449=REPRESENTATION('density',(#1445),#4075);
#1450=DESCRIPTIVE_REPRESENTATION_ITEM('Steel','Steel');
#1451=PROPERTY_DEFINITION('material property','material name',#4085);
#1452=PROPERTY_DEFINITION('material property','density of part',#4085);
#1453=AXIS2_PLACEMENT_3D('',#1920,#1586,#1587);
#1454=AXIS2_PLACEMENT_3D('',#1959,#1588,#1589);
#1455=AXIS2_PLACEMENT_3D('',#2004,#1590,#1591);
#1456=AXIS2_PLACEMENT_3D('',#2081,#1592,#1593);
#1457=AXIS2_PLACEMENT_3D('',#2112,#1594,#1595);
#1458=AXIS2_PLACEMENT_3D('',#2167,#1596,#1597);
#1459=AXIS2_PLACEMENT_3D('',#2169,#1598,#1599);
#1460=AXIS2_PLACEMENT_3D('',#2173,#1601,#1602);
#1461=AXIS2_PLACEMENT_3D('',#2177,#1604,#1605);
#1462=AXIS2_PLACEMENT_3D('',#2179,#1606,#1607);
#1463=AXIS2_PLACEMENT_3D('',#2181,#1608,#1609);
#1464=AXIS2_PLACEMENT_3D('',#2323,#1612,#1613);
#1465=AXIS2_PLACEMENT_3D('',#2325,#1614,#1615);
#1466=AXIS2_PLACEMENT_3D('',#2327,#1616,#1617);
#1467=AXIS2_PLACEMENT_3D('',#2330,#1618,#1619);
#1468=AXIS2_PLACEMENT_3D('',#2332,#1620,#1621);
#1469=AXIS2_PLACEMENT_3D('',#2336,#1623,#1624);
#1470=AXIS2_PLACEMENT_3D('',#2338,#1625,#1626);
#1471=AXIS2_PLACEMENT_3D('',#2342,#1628,#1629);
#1472=AXIS2_PLACEMENT_3D('',#2343,#1630,#1631);
#1473=AXIS2_PLACEMENT_3D('',#2344,#1632,#1633);
#1474=AXIS2_PLACEMENT_3D('',#2346,#1635,#1636);
#1475=AXIS2_PLACEMENT_3D('',#2348,#1637,#1638);
#1476=AXIS2_PLACEMENT_3D('',#2454,#1640,#1641);
#1477=AXIS2_PLACEMENT_3D('',#2458,#1644,#1645);
#1478=AXIS2_PLACEMENT_3D('',#2461,#1646,#1647);
#1479=AXIS2_PLACEMENT_3D('',#2465,#1649,#1650);
#1480=AXIS2_PLACEMENT_3D('',#2631,#1652,#1653);
#1481=AXIS2_PLACEMENT_3D('',#2633,#1654,#1655);
#1482=AXIS2_PLACEMENT_3D('',#2634,#1656,#1657);
#1483=AXIS2_PLACEMENT_3D('',#2635,#1658,#1659);
#1484=AXIS2_PLACEMENT_3D('',#2664,#1662,#1663);
#1485=AXIS2_PLACEMENT_3D('',#2666,#1664,#1665);
#1486=AXIS2_PLACEMENT_3D('',#2667,#1666,#1667);
#1487=AXIS2_PLACEMENT_3D('',#2759,#1668,#1669);
#1488=AXIS2_PLACEMENT_3D('',#2761,#1671,#1672);
#1489=AXIS2_PLACEMENT_3D('',#2770,#1674,#1675);
#1490=AXIS2_PLACEMENT_3D('',#2781,#1677,#1678);
#1491=AXIS2_PLACEMENT_3D('',#2783,#1679,#1680);
#1492=AXIS2_PLACEMENT_3D('',#2873,#1681,#1682);
#1493=AXIS2_PLACEMENT_3D('',#2875,#1683,#1684);
#1494=AXIS2_PLACEMENT_3D('',#2877,#1685,#1686);
#1495=AXIS2_PLACEMENT_3D('',#2880,#1688,#1689);
#1496=AXIS2_PLACEMENT_3D('',#2883,#1690,#1691);
#1497=AXIS2_PLACEMENT_3D('',#2885,#1692,#1693);
#1498=AXIS2_PLACEMENT_3D('',#2887,#1694,#1695);
#1499=AXIS2_PLACEMENT_3D('',#2891,#1697,#1698);
#1500=AXIS2_PLACEMENT_3D('',#2893,#1699,#1700);
#1501=AXIS2_PLACEMENT_3D('',#2896,#1702,#1703);
#1502=AXIS2_PLACEMENT_3D('',#2898,#1704,#1705);
#1503=AXIS2_PLACEMENT_3D('',#2900,#1706,#1707);
#1504=AXIS2_PLACEMENT_3D('',#2961,#1708,#1709);
#1505=AXIS2_PLACEMENT_3D('',#2968,#1710,#1711);
#1506=AXIS2_PLACEMENT_3D('',#2971,#1714,#1715);
#1507=AXIS2_PLACEMENT_3D('',#2973,#1717,#1718);
#1508=AXIS2_PLACEMENT_3D('',#2976,#1721,#1722);
#1509=AXIS2_PLACEMENT_3D('',#2978,#1724,#1725);
#1510=AXIS2_PLACEMENT_3D('',#2981,#1728,#1729);
#1511=AXIS2_PLACEMENT_3D('',#2982,#1730,#1731);
#1512=AXIS2_PLACEMENT_3D('',#2983,#1732,#1733);
#1513=AXIS2_PLACEMENT_3D('',#2984,#1734,#1735);
#1514=AXIS2_PLACEMENT_3D('',#2986,#1737,#1738);
#1515=AXIS2_PLACEMENT_3D('',#2988,#1740,#1741);
#1516=AXIS2_PLACEMENT_3D('',#2990,#1743,#1744);
#1517=AXIS2_PLACEMENT_3D('',#2992,#1746,#1747);
#1518=AXIS2_PLACEMENT_3D('',#2993,#1748,#1749);
#1519=AXIS2_PLACEMENT_3D('',#2995,#1751,#1752);
#1520=AXIS2_PLACEMENT_3D('',#3035,#1754,#1755);
#1521=AXIS2_PLACEMENT_3D('',#3086,#1756,#1757);
#1522=AXIS2_PLACEMENT_3D('',#3117,#1758,#1759);
#1523=AXIS2_PLACEMENT_3D('',#3198,#1760,#1761);
#1524=AXIS2_PLACEMENT_3D('',#3243,#1762,#1763);
#1525=AXIS2_PLACEMENT_3D('',#3245,#1764,#1765);
#1526=AXIS2_PLACEMENT_3D('',#3249,#1767,#1768);
#1527=AXIS2_PLACEMENT_3D('',#3253,#1770,#1771);
#1528=AXIS2_PLACEMENT_3D('',#3255,#1772,#1773);
#1529=AXIS2_PLACEMENT_3D('',#3257,#1774,#1775);
#1530=AXIS2_PLACEMENT_3D('',#3399,#1778,#1779);
#1531=AXIS2_PLACEMENT_3D('',#3401,#1780,#1781);
#1532=AXIS2_PLACEMENT_3D('',#3403,#1782,#1783);
#1533=AXIS2_PLACEMENT_3D('',#3406,#1784,#1785);
#1534=AXIS2_PLACEMENT_3D('',#3408,#1786,#1787);
#1535=AXIS2_PLACEMENT_3D('',#3412,#1789,#1790);
#1536=AXIS2_PLACEMENT_3D('',#3414,#1791,#1792);
#1537=AXIS2_PLACEMENT_3D('',#3418,#1794,#1795);
#1538=AXIS2_PLACEMENT_3D('',#3419,#1796,#1797);
#1539=AXIS2_PLACEMENT_3D('',#3420,#1798,#1799);
#1540=AXIS2_PLACEMENT_3D('',#3422,#1801,#1802);
#1541=AXIS2_PLACEMENT_3D('',#3424,#1803,#1804);
#1542=AXIS2_PLACEMENT_3D('',#3530,#1806,#1807);
#1543=AXIS2_PLACEMENT_3D('',#3534,#1810,#1811);
#1544=AXIS2_PLACEMENT_3D('',#3537,#1812,#1813);
#1545=AXIS2_PLACEMENT_3D('',#3541,#1815,#1816);
#1546=AXIS2_PLACEMENT_3D('',#3707,#1818,#1819);
#1547=AXIS2_PLACEMENT_3D('',#3709,#1820,#1821);
#1548=AXIS2_PLACEMENT_3D('',#3710,#1822,#1823);
#1549=AXIS2_PLACEMENT_3D('',#3711,#1824,#1825);
#1550=AXIS2_PLACEMENT_3D('',#3740,#1828,#1829);
#1551=AXIS2_PLACEMENT_3D('',#3742,#1830,#1831);
#1552=AXIS2_PLACEMENT_3D('',#3743,#1832,#1833);
#1553=AXIS2_PLACEMENT_3D('',#3835,#1834,#1835);
#1554=AXIS2_PLACEMENT_3D('',#3837,#1837,#1838);
#1555=AXIS2_PLACEMENT_3D('',#3846,#1840,#1841);
#1556=AXIS2_PLACEMENT_3D('',#3857,#1843,#1844);
#1557=AXIS2_PLACEMENT_3D('',#3859,#1845,#1846);
#1558=AXIS2_PLACEMENT_3D('',#3949,#1847,#1848);
#1559=AXIS2_PLACEMENT_3D('',#3951,#1849,#1850);
#1560=AXIS2_PLACEMENT_3D('',#3953,#1851,#1852);
#1561=AXIS2_PLACEMENT_3D('',#3956,#1854,#1855);
#1562=AXIS2_PLACEMENT_3D('',#3959,#1856,#1857);
#1563=AXIS2_PLACEMENT_3D('',#3961,#1858,#1859);
#1564=AXIS2_PLACEMENT_3D('',#3963,#1860,#1861);
#1565=AXIS2_PLACEMENT_3D('',#3967,#1863,#1864);
#1566=AXIS2_PLACEMENT_3D('',#3969,#1865,#1866);
#1567=AXIS2_PLACEMENT_3D('',#3972,#1868,#1869);
#1568=AXIS2_PLACEMENT_3D('',#3974,#1870,#1871);
#1569=AXIS2_PLACEMENT_3D('',#3976,#1872,#1873);
#1570=AXIS2_PLACEMENT_3D('',#4037,#1874,#1875);
#1571=AXIS2_PLACEMENT_3D('',#4044,#1876,#1877);
#1572=AXIS2_PLACEMENT_3D('',#4047,#1880,#1881);
#1573=AXIS2_PLACEMENT_3D('',#4049,#1883,#1884);
#1574=AXIS2_PLACEMENT_3D('',#4052,#1887,#1888);
#1575=AXIS2_PLACEMENT_3D('',#4054,#1890,#1891);
#1576=AXIS2_PLACEMENT_3D('',#4057,#1894,#1895);
#1577=AXIS2_PLACEMENT_3D('',#4058,#1896,#1897);
#1578=AXIS2_PLACEMENT_3D('',#4059,#1898,#1899);
#1579=AXIS2_PLACEMENT_3D('',#4060,#1900,#1901);
#1580=AXIS2_PLACEMENT_3D('',#4062,#1903,#1904);
#1581=AXIS2_PLACEMENT_3D('',#4064,#1906,#1907);
#1582=AXIS2_PLACEMENT_3D('',#4066,#1909,#1910);
#1583=AXIS2_PLACEMENT_3D('',#4068,#1912,#1913);
#1584=AXIS2_PLACEMENT_3D('',#4070,#1915,#1916);
#1585=AXIS2_PLACEMENT_3D('',#4072,#1918,#1919);
#1586=DIRECTION('axis',(0.,0.,1.));
#1587=DIRECTION('refdir',(1.,0.,0.));
#1588=DIRECTION('center_axis',(0.0478670517117477,-0.843849904861712,0.534439971769799));
#1589=DIRECTION('ref_axis',(-0.998395031818438,-0.0566335628427154,0.));
#1590=DIRECTION('center_axis',(-0.157451146382821,-0.906254719023371,0.392315588207513));
#1591=DIRECTION('ref_axis',(-0.98524080470478,0.171174053947077,-3.55271367880049E-15));
#1592=DIRECTION('center_axis',(0.157451143691915,0.90625472100818,0.392315584702538));
#1593=DIRECTION('ref_axis',(-0.985240805261373,0.171174050743452,-8.88178419700125E-16));
#1594=DIRECTION('center_axis',(-0.0478670515982159,0.843849902902003,0.534439974874235));
#1595=DIRECTION('ref_axis',(-0.998395031818597,-0.056633562839922,-8.88178419700119E-16));
#1596=DIRECTION('center_axis',(0.,0.,1.));
#1597=DIRECTION('ref_axis',(1.,0.,0.));
#1598=DIRECTION('center_axis',(0.,0.,-1.));
#1599=DIRECTION('ref_axis',(-0.887519496538424,0.460770163166174,3.8619511222059E-17));
#1600=DIRECTION('',(0.996194698091746,-0.0871557427476586,-1.29414872191158E-31));
#1601=DIRECTION('center_axis',(0.,0.,1.));
#1602=DIRECTION('ref_axis',(-0.0871557427476582,-0.996194698091746,0.));
#1603=DIRECTION('',(0.906307787036661,0.422618261740675,0.));
#1604=DIRECTION('center_axis',(0.,0.,1.));
#1605=DIRECTION('ref_axis',(0.999823835652377,-0.01876959406508,0.));
#1606=DIRECTION('center_axis',(0.,0.,1.));
#1607=DIRECTION('ref_axis',(-0.999823835652377,0.01876959406508,0.));
#1608=DIRECTION('center_axis',(0.,0.,1.));
#1609=DIRECTION('ref_axis',(-0.216439613938104,-0.976296007119933,0.));
#1610=DIRECTION('',(-0.976296007119933,0.216439613938103,0.));
#1611=DIRECTION('',(-0.976296007119933,0.216439613938103,-3.78557765509988E-15));
#1612=DIRECTION('center_axis',(-1.27881748307312E-31,2.3174061525216E-32,
-1.));
#1613=DIRECTION('ref_axis',(-1.,7.6358672471446E-16,1.27881748307312E-31));
#1614=DIRECTION('center_axis',(0.,0.,-1.));
#1615=DIRECTION('ref_axis',(1.,0.,0.));
#1616=DIRECTION('center_axis',(0.,0.,-1.));
#1617=DIRECTION('ref_axis',(1.,0.,0.));
#1618=DIRECTION('center_axis',(0.,0.,1.));
#1619=DIRECTION('ref_axis',(0.601793762264839,0.79865153083127,9.03348582825027E-18));
#1620=DIRECTION('center_axis',(0.,0.,-1.));
#1621=DIRECTION('ref_axis',(-0.0871557427476581,-0.996194698091746,-1.30828901249894E-18));
#1622=DIRECTION('',(-0.996194698091746,0.0871557427476582,0.));
#1623=DIRECTION('center_axis',(0.,0.,1.));
#1624=DIRECTION('ref_axis',(-0.965082924983644,0.261944551203138,-1.44867950992313E-17));
#1625=DIRECTION('center_axis',(0.,0.,1.));
#1626=DIRECTION('ref_axis',(-0.991356476249776,-0.13119579641752,-1.48811856162203E-17));
#1627=DIRECTION('',(0.976296007119934,-0.216439613938101,0.));
#1628=DIRECTION('center_axis',(0.,0.,1.));
#1629=DIRECTION('ref_axis',(0.716947449339602,-0.697127215711336,1.07620501063942E-17));
#1630=DIRECTION('center_axis',(0.,0.,-1.));
#1631=DIRECTION('ref_axis',(1.,-6.69535286834775E-17,1.50109329718757E-17));
#1632=DIRECTION('center_axis',(0.998395031819077,0.0566335628314529,-1.81849990019718E-17));
#1633=DIRECTION('ref_axis',(1.8243204288471E-17,-5.10748797212914E-19,1.));
#1634=DIRECTION('',(1.36214502790104E-17,-5.75779654351026E-17,1.));
#1635=DIRECTION('center_axis',(-1.36214502790104E-17,5.75779654351026E-17,
-1.));
#1636=DIRECTION('ref_axis',(-0.887519496538424,0.460770163166174,3.8619511222059E-17));
#1637=DIRECTION('center_axis',(0.,0.,1.));
#1638=DIRECTION('ref_axis',(-0.887519496538424,0.460770163166174,3.8619511222059E-17));
#1639=DIRECTION('',(1.36214502790104E-17,-5.75779654351026E-17,1.));
#1640=DIRECTION('center_axis',(0.0871557427476581,0.996194698091746,0.));
#1641=DIRECTION('ref_axis',(-0.996194698091746,0.0871557427476581,0.));
#1642=DIRECTION('',(0.996194698091746,-0.0871557427476586,-1.29414872191158E-31));
#1643=DIRECTION('',(0.,0.,1.));
#1644=DIRECTION('center_axis',(0.,0.,-1.));
#1645=DIRECTION('ref_axis',(-0.803387352444687,0.595456767475118,0.));
#1646=DIRECTION('center_axis',(0.,0.,1.));
#1647=DIRECTION('ref_axis',(0.2164396139381,0.976296007119934,0.));
#1648=DIRECTION('',(0.,0.,-1.));
#1649=DIRECTION('center_axis',(0.,0.,-1.));
#1650=DIRECTION('ref_axis',(-0.871131562080341,-0.491049693562133,0.));
#1651=DIRECTION('',(0.,0.,1.));
#1652=DIRECTION('center_axis',(-0.187620437214854,-0.846301101605842,0.498570974847159));
#1653=DIRECTION('ref_axis',(-0.107910509316662,-0.486752852009174,-0.866848881316665));
#1654=DIRECTION('center_axis',(0.37397483997127,-0.530903025690152,-0.76045039048021));
#1655=DIRECTION('ref_axis',(0.817533525407702,0.575881007530597,8.88178419700119E-15));
#1656=DIRECTION('center_axis',(0.187975285851084,0.8479017203668,-0.495709556603687));
#1657=DIRECTION('ref_axis',(-0.107291185056729,-0.483959260803373,-0.868488362323742));
#1658=DIRECTION('center_axis',(-0.216439613938103,-0.976296007119933,0.));
#1659=DIRECTION('ref_axis',(0.976296007119933,-0.216439613938103,0.));
#1660=DIRECTION('',(0.,0.,1.));
#1661=DIRECTION('',(-0.976296007119934,0.216439613938102,1.29866225185841E-31));
#1662=DIRECTION('center_axis',(0.187975285851084,0.8479017203668,0.495709556603687));
#1663=DIRECTION('ref_axis',(-0.107291185056729,-0.483959260803373,0.868488362323742));
#1664=DIRECTION('center_axis',(-0.373974839971182,0.530903025690094,-0.760450390480295));
#1665=DIRECTION('ref_axis',(0.817533525407712,0.575881007530581,2.66453525910045E-14));
#1666=DIRECTION('center_axis',(-0.187620437214854,-0.846301101605842,-0.498570974847159));
#1667=DIRECTION('ref_axis',(-0.107910509316662,-0.486752852009174,0.866848881316665));
#1668=DIRECTION('center_axis',(-0.187620437214854,-0.846301101605842,-0.498570974847159));
#1669=DIRECTION('ref_axis',(0.150352899752134,0.476858475374115,-0.866025403784439));
#1670=DIRECTION('',(0.976296007119934,-0.216439613938101,0.));
#1671=DIRECTION('center_axis',(0.976296007119934,-0.216439613938101,0.));
#1672=DIRECTION('ref_axis',(-0.216439613938103,-0.976296007119934,0.));
#1673=DIRECTION('',(-0.976296007119934,0.216439613938101,0.));
#1674=DIRECTION('center_axis',(-0.187620437214854,-0.846301101605842,0.498570974847159));
#1675=DIRECTION('ref_axis',(-0.150352899752134,-0.476858475374115,-0.866025403784439));
#1676=DIRECTION('',(-0.976296007119934,0.216439613938101,-6.01688868703352E-33));
#1677=DIRECTION('center_axis',(0.,0.,1.));
#1678=DIRECTION('ref_axis',(1.,0.,0.));
#1679=DIRECTION('center_axis',(1.27881748307312E-31,-2.3174061525216E-32,
1.));
#1680=DIRECTION('ref_axis',(-1.,7.6358672471446E-16,1.27881748307312E-31));
#1681=DIRECTION('center_axis',(0.,0.,1.));
#1682=DIRECTION('ref_axis',(-0.216439613938104,-0.976296007119933,0.));
#1683=DIRECTION('center_axis',(0.,0.,-1.));
#1684=DIRECTION('ref_axis',(-0.999823835652377,0.01876959406508,0.));
#1685=DIRECTION('center_axis',(0.,0.,1.));
#1686=DIRECTION('ref_axis',(0.999823835652377,-0.01876959406508,0.));
#1687=DIRECTION('',(-0.906307787036661,-0.422618261740675,0.));
#1688=DIRECTION('center_axis',(0.,0.,-1.));
#1689=DIRECTION('ref_axis',(-0.0871557427476582,-0.996194698091746,0.));
#1690=DIRECTION('center_axis',(0.,0.,-1.));
#1691=DIRECTION('ref_axis',(0.601793762264839,0.79865153083127,9.03348582825027E-18));
#1692=DIRECTION('center_axis',(0.,0.,1.));
#1693=DIRECTION('ref_axis',(1.,-6.69535286834775E-17,1.50109329718757E-17));
#1694=DIRECTION('center_axis',(0.,0.,-1.));
#1695=DIRECTION('ref_axis',(0.716947449339602,-0.697127215711336,1.07620501063942E-17));
#1696=DIRECTION('',(-0.976296007119934,0.216439613938101,0.));
#1697=DIRECTION('center_axis',(0.,0.,-1.));
#1698=DIRECTION('ref_axis',(-0.991356476249776,-0.13119579641752,-1.48811856162203E-17));
#1699=DIRECTION('center_axis',(0.,0.,-1.));
#1700=DIRECTION('ref_axis',(-0.965082924983644,0.261944551203138,-1.44867950992313E-17));
#1701=DIRECTION('',(0.996194698091746,-0.0871557427476582,0.));
#1702=DIRECTION('center_axis',(0.,0.,1.));
#1703=DIRECTION('ref_axis',(-0.0871557427476581,-0.996194698091746,-1.30828901249894E-18));
#1704=DIRECTION('center_axis',(0.,0.,-1.));
#1705=DIRECTION('ref_axis',(1.,0.,0.));
#1706=DIRECTION('center_axis',(0.,0.,-1.));
#1707=DIRECTION('ref_axis',(1.,0.,0.));
#1708=DIRECTION('center_axis',(0.,0.,-1.));
#1709=DIRECTION('ref_axis',(1.,5.55111512312585E-17,0.));
#1710=DIRECTION('center_axis',(1.50109329718757E-17,-1.99675124811574E-31,
-1.));
#1711=DIRECTION('ref_axis',(-0.965082924983644,0.261944551203138,-1.44867950992313E-17));
#1712=DIRECTION('',(1.50109329718757E-17,-1.99675124811574E-31,-1.));
#1713=DIRECTION('',(-1.50109329718757E-17,1.99675124811574E-31,1.));
#1714=DIRECTION('center_axis',(0.0871557427476582,0.996194698091746,1.30828901249894E-18));
#1715=DIRECTION('ref_axis',(0.996194698091746,-0.0871557427476582,1.49538118399932E-17));
#1716=DIRECTION('',(1.50109329718757E-17,-1.99675124811574E-31,-1.));
#1717=DIRECTION('center_axis',(1.50109329718757E-17,-1.99675124811574E-31,
-1.));
#1718=DIRECTION('ref_axis',(0.716947449339602,-0.697127215711336,1.07620501063942E-17));
#1719=DIRECTION('',(1.50109329718757E-17,-1.99675124811574E-31,-1.));
#1720=DIRECTION('',(-1.50109329718757E-17,1.99675124811574E-31,1.));
#1721=DIRECTION('center_axis',(-0.216439613938101,-0.976296007119934,-3.24896053728331E-18));
#1722=DIRECTION('ref_axis',(-0.976296007119934,0.216439613938101,-1.46551139235874E-17));
#1723=DIRECTION('',(1.50109329718757E-17,-1.99675124811574E-31,-1.));
#1724=DIRECTION('center_axis',(1.50109329718757E-17,-1.99675124811574E-31,
-1.));
#1725=DIRECTION('ref_axis',(0.601793762264839,0.79865153083127,9.03348582825027E-18));
#1726=DIRECTION('',(1.50109329718757E-17,-1.99675124811574E-31,-1.));
#1727=DIRECTION('',(-1.50109329718757E-17,1.99675124811574E-31,1.));
#1728=DIRECTION('center_axis',(1.50109329718757E-17,-1.99675124811574E-31,
-1.));
#1729=DIRECTION('ref_axis',(-0.0871557427476581,-0.996194698091746,-1.30828901249894E-18));
#1730=DIRECTION('center_axis',(1.50109329718757E-17,-1.99675124811574E-31,
-1.));
#1731=DIRECTION('ref_axis',(1.,-6.69535286834775E-17,1.50109329718757E-17));
#1732=DIRECTION('center_axis',(1.50109329718757E-17,-1.99675124811574E-31,
-1.));
#1733=DIRECTION('ref_axis',(-0.991356476249776,-0.13119579641752,-1.48811856162203E-17));
#1734=DIRECTION('center_axis',(0.,0.,1.));
#1735=DIRECTION('ref_axis',(-0.216439613938104,-0.976296007119933,0.));
#1736=DIRECTION('',(0.,0.,1.));
#1737=DIRECTION('center_axis',(0.,0.,1.));
#1738=DIRECTION('ref_axis',(-0.999823835652377,0.01876959406508,0.));
#1739=DIRECTION('',(0.,0.,1.));
#1740=DIRECTION('center_axis',(0.,0.,1.));
#1741=DIRECTION('ref_axis',(0.999823835652377,-0.01876959406508,0.));
#1742=DIRECTION('',(0.,0.,1.));
#1743=DIRECTION('center_axis',(-0.422618261740675,0.906307787036661,0.));
#1744=DIRECTION('ref_axis',(-0.906307787036661,-0.422618261740675,0.));
#1745=DIRECTION('',(0.,0.,1.));
#1746=DIRECTION('center_axis',(0.,0.,1.));
#1747=DIRECTION('ref_axis',(-0.0871557427476582,-0.996194698091746,0.));
#1748=DIRECTION('center_axis',(0.,0.,1.));
#1749=DIRECTION('ref_axis',(1.,0.,0.));
#1750=DIRECTION('',(0.,0.,-1.));
#1751=DIRECTION('center_axis',(0.,0.,1.));
#1752=DIRECTION('ref_axis',(1.,0.,0.));
#1753=DIRECTION('',(0.,0.,-1.));
#1754=DIRECTION('center_axis',(-0.0478670517117517,0.843849904861821,0.534439971769628));
#1755=DIRECTION('ref_axis',(0.998395031818438,0.0566335628427111,2.66453525910039E-15));
#1756=DIRECTION('center_axis',(-0.157451143689636,-0.906254721009863,0.392315584699563));
#1757=DIRECTION('ref_axis',(0.985240805261844,-0.171174050740738,-8.88178419700127E-16));
#1758=DIRECTION('center_axis',(0.0478670515982685,-0.843849902903359,0.53443997487209));
#1759=DIRECTION('ref_axis',(0.998395031818598,0.0566335628398939,0.));
#1760=DIRECTION('center_axis',(0.157451146382679,0.906254719023476,0.392315588207328));
#1761=DIRECTION('ref_axis',(0.98524080470481,-0.171174053946907,-3.55271367880051E-15));
#1762=DIRECTION('center_axis',(1.27881748307312E-31,-2.3174061525216E-32,
1.));
#1763=DIRECTION('ref_axis',(-1.,-5.55111512312578E-17,1.27881748307312E-31));
#1764=DIRECTION('center_axis',(-1.27881748307312E-31,2.3174061525216E-32,
-1.));
#1765=DIRECTION('ref_axis',(0.887519496538424,-0.460770163166174,3.86195113964518E-17));
#1766=DIRECTION('',(-0.996194698091746,0.0871557427476588,1.29414872191158E-31));
#1767=DIRECTION('center_axis',(1.27881748307312E-31,-2.3174061525216E-32,
1.));
#1768=DIRECTION('ref_axis',(0.0871557427476581,0.996194698091746,1.19402484670792E-32));
#1769=DIRECTION('',(-0.906307787036663,-0.422618261740672,1.06106442711522E-31));
#1770=DIRECTION('center_axis',(-1.27881748307312E-31,2.3174061525216E-32,
-1.));
#1771=DIRECTION('ref_axis',(-0.999823835652377,0.01876959406508,1.28294187830217E-31));
#1772=DIRECTION('center_axis',(1.27881748307312E-31,-2.3174061525216E-32,
1.));
#1773=DIRECTION('ref_axis',(0.999823835652377,-0.0187695940650844,-1.28294187830217E-31));
#1774=DIRECTION('center_axis',(-1.27881748307312E-31,2.3174061525216E-32,
-1.));
#1775=DIRECTION('ref_axis',(0.216439613938104,0.976296007119933,-5.0539324975444E-33));
#1776=DIRECTION('',(0.976296007119934,-0.216439613938102,-1.29866225185841E-31));
#1777=DIRECTION('',(0.976296007119934,-0.216439613938102,-2.0597996064514E-15));
#1778=DIRECTION('center_axis',(-1.27881748307312E-31,2.3174061525216E-32,
-1.));
#1779=DIRECTION('ref_axis',(1.,-1.00447519392257E-15,-1.27881748307312E-31));
#1780=DIRECTION('center_axis',(1.27881748307312E-31,-2.3174061525216E-32,
1.));
#1781=DIRECTION('ref_axis',(-1.,-5.55111512312578E-17,1.27881748307312E-31));
#1782=DIRECTION('center_axis',(1.27881748307312E-31,-2.3174061525216E-32,
1.));
#1783=DIRECTION('ref_axis',(-1.,-5.55111512312578E-17,1.27881748307312E-31));
#1784=DIRECTION('center_axis',(1.27881748307312E-31,-2.3174061525216E-32,
1.));
#1785=DIRECTION('ref_axis',(-0.601793762264839,-0.79865153083127,0.));
#1786=DIRECTION('center_axis',(-1.27881748307312E-31,2.3174061525216E-32,
-1.));
#1787=DIRECTION('ref_axis',(0.087155742747658,0.996194698091746,0.));
#1788=DIRECTION('',(0.996194698091746,-0.087155742747658,-1.29414872191158E-31));
#1789=DIRECTION('center_axis',(1.27881748307312E-31,-2.3174061525216E-32,
1.));
#1790=DIRECTION('ref_axis',(0.965082924983644,-0.261944551203138,0.));
#1791=DIRECTION('center_axis',(1.27881748307312E-31,-2.3174061525216E-32,
1.));
#1792=DIRECTION('ref_axis',(0.991356476249776,0.131195796417521,0.));
#1793=DIRECTION('',(-0.976296007119934,0.216439613938101,1.29866225185841E-31));
#1794=DIRECTION('center_axis',(1.27881748307312E-31,-2.3174061525216E-32,
1.));
#1795=DIRECTION('ref_axis',(-0.716947449339602,0.697127215711335,0.));
#1796=DIRECTION('center_axis',(-1.27881748307312E-31,2.3174061525216E-32,
-1.));
#1797=DIRECTION('ref_axis',(-1.,-5.55111512312578E-17,0.));
#1798=DIRECTION('center_axis',(-0.998395031819077,-0.0566335628314528,-1.81849991550047E-17));
#1799=DIRECTION('ref_axis',(-1.82432044460065E-17,5.10748872254318E-19,
1.));
#1800=DIRECTION('',(-1.3621450436546E-17,5.7577965510144E-17,1.));
#1801=DIRECTION('center_axis',(1.3621450436546E-17,-5.7577965510144E-17,
-1.));
#1802=DIRECTION('ref_axis',(0.887519496538424,-0.460770163166174,3.86195113964518E-17));
#1803=DIRECTION('center_axis',(1.27881748307312E-31,-2.3174061525216E-32,
1.));
#1804=DIRECTION('ref_axis',(0.887519496538424,-0.460770163166174,3.86195113964518E-17));
#1805=DIRECTION('',(-1.3621450436546E-17,5.7577965510144E-17,1.));
#1806=DIRECTION('center_axis',(-0.0871557427476588,-0.996194698091746,0.));
#1807=DIRECTION('ref_axis',(-0.996194698091746,0.0871557427476588,1.29414872191158E-31));
#1808=DIRECTION('',(-0.996194698091746,0.0871557427476588,1.29414872191158E-31));
#1809=DIRECTION('',(0.,0.,-1.));
#1810=DIRECTION('center_axis',(1.71547139526522E-17,-3.80310852246935E-18,
-1.));
#1811=DIRECTION('ref_axis',(0.803387352444687,-0.595456767475118,1.60464669315139E-17));
#1812=DIRECTION('center_axis',(0.,0.,1.));
#1813=DIRECTION('ref_axis',(-0.216439613938099,-0.976296007119934,0.));
#1814=DIRECTION('',(1.50109329718757E-17,-1.99675124811574E-31,-1.));
#1815=DIRECTION('center_axis',(0.,0.,-1.));
#1816=DIRECTION('ref_axis',(0.871131562080347,0.491049693562122,0.));
#1817=DIRECTION('',(-1.71547139526522E-17,3.80310852246935E-18,1.));
#1818=DIRECTION('center_axis',(0.187620437214854,0.846301101605842,0.498570974847159));
#1819=DIRECTION('ref_axis',(0.107910509316662,0.486752852009174,-0.866848881316665));
#1820=DIRECTION('center_axis',(-0.373974839971223,0.530903025690145,-0.760450390480239));
#1821=DIRECTION('ref_axis',(-0.817533525407726,-0.575881007530562,0.));
#1822=DIRECTION('center_axis',(-0.187975285851084,-0.8479017203668,-0.495709556603687));
#1823=DIRECTION('ref_axis',(0.107291185056729,0.483959260803372,-0.868488362323742));
#1824=DIRECTION('center_axis',(0.216439613938102,0.976296007119933,0.));
#1825=DIRECTION('ref_axis',(0.976296007119934,-0.216439613938102,-1.29866225185841E-31));
#1826=DIRECTION('',(0.,0.,-1.));
#1827=DIRECTION('',(0.976296007119934,-0.216439613938102,-1.29866225185841E-31));
#1828=DIRECTION('center_axis',(-0.187975285851084,-0.8479017203668,0.495709556603687));
#1829=DIRECTION('ref_axis',(0.107291185056729,0.483959260803373,0.868488362323742));
#1830=DIRECTION('center_axis',(0.373974839971244,-0.530903025690113,-0.760450390480251));
#1831=DIRECTION('ref_axis',(-0.817533525407704,-0.575881007530593,-1.33226762955021E-14));
#1832=DIRECTION('center_axis',(0.187620437214854,0.846301101605842,-0.498570974847159));
#1833=DIRECTION('ref_axis',(0.107910509316662,0.486752852009174,0.866848881316665));
#1834=DIRECTION('center_axis',(0.187620437214854,0.846301101605842,-0.498570974847159));
#1835=DIRECTION('ref_axis',(-0.150352899752134,-0.476858475374115,-0.866025403784439));
#1836=DIRECTION('',(-0.976296007119934,0.216439613938101,0.));
#1837=DIRECTION('center_axis',(-0.976296007119934,0.216439613938101,0.));
#1838=DIRECTION('ref_axis',(0.216439613938103,0.976296007119933,0.));
#1839=DIRECTION('',(0.976296007119934,-0.216439613938101,0.));
#1840=DIRECTION('center_axis',(0.187620437214854,0.846301101605842,0.498570974847159));
#1841=DIRECTION('ref_axis',(0.150352899752134,0.476858475374115,-0.866025403784439));
#1842=DIRECTION('',(0.976296007119934,-0.216439613938101,-1.23849336498808E-31));
#1843=DIRECTION('center_axis',(1.27881748307312E-31,-2.3174061525216E-32,
1.));
#1844=DIRECTION('ref_axis',(-1.,-5.55111512312578E-17,1.27881748307312E-31));
#1845=DIRECTION('center_axis',(1.27881748307312E-31,-2.3174061525216E-32,
1.));
#1846=DIRECTION('ref_axis',(1.,-1.00447519392257E-15,-1.27881748307312E-31));
#1847=DIRECTION('center_axis',(1.27881748307312E-31,-2.3174061525216E-32,
1.));
#1848=DIRECTION('ref_axis',(0.216439613938104,0.976296007119933,-5.0539324975444E-33));
#1849=DIRECTION('center_axis',(1.27881748307312E-31,-2.3174061525216E-32,
1.));
#1850=DIRECTION('ref_axis',(0.999823835652377,-0.0187695940650844,-1.28294187830217E-31));
#1851=DIRECTION('center_axis',(1.27881748307312E-31,-2.3174061525216E-32,
1.));
#1852=DIRECTION('ref_axis',(-0.999823835652377,0.01876959406508,1.28294187830217E-31));
#1853=DIRECTION('',(-0.906307787036663,-0.422618261740672,1.06106442711522E-31));
#1854=DIRECTION('center_axis',(1.27881748307312E-31,-2.3174061525216E-32,
1.));
#1855=DIRECTION('ref_axis',(0.0871557427476581,0.996194698091746,1.19402484670792E-32));
#1856=DIRECTION('center_axis',(-1.27881748307312E-31,2.3174061525216E-32,
-1.));
#1857=DIRECTION('ref_axis',(-0.601793762264839,-0.79865153083127,0.));
#1858=DIRECTION('center_axis',(1.27881748307312E-31,-2.3174061525216E-32,
1.));
#1859=DIRECTION('ref_axis',(-1.,-5.55111512312578E-17,0.));
#1860=DIRECTION('center_axis',(-1.27881748307312E-31,2.3174061525216E-32,
-1.));
#1861=DIRECTION('ref_axis',(-0.716947449339602,0.697127215711335,0.));
#1862=DIRECTION('',(0.976296007119934,-0.216439613938101,-1.29866225185841E-31));
#1863=DIRECTION('center_axis',(-1.27881748307312E-31,2.3174061525216E-32,
-1.));
#1864=DIRECTION('ref_axis',(0.991356476249776,0.131195796417521,0.));
#1865=DIRECTION('center_axis',(-1.27881748307312E-31,2.3174061525216E-32,
-1.));
#1866=DIRECTION('ref_axis',(0.965082924983644,-0.261944551203138,0.));
#1867=DIRECTION('',(-0.996194698091746,0.087155742747658,1.29414872191158E-31));
#1868=DIRECTION('center_axis',(1.27881748307312E-31,-2.3174061525216E-32,
1.));
#1869=DIRECTION('ref_axis',(0.087155742747658,0.996194698091746,0.));
#1870=DIRECTION('center_axis',(-1.27881748307312E-31,2.3174061525216E-32,
-1.));
#1871=DIRECTION('ref_axis',(-1.,-5.55111512312578E-17,1.27881748307312E-31));
#1872=DIRECTION('center_axis',(-1.27881748307312E-31,2.3174061525216E-32,
-1.));
#1873=DIRECTION('ref_axis',(-1.,-5.55111512312578E-17,1.27881748307312E-31));
#1874=DIRECTION('center_axis',(1.50109329718757E-17,-1.99675124811574E-31,
-1.));
#1875=DIRECTION('ref_axis',(-1.,6.69535286834768E-17,-1.50109329718757E-17));
#1876=DIRECTION('center_axis',(0.,0.,-1.));
#1877=DIRECTION('ref_axis',(0.965082924983644,-0.261944551203138,0.));
#1878=DIRECTION('',(0.,0.,-1.));
#1879=DIRECTION('',(0.,0.,1.));
#1880=DIRECTION('center_axis',(-0.0871557427476581,-0.996194698091746,0.));
#1881=DIRECTION('ref_axis',(-0.996194698091746,0.087155742747658,-1.44553161826222E-32));
#1882=DIRECTION('',(0.,0.,-1.));
#1883=DIRECTION('center_axis',(0.,0.,-1.));
#1884=DIRECTION('ref_axis',(-0.716947449339602,0.697127215711335,0.));
#1885=DIRECTION('',(0.,0.,-1.));
#1886=DIRECTION('',(0.,0.,1.));
#1887=DIRECTION('center_axis',(0.216439613938101,0.976296007119934,0.));
#1888=DIRECTION('ref_axis',(0.976296007119934,-0.216439613938101,-1.29858795578612E-31));
#1889=DIRECTION('',(0.,0.,-1.));
#1890=DIRECTION('center_axis',(0.,0.,-1.));
#1891=DIRECTION('ref_axis',(-0.601793762264839,-0.79865153083127,0.));
#1892=DIRECTION('',(0.,0.,-1.));
#1893=DIRECTION('',(0.,0.,1.));
#1894=DIRECTION('center_axis',(0.,0.,-1.));
#1895=DIRECTION('ref_axis',(0.087155742747658,0.996194698091746,0.));
#1896=DIRECTION('center_axis',(0.,0.,-1.));
#1897=DIRECTION('ref_axis',(-1.,-5.55111512312578E-17,0.));
#1898=DIRECTION('center_axis',(0.,0.,-1.));
#1899=DIRECTION('ref_axis',(0.991356476249776,0.131195796417521,0.));
#1900=DIRECTION('center_axis',(0.,0.,-1.));
#1901=DIRECTION('ref_axis',(-1.,-5.55111512312578E-17,0.));
#1902=DIRECTION('',(0.,0.,1.));
#1903=DIRECTION('center_axis',(0.,0.,-1.));
#1904=DIRECTION('ref_axis',(-1.,-5.55111512312578E-17,0.));
#1905=DIRECTION('',(0.,0.,1.));
#1906=DIRECTION('center_axis',(0.,0.,-1.));
#1907=DIRECTION('ref_axis',(0.216439613938104,0.976296007119933,0.));
#1908=DIRECTION('',(0.,0.,-1.));
#1909=DIRECTION('center_axis',(0.,0.,-1.));
#1910=DIRECTION('ref_axis',(0.999823835652377,-0.0187695940650844,0.));
#1911=DIRECTION('',(0.,0.,-1.));
#1912=DIRECTION('center_axis',(0.,0.,-1.));
#1913=DIRECTION('ref_axis',(-0.999823835652377,0.01876959406508,0.));
#1914=DIRECTION('',(0.,0.,-1.));
#1915=DIRECTION('center_axis',(0.422618261740672,-0.906307787036663,0.));
#1916=DIRECTION('ref_axis',(-0.906307787036663,-0.422618261740672,1.06106442711522E-31));
#1917=DIRECTION('',(0.,0.,-1.));
#1918=DIRECTION('center_axis',(0.,0.,-1.));
#1919=DIRECTION('ref_axis',(0.0871557427476581,0.996194698091746,0.));
#1920=CARTESIAN_POINT('',(0.,0.,0.));
#1921=CARTESIAN_POINT('Ctrl Pts',(-113.22832443252,-20.8093006939263,13.5239832711226));
#1922=CARTESIAN_POINT('Ctrl Pts',(-113.271764376617,-20.04349642168,12.5688978474053));
#1923=CARTESIAN_POINT('Ctrl Pts',(-113.316375681958,-19.2570421816682,11.6303495057034));
#1924=CARTESIAN_POINT('Ctrl Pts',(-113.417636518036,-17.4719114110916,9.64701889410166));
#1925=CARTESIAN_POINT('Ctrl Pts',(-113.512941291435,-15.7917802748292,7.91949130116584));
#1926=CARTESIAN_POINT('Ctrl Pts',(-113.620900969743,-13.8885553836079,6.43636662499096));
#1927=CARTESIAN_POINT('Ctrl Pts',(-113.667021166908,-13.0755008376151,5.92143044248233));
#1928=CARTESIAN_POINT('Ctrl Pts',(-113.159319696025,-22.0257875727954,12.5454441921492));
#1929=CARTESIAN_POINT('Ctrl Pts',(-113.205412395068,-21.2132177921539,11.5981585922538));
#1930=CARTESIAN_POINT('Ctrl Pts',(-113.25298356204,-20.3745840493946,10.6676331281673));
#1931=CARTESIAN_POINT('Ctrl Pts',(-113.361738088171,-18.457346758496,8.70331921272787));
#1932=CARTESIAN_POINT('Ctrl Pts',(-113.46485188891,-16.6395500100115,6.99371546936686));
#1933=CARTESIAN_POINT('Ctrl Pts',(-113.583663508164,-14.5450158776922,5.5294140599543));
#1934=CARTESIAN_POINT('Ctrl Pts',(-113.634805888474,-13.6434250918666,5.02182542844932));
#1935=CARTESIAN_POINT('Ctrl Pts',(-112.310700598234,-23.1829757628258,11.5789928120273));
#1936=CARTESIAN_POINT('Ctrl Pts',(-112.402979402629,-22.3284761292857,10.6379983040146));
#1937=CARTESIAN_POINT('Ctrl Pts',(-112.499363583713,-21.4419029422905,9.71453021532406));
#1938=CARTESIAN_POINT('Ctrl Pts',(-112.72035073226,-19.4026011552076,7.76609190776116));
#1939=CARTESIAN_POINT('Ctrl Pts',(-112.931249241106,-17.4561223316921,6.07304907657797));
#1940=CARTESIAN_POINT('Ctrl Pts',(-113.160122222342,-15.1772695595191,4.62563486466646));
#1941=CARTESIAN_POINT('Ctrl Pts',(-113.252296894908,-14.1899300748222,4.12466619456184));
#1942=CARTESIAN_POINT('Ctrl Pts',(-111.012071499633,-23.8314124125187,10.9999996473013));
#1943=CARTESIAN_POINT('Ctrl Pts',(-111.160648733825,-22.9766767236247,10.0440777370375));
#1944=CARTESIAN_POINT('Ctrl Pts',(-111.318752037878,-22.0862238004228,9.10476771904631));
#1945=CARTESIAN_POINT('Ctrl Pts',(-111.687070631652,-20.0213998536985,7.12097621756581));
#1946=CARTESIAN_POINT('Ctrl Pts',(-112.045699154778,-18.0353732663341,5.39431747837245));
#1947=CARTESIAN_POINT('Ctrl Pts',(-112.437950138446,-15.654237389823,3.91468722049532));
#1948=CARTESIAN_POINT('Ctrl Pts',(-112.592998622548,-14.6099972342275,3.40235439647379));
#1949=CARTESIAN_POINT('',(-113.348651379705,-18.6880527932628,10.9999999730471));
#1950=CARTESIAN_POINT('',(-113.667021166905,-13.0755008376715,5.92143044248232));
#1951=CARTESIAN_POINT('Ctrl Pts',(-113.348656630853,-18.6879602205895,11.0000823348877));
#1952=CARTESIAN_POINT('Ctrl Pts',(-113.353361936759,-18.6050102205406,10.9065989006764));
#1953=CARTESIAN_POINT('Ctrl Pts',(-113.358085729209,-18.521734320568,10.8134017425989));
#1954=CARTESIAN_POINT('Ctrl Pts',(-113.417636518036,-17.4719114110916,9.64701889410166));
#1955=CARTESIAN_POINT('Ctrl Pts',(-113.512941291435,-15.7917802748292,7.91949130116584));
#1956=CARTESIAN_POINT('Ctrl Pts',(-113.620900969743,-13.8885553836079,6.43636662499096));
#1957=CARTESIAN_POINT('Ctrl Pts',(-113.667021166908,-13.0755008376151,5.92143044248233));
#1958=CARTESIAN_POINT('',(-112.592998622548,-14.6099972342275,3.40235439647377));
#1959=CARTESIAN_POINT('Origin',(-108.675046007813,-12.7923330234579,5.92143044248232));
#1960=CARTESIAN_POINT('',(-111.012071717952,-23.8314123035066,10.9999997446389));
#1961=CARTESIAN_POINT('Ctrl Pts',(-112.592998622548,-14.6099972342275,3.40235439647379));
#1962=CARTESIAN_POINT('Ctrl Pts',(-112.437950138446,-15.654237389823,3.91468722049532));
#1963=CARTESIAN_POINT('Ctrl Pts',(-112.045699154778,-18.0353732663341,5.39431747837245));
#1964=CARTESIAN_POINT('Ctrl Pts',(-111.687070631652,-20.0213998536985,7.12097621756581));
#1965=CARTESIAN_POINT('Ctrl Pts',(-111.318752038979,-22.0862237942523,9.10476771311797));
#1966=CARTESIAN_POINT('Ctrl Pts',(-111.160648735884,-22.9766767120235,10.0440777247997));
#1967=CARTESIAN_POINT('Ctrl Pts',(-111.012071502537,-23.8314123958149,10.99999962862));
#1968=CARTESIAN_POINT('Ctrl Pts',(-111.012071717952,-23.8314123035066,10.9999997446389));
#1969=CARTESIAN_POINT('Ctrl Pts',(-111.551120493581,-23.3787275086945,10.9999997634488));
#1970=CARTESIAN_POINT('Ctrl Pts',(-111.996568162116,-22.8200280613324,10.999999786786));
#1971=CARTESIAN_POINT('Ctrl Pts',(-112.651783979902,-21.6733986947465,10.9999998362044));
#1972=CARTESIAN_POINT('Ctrl Pts',(-112.885015148177,-21.0983441921279,10.9999998615454));
#1973=CARTESIAN_POINT('Ctrl Pts',(-113.214430582283,-19.9180115767844,10.9999999150716));
#1974=CARTESIAN_POINT('Ctrl Pts',(-113.312420492392,-19.3107265447667,10.9999999433073));
#1975=CARTESIAN_POINT('Ctrl Pts',(-113.348151086487,-18.6968154559212,10.9999999726297));
#1976=CARTESIAN_POINT('Ctrl Pts',(-113.348402845248,-18.6924342157636,10.999999972838));
#1977=CARTESIAN_POINT('Ctrl Pts',(-113.348651379705,-18.6880527932628,10.9999999730471));
#1978=CARTESIAN_POINT('Ctrl Pts',(-113.667021167182,-13.0755008327737,5.92143044004434));
#1979=CARTESIAN_POINT('Ctrl Pts',(-113.684302846236,-12.7708415158233,5.76706922885502));
#1980=CARTESIAN_POINT('Ctrl Pts',(-113.6961189454,-12.4640684733692,5.61489966098359));
#1981=CARTESIAN_POINT('Ctrl Pts',(-113.732762255149,-10.6119839972023,4.71805028402285));
#1982=CARTESIAN_POINT('Ctrl Pts',(-113.622310468236,-9.01578741665851,4.03047175075553));
#1983=CARTESIAN_POINT('Ctrl Pts',(-113.338165489044,-7.38031041826445,3.46407635912323));
#1984=CARTESIAN_POINT('Ctrl Pts',(-113.634805888869,-13.6434250869098,5.02182542602476));
#1985=CARTESIAN_POINT('Ctrl Pts',(-113.659480855096,-13.3309264823222,4.86835451593942));
#1986=CARTESIAN_POINT('Ctrl Pts',(-113.67847922284,-13.0157545895041,4.71705792442422));
#1987=CARTESIAN_POINT('Ctrl Pts',(-113.756361628641,-11.1104226423109,3.82619040506676));
#1988=CARTESIAN_POINT('Ctrl Pts',(-113.673515440614,-9.45619948129823,3.14486222354953));
#1989=CARTESIAN_POINT('Ctrl Pts',(-113.402282450113,-7.74935376836529,2.58584827710841));
#1990=CARTESIAN_POINT('Ctrl Pts',(-113.25229689547,-14.1899300698233,4.12466619214997));
#1991=CARTESIAN_POINT('Ctrl Pts',(-113.287636250809,-13.8740838241323,3.97202915595827));
#1992=CARTESIAN_POINT('Ctrl Pts',(-113.317142500648,-13.5550049938177,3.82156313501106));
#1993=CARTESIAN_POINT('Ctrl Pts',(-113.457961618806,-11.6222342572303,2.93636587977053));
#1994=CARTESIAN_POINT('Ctrl Pts',(-113.425288120209,-9.92849000838373,2.26103545248759));
#1995=CARTESIAN_POINT('Ctrl Pts',(-113.189716747767,-8.16579567523241,1.70917210078624));
#1996=CARTESIAN_POINT('Ctrl Pts',(-112.592998623282,-14.609997229282,3.40235439404807));
#1997=CARTESIAN_POINT('Ctrl Pts',(-112.639477143503,-14.2969678079509,3.24877358552368));
#1998=CARTESIAN_POINT('Ctrl Pts',(-112.680316369843,-13.9800633144158,3.09731227847711));
#1999=CARTESIAN_POINT('Ctrl Pts',(-112.88966025414,-12.0570738268162,2.20648208486083));
#2000=CARTESIAN_POINT('Ctrl Pts',(-112.917952080215,-10.3552482615984,1.52639900158465));
#2001=CARTESIAN_POINT('Ctrl Pts',(-112.733711437021,-8.56450897551041,0.971150824844841));
#2002=CARTESIAN_POINT('',(-113.338165489044,-7.38031041826447,3.4640763591232));
#2003=CARTESIAN_POINT('',(-112.733711437021,-8.5645089755104,0.971150824844834));
#2004=CARTESIAN_POINT('Origin',(-108.41196146552,-8.23618068799986,3.46407635912322));
#2005=CARTESIAN_POINT('Ctrl Pts',(-112.733711437021,-8.56450897551041,0.971150824844841));
#2006=CARTESIAN_POINT('Ctrl Pts',(-112.917952080215,-10.3552482615984,1.52639900158465));
#2007=CARTESIAN_POINT('Ctrl Pts',(-112.88966025414,-12.0570738268162,2.20648208486083));
#2008=CARTESIAN_POINT('Ctrl Pts',(-112.680316369843,-13.9800633144158,3.09731227847711));
#2009=CARTESIAN_POINT('Ctrl Pts',(-112.639477143503,-14.2969678079509,3.24877358552368));
#2010=CARTESIAN_POINT('Ctrl Pts',(-112.592998623282,-14.609997229282,3.40235439404807));
#2011=CARTESIAN_POINT('Ctrl Pts',(-113.667021167182,-13.0755008327737,5.92143044004434));
#2012=CARTESIAN_POINT('Ctrl Pts',(-113.684302846236,-12.7708415158233,5.76706922885502));
#2013=CARTESIAN_POINT('Ctrl Pts',(-113.6961189454,-12.4640684733692,5.61489966098359));
#2014=CARTESIAN_POINT('Ctrl Pts',(-113.732762255149,-10.6119839972023,4.71805028402285));
#2015=CARTESIAN_POINT('Ctrl Pts',(-113.622310468236,-9.01578741665851,4.03047175075553));
#2016=CARTESIAN_POINT('Ctrl Pts',(-113.338165489044,-7.38031041826445,3.46407635912323));
#2017=CARTESIAN_POINT('Ctrl Pts',(-113.338165489044,-7.38031041826445,3.46407635912322));
#2018=CARTESIAN_POINT('Ctrl Pts',(-112.904037251717,-4.88156224921259,2.59871448048453));
#2019=CARTESIAN_POINT('Ctrl Pts',(-112.128994752464,-2.65751541732509,1.38097470560338));
#2020=CARTESIAN_POINT('Ctrl Pts',(-111.188636739612,-0.724281304328401,
-2.67377925355916E-10));
#2021=CARTESIAN_POINT('Ctrl Pts',(-113.402282450113,-7.7493537683653,2.58584827710841));
#2022=CARTESIAN_POINT('Ctrl Pts',(-113.027483476006,-5.36788432137096,1.71481767295456));
#2023=CARTESIAN_POINT('Ctrl Pts',(-112.34182314401,-3.239463193488,0.489354912884085));
#2024=CARTESIAN_POINT('Ctrl Pts',(-111.505256595939,-1.37520393032518,-0.901462909215572));
#2025=CARTESIAN_POINT('Ctrl Pts',(-113.189716747767,-8.16579567523242,1.70917210078623));
#2026=CARTESIAN_POINT('Ctrl Pts',(-112.846278678703,-5.93510615023685,0.832887643678373));
#2027=CARTESIAN_POINT('Ctrl Pts',(-112.215063708011,-3.94481846459779,-0.399907361964668));
#2028=CARTESIAN_POINT('Ctrl Pts',(-111.446329067073,-2.20576363481795,-1.79952621077741));
#2029=CARTESIAN_POINT('Ctrl Pts',(-112.73371143702,-8.56450897551042,0.971150824844833));
#2030=CARTESIAN_POINT('Ctrl Pts',(-112.392384513542,-6.48732786875673,0.105851437525324));
#2031=CARTESIAN_POINT('Ctrl Pts',(-111.775613337654,-4.63809887669129,-1.11179908934467));
#2032=CARTESIAN_POINT('Ctrl Pts',(-111.025077221738,-3.0295866081194,-2.49266859595242));
#2033=CARTESIAN_POINT('',(-111.188636739581,-0.724281304264397,-1.56562610098554E-10));
#2034=CARTESIAN_POINT('',(-112.307839833115,-6.57260313874496,-7.4940054162198E-15));
#2035=CARTESIAN_POINT('Ctrl Pts',(-111.188636739794,-0.724281304702729,
-1.27270875487985E-16));
#2036=CARTESIAN_POINT('Ctrl Pts',(-111.610569622274,-1.59171161389528,-1.80712694256597E-16));
#2037=CARTESIAN_POINT('Ctrl Pts',(-111.913744353517,-2.51576367985689,3.05311331771918E-15));
#2038=CARTESIAN_POINT('Ctrl Pts',(-112.302685001524,-4.48575539958045,3.05311331771918E-15));
#2039=CARTESIAN_POINT('Ctrl Pts',(-112.368825552998,-5.53052371965115,-1.05156786292697E-16));
#2040=CARTESIAN_POINT('Ctrl Pts',(-112.307839833115,-6.57260313874498,-1.1247152955744E-16));
#2041=CARTESIAN_POINT('Ctrl Pts',(-112.3080962493,-6.5724023716097,0.000237393016876974));
#2042=CARTESIAN_POINT('Ctrl Pts',(-112.476847905669,-7.21102530017446,0.358067965734495));
#2043=CARTESIAN_POINT('Ctrl Pts',(-112.620445365738,-7.87521631466301,0.684009508579325));
#2044=CARTESIAN_POINT('Ctrl Pts',(-112.73371143702,-8.56450897551042,0.971150824844833));
#2045=CARTESIAN_POINT('Ctrl Pts',(-113.338165489044,-7.38031041826445,3.46407635912322));
#2046=CARTESIAN_POINT('Ctrl Pts',(-112.904037251717,-4.88156224921259,2.59871448048453));
#2047=CARTESIAN_POINT('Ctrl Pts',(-112.128994752464,-2.65751541732509,1.38097470560338));
#2048=CARTESIAN_POINT('Ctrl Pts',(-111.188636739612,-0.724281304328401,
-2.67377925355916E-10));
#2049=CARTESIAN_POINT('Ctrl Pts',(-111.188636739612,-0.724281304328399,
22.0000000002674));
#2050=CARTESIAN_POINT('Ctrl Pts',(-112.12899476251,-2.65751543797981,20.6190252796423));
#2051=CARTESIAN_POINT('Ctrl Pts',(-112.904037268413,-4.88156229713424,19.4012854932928));
#2052=CARTESIAN_POINT('Ctrl Pts',(-113.338165502959,-7.38031049835511,18.5359236131399));
#2053=CARTESIAN_POINT('Ctrl Pts',(-111.505256595939,-1.37520393032518,22.9014629092156));
#2054=CARTESIAN_POINT('Ctrl Pts',(-112.341823152948,-3.23946321340579,21.5106450722564));
#2055=CARTESIAN_POINT('Ctrl Pts',(-113.027483490752,-5.36788436722837,20.2851823006501));
#2056=CARTESIAN_POINT('Ctrl Pts',(-113.402282462138,-7.7493538446924,19.4141516949758));
#2057=CARTESIAN_POINT('Ctrl Pts',(-111.446329067073,-2.20576363481795,23.7995262107774));
#2058=CARTESIAN_POINT('Ctrl Pts',(-112.215063716224,-3.9448184831779,22.3999073470111));
#2059=CARTESIAN_POINT('Ctrl Pts',(-112.846278692275,-5.93510619311982,21.1671123297661));
#2060=CARTESIAN_POINT('Ctrl Pts',(-113.189716758787,-8.16579574672789,20.2908278711305));
#2061=CARTESIAN_POINT('Ctrl Pts',(-111.025077221738,-3.0295866081194,24.4926685959524));
#2062=CARTESIAN_POINT('Ctrl Pts',(-111.775613345673,-4.63809889387668,23.1117990745914));
#2063=CARTESIAN_POINT('Ctrl Pts',(-112.392384526829,-6.48732790859933,21.8941485362541));
#2064=CARTESIAN_POINT('Ctrl Pts',(-112.733711447961,-8.56450904208888,21.0288491474203));
#2065=CARTESIAN_POINT('',(-112.307839833115,-6.57260313874499,22.));
#2066=CARTESIAN_POINT('',(-111.188636739581,-0.724281304264388,22.0000000001566));
#2067=CARTESIAN_POINT('Ctrl Pts',(-112.307839833115,-6.572603138745,22.));
#2068=CARTESIAN_POINT('Ctrl Pts',(-112.333268380718,-6.13809869794951,22.));
#2069=CARTESIAN_POINT('Ctrl Pts',(-112.336618963581,-5.70272431144998,21.999999999997));
#2070=CARTESIAN_POINT('Ctrl Pts',(-112.28276381061,-4.50278023687054,21.999999999997));
#2071=CARTESIAN_POINT('Ctrl Pts',(-112.17767970435,-3.74189853791953,22.0000000000014));
#2072=CARTESIAN_POINT('Ctrl Pts',(-111.810757878261,-2.21331049110097,22.0000000000014));
#2073=CARTESIAN_POINT('Ctrl Pts',(-111.54110118247,-1.44889498897504,22.));
#2074=CARTESIAN_POINT('Ctrl Pts',(-111.188636739794,-0.724281304702715,
22.));
#2075=CARTESIAN_POINT('',(-113.338165502959,-7.38031049835512,18.5359236131399));
#2076=CARTESIAN_POINT('Ctrl Pts',(-111.188636739612,-0.724281304328399,
22.0000000002674));
#2077=CARTESIAN_POINT('Ctrl Pts',(-112.12899476251,-2.65751543797981,20.6190252796423));
#2078=CARTESIAN_POINT('Ctrl Pts',(-112.904037268413,-4.88156229713424,19.4012854932928));
#2079=CARTESIAN_POINT('Ctrl Pts',(-113.338165502959,-7.38031049835511,18.5359236131399));
#2080=CARTESIAN_POINT('',(-112.733711447961,-8.56450904208891,21.0288491474203));
#2081=CARTESIAN_POINT('Origin',(-108.411961476652,-8.23618075207238,18.5359236131399));
#2082=CARTESIAN_POINT('Ctrl Pts',(-112.733711447961,-8.56450904208888,21.0288491474203));
#2083=CARTESIAN_POINT('Ctrl Pts',(-112.620445375012,-7.87521635748688,21.315990470388));
#2084=CARTESIAN_POINT('Ctrl Pts',(-112.476847911127,-7.21102532077681,21.6419320227065));
#2085=CARTESIAN_POINT('Ctrl Pts',(-112.308096249308,-6.57240237160473,21.999762606978));
#2086=CARTESIAN_POINT('Ctrl Pts',(-113.338165502959,-7.38031049835514,18.5359236131399));
#2087=CARTESIAN_POINT('Ctrl Pts',(-113.622310480068,-9.0157875162921,17.9695282210403));
#2088=CARTESIAN_POINT('Ctrl Pts',(-113.732762465946,-10.6119835274065,17.2819506123778));
#2089=CARTESIAN_POINT('Ctrl Pts',(-113.696118937811,-12.4640685686942,16.3851002750774));
#2090=CARTESIAN_POINT('Ctrl Pts',(-113.684302843899,-12.7708415580613,16.2329307445334));
#2091=CARTESIAN_POINT('Ctrl Pts',(-113.66702116691,-13.0755008375866,16.0785695510174));
#2092=CARTESIAN_POINT('Ctrl Pts',(-113.402282462138,-7.74935384469241,19.4141516949758));
#2093=CARTESIAN_POINT('Ctrl Pts',(-113.673515451057,-9.4561995814561,18.8551377446421));
#2094=CARTESIAN_POINT('Ctrl Pts',(-113.756361837429,-11.110422175949,18.1738104851645));
#2095=CARTESIAN_POINT('Ctrl Pts',(-113.67847921331,-13.0157546885318,17.2829420036094));
#2096=CARTESIAN_POINT('Ctrl Pts',(-113.659480851577,-13.3309265289911,17.131645439623));
#2097=CARTESIAN_POINT('Ctrl Pts',(-113.634805888393,-13.6434250933662,16.9781745601493));
#2098=CARTESIAN_POINT('Ctrl Pts',(-113.189716758787,-8.16579574672791,20.2908278711305));
#2099=CARTESIAN_POINT('Ctrl Pts',(-113.425288131322,-9.92849010754469,19.7389645119424));
#2100=CARTESIAN_POINT('Ctrl Pts',(-113.457962265316,-11.6222333355293,19.0636350126462));
#2101=CARTESIAN_POINT('Ctrl Pts',(-113.317142481684,-13.5550051063345,18.1784367862618));
#2102=CARTESIAN_POINT('Ctrl Pts',(-113.287636254255,-13.8740838752848,18.0279707825959));
#2103=CARTESIAN_POINT('Ctrl Pts',(-113.252296896997,-14.1899300779948,17.8753337891793));
#2104=CARTESIAN_POINT('Ctrl Pts',(-112.733711447961,-8.56450904208889,21.0288491474203));
#2105=CARTESIAN_POINT('Ctrl Pts',(-112.917952093479,-10.3552483590336,20.4736009608038));
#2106=CARTESIAN_POINT('Ctrl Pts',(-112.889660903013,-12.0570729058157,19.7935188036731));
#2107=CARTESIAN_POINT('Ctrl Pts',(-112.680316354716,-13.9800634289594,18.9026876378617));
#2108=CARTESIAN_POINT('Ctrl Pts',(-112.639477160005,-14.296967864785,18.7512263427685));
#2109=CARTESIAN_POINT('Ctrl Pts',(-112.592998628212,-14.6099972395146,18.5976455844019));
#2110=CARTESIAN_POINT('',(-113.667021166905,-13.0755008376572,16.0785695510174));
#2111=CARTESIAN_POINT('',(-112.592998628212,-14.6099972395147,18.5976455844018));
#2112=CARTESIAN_POINT('Origin',(-108.675046007812,-12.7923330234576,16.0785695510174));
#2113=CARTESIAN_POINT('Ctrl Pts',(-112.592998628212,-14.6099972395146,18.5976455844019));
#2114=CARTESIAN_POINT('Ctrl Pts',(-112.639477160005,-14.296967864785,18.7512263427685));
#2115=CARTESIAN_POINT('Ctrl Pts',(-112.680316354716,-13.9800634289594,18.9026876378617));
#2116=CARTESIAN_POINT('Ctrl Pts',(-112.889660903013,-12.0570729058157,19.7935188036731));
#2117=CARTESIAN_POINT('Ctrl Pts',(-112.917952093479,-10.3552483590336,20.4736009608038));
#2118=CARTESIAN_POINT('Ctrl Pts',(-112.733711447961,-8.56450904208889,21.0288491474203));
#2119=CARTESIAN_POINT('Ctrl Pts',(-113.338165502959,-7.38031049835514,18.5359236131399));
#2120=CARTESIAN_POINT('Ctrl Pts',(-113.622310480068,-9.0157875162921,17.9695282210403));
#2121=CARTESIAN_POINT('Ctrl Pts',(-113.732762465946,-10.6119835274065,17.2819506123778));
#2122=CARTESIAN_POINT('Ctrl Pts',(-113.696118937811,-12.4640685686942,16.3851002750774));
#2123=CARTESIAN_POINT('Ctrl Pts',(-113.684302843899,-12.7708415580613,16.2329307445334));
#2124=CARTESIAN_POINT('Ctrl Pts',(-113.66702116691,-13.0755008375866,16.0785695510174));
#2125=CARTESIAN_POINT('Ctrl Pts',(-113.667021166907,-13.0755008376303,16.0785695510083));
#2126=CARTESIAN_POINT('Ctrl Pts',(-113.620900958788,-13.8885555767262,15.5636332420158));
#2127=CARTESIAN_POINT('Ctrl Pts',(-113.512941263549,-15.7917807664289,14.0805074930088));
#2128=CARTESIAN_POINT('Ctrl Pts',(-113.417636463218,-17.4719123774735,12.3529799522707));
#2129=CARTESIAN_POINT('Ctrl Pts',(-113.316375645182,-19.2570428299992,10.3696494259755));
#2130=CARTESIAN_POINT('Ctrl Pts',(-113.271764363894,-20.0434966459766,9.43110151466896));
#2131=CARTESIAN_POINT('Ctrl Pts',(-113.228324443665,-20.8093004974458,8.47601646319901));
#2132=CARTESIAN_POINT('Ctrl Pts',(-113.634805888387,-13.6434250934029,16.9781745601398));
#2133=CARTESIAN_POINT('Ctrl Pts',(-113.583663496037,-14.5450160914863,16.4705858215884));
#2134=CARTESIAN_POINT('Ctrl Pts',(-113.464851856857,-16.6395505750779,15.0062832685281));
#2135=CARTESIAN_POINT('Ctrl Pts',(-113.361738030343,-18.4573477779442,13.2966797540283));
#2136=CARTESIAN_POINT('Ctrl Pts',(-113.252983518615,-20.3745848149442,11.3323655310015));
#2137=CARTESIAN_POINT('Ctrl Pts',(-113.205412381145,-21.2132180375883,10.4018407050576));
#2138=CARTESIAN_POINT('Ctrl Pts',(-113.159319706717,-22.0257873843197,9.45455539233406));
#2139=CARTESIAN_POINT('Ctrl Pts',(-113.252296896992,-14.1899300780227,17.8753337891693));
#2140=CARTESIAN_POINT('Ctrl Pts',(-113.160122157783,-15.1772697767472,17.3743650978529));
#2141=CARTESIAN_POINT('Ctrl Pts',(-112.931248713713,-17.4561227679322,15.9269501773014));
#2142=CARTESIAN_POINT('Ctrl Pts',(-112.720350619755,-19.4026023566127,14.2339068301174));
#2143=CARTESIAN_POINT('Ctrl Pts',(-112.499363434587,-21.4419037004912,12.2854685269288));
#2144=CARTESIAN_POINT('Ctrl Pts',(-112.40297949469,-22.3284764808932,11.3620007293341));
#2145=CARTESIAN_POINT('Ctrl Pts',(-112.310700700753,-23.1829755907984,10.421006627121));
#2146=CARTESIAN_POINT('Ctrl Pts',(-112.592998628209,-14.6099972395344,18.5976455843928));
#2147=CARTESIAN_POINT('Ctrl Pts',(-112.437950049841,-15.6542376160172,18.0853127431891));
#2148=CARTESIAN_POINT('Ctrl Pts',(-112.045698612495,-18.0353737579869,16.6056817371594));
#2149=CARTESIAN_POINT('Ctrl Pts',(-111.687070364743,-20.0214010300041,14.8790225505252));
#2150=CARTESIAN_POINT('Ctrl Pts',(-111.318752003539,-22.0862246827846,12.8952308844918));
#2151=CARTESIAN_POINT('Ctrl Pts',(-111.160648853131,-22.9766771021714,11.9559212724062));
#2152=CARTESIAN_POINT('Ctrl Pts',(-111.012071717952,-23.8314123035067,10.9999997446389));
#2153=CARTESIAN_POINT('Ctrl Pts',(-111.012071717952,-23.8314123035067,10.9999997446389));
#2154=CARTESIAN_POINT('Ctrl Pts',(-111.160648853131,-22.9766771021714,11.9559212724062));
#2155=CARTESIAN_POINT('Ctrl Pts',(-111.318752003539,-22.0862246827846,12.8952308844918));
#2156=CARTESIAN_POINT('Ctrl Pts',(-111.687070364743,-20.0214010300041,14.8790225505252));
#2157=CARTESIAN_POINT('Ctrl Pts',(-112.045698612495,-18.0353737579869,16.6056817371594));
#2158=CARTESIAN_POINT('Ctrl Pts',(-112.437950049841,-15.6542376160172,18.0853127431891));
#2159=CARTESIAN_POINT('Ctrl Pts',(-112.592998628209,-14.6099972395344,18.5976455843928));
#2160=CARTESIAN_POINT('Ctrl Pts',(-113.667021166907,-13.0755008376303,16.0785695510083));
#2161=CARTESIAN_POINT('Ctrl Pts',(-113.620900958788,-13.8885555767262,15.5636332420158));
#2162=CARTESIAN_POINT('Ctrl Pts',(-113.512941263549,-15.7917807664289,14.0805074930088));
#2163=CARTESIAN_POINT('Ctrl Pts',(-113.417636463218,-17.4719123774735,12.3529799522707));
#2164=CARTESIAN_POINT('Ctrl Pts',(-113.358085689555,-18.5217350196214,11.1865972431404));
#2165=CARTESIAN_POINT('Ctrl Pts',(-113.353361919703,-18.605010521215,11.0934005217154));
#2166=CARTESIAN_POINT('Ctrl Pts',(-113.348656636226,-18.6879601258693,10.9999175269492));
#2167=CARTESIAN_POINT('Origin',(-80.5869408685718,-13.9281068415666,0.));
#2168=CARTESIAN_POINT('',(-110.895132784885,-0.140407687787075,7.20926988105521E-13));
#2169=CARTESIAN_POINT('Origin',(-88.7071453714245,-11.6596617669414,-8.88178419700125E-15));
#2170=CARTESIAN_POINT('',(-87.5951325477064,-2.17889356869145,0.));
#2171=CARTESIAN_POINT('',(-107.49910964835,-0.437521213305579,0.));
#2172=CARTESIAN_POINT('',(-62.1064323229066,2.31545198413065,0.));
#2173=CARTESIAN_POINT('Origin',(-83.2373454102582,47.6308413366422,0.));
#2174=CARTESIAN_POINT('',(-59.8461871906779,3.36942159859644,0.));
#2175=CARTESIAN_POINT('',(-62.1064323229066,2.31545198413069,0.));
#2176=CARTESIAN_POINT('',(-56.2900819472288,1.056728145864,0.));
#2177=CARTESIAN_POINT('Origin',(-58.7896415363361,1.10365213102626,0.));
#2178=CARTESIAN_POINT('',(-48.9981214592376,-27.7285790019215,0.));
#2179=CARTESIAN_POINT('Origin',(0.,0.,0.));
#2180=CARTESIAN_POINT('',(-51.7149807723197,-31.4006058319291,0.));
#2181=CARTESIAN_POINT('Origin',(-51.1738817374156,-28.9598658138637,0.));
#2182=CARTESIAN_POINT('',(-56.071992598889,-30.4346795649065,1.80180089598414E-12));
#2183=CARTESIAN_POINT('',(-51.7149807723197,-31.4006058319291,0.));
#2184=CARTESIAN_POINT('',(-57.3599763583716,-31.2054113155733,-1.90819582357449E-15));
#2185=CARTESIAN_POINT('Ctrl Pts',(-57.3599763583716,-31.2054113155733,-1.55084620368752E-17));
#2186=CARTESIAN_POINT('Ctrl Pts',(-57.3388703425563,-31.0917272571836,-1.55112532688462E-17));
#2187=CARTESIAN_POINT('Ctrl Pts',(-57.2962491280838,-30.9837714595938,3.99203586853858E-11));
#2188=CARTESIAN_POINT('Ctrl Pts',(-57.1691748818747,-30.781886023804,3.99203586853858E-11));
#2189=CARTESIAN_POINT('Ctrl Pts',(-57.0840009356691,-30.6919524202572,-3.46944695195361E-16));
#2190=CARTESIAN_POINT('Ctrl Pts',(-56.8738092777883,-30.5373722083874,-3.46944695195361E-16));
#2191=CARTESIAN_POINT('Ctrl Pts',(-56.7471350819634,-30.4784694214013,2.08166817117217E-16));
#2192=CARTESIAN_POINT('Ctrl Pts',(-56.52685656234,-30.4213598286382,2.08166817117217E-16));
#2193=CARTESIAN_POINT('Ctrl Pts',(-56.4377343071421,-30.4091909900004,1.22882536478469E-11));
#2194=CARTESIAN_POINT('Ctrl Pts',(-56.2554727694447,-30.4054131868417,1.22882679869997E-11));
#2195=CARTESIAN_POINT('Ctrl Pts',(-56.162608756189,-30.4145904464839,-1.6038271960576E-17));
#2196=CARTESIAN_POINT('Ctrl Pts',(-56.0719925988904,-30.4346795649062,-1.6038271960576E-17));
#2197=CARTESIAN_POINT('',(-57.8852621698403,-31.5691066505656,1.66950529554117E-13));
#2198=CARTESIAN_POINT('Ctrl Pts',(-57.8852621645789,-31.569106647398,-7.35658414047213E-9));
#2199=CARTESIAN_POINT('Ctrl Pts',(-57.8591389280088,-31.5748981569537,-1.56300814265541E-7));
#2200=CARTESIAN_POINT('Ctrl Pts',(-57.8327254544572,-31.5785050759992,9.15722721318051E-5));
#2201=CARTESIAN_POINT('Ctrl Pts',(-57.8062381699978,-31.5798116184454,0.00020187658337718));
#2202=CARTESIAN_POINT('Ctrl Pts',(-57.7813115222827,-31.5810411791175,0.000305681739851136));
#2203=CARTESIAN_POINT('Ctrl Pts',(-57.7563188505538,-31.5802329573019,0.000426047657304468));
#2204=CARTESIAN_POINT('Ctrl Pts',(-57.7314738486686,-31.577271263242,0.000527227899365606));
#2205=CARTESIAN_POINT('Ctrl Pts',(-57.7225853608978,-31.5762116947399,0.000563425897995715));
#2206=CARTESIAN_POINT('Ctrl Pts',(-57.7137161438279,-31.5748763498484,0.000597407765039902));
#2207=CARTESIAN_POINT('Ctrl Pts',(-57.7048773570075,-31.5732594612883,0.000628358474109158));
#2208=CARTESIAN_POINT('Ctrl Pts',(-57.6782084210677,-31.5683808848152,0.000721744873652269));
#2209=CARTESIAN_POINT('Ctrl Pts',(-57.6522571364883,-31.5610183304405,0.000777140615765237));
#2210=CARTESIAN_POINT('Ctrl Pts',(-57.6272741595644,-31.5512204254058,0.00077819681076971));
#2211=CARTESIAN_POINT('Ctrl Pts',(-57.6022911826405,-31.5414225203711,0.000779253005774183));
#2212=CARTESIAN_POINT('Ctrl Pts',(-57.5782750763934,-31.5291887140128,0.000725836490862566));
#2213=CARTESIAN_POINT('Ctrl Pts',(-57.5555083859341,-31.5145331405349,0.000635643235250786));
#2214=CARTESIAN_POINT('Ctrl Pts',(-57.5335337448676,-31.5003874320327,0.000548587788074584));
#2215=CARTESIAN_POINT('Ctrl Pts',(-57.5131397343269,-31.4842538538463,0.000430693985384212));
#2216=CARTESIAN_POINT('Ctrl Pts',(-57.4944490337721,-31.4663477134058,0.000325834387967801));
#2217=CARTESIAN_POINT('Ctrl Pts',(-57.4811537988409,-31.4536105587354,0.000251244728883184));
#2218=CARTESIAN_POINT('Ctrl Pts',(-57.4687200187263,-31.4399754026751,0.000183819275781607));
#2219=CARTESIAN_POINT('Ctrl Pts',(-57.457191303673,-31.4255062876834,0.000147794751613278));
#2220=CARTESIAN_POINT('Ctrl Pts',(-57.4521858147928,-31.4192241483589,0.000132153775641174));
#2221=CARTESIAN_POINT('Ctrl Pts',(-57.4473509492451,-31.4127846777572,0.000122514427626226));
#2222=CARTESIAN_POINT('Ctrl Pts',(-57.4426867543293,-31.4061964990103,0.000117309947524194));
#2223=CARTESIAN_POINT('Ctrl Pts',(-57.4291849072529,-31.3871251300903,0.000102244090347551));
#2224=CARTESIAN_POINT('Ctrl Pts',(-57.4172571234027,-31.3670197270307,0.000126548761059389));
#2225=CARTESIAN_POINT('Ctrl Pts',(-57.4068328603405,-31.3461445070144,0.000151564418962594));
#2226=CARTESIAN_POINT('Ctrl Pts',(-57.3957616990393,-31.3239738339777,0.000178132472939198));
#2227=CARTESIAN_POINT('Ctrl Pts',(-57.386386075847,-31.3009345066253,0.000205577125247761));
#2228=CARTESIAN_POINT('Ctrl Pts',(-57.3786290130316,-31.2772950194697,0.000221898622138283));
#2229=CARTESIAN_POINT('Ctrl Pts',(-57.3749869049483,-31.2661957710424,0.000229561916502528));
#2230=CARTESIAN_POINT('Ctrl Pts',(-57.371701750423,-31.2549635865349,0.000235239221044443));
#2231=CARTESIAN_POINT('Ctrl Pts',(-57.3687664716122,-31.2436232684233,0.000239978749393868));
#2232=CARTESIAN_POINT('Ctrl Pts',(-57.3654760781048,-31.2309109805989,0.000245291673415209));
#2233=CARTESIAN_POINT('Ctrl Pts',(-57.3626319202596,-31.2180823552967,0.000246535110439715));
#2234=CARTESIAN_POINT('Ctrl Pts',(-57.3602210011516,-31.2051735745384,0.000247159502125123));
#2235=CARTESIAN_POINT('',(-100.331474175477,-22.1590079995052,-1.39950561665299E-14));
#2236=CARTESIAN_POINT('',(-101.130484686597,-21.9818716337942,-1.67332427438465E-14));
#2237=CARTESIAN_POINT('',(-112.179340433543,-8.48796677039157,7.0744947572204E-30));
#2238=CARTESIAN_POINT('Ctrl Pts',(-112.179340433543,-8.48796677039157,-4.13558076672871E-15));
#2239=CARTESIAN_POINT('Ctrl Pts',(-112.16085939165,-8.73221738377683,-4.12130350777905E-15));
#2240=CARTESIAN_POINT('Ctrl Pts',(-112.136592419262,-8.97576647119353,-3.95581091314725E-6));
#2241=CARTESIAN_POINT('Ctrl Pts',(-112.106552484069,-9.2183521395569,-9.15548241711694E-6));
#2242=CARTESIAN_POINT('Ctrl Pts',(-112.075827101095,-9.46647309975479,-1.4473799426455E-5));
#2243=CARTESIAN_POINT('Ctrl Pts',(-112.039062664009,-9.71358664474746,-2.11161321065539E-5));
#2244=CARTESIAN_POINT('Ctrl Pts',(-111.996248025747,-9.95946229214796,-2.66977937170981E-5));
#2245=CARTESIAN_POINT('Ctrl Pts',(-111.952217249841,-10.2123219675082,-3.24380008410429E-5));
#2246=CARTESIAN_POINT('Ctrl Pts',(-111.901788126857,-10.4638729091592,-3.70818487913229E-5));
#2247=CARTESIAN_POINT('Ctrl Pts',(-111.84491605474,-10.7139091081444,-3.82047178279941E-5));
#2248=CARTESIAN_POINT('Ctrl Pts',(-111.815390644851,-10.8437166039393,-3.87876606912575E-5));
#2249=CARTESIAN_POINT('Ctrl Pts',(-111.78412815196,-10.9731165208882,-3.84219417611771E-5));
#2250=CARTESIAN_POINT('Ctrl Pts',(-111.751118428513,-11.1020839011213,-3.67505504348024E-5));
#2251=CARTESIAN_POINT('Ctrl Pts',(-111.692132539324,-11.3325388945382,-3.37639000402855E-5));
#2252=CARTESIAN_POINT('Ctrl Pts',(-111.627570729091,-11.5616112758332,-2.66636279969118E-5));
#2253=CARTESIAN_POINT('Ctrl Pts',(-111.557617666878,-11.7890824479749,-1.86569234122066E-5));
#2254=CARTESIAN_POINT('Ctrl Pts',(-111.485231996775,-12.0244638981078,-1.03717868026375E-5));
#2255=CARTESIAN_POINT('Ctrl Pts',(-111.407073714994,-12.2581313216308,-1.13205036534824E-6));
#2256=CARTESIAN_POINT('Ctrl Pts',(-111.323296118063,-12.4898651939167,6.44793280387551E-6));
#2257=CARTESIAN_POINT('Ctrl Pts',(-111.238172807805,-12.72532139021,1.41496726806855E-5));
#2258=CARTESIAN_POINT('Ctrl Pts',(-111.14724817884,-12.9587820282834,2.01230926567734E-5));
#2259=CARTESIAN_POINT('Ctrl Pts',(-111.050630478744,-13.1900313478223,2.28118305881583E-5));
#2260=CARTESIAN_POINT('Ctrl Pts',(-110.952497081842,-13.4249084069438,2.55427482805079E-5));
#2261=CARTESIAN_POINT('Ctrl Pts',(-110.848490568817,-13.6575048848311,2.48687799268696E-5));
#2262=CARTESIAN_POINT('Ctrl Pts',(-110.738670974894,-13.887599853593,2.06107337629088E-5));
#2263=CARTESIAN_POINT('Ctrl Pts',(-110.683796956316,-14.0025723747953,1.84830979197601E-5));
#2264=CARTESIAN_POINT('Ctrl Pts',(-110.627470736218,-14.1169203502708,1.54846395370384E-5));
#2265=CARTESIAN_POINT('Ctrl Pts',(-110.569694957052,-14.23061589185,1.17452023531816E-5));
#2266=CARTESIAN_POINT('Ctrl Pts',(-110.450160669002,-14.4658444913324,4.00855270626351E-6));
#2267=CARTESIAN_POINT('Ctrl Pts',(-110.324749934679,-14.6976404112564,-6.68065987152526E-6));
#2268=CARTESIAN_POINT('Ctrl Pts',(-110.193568667422,-14.9257599047586,-1.76905402917704E-5));
#2269=CARTESIAN_POINT('Ctrl Pts',(-110.061313818496,-15.1557463180716,-2.87905250847501E-5));
#2270=CARTESIAN_POINT('Ctrl Pts',(-109.92319350136,-15.3819965835679,-4.02315729957594E-5));
#2271=CARTESIAN_POINT('Ctrl Pts',(-109.77926338797,-15.6042591996375,-4.77035648417724E-5));
#2272=CARTESIAN_POINT('Ctrl Pts',(-109.65792033203,-15.7916419815983,-5.40029715690617E-5));
#2273=CARTESIAN_POINT('Ctrl Pts',(-109.532446916495,-15.9761906629347,-5.745770219568E-5));
#2274=CARTESIAN_POINT('Ctrl Pts',(-109.402848468524,-16.1577480853994,-5.44871480734424E-5));
#2275=CARTESIAN_POINT('Ctrl Pts',(-109.252674814987,-16.3681297827524,-5.10449852037745E-5));
#2276=CARTESIAN_POINT('Ctrl Pts',(-109.096963481219,-16.5744960789529,-3.90353619392516E-5));
#2277=CARTESIAN_POINT('Ctrl Pts',(-108.935996134298,-16.7767483669368,-2.47439097469174E-5));
#2278=CARTESIAN_POINT('Ctrl Pts',(-108.772210458071,-16.982541829956,-1.02022327772649E-5));
#2279=CARTESIAN_POINT('Ctrl Pts',(-108.602982686843,-17.1840764711067,6.70121634995256E-6));
#2280=CARTESIAN_POINT('Ctrl Pts',(-108.428564639325,-17.3812187129888,2.1441299318567E-5));
#2281=CARTESIAN_POINT('Ctrl Pts',(-108.253855927375,-17.578689488749,3.62059463611955E-5));
#2282=CARTESIAN_POINT('Ctrl Pts',(-108.073939083407,-17.7717536712833,4.88043399203316E-5));
#2283=CARTESIAN_POINT('Ctrl Pts',(-107.889029965565,-17.9602402756429,5.67379756203322E-5));
#2284=CARTESIAN_POINT('Ctrl Pts',(-107.706049036745,-18.1467613857883,6.45888812233149E-5));
#2285=CARTESIAN_POINT('Ctrl Pts',(-107.518178829389,-18.3288002619562,6.78793570606229E-5));
#2286=CARTESIAN_POINT('Ctrl Pts',(-107.325600546569,-18.5061491922812,6.60987480604891E-5));
#2287=CARTESIAN_POINT('Ctrl Pts',(-107.184426519569,-18.6361589852424,6.47934308700901E-5));
#2288=CARTESIAN_POINT('Ctrl Pts',(-107.04072177873,-18.7636475825264,6.08024729534169E-5));
#2289=CARTESIAN_POINT('Ctrl Pts',(-106.894550674831,-18.8885167614842,5.45549482652945E-5));
#2290=CARTESIAN_POINT('Ctrl Pts',(-106.698495278712,-19.0560004548451,4.61753103285905E-5));
#2291=CARTESIAN_POINT('Ctrl Pts',(-106.498413439785,-19.2184235940379,3.36549667457331E-5));
#2292=CARTESIAN_POINT('Ctrl Pts',(-106.294480528536,-19.3755831742617,1.97030269763598E-5));
#2293=CARTESIAN_POINT('Ctrl Pts',(-106.095133579042,-19.5292086126936,6.06483284913621E-6));
#2294=CARTESIAN_POINT('Ctrl Pts',(-105.892106271402,-19.6778047979299,-8.93135341881996E-6));
#2295=CARTESIAN_POINT('Ctrl Pts',(-105.685546641531,-19.8211354353838,-2.10871650784721E-5));
#2296=CARTESIAN_POINT('Ctrl Pts',(-105.559915891982,-19.9083099497253,-2.84803993281788E-5));
#2297=CARTESIAN_POINT('Ctrl Pts',(-105.432978214045,-19.9935357412657,-3.47911607135481E-5));
#2298=CARTESIAN_POINT('Ctrl Pts',(-105.304765219998,-20.0767503052823,-3.87844603984116E-5));
#2299=CARTESIAN_POINT('Ctrl Pts',(-105.083900404862,-20.2200990308534,-4.56634776407416E-5));
#2300=CARTESIAN_POINT('Ctrl Pts',(-104.859250743242,-20.3574819347684,-4.57185134665826E-5));
#2301=CARTESIAN_POINT('Ctrl Pts',(-104.631040000326,-20.4889042634861,-4.28368814041624E-5));
#2302=CARTESIAN_POINT('Ctrl Pts',(-104.405765918682,-20.6186354235148,-3.99923307567879E-5));
#2303=CARTESIAN_POINT('Ctrl Pts',(-104.177021142165,-20.7425583568248,-3.42645547793184E-5));
#2304=CARTESIAN_POINT('Ctrl Pts',(-103.945028858665,-20.8606281881623,-2.83419432703241E-5));
#2305=CARTESIAN_POINT('Ctrl Pts',(-103.874957702894,-20.8962901050964,-2.65530724192836E-5));
#2306=CARTESIAN_POINT('Ctrl Pts',(-103.80459037486,-20.9314177061069,-2.47403053466221E-5));
#2307=CARTESIAN_POINT('Ctrl Pts',(-103.733933313369,-20.9660088555458,-2.2963099168466E-5));
#2308=CARTESIAN_POINT('Ctrl Pts',(-103.508478170994,-21.0763835634252,-1.72923245356817E-5));
#2309=CARTESIAN_POINT('Ctrl Pts',(-103.28042099988,-21.1811294445769,-1.21512197502339E-5));
#2310=CARTESIAN_POINT('Ctrl Pts',(-103.049962405132,-21.2802181478688,-8.22620011103892E-6));
#2311=CARTESIAN_POINT('Ctrl Pts',(-102.826207293873,-21.376424600285,-4.41534980615178E-6));
#2312=CARTESIAN_POINT('Ctrl Pts',(-102.600187882105,-21.4672980109136,-1.72991987638033E-6));
#2313=CARTESIAN_POINT('Ctrl Pts',(-102.372104295668,-21.5527669706064,-1.14343621231139E-7));
#2314=CARTESIAN_POINT('Ctrl Pts',(-102.148640904831,-21.6365046206607,1.46850656877881E-6));
#2315=CARTESIAN_POINT('Ctrl Pts',(-101.923195606669,-21.7150544560472,2.04202420420189E-6));
#2316=CARTESIAN_POINT('Ctrl Pts',(-101.69598044719,-21.7883069774343,2.04603685843852E-6));
#2317=CARTESIAN_POINT('Ctrl Pts',(-101.471693130929,-21.8606155833784,2.04999780651909E-6));
#2318=CARTESIAN_POINT('Ctrl Pts',(-101.245680752019,-21.9277624809893,1.51524293975222E-6));
#2319=CARTESIAN_POINT('Ctrl Pts',(-101.018178355291,-21.9896015568417,9.98585631212245E-7));
#2320=CARTESIAN_POINT('Ctrl Pts',(-100.790675958563,-22.051440632694,4.81928322672275E-7));
#2321=CARTESIAN_POINT('Ctrl Pts',(-100.561682925441,-22.1079719483446,6.44108005323435E-15));
#2322=CARTESIAN_POINT('Ctrl Pts',(-100.331474175477,-22.1590079995052,6.21724893790088E-15));
#2323=CARTESIAN_POINT('Origin',(-6.3771210534469E-12,-9.21485110438883E-14,
0.));
#2324=CARTESIAN_POINT('',(-59.1673298820188,-23.623831173995,0.));
#2325=CARTESIAN_POINT('Origin',(-57.9173298820188,-23.623831173995,0.));
#2326=CARTESIAN_POINT('',(-63.6299403689559,-4.60928840120731,0.));
#2327=CARTESIAN_POINT('Origin',(-62.3799403689559,-4.60928840120731,0.));
#2328=CARTESIAN_POINT('',(-72.5223427712782,-13.6729586763527,-1.08862802630306E-15));
#2329=CARTESIAN_POINT('',(-77.8999058109531,-9.62089871211029,-1.16935026464365E-15));
#2330=CARTESIAN_POINT('Origin',(-77.4357806284109,-14.5993108901978,0.));
#2331=CARTESIAN_POINT('',(-88.2488006183138,-9.65035380437953,-1.32469683092993E-15));
#2332=CARTESIAN_POINT('Origin',(-83.2373454102582,47.6308413366422,0.));
#2333=CARTESIAN_POINT('',(-100.503673298216,-8.57819137193453,-1.50865390330682E-15));
#2334=CARTESIAN_POINT('',(-95.4625439507113,-9.01923304120903,0.));
#2335=CARTESIAN_POINT('',(-103.081837567036,-18.0769280404909,-1.54735455433656E-15));
#2336=CARTESIAN_POINT('Origin',(-100.939452011954,-13.5591648623933,0.));
#2337=CARTESIAN_POINT('',(-100.635585293356,-18.9587334287995,-1.51063402542405E-15));
#2338=CARTESIAN_POINT('Origin',(-97.3197387791419,-5.92608167637248,0.));
#2339=CARTESIAN_POINT('',(-77.5060834757228,-24.086420531359,-1.16343862396667E-15));
#2340=CARTESIAN_POINT('',(-75.83758266121,-24.4563182565519,-2.22044604925031E-15));
#2341=CARTESIAN_POINT('',(-71.574654098543,-17.9863529008507,-1.07440233515842E-15));
#2342=CARTESIAN_POINT('Origin',(-76.4238854060323,-19.2049404957593,0.));
#2343=CARTESIAN_POINT('Origin',(3.33847368251099E-12,1.75859327100625E-12,
0.));
#2344=CARTESIAN_POINT('Origin',(-114.023451314261,-6.79198148060897,2.99999999999992));
#2345=CARTESIAN_POINT('',(-113.667021166901,-13.0755008377278,22.0000000000007));
#2346=CARTESIAN_POINT('Origin',(-88.7071453714245,-11.6596617669414,22.0000000000007));
#2347=CARTESIAN_POINT('',(-110.895132784885,-0.140407687787076,22.0000000000007));
#2348=CARTESIAN_POINT('Origin',(-88.7071453714245,-11.6596617669414,22.));
#2349=CARTESIAN_POINT('',(-110.895132784885,-0.140407687786975,22.0000000000007));
#2350=CARTESIAN_POINT('Ctrl Pts',(-102.053173108656,-28.3470164730527,11.1517608826094));
#2351=CARTESIAN_POINT('Ctrl Pts',(-101.908389904203,-27.8277261379625,10.2158053330428));
#2352=CARTESIAN_POINT('Ctrl Pts',(-101.763634429577,-27.3084460325539,9.2798775830752));
#2353=CARTESIAN_POINT('Ctrl Pts',(-101.345485313441,-25.8076355734237,6.57496507735375));
#2354=CARTESIAN_POINT('Ctrl Pts',(-101.073800852624,-24.827549771973,4.80907557480321));
#2355=CARTESIAN_POINT('Ctrl Pts',(-100.644306350219,-23.2838179007885,2.02703650821823));
#2356=CARTESIAN_POINT('Ctrl Pts',(-100.487917438578,-22.7214475877751,1.01358727654915));
#2357=CARTESIAN_POINT('Ctrl Pts',(-100.331474175477,-22.159007999505,-3.19744231092045E-13));
#2358=CARTESIAN_POINT('Ctrl Pts',(-104.381902412473,-27.7979851608711,11.0961447405212));
#2359=CARTESIAN_POINT('Ctrl Pts',(-104.182578391072,-27.2916912932079,10.1617254873172));
#2360=CARTESIAN_POINT('Ctrl Pts',(-103.983137468292,-26.7849831571882,9.22655904090999));
#2361=CARTESIAN_POINT('Ctrl Pts',(-103.407252851755,-25.3221935492083,6.5268267097068));
#2362=CARTESIAN_POINT('Ctrl Pts',(-103.032066174424,-24.3662320476294,4.76293750499186));
#2363=CARTESIAN_POINT('Ctrl Pts',(-102.439650215053,-22.8607691622804,1.9845482495156));
#2364=CARTESIAN_POINT('Ctrl Pts',(-102.223898108028,-22.3124575355172,0.972623641272703));
#2365=CARTESIAN_POINT('Ctrl Pts',(-102.008028819579,-21.7640057611215,-0.0395829583661828));
#2366=CARTESIAN_POINT('Ctrl Pts',(-109.124023041587,-25.8388572404003,11.0046584383437));
#2367=CARTESIAN_POINT('Ctrl Pts',(-108.813732960498,-25.3783862577966,10.0725858005169));
#2368=CARTESIAN_POINT('Ctrl Pts',(-108.502947439627,-24.9171393977881,9.13898166637267));
#2369=CARTESIAN_POINT('Ctrl Pts',(-107.606343198979,-23.587623265493,6.44722247729538));
#2370=CARTESIAN_POINT('Ctrl Pts',(-107.020599383816,-22.7183420757159,4.68729553692444));
#2371=CARTESIAN_POINT('Ctrl Pts',(-106.096434609483,-21.3492888396299,1.91475139743996));
#2372=CARTESIAN_POINT('Ctrl Pts',(-105.759863144737,-20.8508987699515,0.905292656076433));
#2373=CARTESIAN_POINT('Ctrl Pts',(-105.423026837004,-20.35232635571,-0.10460116662123));
#2374=CARTESIAN_POINT('Ctrl Pts',(-115.005609605201,-20.2433571452711,10.9731160189645));
#2375=CARTESIAN_POINT('Ctrl Pts',(-114.557336870191,-19.9129670596672,10.0420066061443));
#2376=CARTESIAN_POINT('Ctrl Pts',(-114.107929826365,-19.5820983848658,9.10888504997249));
#2377=CARTESIAN_POINT('Ctrl Pts',(-112.81268722581,-18.629269858058,6.42029136866787));
#2378=CARTESIAN_POINT('Ctrl Pts',(-111.964932750025,-18.0072278118667,4.66154900692438));
#2379=CARTESIAN_POINT('Ctrl Pts',(-110.628630087863,-17.0278607249016,1.89125556070686));
#2380=CARTESIAN_POINT('Ctrl Pts',(-110.141988238778,-16.6715633102767,0.882715320394684));
#2381=CARTESIAN_POINT('Ctrl Pts',(-109.654896504945,-16.3152909965412,-0.126353645353468));
#2382=CARTESIAN_POINT('Ctrl Pts',(-117.799792405608,-14.2174368438038,11.0452863749872));
#2383=CARTESIAN_POINT('Ctrl Pts',(-117.284799407865,-14.0272193081957,10.1123391122679));
#2384=CARTESIAN_POINT('Ctrl Pts',(-116.769041865015,-13.8372367212762,9.17825998891803));
#2385=CARTESIAN_POINT('Ctrl Pts',(-115.280811267134,-13.2898499392077,6.48335547268866));
#2386=CARTESIAN_POINT('Ctrl Pts',(-114.307576642093,-12.9345914215684,4.72200867723564));
#2387=CARTESIAN_POINT('Ctrl Pts',(-112.773972179868,-12.3753782218835,1.94724801393492));
#2388=CARTESIAN_POINT('Ctrl Pts',(-112.21539076131,-12.1721670800948,0.936811828958423));
#2389=CARTESIAN_POINT('Ctrl Pts',(-111.656474099424,-11.9692608296744,-0.0739949420260047));
#2390=CARTESIAN_POINT('Ctrl Pts',(-118.432087273383,-10.5759678925967,11.1205692982451));
#2391=CARTESIAN_POINT('Ctrl Pts',(-117.901180472709,-10.4708560182809,10.1857230022223));
#2392=CARTESIAN_POINT('Ctrl Pts',(-117.37001845474,-10.3661412329085,9.25050382798999));
#2393=CARTESIAN_POINT('Ctrl Pts',(-115.835574062661,-10.0649750004231,6.54908854951794));
#2394=CARTESIAN_POINT('Ctrl Pts',(-114.833122792208,-9.87117461356531,4.7847415248195));
#2395=CARTESIAN_POINT('Ctrl Pts',(-113.253827459853,-9.56638098516973,2.00529236999195));
#2396=CARTESIAN_POINT('Ctrl Pts',(-112.6785098163,-9.45589526438598,0.992865455621414));
#2397=CARTESIAN_POINT('Ctrl Pts',(-112.103016896694,-9.34580724417995,-0.0197914791829603));
#2398=CARTESIAN_POINT('Ctrl Pts',(-118.542279685728,-9.38475959676201,11.1480939247612));
#2399=CARTESIAN_POINT('Ctrl Pts',(-118.00838841002,-9.30752595057291,10.2125080863234));
#2400=CARTESIAN_POINT('Ctrl Pts',(-117.474479804828,-9.23073298834478,9.2769357576204));
#2401=CARTESIAN_POINT('Ctrl Pts',(-115.931330687752,-9.01023650423362,6.57300643276091));
#2402=CARTESIAN_POINT('Ctrl Pts',(-114.923664864776,-8.86932062246291,4.8077046902694));
#2403=CARTESIAN_POINT('Ctrl Pts',(-113.336140909035,-8.64780391242102,2.02649465814118));
#2404=CARTESIAN_POINT('Ctrl Pts',(-112.757794005316,-8.56767212850383,1.01332719767206));
#2405=CARTESIAN_POINT('Ctrl Pts',(-112.179340433543,-8.48796677039157,-4.44089209850063E-15));
#2406=CARTESIAN_POINT('Ctrl Pts',(-112.733712866887,-8.5644931979968,0.971151176395405));
#2407=CARTESIAN_POINT('Ctrl Pts',(-112.54892987029,-8.5389376748506,0.647444579438342));
#2408=CARTESIAN_POINT('Ctrl Pts',(-112.364140595339,-8.51343046150517,0.323730441336049));
#2409=CARTESIAN_POINT('Ctrl Pts',(-112.179340433543,-8.48796677039157,-4.44089209850063E-15));
#2410=CARTESIAN_POINT('',(-101.83720223326,-27.5723628012193,9.75554882650917));
#2411=CARTESIAN_POINT('Ctrl Pts',(-100.331474175477,-22.159007999505,-3.19744231092045E-13));
#2412=CARTESIAN_POINT('Ctrl Pts',(-100.487917438578,-22.7214475877751,1.01358727654915));
#2413=CARTESIAN_POINT('Ctrl Pts',(-100.644306350219,-23.2838179007885,2.02703650821823));
#2414=CARTESIAN_POINT('Ctrl Pts',(-101.073800852624,-24.827549771973,4.80907557480321));
#2415=CARTESIAN_POINT('Ctrl Pts',(-101.345485313441,-25.8076355734237,6.57496507735375));
#2416=CARTESIAN_POINT('Ctrl Pts',(-101.691700007951,-27.0502607867138,8.81455000222245));
#2417=CARTESIAN_POINT('Ctrl Pts',(-101.764450264292,-27.3113052925749,9.28503805631022));
#2418=CARTESIAN_POINT('Ctrl Pts',(-101.83721595135,-27.572359567224,9.75554849929451));
#2419=CARTESIAN_POINT('',(-105.852215793509,-27.0226750259997,10.9999998658001));
#2420=CARTESIAN_POINT('Ctrl Pts',(-105.852215793509,-27.0226750259997,10.9999998658001));
#2421=CARTESIAN_POINT('Ctrl Pts',(-104.583807439381,-27.3038743647401,10.5747025326976));
#2422=CARTESIAN_POINT('Ctrl Pts',(-103.245690444956,-27.4887818046506,10.1459516287146));
#2423=CARTESIAN_POINT('Ctrl Pts',(-101.850237319575,-27.5715961544265,9.75915801636928));
#2424=CARTESIAN_POINT('Ctrl Pts',(-101.843720005726,-27.5719806190425,9.75735283470055));
#2425=CARTESIAN_POINT('Ctrl Pts',(-101.83720223326,-27.5723628012192,9.75554882650927));
#2426=CARTESIAN_POINT('Ctrl Pts',(-111.011999273057,-23.8291097458555,11.0000615074041));
#2427=CARTESIAN_POINT('Ctrl Pts',(-110.760192287702,-24.0409939497984,11.0000507991698));
#2428=CARTESIAN_POINT('Ctrl Pts',(-110.503690432461,-24.2468973566731,11.0000356282374));
#2429=CARTESIAN_POINT('Ctrl Pts',(-110.242681885011,-24.446597116784,11.0000190611038));
#2430=CARTESIAN_POINT('Ctrl Pts',(-109.987267126704,-24.6420170233766,11.0000028490277));
#2431=CARTESIAN_POINT('Ctrl Pts',(-109.727536277301,-24.8314965521105,10.9999853092279));
#2432=CARTESIAN_POINT('Ctrl Pts',(-109.463650225017,-25.0147800285364,10.9999709897644));
#2433=CARTESIAN_POINT('Ctrl Pts',(-109.281543305123,-25.1412633688669,10.9999611079484));
#2434=CARTESIAN_POINT('Ctrl Pts',(-109.0974572185,-25.2647949812091,10.9999527941603));
#2435=CARTESIAN_POINT('Ctrl Pts',(-108.911442234467,-25.3852765280026,10.9999479920136));
#2436=CARTESIAN_POINT('Ctrl Pts',(-108.629003647321,-25.5682114567697,10.9999407006036));
#2437=CARTESIAN_POINT('Ctrl Pts',(-108.342117730916,-25.7441166164056,10.9999414676033));
#2438=CARTESIAN_POINT('Ctrl Pts',(-108.051027383712,-25.9130000638639,10.9999459579509));
#2439=CARTESIAN_POINT('Ctrl Pts',(-107.763495244094,-26.0798191269495,10.9999503934097));
#2440=CARTESIAN_POINT('Ctrl Pts',(-107.471860212602,-26.2397870251473,10.999958482252));
#2441=CARTESIAN_POINT('Ctrl Pts',(-107.176363443358,-26.3928615307181,10.9999671131026));
#2442=CARTESIAN_POINT('Ctrl Pts',(-107.024854269228,-26.4713469638369,10.9999715383727));
#2443=CARTESIAN_POINT('Ctrl Pts',(-106.872330058133,-26.5480193944025,10.9999761215704));
#2444=CARTESIAN_POINT('Ctrl Pts',(-106.718824861494,-26.6228680122338,10.9999805275579));
#2445=CARTESIAN_POINT('Ctrl Pts',(-106.433656002982,-26.7619153889711,10.9999887126256));
#2446=CARTESIAN_POINT('Ctrl Pts',(-106.145500358713,-26.8944771951731,10.9999966762337));
#2447=CARTESIAN_POINT('Ctrl Pts',(-105.854568143179,-27.0205244221811,11.0000027861186));
#2448=CARTESIAN_POINT('Ctrl Pts',(-150.033475710342,5.11321864957696,65.3470400784017));
#2449=CARTESIAN_POINT('Ctrl Pts',(-152.422952012098,-64.9994558220139,65.3470400784017));
#2450=CARTESIAN_POINT('Ctrl Pts',(-100.172057653598,-111.811214572277,65.3470400784017));
#2451=CARTESIAN_POINT('Ctrl Pts',(-106.479151910627,0.768365111285408,-10.4656938240168));
#2452=CARTESIAN_POINT('Ctrl Pts',(-106.838219329867,-48.9907841757301,-10.4656938240168));
#2453=CARTESIAN_POINT('Ctrl Pts',(-68.898068502749,-81.1877843837402,-10.4656938240168));
#2454=CARTESIAN_POINT('Origin',(-87.5951325477064,-2.17889356869145,0.));
#2455=CARTESIAN_POINT('',(-87.5951325477064,-2.17889356869145,22.));
#2456=CARTESIAN_POINT('',(-107.49910964835,-0.437521213305579,22.));
#2457=CARTESIAN_POINT('',(-87.5951325477064,-2.17889356869145,0.));
#2458=CARTESIAN_POINT('Origin',(-55.8830897074544,-31.5008378420099,-9.61424228238147E-30));
#2459=CARTESIAN_POINT('',(-55.6666500935163,-30.52454183489,20.1244344772389));
#2460=CARTESIAN_POINT('',(-56.7542212695348,-31.991887535572,20.1244344772389));
#2461=CARTESIAN_POINT('Origin',(-55.8830897074544,-31.5008378420099,20.1244344772389));
#2462=CARTESIAN_POINT('',(-56.7542212695347,-31.991887535572,1.87556552276113));
#2463=CARTESIAN_POINT('',(-56.7542212695348,-31.991887535572,-9.61424228238147E-30));
#2464=CARTESIAN_POINT('',(-55.6666500935163,-30.52454183489,1.87556552276113));
#2465=CARTESIAN_POINT('Origin',(-55.8830897074544,-31.5008378420099,1.87556552276113));
#2466=CARTESIAN_POINT('',(-55.6666500935163,-30.52454183489,-9.61424228238147E-30));
#2467=CARTESIAN_POINT('Ctrl Pts',(-56.7542212695348,-31.991887535572,20.1244344772389));
#2468=CARTESIAN_POINT('Ctrl Pts',(-56.8089109536358,-31.8948669884356,20.3826492330031));
#2469=CARTESIAN_POINT('Ctrl Pts',(-56.9874212749754,-31.6399981247202,21.0146823135696));
#2470=CARTESIAN_POINT('Ctrl Pts',(-57.2178238444341,-31.364970277112,21.6454273356931));
#2471=CARTESIAN_POINT('Ctrl Pts',(-57.3603401069249,-31.2050030046711,22.0009073761327));
#2472=CARTESIAN_POINT('Ctrl Pts',(-56.8618900789081,-31.8008810054256,20.1244344772389));
#2473=CARTESIAN_POINT('Ctrl Pts',(-56.8900606210183,-31.7008892860996,20.3660588993248));
#2474=CARTESIAN_POINT('Ctrl Pts',(-57.0098820883791,-31.4528731790556,20.9917736172805));
#2475=CARTESIAN_POINT('Ctrl Pts',(-57.203870091647,-31.2003178489459,21.6352643196142));
#2476=CARTESIAN_POINT('Ctrl Pts',(-57.3314950321914,-31.055224551406,21.9988781084662));
#2477=CARTESIAN_POINT('Ctrl Pts',(-56.9465028228839,-31.3457787995003,20.1244344772389));
#2478=CARTESIAN_POINT('Ctrl Pts',(-56.9267296473575,-31.2623575018882,20.3455967368776));
#2479=CARTESIAN_POINT('Ctrl Pts',(-56.9521514727279,-31.0667849761288,20.9754101254818));
#2480=CARTESIAN_POINT('Ctrl Pts',(-57.0991729343282,-30.8762633811052,21.6463456933974));
#2481=CARTESIAN_POINT('Ctrl Pts',(-57.2107355119181,-30.7674827078307,22.0253928980016));
#2482=CARTESIAN_POINT('Ctrl Pts',(-56.6563719592747,-30.7799063547159,20.1244344772389));
#2483=CARTESIAN_POINT('Ctrl Pts',(-56.6161020981456,-30.7451271619618,20.363756856017));
#2484=CARTESIAN_POINT('Ctrl Pts',(-56.6197302359257,-30.6543379266058,21.0385389345565));
#2485=CARTESIAN_POINT('Ctrl Pts',(-56.7795463760712,-30.5495612567608,21.743488964391));
#2486=CARTESIAN_POINT('Ctrl Pts',(-56.9055429330227,-30.485602220708,22.1383526793655));
#2487=CARTESIAN_POINT('Ctrl Pts',(-56.1657392447176,-30.4990001599792,20.1244344772389));
#2488=CARTESIAN_POINT('Ctrl Pts',(-56.1408153055345,-30.4961770519577,20.4110763520176));
#2489=CARTESIAN_POINT('Ctrl Pts',(-56.1955613367701,-30.4671219462865,21.1473481931733));
#2490=CARTESIAN_POINT('Ctrl Pts',(-56.4091286675205,-30.407100002417,21.8781877778167));
#2491=CARTESIAN_POINT('Ctrl Pts',(-56.5673444253541,-30.3655889229404,22.2833762300802));
#2492=CARTESIAN_POINT('Ctrl Pts',(-55.8271989596403,-30.4889490081769,20.1244344772389));
#2493=CARTESIAN_POINT('Ctrl Pts',(-55.8193564535995,-30.4907015066734,20.4481258980998));
#2494=CARTESIAN_POINT('Ctrl Pts',(-55.9210898602713,-30.4681495097847,21.2267058986595));
#2495=CARTESIAN_POINT('Ctrl Pts',(-56.1759649307118,-30.4116053091172,21.971573667332));
#2496=CARTESIAN_POINT('Ctrl Pts',(-56.3571806993005,-30.371454885196,22.3817974550519));
#2497=CARTESIAN_POINT('Ctrl Pts',(-55.6666500935163,-30.52454183489,20.1244344772389));
#2498=CARTESIAN_POINT('Ctrl Pts',(-55.6666500935163,-30.52454183489,20.4667569863315));
#2499=CARTESIAN_POINT('Ctrl Pts',(-55.790245651403,-30.4971413593801,21.2665010963704));
#2500=CARTESIAN_POINT('Ctrl Pts',(-56.0642631674469,-30.4363931386025,22.0183079239492));
#2501=CARTESIAN_POINT('Ctrl Pts',(-56.2563556115517,-30.3938072690105,22.4310305954575));
#2502=CARTESIAN_POINT('',(-57.3599763583716,-31.2054113155733,22.));
#2503=CARTESIAN_POINT('',(-56.071992598889,-30.4346795649065,21.9999999999982));
#2504=CARTESIAN_POINT('Ctrl Pts',(-56.0719925988904,-30.4346795649062,22.));
#2505=CARTESIAN_POINT('Ctrl Pts',(-56.215349503474,-30.402898104307,22.));
#2506=CARTESIAN_POINT('Ctrl Pts',(-56.3640831635416,-30.3984800679682,22.));
#2507=CARTESIAN_POINT('Ctrl Pts',(-56.6520292716076,-30.4450031307459,22.));
#2508=CARTESIAN_POINT('Ctrl Pts',(-56.7900276012655,-30.4950429120831,22.));
#2509=CARTESIAN_POINT('Ctrl Pts',(-57.0260738125134,-30.6402224452609,22.));
#2510=CARTESIAN_POINT('Ctrl Pts',(-57.1248213000757,-30.7301743203106,21.9999999999986));
#2511=CARTESIAN_POINT('Ctrl Pts',(-57.2411264829617,-30.8918243964555,21.9999999999986));
#2512=CARTESIAN_POINT('Ctrl Pts',(-57.274286853846,-30.950027040198,22.0000000000006));
#2513=CARTESIAN_POINT('Ctrl Pts',(-57.3277457458676,-31.0737102570212,22.0000000000006));
#2514=CARTESIAN_POINT('Ctrl Pts',(-57.3475891837632,-31.138689851239,22.));
#2515=CARTESIAN_POINT('Ctrl Pts',(-57.3599763583716,-31.2054113155733,22.));
#2516=CARTESIAN_POINT('Ctrl Pts',(-57.3599763580364,-31.2054113147094,22.0000000033089));
#2517=CARTESIAN_POINT('Ctrl Pts',(-57.2175998178077,-31.3652377039757,21.6448140114283));
#2518=CARTESIAN_POINT('Ctrl Pts',(-56.9873344850259,-31.6401220394364,21.0143750253482));
#2519=CARTESIAN_POINT('Ctrl Pts',(-56.8089109536358,-31.8948669884356,20.3826492330031));
#2520=CARTESIAN_POINT('Ctrl Pts',(-56.7542212695348,-31.991887535572,20.1244344772389));
#2521=CARTESIAN_POINT('Ctrl Pts',(-55.6666500935163,-30.52454183489,20.1244344772389));
#2522=CARTESIAN_POINT('Ctrl Pts',(-55.6666500935163,-30.52454183489,20.4667569863315));
#2523=CARTESIAN_POINT('Ctrl Pts',(-55.7660046152547,-30.5025154677111,21.1096457351231));
#2524=CARTESIAN_POINT('Ctrl Pts',(-55.9625623874389,-30.4589396587169,21.7215572268057));
#2525=CARTESIAN_POINT('Ctrl Pts',(-56.0716599884296,-30.4347533028701,22.0001365470336));
#2526=CARTESIAN_POINT('Ctrl Pts',(-55.6666500935163,-30.52454183489,1.87556552276113));
#2527=CARTESIAN_POINT('Ctrl Pts',(-55.6666500935163,-30.52454183489,1.4189793157532));
#2528=CARTESIAN_POINT('Ctrl Pts',(-55.82626607648,-30.4891558233944,0.621444494727138));
#2529=CARTESIAN_POINT('Ctrl Pts',(-56.1125491270359,-30.425688399081,-0.122141446984758));
#2530=CARTESIAN_POINT('Ctrl Pts',(-56.2567007647662,-30.393730750385,-0.431772073178675));
#2531=CARTESIAN_POINT('Ctrl Pts',(-55.8807152483483,-30.4770847326059,1.87556552276113));
#2532=CARTESIAN_POINT('Ctrl Pts',(-55.8670658451593,-30.480361572409,1.45197331968295));
#2533=CARTESIAN_POINT('Ctrl Pts',(-55.9966858958823,-30.4514411624841,0.674824403478214));
#2534=CARTESIAN_POINT('Ctrl Pts',(-56.2577864079637,-30.3934498489487,-0.0590025502280413));
#2535=CARTESIAN_POINT('Ctrl Pts',(-56.3911082156562,-30.3639333359032,-0.366121883070281));
#2536=CARTESIAN_POINT('Ctrl Pts',(-56.3407547766591,-30.5284920943884,1.87556552276113));
#2537=CARTESIAN_POINT('Ctrl Pts',(-56.295073692856,-30.5180673225426,1.51809856447504));
#2538=CARTESIAN_POINT('Ctrl Pts',(-56.3591041539698,-30.4746753720683,0.78162712656986));
#2539=CARTESIAN_POINT('Ctrl Pts',(-56.5654804754495,-30.4067523586487,0.0672546711485422));
#2540=CARTESIAN_POINT('Ctrl Pts',(-56.6752314911048,-30.3737246104124,-0.234856026517932));
#2541=CARTESIAN_POINT('Ctrl Pts',(-56.7977742778067,-30.9706765268959,1.87556552276113));
#2542=CARTESIAN_POINT('Ctrl Pts',(-56.747729401553,-30.8996618558751,1.57092220565921));
#2543=CARTESIAN_POINT('Ctrl Pts',(-56.7774822201127,-30.7694953601098,0.885222461366226));
#2544=CARTESIAN_POINT('Ctrl Pts',(-56.939384315493,-30.6343446666927,0.200792913421392));
#2545=CARTESIAN_POINT('Ctrl Pts',(-57.0276953604781,-30.5750590562195,-0.0915431085844683));
#2546=CARTESIAN_POINT('Ctrl Pts',(-56.9238306390135,-31.5218020010318,1.87556552276113));
#2547=CARTESIAN_POINT('Ctrl Pts',(-56.9209097217878,-31.4000839070369,1.57147187971724));
#2548=CARTESIAN_POINT('Ctrl Pts',(-57.000442425595,-31.1812957815725,0.920334782755083));
#2549=CARTESIAN_POINT('Ctrl Pts',(-57.1728205693116,-30.966608909593,0.265968723095367));
#2550=CARTESIAN_POINT('Ctrl Pts',(-57.2603797982765,-30.8744463446407,-0.0141149507491878));
#2551=CARTESIAN_POINT('Ctrl Pts',(-56.8349728765648,-31.8486326379622,1.87556552276113));
#2552=CARTESIAN_POINT('Ctrl Pts',(-56.8813228711439,-31.7165007863704,1.54778607114582));
#2553=CARTESIAN_POINT('Ctrl Pts',(-57.0317492394295,-31.4621766909804,0.907237449458551));
#2554=CARTESIAN_POINT('Ctrl Pts',(-57.2403769735777,-31.2040116741056,0.271239444047405));
#2555=CARTESIAN_POINT('Ctrl Pts',(-57.3389423661541,-31.0924018574048,-3.50221285397778E-5));
#2556=CARTESIAN_POINT('Ctrl Pts',(-56.7542212695348,-31.991887535572,1.87556552276113));
#2557=CARTESIAN_POINT('Ctrl Pts',(-56.8271658021403,-31.86248253753,1.53116136353672));
#2558=CARTESIAN_POINT('Ctrl Pts',(-57.0200367923596,-31.6000120579327,0.89236547760738));
#2559=CARTESIAN_POINT('Ctrl Pts',(-57.2536624945471,-31.3247342802441,0.265149423779006));
#2560=CARTESIAN_POINT('Ctrl Pts',(-57.3605961637966,-31.2047156045325,-0.00154602537441789));
#2561=CARTESIAN_POINT('Ctrl Pts',(-56.0720804212799,-30.4346600951512,3.59417485547436E-5));
#2562=CARTESIAN_POINT('Ctrl Pts',(-56.0049023202752,-30.4495531215904,0.172253055647326));
#2563=CARTESIAN_POINT('Ctrl Pts',(-55.7948928438049,-30.4961111016283,0.778203517488476));
#2564=CARTESIAN_POINT('Ctrl Pts',(-55.6666500935163,-30.52454183489,1.4189793157532));
#2565=CARTESIAN_POINT('Ctrl Pts',(-55.6666500935163,-30.52454183489,1.87556552276113));
#2566=CARTESIAN_POINT('Ctrl Pts',(-56.7542212695348,-31.991887535572,1.87556552276113));
#2567=CARTESIAN_POINT('Ctrl Pts',(-56.8271658021403,-31.86248253753,1.53116136353672));
#2568=CARTESIAN_POINT('Ctrl Pts',(-57.0198770709133,-31.6002294165128,0.892894480971874));
#2569=CARTESIAN_POINT('Ctrl Pts',(-57.2532755795457,-31.3251902007297,0.266188259333531));
#2570=CARTESIAN_POINT('Ctrl Pts',(-57.3599763583389,-31.2054113155984,-1.78224721222517E-11));
#2571=CARTESIAN_POINT('Ctrl Pts',(-53.2623091803127,-37.518647640617,11.9951656860673));
#2572=CARTESIAN_POINT('Ctrl Pts',(-54.7601589571367,-35.3922666824586,15.0643083167662));
#2573=CARTESIAN_POINT('Ctrl Pts',(-56.1305149552097,-33.1760883890209,18.3353937852399));
#2574=CARTESIAN_POINT('Ctrl Pts',(-57.3635697575465,-30.8859735911157,21.7850114600694));
#2575=CARTESIAN_POINT('Ctrl Pts',(-53.2150487812445,-37.5857395574492,12.0652471831528));
#2576=CARTESIAN_POINT('Ctrl Pts',(-54.7153421190337,-35.4616034688988,15.1316728776791));
#2577=CARTESIAN_POINT('Ctrl Pts',(-56.0884728943404,-33.247204794849,18.4002777475705));
#2578=CARTESIAN_POINT('Ctrl Pts',(-57.3245105752891,-30.9585170102015,21.8476095555498));
#2579=CARTESIAN_POINT('Ctrl Pts',(-53.1801599224872,-37.7607691819775,12.2046005373553));
#2580=CARTESIAN_POINT('Ctrl Pts',(-54.6853319277429,-35.63756417108,15.2656283053162));
#2581=CARTESIAN_POINT('Ctrl Pts',(-56.0637306724026,-33.4234475467081,18.5293751107021));
#2582=CARTESIAN_POINT('Ctrl Pts',(-57.3051867682345,-31.1343035971813,21.9721657401817));
#2583=CARTESIAN_POINT('Ctrl Pts',(-53.3499448488209,-38.0908729577573,12.3515631848825));
#2584=CARTESIAN_POINT('Ctrl Pts',(-54.8596604140796,-35.9595421602892,15.4094741890083));
#2585=CARTESIAN_POINT('Ctrl Pts',(-56.2423323664932,-33.7368505967274,18.6701964749875));
#2586=CARTESIAN_POINT('Ctrl Pts',(-57.4876217733577,-31.4389721810215,22.1102685867832));
#2587=CARTESIAN_POINT('Ctrl Pts',(-53.6178593471607,-38.222652213687,12.3118087494521));
#2588=CARTESIAN_POINT('Ctrl Pts',(-55.1271503294401,-36.0828610788844,15.3757811844959));
#2589=CARTESIAN_POINT('Ctrl Pts',(-56.5084434338023,-33.85252542355,18.6423564469374));
#2590=CARTESIAN_POINT('Ctrl Pts',(-57.7518123656086,-31.5471551879461,22.0874809401534));
#2591=CARTESIAN_POINT('Ctrl Pts',(-53.764886161624,-38.2297386951852,12.2444511734909));
#2592=CARTESIAN_POINT('Ctrl Pts',(-55.274231331977,-36.0870386199266,15.3135938041898));
#2593=CARTESIAN_POINT('Ctrl Pts',(-56.6551042601963,-33.8538520510212,18.5846792726635));
#2594=CARTESIAN_POINT('Ctrl Pts',(-57.8976222613231,-31.5461615447668,22.034296947493));
#2595=CARTESIAN_POINT('',(-57.8852621698403,-31.5691066505655,22.));
#2596=CARTESIAN_POINT('Ctrl Pts',(-57.3602232976029,-31.2051705452049,21.9997499868059));
#2597=CARTESIAN_POINT('Ctrl Pts',(-57.3641576640569,-31.2262404477645,21.9997491563138));
#2598=CARTESIAN_POINT('Ctrl Pts',(-57.3692046588255,-31.2468644989432,21.9997559207245));
#2599=CARTESIAN_POINT('Ctrl Pts',(-57.3753486916995,-31.2669344429863,21.9997700049961));
#2600=CARTESIAN_POINT('Ctrl Pts',(-57.3826581018756,-31.2908111793633,21.9997867607198));
#2601=CARTESIAN_POINT('Ctrl Pts',(-57.3915714146395,-31.3140852340729,21.9998086831091));
#2602=CARTESIAN_POINT('Ctrl Pts',(-57.4021536145604,-31.3365015688692,21.9998331066661));
#2603=CARTESIAN_POINT('Ctrl Pts',(-57.4120940027101,-31.3575583501089,21.9998560489312));
#2604=CARTESIAN_POINT('Ctrl Pts',(-57.4235073441557,-31.3778585944961,21.9998812598743));
#2605=CARTESIAN_POINT('Ctrl Pts',(-57.4364562113549,-31.3971549300177,21.99987974668));
#2606=CARTESIAN_POINT('Ctrl Pts',(-57.4429763428725,-31.4068711965817,21.9998789847426));
#2607=CARTESIAN_POINT('Ctrl Pts',(-57.4498859033621,-31.4163323207978,21.9998710071997));
#2608=CARTESIAN_POINT('Ctrl Pts',(-57.4571933679865,-31.4255025548298,21.9998492016658));
#2609=CARTESIAN_POINT('Ctrl Pts',(-57.4590012961815,-31.4277713478398,21.9998438067933));
#2610=CARTESIAN_POINT('Ctrl Pts',(-57.4608335817965,-31.4300223200374,21.9998375550618));
#2611=CARTESIAN_POINT('Ctrl Pts',(-57.4626901781203,-31.4322550903758,21.999830517197));
#2612=CARTESIAN_POINT('Ctrl Pts',(-57.4799976136147,-31.453069269586,21.9997649092951));
#2613=CARTESIAN_POINT('Ctrl Pts',(-57.4991592875766,-31.4719884196626,21.9996415865896));
#2614=CARTESIAN_POINT('Ctrl Pts',(-57.5200008374826,-31.4888510873395,21.9995294634833));
#2615=CARTESIAN_POINT('Ctrl Pts',(-57.5408423873886,-31.5057137550164,21.9994173403769));
#2616=CARTESIAN_POINT('Ctrl Pts',(-57.5633651978922,-31.5205206355774,21.9993163833175));
#2617=CARTESIAN_POINT('Ctrl Pts',(-57.5874004249439,-31.5330632397194,21.999263316392));
#2618=CARTESIAN_POINT('Ctrl Pts',(-57.6106462468619,-31.5451938986745,21.9992119923793));
#2619=CARTESIAN_POINT('Ctrl Pts',(-57.6348601875916,-31.5549738048091,21.9992063764855));
#2620=CARTESIAN_POINT('Ctrl Pts',(-57.6597737437881,-31.5624297311362,21.9992491932257));
#2621=CARTESIAN_POINT('Ctrl Pts',(-57.6846872999846,-31.5698856574632,21.9992920099658));
#2622=CARTESIAN_POINT('Ctrl Pts',(-57.7103017154615,-31.5750180468717,21.9993831223584));
#2623=CARTESIAN_POINT('Ctrl Pts',(-57.7363823954749,-31.5778258615567,21.9994946412001));
#2624=CARTESIAN_POINT('Ctrl Pts',(-57.762163335542,-31.5806014065991,21.9996048783785));
#2625=CARTESIAN_POINT('Ctrl Pts',(-57.7880590740328,-31.5810701698076,21.9997303105967));
#2626=CARTESIAN_POINT('Ctrl Pts',(-57.8138304836153,-31.5793719100759,21.9998319767467));
#2627=CARTESIAN_POINT('Ctrl Pts',(-57.8378012664567,-31.5777923063251,21.9999265395681));
#2628=CARTESIAN_POINT('Ctrl Pts',(-57.8616656994147,-31.574337972893,22.0000001418942));
#2629=CARTESIAN_POINT('Ctrl Pts',(-57.8852621645789,-31.569106647398,22.0000000073566));
#2630=CARTESIAN_POINT('',(-53.7648861616241,-38.2297386951852,12.2444511734909));
#2631=CARTESIAN_POINT('Origin',(-0.0938102186040852,-0.423150550801158,
96.6166871257886));
#2632=CARTESIAN_POINT('',(-53.2623091803128,-37.518647640617,11.9951656860673));
#2633=CARTESIAN_POINT('Origin',(-53.6710759430166,-37.8065881443823,11.9951656860673));
#2634=CARTESIAN_POINT('Origin',(3.33955085807247E-12,1.75859327100625E-12,
96.367401638365));
#2635=CARTESIAN_POINT('Origin',(-100.56633298813,-20.5705217827937,0.));
#2636=CARTESIAN_POINT('',(-51.7149807723197,-31.4006058319291,22.));
#2637=CARTESIAN_POINT('',(-51.7149807723197,-31.4006058319291,0.));
#2638=CARTESIAN_POINT('',(-67.4396781283827,-27.9145243564144,22.));
#2639=CARTESIAN_POINT('Ctrl Pts',(-57.3635697575465,-30.8859735911157,0.214988539930561));
#2640=CARTESIAN_POINT('Ctrl Pts',(-56.1305149552097,-33.1760883890209,3.66460621476013));
#2641=CARTESIAN_POINT('Ctrl Pts',(-54.7601589571367,-35.3922666824586,6.93569168323383));
#2642=CARTESIAN_POINT('Ctrl Pts',(-53.2623091803127,-37.518647640617,10.0048343139328));
#2643=CARTESIAN_POINT('Ctrl Pts',(-57.3245105752891,-30.9585170102015,0.152390444450229));
#2644=CARTESIAN_POINT('Ctrl Pts',(-56.0884728943404,-33.247204794849,3.59972225242953));
#2645=CARTESIAN_POINT('Ctrl Pts',(-54.7153421190337,-35.4616034688988,6.86832712232094));
#2646=CARTESIAN_POINT('Ctrl Pts',(-53.2150487812444,-37.5857395574492,9.93475281684731));
#2647=CARTESIAN_POINT('Ctrl Pts',(-57.3051840888497,-31.1343061619853,0.0278315789536659));
#2648=CARTESIAN_POINT('Ctrl Pts',(-56.0637279930177,-33.4234501115121,3.47062220843332));
#2649=CARTESIAN_POINT('Ctrl Pts',(-54.6853288997475,-35.637566806342,6.73436836578476));
#2650=CARTESIAN_POINT('Ctrl Pts',(-53.1801568944918,-37.7607718172395,9.7953961337457));
#2651=CARTESIAN_POINT('Ctrl Pts',(-57.4876195072739,-31.4389772815543,-0.110272815107254));
#2652=CARTESIAN_POINT('Ctrl Pts',(-56.2423301004094,-33.7368556972602,3.32979929668848));
#2653=CARTESIAN_POINT('Ctrl Pts',(-54.8596578176497,-35.9595478407921,6.5905205683149));
#2654=CARTESIAN_POINT('Ctrl Pts',(-53.3499422523909,-38.0908786382603,9.6484315724408));
#2655=CARTESIAN_POINT('Ctrl Pts',(-57.7518123656086,-31.5471551879461,-0.0874809401533805));
#2656=CARTESIAN_POINT('Ctrl Pts',(-56.5084434338023,-33.85252542355,3.35764355306256));
#2657=CARTESIAN_POINT('Ctrl Pts',(-55.1271503294401,-36.0828610788844,6.62421881550415));
#2658=CARTESIAN_POINT('Ctrl Pts',(-53.6178593471607,-38.222652213687,9.688191250548));
#2659=CARTESIAN_POINT('Ctrl Pts',(-57.8976222613231,-31.5461615447668,-0.0342969474930188));
#2660=CARTESIAN_POINT('Ctrl Pts',(-56.6551042601963,-33.8538520510212,3.41532072733655));
#2661=CARTESIAN_POINT('Ctrl Pts',(-55.2742313319769,-36.0870386199266,6.68640619581025));
#2662=CARTESIAN_POINT('Ctrl Pts',(-53.764886161624,-38.2297386951852,9.75554882650921));
#2663=CARTESIAN_POINT('',(-53.2623091803127,-37.518647640617,10.0048343139328));
#2664=CARTESIAN_POINT('Origin',(3.33955085807247E-12,1.75859327100625E-12,
-74.367401638365));
#2665=CARTESIAN_POINT('',(-53.764886161624,-38.2297386951852,9.75554882650918));
#2666=CARTESIAN_POINT('Origin',(-53.6710759430166,-37.8065881443823,10.0048343139328));
#2667=CARTESIAN_POINT('Origin',(-0.0938102186040869,-0.423150550801165,
-74.6166871257886));
#2668=CARTESIAN_POINT('Ctrl Pts',(-53.2623091803128,-37.518647640617,10.0048343139328));
#2669=CARTESIAN_POINT('Ctrl Pts',(-53.1849708396806,-37.6284388742909,10.1633030748821));
#2670=CARTESIAN_POINT('Ctrl Pts',(-53.0562320620443,-37.809646705336,10.5226168790474));
#2671=CARTESIAN_POINT('Ctrl Pts',(-53.0037197331916,-37.8830267346512,11.2689116539314));
#2672=CARTESIAN_POINT('Ctrl Pts',(-53.1463061228973,-37.6833281687935,11.7574716700758));
#2673=CARTESIAN_POINT('Ctrl Pts',(-53.2623091803128,-37.518647640617,11.9951656860673));
#2674=CARTESIAN_POINT('Ctrl Pts',(-53.2150487812445,-37.5857395574492,9.93475281684728));
#2675=CARTESIAN_POINT('Ctrl Pts',(-53.1324272006655,-37.7026908113103,10.1003097144632));
#2676=CARTESIAN_POINT('Ctrl Pts',(-52.9920233156989,-37.8996247196743,10.4799246946055));
#2677=CARTESIAN_POINT('Ctrl Pts',(-52.9334583577101,-37.9811408077231,11.2936740185037));
#2678=CARTESIAN_POINT('Ctrl Pts',(-53.0911211681444,-37.7611597035964,11.8169213703322));
#2679=CARTESIAN_POINT('Ctrl Pts',(-53.2150487812445,-37.5857395574491,12.0652471831528));
#2680=CARTESIAN_POINT('Ctrl Pts',(-53.1798026434775,-37.7614409048934,9.79475480114538));
#2681=CARTESIAN_POINT('Ctrl Pts',(-53.0890681334807,-37.8946005116288,9.97448514872885));
#2682=CARTESIAN_POINT('Ctrl Pts',(-52.9299823244998,-38.1265586817253,10.3946345746884));
#2683=CARTESIAN_POINT('Ctrl Pts',(-52.861441246602,-38.2259788163828,11.3431654619205));
#2684=CARTESIAN_POINT('Ctrl Pts',(-53.0437061034342,-37.9611726469931,11.9356600272616));
#2685=CARTESIAN_POINT('Ctrl Pts',(-53.1798026434775,-37.7614409048933,12.2052451988547));
#2686=CARTESIAN_POINT('Ctrl Pts',(-53.3257648566749,-38.0434488784184,9.66965434451892));
#2687=CARTESIAN_POINT('Ctrl Pts',(-53.2356893358821,-38.1924990599397,9.86533934857099));
#2688=CARTESIAN_POINT('Ctrl Pts',(-53.0765216253687,-38.4552724177395,10.3260565668881));
#2689=CARTESIAN_POINT('Ctrl Pts',(-53.0073773888549,-38.5691664193172,11.3824708224206));
#2690=CARTESIAN_POINT('Ctrl Pts',(-53.1906567624897,-38.2670155676372,12.036829417935));
#2691=CARTESIAN_POINT('Ctrl Pts',(-53.3257648566749,-38.0434488784184,12.3303456554812));
#2692=CARTESIAN_POINT('Ctrl Pts',(-53.5638370696788,-38.198330231134,9.67860435501963));
#2693=CARTESIAN_POINT('Ctrl Pts',(-53.4829555213794,-38.3445750390014,9.87940910758105));
#2694=CARTESIAN_POINT('Ctrl Pts',(-53.3436322200443,-38.5960330227423,10.3451018985867));
#2695=CARTESIAN_POINT('Ctrl Pts',(-53.2846466612075,-38.7023124547293,11.3705819106723));
#2696=CARTESIAN_POINT('Ctrl Pts',(-53.4425194047982,-38.4176890214197,12.0202000794913));
#2697=CARTESIAN_POINT('Ctrl Pts',(-53.5638370696788,-38.1983302311339,12.3213956449804));
#2698=CARTESIAN_POINT('Ctrl Pts',(-53.7158772234696,-38.2273765346858,9.73309630118876));
#2699=CARTESIAN_POINT('Ctrl Pts',(-53.6410266969415,-38.3641035441425,9.93230038660298));
#2700=CARTESIAN_POINT('Ctrl Pts',(-53.5152250648542,-38.5923527093934,10.3868336082822));
#2701=CARTESIAN_POINT('Ctrl Pts',(-53.4633623750323,-38.6859203359578,11.3457900119462));
#2702=CARTESIAN_POINT('Ctrl Pts',(-53.6036057439493,-38.4324591754383,11.9681090418684));
#2703=CARTESIAN_POINT('Ctrl Pts',(-53.7158772234696,-38.2273765346858,12.2669036988113));
#2704=CARTESIAN_POINT('Ctrl Pts',(-53.764886161624,-38.2297386951852,9.75554882650916));
#2705=CARTESIAN_POINT('Ctrl Pts',(-53.6918958579316,-38.3626625481863,9.95371345204441));
#2706=CARTESIAN_POINT('Ctrl Pts',(-53.5703120861823,-38.581991884532,10.4030340943307));
#2707=CARTESIAN_POINT('Ctrl Pts',(-53.5206897713726,-38.6707889519164,11.3362730729018));
#2708=CARTESIAN_POINT('Ctrl Pts',(-53.6554049092361,-38.4291168202593,11.9472156465091));
#2709=CARTESIAN_POINT('Ctrl Pts',(-53.764886161624,-38.2297386951852,12.2444511734909));
#2710=CARTESIAN_POINT('Ctrl Pts',(-53.2623091803128,-37.518647640617,10.0048343139328));
#2711=CARTESIAN_POINT('Ctrl Pts',(-53.1849708396806,-37.6284388742909,10.1633030748821));
#2712=CARTESIAN_POINT('Ctrl Pts',(-53.0562320620443,-37.809646705336,10.5226168790474));
#2713=CARTESIAN_POINT('Ctrl Pts',(-53.0037197331916,-37.8830267346512,11.2689116539314));
#2714=CARTESIAN_POINT('Ctrl Pts',(-53.1463061228973,-37.6833281687935,11.7574716700758));
#2715=CARTESIAN_POINT('Ctrl Pts',(-53.2623091803128,-37.518647640617,11.9951656860673));
#2716=CARTESIAN_POINT('Ctrl Pts',(-53.764886161624,-38.2297386951852,12.2444511734909));
#2717=CARTESIAN_POINT('Ctrl Pts',(-53.744403781161,-38.2670394980597,12.1888426467525));
#2718=CARTESIAN_POINT('Ctrl Pts',(-53.7249342792897,-38.3023216051609,12.1310069868116));
#2719=CARTESIAN_POINT('Ctrl Pts',(-53.706672659966,-38.3353228816648,12.0711701851085));
#2720=CARTESIAN_POINT('Ctrl Pts',(-53.688650195645,-38.3678919719408,12.0121170088999));
#2721=CARTESIAN_POINT('Ctrl Pts',(-53.6718037245139,-38.3982403722961,11.9511134706123));
#2722=CARTESIAN_POINT('Ctrl Pts',(-53.6563388745625,-38.4260808287407,11.8883466492135));
#2723=CARTESIAN_POINT('Ctrl Pts',(-53.6415045363749,-38.4527862120775,11.8281388710249));
#2724=CARTESIAN_POINT('Ctrl Pts',(-53.627941265451,-38.4771842689368,11.7663076379659));
#2725=CARTESIAN_POINT('Ctrl Pts',(-53.6158518614897,-38.4989814592352,11.703006860821));
#2726=CARTESIAN_POINT('Ctrl Pts',(-53.6053038395144,-38.5179995384561,11.647776843649));
#2727=CARTESIAN_POINT('Ctrl Pts',(-53.5958780330951,-38.5350372347787,11.5914276284946));
#2728=CARTESIAN_POINT('Ctrl Pts',(-53.5877247357061,-38.5498709924158,11.5340623937137));
#2729=CARTESIAN_POINT('Ctrl Pts',(-53.5776102326378,-38.5682728830834,11.462898444269));
#2730=CARTESIAN_POINT('Ctrl Pts',(-53.569340279455,-38.5832671783777,11.3903239879787));
#2731=CARTESIAN_POINT('Ctrl Pts',(-53.5631831164037,-38.5944121959232,11.31679386753));
#2732=CARTESIAN_POINT('Ctrl Pts',(-53.5597793575089,-38.6005733049092,11.2761454716001));
#2733=CARTESIAN_POINT('Ctrl Pts',(-53.5570209107883,-38.6055587144783,11.2352054131543));
#2734=CARTESIAN_POINT('Ctrl Pts',(-53.5549498531508,-38.6092995713094,11.1940527441031));
#2735=CARTESIAN_POINT('Ctrl Pts',(-53.5512466199135,-38.6159885523891,11.1204681518312));
#2736=CARTESIAN_POINT('Ctrl Pts',(-53.5497425897232,-38.618695799682,11.0462041866447));
#2737=CARTESIAN_POINT('Ctrl Pts',(-53.5503415984982,-38.6176020561745,10.9720721969751));
#2738=CARTESIAN_POINT('Ctrl Pts',(-53.5506260749842,-38.617082624202,10.936866021707));
#2739=CARTESIAN_POINT('Ctrl Pts',(-53.5513844988418,-38.6157065797148,10.9016895892794));
#2740=CARTESIAN_POINT('Ctrl Pts',(-53.5526046025473,-38.613496809877,10.8666289975661));
#2741=CARTESIAN_POINT('Ctrl Pts',(-53.5559773512773,-38.6073883140329,10.7697105424807));
#2742=CARTESIAN_POINT('Ctrl Pts',(-53.5629501340134,-38.5948780791753,10.673326214431));
#2743=CARTESIAN_POINT('Ctrl Pts',(-53.5732947222103,-38.5763029985329,10.5789453787396));
#2744=CARTESIAN_POINT('Ctrl Pts',(-53.5790318023986,-38.5660013098506,10.5266020266121));
#2745=CARTESIAN_POINT('Ctrl Pts',(-53.5858064136844,-38.5538334249194,10.474874672586));
#2746=CARTESIAN_POINT('Ctrl Pts',(-53.5935829659032,-38.5398507073458,10.4240145872493));
#2747=CARTESIAN_POINT('Ctrl Pts',(-53.6038644362802,-38.5213639933779,10.3567718753051));
#2748=CARTESIAN_POINT('Ctrl Pts',(-53.6158971914603,-38.4997051981655,10.2910449750311));
#2749=CARTESIAN_POINT('Ctrl Pts',(-53.6294569875394,-38.4752331989977,10.2269192398974));
#2750=CARTESIAN_POINT('Ctrl Pts',(-53.6461729298228,-38.4450651549312,10.1478677496598));
#2751=CARTESIAN_POINT('Ctrl Pts',(-53.6651753257633,-38.4107246738954,10.0715269215766));
#2752=CARTESIAN_POINT('Ctrl Pts',(-53.6860401980848,-38.3729326589866,9.99800974068162));
#2753=CARTESIAN_POINT('Ctrl Pts',(-53.7085658729338,-38.3321324745135,9.91864073774022));
#2754=CARTESIAN_POINT('Ctrl Pts',(-53.7332627978151,-38.2873086482968,9.8425620633708));
#2755=CARTESIAN_POINT('Ctrl Pts',(-53.7596225111982,-38.2393226098341,9.7699438770791));
#2756=CARTESIAN_POINT('Ctrl Pts',(-53.761369797038,-38.2361417965871,9.76513029178792));
#2757=CARTESIAN_POINT('Ctrl Pts',(-53.7631243956704,-38.232947076392,9.76033192334293));
#2758=CARTESIAN_POINT('Ctrl Pts',(-53.764886161624,-38.2297386951852,9.75554882650917));
#2759=CARTESIAN_POINT('Origin',(-102.583715008371,-27.4035959913643,9.75));
#2760=CARTESIAN_POINT('',(-102.344913481768,-27.4598059272613,9.75554882650917));
#2761=CARTESIAN_POINT('Origin',(-101.876606089155,-25.3474077890768,11.));
#2762=CARTESIAN_POINT('',(-101.837201758738,-27.5723629064182,12.2444511734908));
#2763=CARTESIAN_POINT('',(-102.344913481768,-27.4598059272613,12.2444511734908));
#2764=CARTESIAN_POINT('Ctrl Pts',(-105.852215793509,-27.0226750259997,10.9999998658001));
#2765=CARTESIAN_POINT('Ctrl Pts',(-104.579966632331,-27.3047258980771,11.4265850615869));
#2766=CARTESIAN_POINT('Ctrl Pts',(-103.242942526216,-27.4888205112597,11.8547400738379));
#2767=CARTESIAN_POINT('Ctrl Pts',(-101.851888508436,-27.5714987890286,12.240384480602));
#2768=CARTESIAN_POINT('Ctrl Pts',(-101.84454542479,-27.5719322964781,12.2424185718758));
#2769=CARTESIAN_POINT('Ctrl Pts',(-101.837201758738,-27.5723629064182,12.2444511734907));
#2770=CARTESIAN_POINT('Origin',(-100.890992409037,-22.0349657934736,22.));
#2771=CARTESIAN_POINT('',(-100.331474255273,-22.1590079818148,22.));
#2772=CARTESIAN_POINT('',(-92.0710761786493,-23.9902941467083,22.));
#2773=CARTESIAN_POINT('Ctrl Pts',(-101.83721547872,-27.5723596717165,12.2444515011925));
#2774=CARTESIAN_POINT('Ctrl Pts',(-101.764449938335,-27.3113053528485,12.7149619640409));
#2775=CARTESIAN_POINT('Ctrl Pts',(-101.691699802214,-27.0502607797095,13.1854500870896));
#2776=CARTESIAN_POINT('Ctrl Pts',(-101.345485593324,-25.8076358164014,15.4250344048786));
#2777=CARTESIAN_POINT('Ctrl Pts',(-101.073800475482,-24.8275494443297,17.190925123281));
#2778=CARTESIAN_POINT('Ctrl Pts',(-100.644306323069,-23.2838178482203,19.9729635912306));
#2779=CARTESIAN_POINT('Ctrl Pts',(-100.487917491759,-22.721447575996,20.9864127234325));
#2780=CARTESIAN_POINT('Ctrl Pts',(-100.331474255273,-22.1590079818148,22.0000000000001));
#2781=CARTESIAN_POINT('Origin',(-80.5869408685718,-13.9281068415666,22.));
#2782=CARTESIAN_POINT('',(-112.179340426415,-8.48796686460088,22.));
#2783=CARTESIAN_POINT('Origin',(-6.3771210534469E-12,-9.21485110438883E-14,
22.));
#2784=CARTESIAN_POINT('Ctrl Pts',(-100.331474255273,-22.1590079818148,22.));
#2785=CARTESIAN_POINT('Ctrl Pts',(-100.555908085093,-22.1092521996274,22.));
#2786=CARTESIAN_POINT('Ctrl Pts',(-100.779117697477,-22.0542878408415,22.000000317212));
#2787=CARTESIAN_POINT('Ctrl Pts',(-101.000837002261,-21.9943029921945,22.0000008966696));
#2788=CARTESIAN_POINT('Ctrl Pts',(-101.228458345193,-21.932721381978,22.000001491552));
#2789=CARTESIAN_POINT('Ctrl Pts',(-101.454509381233,-21.8658485487576,22.0000023773789));
#2790=CARTESIAN_POINT('Ctrl Pts',(-101.67874372416,-21.7938489796476,22.0000037141077));
#2791=CARTESIAN_POINT('Ctrl Pts',(-101.908787800709,-21.7199839589219,22.0000050854701));
#2792=CARTESIAN_POINT('Ctrl Pts',(-102.1369202838,-21.6407232200261,22.0000069479244));
#2793=CARTESIAN_POINT('Ctrl Pts',(-102.362911642183,-21.5562020790438,22.0000094618706));
#2794=CARTESIAN_POINT('Ctrl Pts',(-102.594324120349,-21.4696534303165,22.0000120361219));
#2795=CARTESIAN_POINT('Ctrl Pts',(-102.823492044211,-21.3775890982739,22.0000153121076));
#2796=CARTESIAN_POINT('Ctrl Pts',(-103.05019915344,-21.2801087665748,22.0000191781888));
#2797=CARTESIAN_POINT('Ctrl Pts',(-103.2833202086,-21.17987054352,22.0000231536482));
#2798=CARTESIAN_POINT('Ctrl Pts',(-103.513839823425,-21.0739057048273,22.0000277748712));
#2799=CARTESIAN_POINT('Ctrl Pts',(-103.741545839949,-20.9622726473744,22.000032311123));
#2800=CARTESIAN_POINT('Ctrl Pts',(-103.971532134909,-20.849521681587,22.0000368928013));
#2801=CARTESIAN_POINT('Ctrl Pts',(-104.198648883217,-20.7309884453142,22.0000414091039));
#2802=CARTESIAN_POINT('Ctrl Pts',(-104.422690788267,-20.6066813833398,22.0000441671877));
#2803=CARTESIAN_POINT('Ctrl Pts',(-104.647589076685,-20.4818991669495,22.000046935814));
#2804=CARTESIAN_POINT('Ctrl Pts',(-104.869389666239,-20.351298902999,22.0000479533921));
#2805=CARTESIAN_POINT('Ctrl Pts',(-105.087887781515,-20.2148370220065,22.0000442499532));
#2806=CARTESIAN_POINT('Ctrl Pts',(-105.160549044857,-20.169456801411,22.0000430183794));
#2807=CARTESIAN_POINT('Ctrl Pts',(-105.232845070043,-20.1234279265009,22.0000412530835));
#2808=CARTESIAN_POINT('Ctrl Pts',(-105.304768193338,-20.0767475230359,22.0000388081355));
#2809=CARTESIAN_POINT('Ctrl Pts',(-105.467572225175,-19.971082508173,22.0000332737903));
#2810=CARTESIAN_POINT('Ctrl Pts',(-105.628465935618,-19.8620805012124,22.0000243015326));
#2811=CARTESIAN_POINT('Ctrl Pts',(-105.787382903218,-19.7498430359607,22.0000143356761));
#2812=CARTESIAN_POINT('Ctrl Pts',(-105.99520367452,-19.6030665340557,22.0000013030087));
#2813=CARTESIAN_POINT('Ctrl Pts',(-106.199098884706,-19.4511436096848,21.9999863847039));
#2814=CARTESIAN_POINT('Ctrl Pts',(-106.398929579435,-19.294365209315,21.9999733797536));
#2815=CARTESIAN_POINT('Ctrl Pts',(-106.602711502345,-19.1344868485774,21.999960117658));
#2816=CARTESIAN_POINT('Ctrl Pts',(-106.802267111887,-18.969558824421,21.9999488538398));
#2817=CARTESIAN_POINT('Ctrl Pts',(-106.997438933549,-18.7998357123206,21.9999419293987));
#2818=CARTESIAN_POINT('Ctrl Pts',(-107.195402199514,-18.6276851359977,21.9999349059209));
#2819=CARTESIAN_POINT('Ctrl Pts',(-107.388855950186,-18.4506009841912,21.9999323548568));
#2820=CARTESIAN_POINT('Ctrl Pts',(-107.577617215083,-18.2687987263326,21.9999348757287));
#2821=CARTESIAN_POINT('Ctrl Pts',(-107.767635589537,-18.0857857044116,21.9999374133891));
#2822=CARTESIAN_POINT('Ctrl Pts',(-107.952899343247,-17.897991112789,21.9999450972627));
#2823=CARTESIAN_POINT('Ctrl Pts',(-108.133194442286,-17.7055900715895,21.999956577499));
#2824=CARTESIAN_POINT('Ctrl Pts',(-108.31258993354,-17.5141490424786,21.9999680004531));
#2825=CARTESIAN_POINT('Ctrl Pts',(-108.487066746141,-17.3181469456518,21.9999831851544));
#2826=CARTESIAN_POINT('Ctrl Pts',(-108.656378925378,-17.1177189480157,21.9999987997546));
#2827=CARTESIAN_POINT('Ctrl Pts',(-108.822636224519,-16.9209072495942,22.0000141326224));
#2828=CARTESIAN_POINT('Ctrl Pts',(-108.983913973793,-16.7198274313122,22.0000298791451));
#2829=CARTESIAN_POINT('Ctrl Pts',(-109.139938766401,-16.5145785884554,22.0000409390517));
#2830=CARTESIAN_POINT('Ctrl Pts',(-109.229320445366,-16.396998004797,22.0000472749232));
#2831=CARTESIAN_POINT('Ctrl Pts',(-109.316977439615,-16.2780487442953,22.0000520369465));
#2832=CARTESIAN_POINT('Ctrl Pts',(-109.402851414987,-16.1577459619774,22.0000539711152));
#2833=CARTESIAN_POINT('Ctrl Pts',(-109.556779983821,-15.9421039699897,22.0000574381006));
#2834=CARTESIAN_POINT('Ctrl Pts',(-109.704982400121,-15.722113547268,22.0000519130128));
#2835=CARTESIAN_POINT('Ctrl Pts',(-109.847422729884,-15.4980263024077,22.000043294084));
#2836=CARTESIAN_POINT('Ctrl Pts',(-109.857683542742,-15.4818839831139,22.0000426732119));
#2837=CARTESIAN_POINT('Ctrl Pts',(-109.867914433259,-15.4657204000334,22.0000420355143));
#2838=CARTESIAN_POINT('Ctrl Pts',(-109.878115377736,-15.4495356452896,22.0000413828414));
#2839=CARTESIAN_POINT('Ctrl Pts',(-110.017692749193,-15.2280830601993,22.0000324524566));
#2840=CARTESIAN_POINT('Ctrl Pts',(-110.151371409991,-15.0031382695269,22.0000209198199));
#2841=CARTESIAN_POINT('Ctrl Pts',(-110.279149281503,-14.7749572845503,22.0000104750789));
#2842=CARTESIAN_POINT('Ctrl Pts',(-110.406158462535,-14.5481489985308,22.0000000931718));
#2843=CARTESIAN_POINT('Ctrl Pts',(-110.527337731526,-14.3181426524241,21.9999907712847));
#2844=CARTESIAN_POINT('Ctrl Pts',(-110.642635002484,-14.0851801976418,21.999984404968));
#2845=CARTESIAN_POINT('Ctrl Pts',(-110.756600754316,-13.8549081271295,21.9999781121731));
#2846=CARTESIAN_POINT('Ctrl Pts',(-110.864819638441,-13.6217471758839,21.9999746919246));
#2847=CARTESIAN_POINT('Ctrl Pts',(-110.967191254581,-13.3859316707565,21.9999745053491));
#2848=CARTESIAN_POINT('Ctrl Pts',(-111.066697214528,-13.1567172742992,21.9999743239963));
#2849=CARTESIAN_POINT('Ctrl Pts',(-111.160678613263,-12.9249943010915,21.999977181277));
#2850=CARTESIAN_POINT('Ctrl Pts',(-111.248995970383,-12.6909874039205,21.9999822492377));
#2851=CARTESIAN_POINT('Ctrl Pts',(-111.332304079239,-12.4702530805862,21.9999870297502));
#2852=CARTESIAN_POINT('Ctrl Pts',(-111.410572173551,-12.2474862229016,21.9999937604981));
#2853=CARTESIAN_POINT('Ctrl Pts',(-111.483643290207,-12.0228901610143,22.000000942789));
#2854=CARTESIAN_POINT('Ctrl Pts',(-111.557664467509,-11.7953739319066,22.0000082184631));
#2855=CARTESIAN_POINT('Ctrl Pts',(-111.626244134615,-11.5663158068426,22.000016044575));
#2856=CARTESIAN_POINT('Ctrl Pts',(-111.689235354948,-11.3359216027257,22.000021436739));
#2857=CARTESIAN_POINT('Ctrl Pts',(-111.710505314178,-11.2581254383983,22.0000232574865));
#2858=CARTESIAN_POINT('Ctrl Pts',(-111.73113768772,-11.1801770953367,22.0000247928532));
#2859=CARTESIAN_POINT('Ctrl Pts',(-111.751125571356,-11.1020850421385,22.0000259049478));
#2860=CARTESIAN_POINT('Ctrl Pts',(-111.814366130381,-10.8550061022446,22.0000294235538));
#2861=CARTESIAN_POINT('Ctrl Pts',(-111.871157873238,-10.6064863157477,22.0000287339772));
#2862=CARTESIAN_POINT('Ctrl Pts',(-111.921589196557,-10.3566956298624,22.0000260577022));
#2863=CARTESIAN_POINT('Ctrl Pts',(-111.971255321242,-10.1106950386791,22.0000234220346));
#2864=CARTESIAN_POINT('Ctrl Pts',(-112.014752195998,-9.8634612557881,22.0000188338921));
#2865=CARTESIAN_POINT('Ctrl Pts',(-112.052127949288,-9.61519077287627,22.0000142039844));
#2866=CARTESIAN_POINT('Ctrl Pts',(-112.08834746679,-9.3746006493502,22.000009717305));
#2867=CARTESIAN_POINT('Ctrl Pts',(-112.118818309891,-9.13303656820695,22.0000051688745));
#2868=CARTESIAN_POINT('Ctrl Pts',(-112.143555832545,-8.8907165827493,22.0000024472936));
#2869=CARTESIAN_POINT('Ctrl Pts',(-112.157238822813,-8.75668287011859,22.0000009419138));
#2870=CARTESIAN_POINT('Ctrl Pts',(-112.169167233483,-8.62241862334963,22.));
#2871=CARTESIAN_POINT('Ctrl Pts',(-112.179340426415,-8.48796686460088,22.));
#2872=CARTESIAN_POINT('',(-48.9981214592376,-27.7285790019215,22.));
#2873=CARTESIAN_POINT('Origin',(-51.1738817374156,-28.9598658138637,22.));
#2874=CARTESIAN_POINT('',(-56.2900819472288,1.056728145864,22.));
#2875=CARTESIAN_POINT('Origin',(0.,0.,22.));
#2876=CARTESIAN_POINT('',(-59.8461871906779,3.36942159859643,22.));
#2877=CARTESIAN_POINT('Origin',(-58.7896415363361,1.10365213102626,22.));
#2878=CARTESIAN_POINT('',(-62.1064323229066,2.31545198413066,22.));
#2879=CARTESIAN_POINT('',(-62.1064323229066,2.31545198413069,22.));
#2880=CARTESIAN_POINT('Origin',(-83.2373454102582,47.6308413366422,22.));
#2881=CARTESIAN_POINT('',(-77.8999058109531,-9.62089871211029,22.));
#2882=CARTESIAN_POINT('',(-72.5223427712782,-13.6729586763527,22.));
#2883=CARTESIAN_POINT('Origin',(-77.4357806284109,-14.5993108901978,22.));
#2884=CARTESIAN_POINT('',(-71.574654098543,-17.9863529008507,22.));
#2885=CARTESIAN_POINT('Origin',(3.33814344198561E-12,1.75859327100625E-12,
22.));
#2886=CARTESIAN_POINT('',(-77.5060834757228,-24.086420531359,22.));
#2887=CARTESIAN_POINT('Origin',(-76.4238854060323,-19.2049404957593,22.));
#2888=CARTESIAN_POINT('',(-100.635585293356,-18.9587334287995,22.));
#2889=CARTESIAN_POINT('',(-75.83758266121,-24.4563182565519,22.));
#2890=CARTESIAN_POINT('',(-103.081837567036,-18.0769280404909,22.));
#2891=CARTESIAN_POINT('Origin',(-97.3197387791419,-5.92608167637248,22.));
#2892=CARTESIAN_POINT('',(-100.503673298216,-8.57819137193453,22.));
#2893=CARTESIAN_POINT('Origin',(-100.939452011954,-13.5591648623933,22.));
#2894=CARTESIAN_POINT('',(-88.2488006183138,-9.65035380437953,22.));
#2895=CARTESIAN_POINT('',(-95.4625439507113,-9.01923304120903,22.));
#2896=CARTESIAN_POINT('Origin',(-83.2373454102582,47.6308413366422,22.));
#2897=CARTESIAN_POINT('',(-59.1673298820188,-23.623831173995,22.));
#2898=CARTESIAN_POINT('Origin',(-57.9173298820188,-23.623831173995,22.));
#2899=CARTESIAN_POINT('',(-63.6299403689559,-4.60928840120731,22.));
#2900=CARTESIAN_POINT('Origin',(-62.3799403689559,-4.60928840120731,22.));
#2901=CARTESIAN_POINT('Ctrl Pts',(-100.331474255273,-22.1590079818148,22.0000000000001));
#2902=CARTESIAN_POINT('Ctrl Pts',(-100.487917491759,-22.721447575996,20.9864127234325));
#2903=CARTESIAN_POINT('Ctrl Pts',(-100.644306323069,-23.2838178482203,19.9729635912306));
#2904=CARTESIAN_POINT('Ctrl Pts',(-101.073800475482,-24.8275494443297,17.190925123281));
#2905=CARTESIAN_POINT('Ctrl Pts',(-101.345485593324,-25.8076358164014,15.4250344048786));
#2906=CARTESIAN_POINT('Ctrl Pts',(-101.763634113335,-27.3084459391343,12.7201226945075));
#2907=CARTESIAN_POINT('Ctrl Pts',(-101.908389155881,-27.8277258503173,11.7841954368275));
#2908=CARTESIAN_POINT('Ctrl Pts',(-102.053171986491,-28.3470160414052,10.8482402723813));
#2909=CARTESIAN_POINT('Ctrl Pts',(-102.008028891631,-21.7640057658246,22.0395829232683));
#2910=CARTESIAN_POINT('Ctrl Pts',(-102.223898170208,-22.3124575889995,21.0273762445436));
#2911=CARTESIAN_POINT('Ctrl Pts',(-102.43965017133,-22.8607690679154,20.015451927119));
#2912=CARTESIAN_POINT('Ctrl Pts',(-103.032065846529,-24.3662318928395,17.2370628811476));
#2913=CARTESIAN_POINT('Ctrl Pts',(-103.407253025019,-25.3221934144024,15.4731734539186));
#2914=CARTESIAN_POINT('Ctrl Pts',(-103.983137331842,-26.7849836041036,12.7734402518273));
#2915=CARTESIAN_POINT('Ctrl Pts',(-104.182577761407,-27.2916911900889,11.838274924669));
#2916=CARTESIAN_POINT('Ctrl Pts',(-104.381901478095,-27.7979850502666,10.9038557988468));
#2917=CARTESIAN_POINT('Ctrl Pts',(-105.423031213799,-20.3523222802977,22.1046010960945));
#2918=CARTESIAN_POINT('Ctrl Pts',(-105.759867823387,-20.8508947802154,21.0947068001474));
#2919=CARTESIAN_POINT('Ctrl Pts',(-106.096439072992,-21.3492842412228,20.0852489874714));
#2920=CARTESIAN_POINT('Ctrl Pts',(-107.020603518751,-22.7183364766564,17.3127064200344));
#2921=CARTESIAN_POINT('Ctrl Pts',(-107.606349982818,-23.5876196448283,15.5527738893183));
#2922=CARTESIAN_POINT('Ctrl Pts',(-108.502953136202,-24.9171346019951,12.8610174613745));
#2923=CARTESIAN_POINT('Ctrl Pts',(-108.81373920195,-25.3783817104264,11.9274120338569));
#2924=CARTESIAN_POINT('Ctrl Pts',(-109.124028600831,-25.8388518669503,10.9953411265024));
#2925=CARTESIAN_POINT('Ctrl Pts',(-109.654899038702,-16.3152888758703,22.1263535508458));
#2926=CARTESIAN_POINT('Ctrl Pts',(-110.141991093762,-16.6715612734517,21.1172841006217));
#2927=CARTESIAN_POINT('Ctrl Pts',(-110.628632514846,-17.0278582347161,20.1087448536765));
#2928=CARTESIAN_POINT('Ctrl Pts',(-111.964934924678,-18.0072246163317,17.3384525305488));
#2929=CARTESIAN_POINT('Ctrl Pts',(-112.812691396982,-18.6292681978383,15.5797059484992));
#2930=CARTESIAN_POINT('Ctrl Pts',(-114.107933907476,-19.5820959481557,12.8911133693622));
#2931=CARTESIAN_POINT('Ctrl Pts',(-114.557341144759,-19.9129645948399,11.9579912678954));
#2932=CARTESIAN_POINT('Ctrl Pts',(-115.005613346489,-20.2433540089527,11.026883205122));
#2933=CARTESIAN_POINT('Ctrl Pts',(-111.65647608203,-11.9692596183014,22.0739949013233));
#2934=CARTESIAN_POINT('Ctrl Pts',(-112.215392981714,-12.1721658727772,21.063187818147));
#2935=CARTESIAN_POINT('Ctrl Pts',(-112.773974096798,-12.3753767792209,20.0527522930472));
#2936=CARTESIAN_POINT('Ctrl Pts',(-114.307578267534,-12.9345892581123,17.2779927424488));
#2937=CARTESIAN_POINT('Ctrl Pts',(-115.280814637728,-13.2898493448178,15.5166422494037));
#2938=CARTESIAN_POINT('Ctrl Pts',(-116.769044934977,-13.8372347502559,12.8217393597073));
#2939=CARTESIAN_POINT('Ctrl Pts',(-117.284802635059,-14.0272173322633,11.887659768478));
#2940=CARTESIAN_POINT('Ctrl Pts',(-117.799795188815,-14.2174341728924,10.9547136658265));
#2941=CARTESIAN_POINT('Ctrl Pts',(-112.103016899378,-9.34580733290107,22.0197914616341));
#2942=CARTESIAN_POINT('Ctrl Pts',(-112.678509844064,-9.45589532744977,21.0071344872798));
#2943=CARTESIAN_POINT('Ctrl Pts',(-113.253827382109,-9.56638095612301,19.9947077680105));
#2944=CARTESIAN_POINT('Ctrl Pts',(-114.833122509837,-9.8711742371968,17.2152590170904));
#2945=CARTESIAN_POINT('Ctrl Pts',(-115.835574143668,-10.0649752588068,15.4509112735219));
#2946=CARTESIAN_POINT('Ctrl Pts',(-117.370018604428,-10.366140925259,12.7494959571444));
#2947=CARTESIAN_POINT('Ctrl Pts',(-117.901180203539,-10.4708552253574,11.8142775885886));
#2948=CARTESIAN_POINT('Ctrl Pts',(-118.432086891418,-10.5759666974786,10.8794315487521));
#2949=CARTESIAN_POINT('Ctrl Pts',(-112.179340426415,-8.48796686460088,22.));
#2950=CARTESIAN_POINT('Ctrl Pts',(-112.757794000513,-8.5676721917339,20.9866728023079));
#2951=CARTESIAN_POINT('Ctrl Pts',(-113.336140853592,-8.64780388871151,19.9735054412732));
#2952=CARTESIAN_POINT('Ctrl Pts',(-114.923664492554,-8.86932023375022,17.1922960075978));
#2953=CARTESIAN_POINT('Ctrl Pts',(-115.931330964305,-9.01023678904055,15.4269930496108));
#2954=CARTESIAN_POINT('Ctrl Pts',(-117.474479672834,-9.23073262935178,12.7230645199089));
#2955=CARTESIAN_POINT('Ctrl Pts',(-118.008388031895,-9.30752511086105,11.7874926833882));
#2956=CARTESIAN_POINT('Ctrl Pts',(-118.542279119513,-9.38475832988968,10.8519072299999));
#2957=CARTESIAN_POINT('Ctrl Pts',(-112.179340426415,-8.48796686460088,22.));
#2958=CARTESIAN_POINT('Ctrl Pts',(-112.36414059993,-8.51343054732984,21.6762695394299));
#2959=CARTESIAN_POINT('Ctrl Pts',(-112.548929881193,-8.53893774658434,21.3525553922462));
#2960=CARTESIAN_POINT('Ctrl Pts',(-112.733712879123,-8.56449325037099,21.0288487955586));
#2961=CARTESIAN_POINT('Origin',(3.33955085807247E-12,1.75415237890775E-12,
-9.61424228238147E-30));
#2962=CARTESIAN_POINT('Ctrl Pts',(-106.479151920617,0.768363726907686,32.4656938240168));
#2963=CARTESIAN_POINT('Ctrl Pts',(-106.838218792747,-48.9907993989292,32.4656938240168));
#2964=CARTESIAN_POINT('Ctrl Pts',(-68.8980501320848,-81.1877999735608,32.4656938240168));
#2965=CARTESIAN_POINT('Ctrl Pts',(-150.033475776821,5.11321669893219,-43.3470400784017));
#2966=CARTESIAN_POINT('Ctrl Pts',(-152.422951831342,-64.9994772966121,-43.3470400784017));
#2967=CARTESIAN_POINT('Ctrl Pts',(-100.172032353656,-111.811237238579,-43.3470400784017));
#2968=CARTESIAN_POINT('Origin',(-100.939452011954,-13.5591648623933,22.));
#2969=CARTESIAN_POINT('',(-100.503673298216,-8.57819137193453,22.));
#2970=CARTESIAN_POINT('',(-103.081837567036,-18.0769280404909,22.));
#2971=CARTESIAN_POINT('Origin',(-110.651358609707,-7.69038394615051,22.));
#2972=CARTESIAN_POINT('',(-88.2488006183138,-9.65035380437953,22.));
#2973=CARTESIAN_POINT('Origin',(-76.4238854060323,-19.2049404957593,22.));
#2974=CARTESIAN_POINT('',(-77.5060834757228,-24.086420531359,22.));
#2975=CARTESIAN_POINT('',(-71.574654098543,-17.9863529008507,22.));
#2976=CARTESIAN_POINT('Origin',(-69.0860061904301,-25.9531067245494,22.));
#2977=CARTESIAN_POINT('',(-100.635585293356,-18.9587334287995,22.));
#2978=CARTESIAN_POINT('Origin',(-77.4357806284109,-14.5993108901978,22.));
#2979=CARTESIAN_POINT('',(-72.5223427712782,-13.6729586763527,22.));
#2980=CARTESIAN_POINT('',(-77.8999058109531,-9.62089871211029,22.));
#2981=CARTESIAN_POINT('Origin',(-83.2373454102582,47.6308413366422,22.));
#2982=CARTESIAN_POINT('Origin',(3.33814344198561E-12,1.75859327100625E-12,
22.));
#2983=CARTESIAN_POINT('Origin',(-97.3197387791419,-5.92608167637248,22.));
#2984=CARTESIAN_POINT('Origin',(-51.1738817374156,-28.9598658138637,0.));
#2985=CARTESIAN_POINT('',(-48.9981214592376,-27.7285790019215,0.));
#2986=CARTESIAN_POINT('Origin',(0.,0.,0.));
#2987=CARTESIAN_POINT('',(-56.2900819472288,1.056728145864,0.));
#2988=CARTESIAN_POINT('Origin',(-58.7896415363361,1.10365213102626,0.));
#2989=CARTESIAN_POINT('',(-59.8461871906779,3.36942159859644,0.));
#2990=CARTESIAN_POINT('Origin',(-59.8461871906779,3.36942159859645,0.));
#2991=CARTESIAN_POINT('',(-62.1064323229066,2.31545198413065,0.));
#2992=CARTESIAN_POINT('Origin',(-83.2373454102582,47.6308413366422,0.));
#2993=CARTESIAN_POINT('Origin',(-57.9173298820188,-23.623831173995,0.));
#2994=CARTESIAN_POINT('',(-59.1673298820188,-23.623831173995,0.));
#2995=CARTESIAN_POINT('Origin',(-62.3799403689559,-4.60928840120731,0.));
#2996=CARTESIAN_POINT('',(-63.6299403689559,-4.60928840120731,0.));
#2997=CARTESIAN_POINT('Ctrl Pts',(113.228324432519,20.8093006939382,13.5239832711193));
#2998=CARTESIAN_POINT('Ctrl Pts',(113.271764376617,20.0434964216753,12.5688978473866));
#2999=CARTESIAN_POINT('Ctrl Pts',(113.316375681959,19.257042181646,11.6303495056703));
#3000=CARTESIAN_POINT('Ctrl Pts',(113.417636518038,17.4719114110548,9.64701889406844));
#3001=CARTESIAN_POINT('Ctrl Pts',(113.512941291436,15.7917802748081,7.91949130114564));
#3002=CARTESIAN_POINT('Ctrl Pts',(113.620900969743,13.888555383601,6.43636662498641));
#3003=CARTESIAN_POINT('Ctrl Pts',(113.667021166908,13.0755008376151,5.92143044248242));
#3004=CARTESIAN_POINT('Ctrl Pts',(113.159319696025,22.0257875728073,12.5454441921405));
#3005=CARTESIAN_POINT('Ctrl Pts',(113.205412395068,21.2132177921486,11.5981585922325));
#3006=CARTESIAN_POINT('Ctrl Pts',(113.252983562042,20.3745840493684,10.667633128125));
#3007=CARTESIAN_POINT('Ctrl Pts',(113.361738088173,18.4573467584571,8.70331921269793));
#3008=CARTESIAN_POINT('Ctrl Pts',(113.464851888912,16.6395500099879,6.99371546934526));
#3009=CARTESIAN_POINT('Ctrl Pts',(113.583663508164,14.5450158776845,5.52941405995041));
#3010=CARTESIAN_POINT('Ctrl Pts',(113.634805888474,13.6434250918666,5.02182542844906));
#3011=CARTESIAN_POINT('Ctrl Pts',(112.31070059823,23.1829757628374,11.5789928120134));
#3012=CARTESIAN_POINT('Ctrl Pts',(112.402979402626,22.328476129277,10.6379983039843));
#3013=CARTESIAN_POINT('Ctrl Pts',(112.499363583716,21.4419029422524,9.71453021526811));
#3014=CARTESIAN_POINT('Ctrl Pts',(112.720350732258,19.4026011551738,7.76609190773348));
#3015=CARTESIAN_POINT('Ctrl Pts',(112.931249241111,17.4561223316668,6.07304907655962));
#3016=CARTESIAN_POINT('Ctrl Pts',(113.16012222234,15.1772695595092,4.62563486465717));
#3017=CARTESIAN_POINT('Ctrl Pts',(113.252296894908,14.1899300748222,4.12466619456121));
#3018=CARTESIAN_POINT('Ctrl Pts',(111.012071499624,23.8314124125281,10.9999996472858));
#3019=CARTESIAN_POINT('Ctrl Pts',(111.16064873382,22.976676723615,10.0440777370063));
#3020=CARTESIAN_POINT('Ctrl Pts',(111.318752037877,22.0862238003804,9.10476771898565));
#3021=CARTESIAN_POINT('Ctrl Pts',(111.687070631656,20.0213998536652,7.12097621753873));
#3022=CARTESIAN_POINT('Ctrl Pts',(112.045699154784,18.035373266307,5.39431747835299));
#3023=CARTESIAN_POINT('Ctrl Pts',(112.437950138445,15.6542373898128,3.91468722048618));
#3024=CARTESIAN_POINT('Ctrl Pts',(112.592998622548,14.6099972342274,3.40235439647296));
#3025=CARTESIAN_POINT('',(113.348651379705,18.6880527932634,10.9999999730459));
#3026=CARTESIAN_POINT('',(113.667021166905,13.0755008376714,5.92143044248244));
#3027=CARTESIAN_POINT('Ctrl Pts',(113.348656630853,18.6879602205905,11.0000823348862));
#3028=CARTESIAN_POINT('Ctrl Pts',(113.35336193676,18.6050102205278,10.9065989006598));
#3029=CARTESIAN_POINT('Ctrl Pts',(113.35808572921,18.5217343205412,10.8134017425674));
#3030=CARTESIAN_POINT('Ctrl Pts',(113.417636518038,17.4719114110548,9.64701889406844));
#3031=CARTESIAN_POINT('Ctrl Pts',(113.512941291436,15.7917802748081,7.91949130114564));
#3032=CARTESIAN_POINT('Ctrl Pts',(113.620900969743,13.888555383601,6.43636662498641));
#3033=CARTESIAN_POINT('Ctrl Pts',(113.667021166908,13.0755008376151,5.92143044248242));
#3034=CARTESIAN_POINT('',(112.592998622548,14.6099972342274,3.40235439647295));
#3035=CARTESIAN_POINT('Origin',(108.675046007813,12.7923330234579,5.92143044248242));
#3036=CARTESIAN_POINT('',(111.012071717953,23.8314123035112,10.9999997446277));
#3037=CARTESIAN_POINT('Ctrl Pts',(112.592998622548,14.6099972342274,3.40235439647296));
#3038=CARTESIAN_POINT('Ctrl Pts',(112.437950138445,15.6542373898128,3.91468722048618));
#3039=CARTESIAN_POINT('Ctrl Pts',(112.045699154784,18.035373266307,5.39431747835299));
#3040=CARTESIAN_POINT('Ctrl Pts',(111.687070631656,20.0213998536652,7.12097621753873));
#3041=CARTESIAN_POINT('Ctrl Pts',(111.318752038978,22.0862237942097,9.10476771305706));
#3042=CARTESIAN_POINT('Ctrl Pts',(111.16064873588,22.9766767120133,10.044077724768));
#3043=CARTESIAN_POINT('Ctrl Pts',(111.012071502528,23.8314123958235,10.9999996286036));
#3044=CARTESIAN_POINT('Ctrl Pts',(111.012071717953,23.8314123035112,10.9999997446277));
#3045=CARTESIAN_POINT('Ctrl Pts',(111.551120493582,23.3787275086984,10.9999997634384));
#3046=CARTESIAN_POINT('Ctrl Pts',(111.996568162117,22.8200280613356,10.9999997867767));
#3047=CARTESIAN_POINT('Ctrl Pts',(112.651783979904,21.673398694747,10.9999998361972));
#3048=CARTESIAN_POINT('Ctrl Pts',(112.885015148179,21.098344192126,10.9999998615393));
#3049=CARTESIAN_POINT('Ctrl Pts',(113.214430582284,19.9180115767787,10.9999999150679));
#3050=CARTESIAN_POINT('Ctrl Pts',(113.312420492393,19.3107265447621,10.9999999433047));
#3051=CARTESIAN_POINT('Ctrl Pts',(113.348151086488,18.6968154559074,10.9999999726285));
#3052=CARTESIAN_POINT('Ctrl Pts',(113.348402845248,18.6924342157671,10.9999999728368));
#3053=CARTESIAN_POINT('Ctrl Pts',(113.348651379705,18.6880527932634,10.9999999730459));
#3054=CARTESIAN_POINT('Ctrl Pts',(111.188636739612,0.724281304328354,22.0000000002674));
#3055=CARTESIAN_POINT('Ctrl Pts',(112.128994762519,2.65751543799829,20.619025279629));
#3056=CARTESIAN_POINT('Ctrl Pts',(112.904037268427,4.88156229717468,19.4012854932706));
#3057=CARTESIAN_POINT('Ctrl Pts',(113.338165502971,7.38031049842294,18.5359236131164));
#3058=CARTESIAN_POINT('Ctrl Pts',(111.505256595939,1.37520393032514,22.9014629092156));
#3059=CARTESIAN_POINT('Ctrl Pts',(112.341823152956,3.23946321342361,21.510645072243));
#3060=CARTESIAN_POINT('Ctrl Pts',(113.027483490764,5.36788436726718,20.2851823006277));
#3061=CARTESIAN_POINT('Ctrl Pts',(113.402282462148,7.74935384475703,19.4141516949521));
#3062=CARTESIAN_POINT('Ctrl Pts',(111.446329067073,2.2057636348179,23.7995262107774));
#3063=CARTESIAN_POINT('Ctrl Pts',(112.215063716231,3.94481848319452,22.3999073469977));
#3064=CARTESIAN_POINT('Ctrl Pts',(112.846278692287,5.93510619315624,21.1671123297435));
#3065=CARTESIAN_POINT('Ctrl Pts',(113.189716758796,8.16579574678844,20.2908278711067));
#3066=CARTESIAN_POINT('Ctrl Pts',(111.025077221738,3.02958660811936,24.4926685959524));
#3067=CARTESIAN_POINT('Ctrl Pts',(111.77561334568,4.63809889389205,23.1117990745782));
#3068=CARTESIAN_POINT('Ctrl Pts',(112.39238452684,6.48732790863327,21.8941485362318));
#3069=CARTESIAN_POINT('Ctrl Pts',(112.73371144797,8.56450904214526,21.0288491473968));
#3070=CARTESIAN_POINT('',(112.307839833115,6.57260313874487,22.));
#3071=CARTESIAN_POINT('',(111.188636739581,0.724281304264324,22.0000000001566));
#3072=CARTESIAN_POINT('Ctrl Pts',(112.307839833115,6.57260313874492,22.));
#3073=CARTESIAN_POINT('Ctrl Pts',(112.333268380718,6.1380986979494,22.));
#3074=CARTESIAN_POINT('Ctrl Pts',(112.336618963581,5.70272431144947,21.999999999997));
#3075=CARTESIAN_POINT('Ctrl Pts',(112.28276381061,4.50278023687015,21.999999999997));
#3076=CARTESIAN_POINT('Ctrl Pts',(112.17767970435,3.74189853791914,22.0000000000014));
#3077=CARTESIAN_POINT('Ctrl Pts',(111.810757878261,2.21331049110058,22.0000000000014));
#3078=CARTESIAN_POINT('Ctrl Pts',(111.54110118247,1.44889498897482,22.));
#3079=CARTESIAN_POINT('Ctrl Pts',(111.188636739794,0.724281304702641,22.));
#3080=CARTESIAN_POINT('',(113.338165502971,7.38031049842294,18.5359236131164));
#3081=CARTESIAN_POINT('Ctrl Pts',(111.188636739612,0.724281304328354,22.0000000002674));
#3082=CARTESIAN_POINT('Ctrl Pts',(112.128994762519,2.65751543799829,20.619025279629));
#3083=CARTESIAN_POINT('Ctrl Pts',(112.904037268427,4.88156229717468,19.4012854932706));
#3084=CARTESIAN_POINT('Ctrl Pts',(113.338165502971,7.38031049842294,18.5359236131164));
#3085=CARTESIAN_POINT('',(112.73371144797,8.56450904214527,21.0288491473968));
#3086=CARTESIAN_POINT('Origin',(108.411961476661,8.23618075212663,18.5359236131164));
#3087=CARTESIAN_POINT('Ctrl Pts',(112.73371144797,8.56450904214526,21.0288491473968));
#3088=CARTESIAN_POINT('Ctrl Pts',(112.62044537502,7.87521635752306,21.3159904703702));
#3089=CARTESIAN_POINT('Ctrl Pts',(112.476847911132,7.21102532079416,21.6419320226967));
#3090=CARTESIAN_POINT('Ctrl Pts',(112.308096249308,6.5724023716046,21.999762606978));
#3091=CARTESIAN_POINT('Ctrl Pts',(113.338165502971,7.38031049842296,18.5359236131164));
#3092=CARTESIAN_POINT('Ctrl Pts',(113.622310480078,9.01578751637619,17.9695282210164));
#3093=CARTESIAN_POINT('Ctrl Pts',(113.73276246595,10.6119835275015,17.2819506123433));
#3094=CARTESIAN_POINT('Ctrl Pts',(113.696118937809,12.4640685687603,16.3851002750429));
#3095=CARTESIAN_POINT('Ctrl Pts',(113.684302843897,12.7708415580942,16.2329307445155));
#3096=CARTESIAN_POINT('Ctrl Pts',(113.667021166909,13.075500837587,16.0785695510168));
#3097=CARTESIAN_POINT('Ctrl Pts',(113.402282462148,7.74935384475704,19.4141516949521));
#3098=CARTESIAN_POINT('Ctrl Pts',(113.673515451066,9.45619958154061,18.8551377446154));
#3099=CARTESIAN_POINT('Ctrl Pts',(113.756361837431,11.1104221760468,18.1738104851245));
#3100=CARTESIAN_POINT('Ctrl Pts',(113.678479213306,13.015754688601,17.2829420035684));
#3101=CARTESIAN_POINT('Ctrl Pts',(113.659480851575,13.3309265290237,17.1316454396136));
#3102=CARTESIAN_POINT('Ctrl Pts',(113.634805888393,13.643425093366,16.978174560153));
#3103=CARTESIAN_POINT('Ctrl Pts',(113.189716758796,8.16579574678843,20.2908278711067));
#3104=CARTESIAN_POINT('Ctrl Pts',(113.425288131332,9.92849010762935,19.7389645119118));
#3105=CARTESIAN_POINT('Ctrl Pts',(113.457962265321,11.622233335634,19.0636350125943));
#3106=CARTESIAN_POINT('Ctrl Pts',(113.317142481681,13.5550051064053,18.1784367862141));
#3107=CARTESIAN_POINT('Ctrl Pts',(113.28763625425,13.8740838753178,18.027970782589));
#3108=CARTESIAN_POINT('Ctrl Pts',(113.252296896995,14.1899300779939,17.8753337891871));
#3109=CARTESIAN_POINT('Ctrl Pts',(112.73371144797,8.56450904214524,21.0288491473968));
#3110=CARTESIAN_POINT('Ctrl Pts',(112.91795209349,10.3552483591168,20.4736009607715));
#3111=CARTESIAN_POINT('Ctrl Pts',(112.88966090302,12.057072905921,19.7935188036177));
#3112=CARTESIAN_POINT('Ctrl Pts',(112.680316354716,13.9800634290319,18.90268763781));
#3113=CARTESIAN_POINT('Ctrl Pts',(112.639477159991,14.2969678648152,18.7512263427662));
#3114=CARTESIAN_POINT('Ctrl Pts',(112.592998628206,14.6099972395124,18.597645584412));
#3115=CARTESIAN_POINT('',(113.667021166905,13.0755008376574,16.0785695510168));
#3116=CARTESIAN_POINT('',(112.592998628206,14.6099972395125,18.597645584412));
#3117=CARTESIAN_POINT('Origin',(108.675046007813,12.7923330234579,16.0785695510168));
#3118=CARTESIAN_POINT('Ctrl Pts',(112.592998628206,14.6099972395124,18.597645584412));
#3119=CARTESIAN_POINT('Ctrl Pts',(112.639477159991,14.2969678648152,18.7512263427662));
#3120=CARTESIAN_POINT('Ctrl Pts',(112.680316354716,13.9800634290319,18.90268763781));
#3121=CARTESIAN_POINT('Ctrl Pts',(112.88966090302,12.057072905921,19.7935188036177));
#3122=CARTESIAN_POINT('Ctrl Pts',(112.91795209349,10.3552483591168,20.4736009607715));
#3123=CARTESIAN_POINT('Ctrl Pts',(112.73371144797,8.56450904214524,21.0288491473968));
#3124=CARTESIAN_POINT('Ctrl Pts',(113.338165502971,7.38031049842296,18.5359236131164));
#3125=CARTESIAN_POINT('Ctrl Pts',(113.622310480078,9.01578751637619,17.9695282210164));
#3126=CARTESIAN_POINT('Ctrl Pts',(113.73276246595,10.6119835275015,17.2819506123433));
#3127=CARTESIAN_POINT('Ctrl Pts',(113.696118937809,12.4640685687603,16.3851002750429));
#3128=CARTESIAN_POINT('Ctrl Pts',(113.684302843897,12.7708415580942,16.2329307445155));
#3129=CARTESIAN_POINT('Ctrl Pts',(113.667021166909,13.075500837587,16.0785695510168));
#3130=CARTESIAN_POINT('Ctrl Pts',(113.667021166907,13.0755008376303,16.0785695510073));
#3131=CARTESIAN_POINT('Ctrl Pts',(113.620900958788,13.888555576729,15.563633242016));
#3132=CARTESIAN_POINT('Ctrl Pts',(113.512941263549,15.7917807664333,14.0805074930051));
#3133=CARTESIAN_POINT('Ctrl Pts',(113.417636463218,17.4719123774823,12.3529799522633));
#3134=CARTESIAN_POINT('Ctrl Pts',(113.316375645181,19.2570428300066,10.3696494259655));
#3135=CARTESIAN_POINT('Ctrl Pts',(113.271764363893,20.0434966459818,9.43110151465956));
#3136=CARTESIAN_POINT('Ctrl Pts',(113.228324443665,20.8093004974491,8.47601646319061));
#3137=CARTESIAN_POINT('Ctrl Pts',(113.634805888387,13.6434250934023,16.978174560143));
#3138=CARTESIAN_POINT('Ctrl Pts',(113.583663496036,14.5450160914891,16.4705858215887));
#3139=CARTESIAN_POINT('Ctrl Pts',(113.464851856857,16.639550575083,15.006283268524));
#3140=CARTESIAN_POINT('Ctrl Pts',(113.361738030343,18.4573477779532,13.2966797540215));
#3141=CARTESIAN_POINT('Ctrl Pts',(113.252983518614,20.3745848149528,11.3323655309894));
#3142=CARTESIAN_POINT('Ctrl Pts',(113.205412381145,21.2132180375938,10.4018407050476));
#3143=CARTESIAN_POINT('Ctrl Pts',(113.159319706716,22.0257873843233,9.45455539232445));
#3144=CARTESIAN_POINT('Ctrl Pts',(113.25229689699,14.1899300780214,17.8753337891767));
#3145=CARTESIAN_POINT('Ctrl Pts',(113.160122157786,15.1772697767509,17.3743650978478));
#3146=CARTESIAN_POINT('Ctrl Pts',(112.931248713711,17.4561227679363,15.926950177301));
#3147=CARTESIAN_POINT('Ctrl Pts',(112.720350619755,19.4026023566244,14.2339068301065));
#3148=CARTESIAN_POINT('Ctrl Pts',(112.499363434586,21.4419037004988,12.2854685269184));
#3149=CARTESIAN_POINT('Ctrl Pts',(112.40297949469,22.3284764809,11.3620007293218));
#3150=CARTESIAN_POINT('Ctrl Pts',(112.310700700753,23.1829755908024,10.4210066271102));
#3151=CARTESIAN_POINT('Ctrl Pts',(112.592998628203,14.6099972395318,18.5976455844025));
#3152=CARTESIAN_POINT('Ctrl Pts',(112.437950049843,15.654237616021,18.085312743184));
#3153=CARTESIAN_POINT('Ctrl Pts',(112.045698612492,18.0353737579915,16.6056817371586));
#3154=CARTESIAN_POINT('Ctrl Pts',(111.687070364743,20.0214010300157,14.8790225505145));
#3155=CARTESIAN_POINT('Ctrl Pts',(111.318752003539,22.0862246827932,12.8952308844802));
#3156=CARTESIAN_POINT('Ctrl Pts',(111.160648853131,22.9766771021785,11.9559212723936));
#3157=CARTESIAN_POINT('Ctrl Pts',(111.012071717953,23.8314123035112,10.9999997446276));
#3158=CARTESIAN_POINT('Ctrl Pts',(111.012071717953,23.8314123035112,10.9999997446276));
#3159=CARTESIAN_POINT('Ctrl Pts',(111.160648853131,22.9766771021785,11.9559212723936));
#3160=CARTESIAN_POINT('Ctrl Pts',(111.318752003539,22.0862246827932,12.8952308844802));
#3161=CARTESIAN_POINT('Ctrl Pts',(111.687070364743,20.0214010300157,14.8790225505145));
#3162=CARTESIAN_POINT('Ctrl Pts',(112.045698612492,18.0353737579915,16.6056817371586));
#3163=CARTESIAN_POINT('Ctrl Pts',(112.437950049843,15.654237616021,18.085312743184));
#3164=CARTESIAN_POINT('Ctrl Pts',(112.592998628203,14.6099972395318,18.5976455844025));
#3165=CARTESIAN_POINT('Ctrl Pts',(113.667021166907,13.0755008376303,16.0785695510073));
#3166=CARTESIAN_POINT('Ctrl Pts',(113.620900958788,13.888555576729,15.563633242016));
#3167=CARTESIAN_POINT('Ctrl Pts',(113.512941263549,15.7917807664333,14.0805074930051));
#3168=CARTESIAN_POINT('Ctrl Pts',(113.417636463218,17.4719123774823,12.3529799522633));
#3169=CARTESIAN_POINT('Ctrl Pts',(113.358085689555,18.521735019628,11.186597243133));
#3170=CARTESIAN_POINT('Ctrl Pts',(113.353361919703,18.6050105212186,11.0934005217112));
#3171=CARTESIAN_POINT('Ctrl Pts',(113.348656636226,18.68796012587,10.9999175269481));
#3172=CARTESIAN_POINT('Ctrl Pts',(113.667021167183,13.0755008327737,5.92143044004445));
#3173=CARTESIAN_POINT('Ctrl Pts',(113.684302846236,12.7708415158253,5.76706922885621));
#3174=CARTESIAN_POINT('Ctrl Pts',(113.696118945399,12.4640684733733,5.6148996609857));
#3175=CARTESIAN_POINT('Ctrl Pts',(113.732762255149,10.6119839972081,4.71805028402501));
#3176=CARTESIAN_POINT('Ctrl Pts',(113.622310468237,9.01578741666378,4.03047175075703));
#3177=CARTESIAN_POINT('Ctrl Pts',(113.338165489045,7.38031041826871,3.46407635912473));
#3178=CARTESIAN_POINT('Ctrl Pts',(113.634805888869,13.6434250869097,5.02182542602451));
#3179=CARTESIAN_POINT('Ctrl Pts',(113.659480855096,13.3309264823242,4.86835451594085));
#3180=CARTESIAN_POINT('Ctrl Pts',(113.67847922284,13.0157545895085,4.71705792442678));
#3181=CARTESIAN_POINT('Ctrl Pts',(113.756361628641,11.110422642317,3.82619040506921));
#3182=CARTESIAN_POINT('Ctrl Pts',(113.673515440615,9.45619948130356,3.14486222355124));
#3183=CARTESIAN_POINT('Ctrl Pts',(113.402282450114,7.74935376836935,2.58584827710992));
#3184=CARTESIAN_POINT('Ctrl Pts',(113.252296895469,14.1899300698232,4.12466619214938));
#3185=CARTESIAN_POINT('Ctrl Pts',(113.287636250809,13.8740838241339,3.97202915595917));
#3186=CARTESIAN_POINT('Ctrl Pts',(113.317142500648,13.555004993822,3.82156313501403));
#3187=CARTESIAN_POINT('Ctrl Pts',(113.457961618806,11.6222342572368,2.93636587977319));
#3188=CARTESIAN_POINT('Ctrl Pts',(113.42528812021,9.92849000838936,2.26103545248966));
#3189=CARTESIAN_POINT('Ctrl Pts',(113.189716747768,8.1657956752362,1.70917210078775));
#3190=CARTESIAN_POINT('Ctrl Pts',(112.592998623282,14.6099972292818,3.40235439404728));
#3191=CARTESIAN_POINT('Ctrl Pts',(112.639477143502,14.2969678079525,3.24877358552472));
#3192=CARTESIAN_POINT('Ctrl Pts',(112.680316369844,13.9800633144202,3.09731227848036));
#3193=CARTESIAN_POINT('Ctrl Pts',(112.88966025414,12.0570738268227,2.20648208486367));
#3194=CARTESIAN_POINT('Ctrl Pts',(112.917952080216,10.3552482616039,1.52639900158684));
#3195=CARTESIAN_POINT('Ctrl Pts',(112.733711437021,8.56450897551393,0.971150824846337));
#3196=CARTESIAN_POINT('',(113.338165489045,7.38031041826871,3.46407635912472));
#3197=CARTESIAN_POINT('',(112.733711437021,8.56450897551393,0.971150824846358));
#3198=CARTESIAN_POINT('Origin',(108.411961465521,8.23618068800325,3.46407635912473));
#3199=CARTESIAN_POINT('Ctrl Pts',(112.733711437021,8.56450897551393,0.971150824846337));
#3200=CARTESIAN_POINT('Ctrl Pts',(112.917952080216,10.3552482616039,1.52639900158684));
#3201=CARTESIAN_POINT('Ctrl Pts',(112.88966025414,12.0570738268227,2.20648208486367));
#3202=CARTESIAN_POINT('Ctrl Pts',(112.680316369844,13.9800633144202,3.09731227848036));
#3203=CARTESIAN_POINT('Ctrl Pts',(112.639477143502,14.2969678079525,3.24877358552472));
#3204=CARTESIAN_POINT('Ctrl Pts',(112.592998623282,14.6099972292818,3.40235439404728));
#3205=CARTESIAN_POINT('Ctrl Pts',(113.667021167183,13.0755008327737,5.92143044004445));
#3206=CARTESIAN_POINT('Ctrl Pts',(113.684302846236,12.7708415158253,5.76706922885621));
#3207=CARTESIAN_POINT('Ctrl Pts',(113.696118945399,12.4640684733733,5.6148996609857));
#3208=CARTESIAN_POINT('Ctrl Pts',(113.732762255149,10.6119839972081,4.71805028402501));
#3209=CARTESIAN_POINT('Ctrl Pts',(113.622310468237,9.01578741666378,4.03047175075703));
#3210=CARTESIAN_POINT('Ctrl Pts',(113.338165489045,7.38031041826871,3.46407635912473));
#3211=CARTESIAN_POINT('Ctrl Pts',(113.338165489045,7.3803104182687,3.46407635912474));
#3212=CARTESIAN_POINT('Ctrl Pts',(112.904037251718,4.8815622492154,2.59871448048607));
#3213=CARTESIAN_POINT('Ctrl Pts',(112.128994752463,2.6575154173234,1.38097470560223));
#3214=CARTESIAN_POINT('Ctrl Pts',(111.188636739612,0.724281304328336,-2.67372513018671E-10));
#3215=CARTESIAN_POINT('Ctrl Pts',(113.402282450114,7.74935376836934,2.58584827710994));
#3216=CARTESIAN_POINT('Ctrl Pts',(113.027483476007,5.36788432137376,1.71481767295615));
#3217=CARTESIAN_POINT('Ctrl Pts',(112.341823144009,3.23946319348636,0.489354912882928));
#3218=CARTESIAN_POINT('Ctrl Pts',(111.505256595939,1.37520393032512,-0.901462909215565));
#3219=CARTESIAN_POINT('Ctrl Pts',(113.189716747768,8.16579567523621,1.70917210078777));
#3220=CARTESIAN_POINT('Ctrl Pts',(112.846278678703,5.9351061502396,0.832887643680031));
#3221=CARTESIAN_POINT('Ctrl Pts',(112.21506370801,3.94481846459627,-0.399907361965827));
#3222=CARTESIAN_POINT('Ctrl Pts',(111.446329067073,2.20576363481789,-1.7995262107774));
#3223=CARTESIAN_POINT('Ctrl Pts',(112.733711437021,8.56450897551394,0.971150824846353));
#3224=CARTESIAN_POINT('Ctrl Pts',(112.392384513543,6.48732786875939,0.105851437527006));
#3225=CARTESIAN_POINT('Ctrl Pts',(111.775613337654,4.63809887668987,-1.11179908934582));
#3226=CARTESIAN_POINT('Ctrl Pts',(111.025077221738,3.02958660811934,-2.49266859595242));
#3227=CARTESIAN_POINT('',(111.188636739581,0.724281304264325,-1.56562748876432E-10));
#3228=CARTESIAN_POINT('',(112.307839833115,6.57260313874484,-1.9151347174784E-14));
#3229=CARTESIAN_POINT('Ctrl Pts',(111.188636739794,0.724281304702658,-4.12927176447623E-17));
#3230=CARTESIAN_POINT('Ctrl Pts',(111.610569622274,1.59171161389505,1.00211179211679E-17));
#3231=CARTESIAN_POINT('Ctrl Pts',(111.913744353517,2.51576367985648,-2.82143564664469E-15));
#3232=CARTESIAN_POINT('Ctrl Pts',(112.302685001524,4.48575539958019,-2.72607338425215E-15));
#3233=CARTESIAN_POINT('Ctrl Pts',(112.368825552998,5.53052371965109,7.49889779223981E-16));
#3234=CARTESIAN_POINT('Ctrl Pts',(112.307839833115,6.5726031387449,7.48732617390735E-16));
#3235=CARTESIAN_POINT('Ctrl Pts',(112.3080962493,6.57240237160968,0.000237393016736698));
#3236=CARTESIAN_POINT('Ctrl Pts',(112.476847905669,7.21102530017571,0.358067965735132));
#3237=CARTESIAN_POINT('Ctrl Pts',(112.620445365739,7.87521631466555,0.684009508580607));
#3238=CARTESIAN_POINT('Ctrl Pts',(112.733711437021,8.56450897551394,0.971150824846353));
#3239=CARTESIAN_POINT('Ctrl Pts',(113.338165489045,7.3803104182687,3.46407635912474));
#3240=CARTESIAN_POINT('Ctrl Pts',(112.904037251718,4.8815622492154,2.59871448048607));
#3241=CARTESIAN_POINT('Ctrl Pts',(112.128994752463,2.6575154173234,1.38097470560223));
#3242=CARTESIAN_POINT('Ctrl Pts',(111.188636739612,0.724281304328336,-2.67372513018671E-10));
#3243=CARTESIAN_POINT('Origin',(80.5869408685718,13.9281068415666,0.));
#3244=CARTESIAN_POINT('',(110.895132784885,0.140407687787064,7.2092698812298E-13));
#3245=CARTESIAN_POINT('Origin',(88.7071453714245,11.6596617669414,-8.88178419700125E-15));
#3246=CARTESIAN_POINT('',(87.5951325477064,2.17889356869146,0.));
#3247=CARTESIAN_POINT('',(107.49910964835,0.437521213305566,0.));
#3248=CARTESIAN_POINT('',(62.1064323229066,-2.31545198413064,0.));
#3249=CARTESIAN_POINT('Origin',(83.2373454102582,-47.6308413366422,0.));
#3250=CARTESIAN_POINT('',(59.8461871906779,-3.36942159859644,0.));
#3251=CARTESIAN_POINT('',(62.1064323229066,-2.3154519841307,0.));
#3252=CARTESIAN_POINT('',(56.2900819472288,-1.05672814586401,0.));
#3253=CARTESIAN_POINT('Origin',(58.7896415363361,-1.10365213102626,0.));
#3254=CARTESIAN_POINT('',(48.9981214592368,27.7285790019211,0.));
#3255=CARTESIAN_POINT('Origin',(7.26529947314702E-12,1.0547118733939E-13,
0.));
#3256=CARTESIAN_POINT('',(51.7149807723197,31.4006058319291,0.));
#3257=CARTESIAN_POINT('Origin',(51.1738817374156,28.9598658138637,0.));
#3258=CARTESIAN_POINT('',(56.071992598889,30.4346795649065,1.80148430894977E-12));
#3259=CARTESIAN_POINT('',(67.4396781283827,27.9145243564144,0.));
#3260=CARTESIAN_POINT('',(57.3599763583716,31.2054113155733,-1.56992474575901E-14));
#3261=CARTESIAN_POINT('Ctrl Pts',(57.3599763583716,31.2054113155733,-4.82817254069014E-18));
#3262=CARTESIAN_POINT('Ctrl Pts',(57.3388703425563,31.0917272571836,-4.91179131129491E-18));
#3263=CARTESIAN_POINT('Ctrl Pts',(57.2962491280838,30.9837714595938,3.99192458986738E-11));
#3264=CARTESIAN_POINT('Ctrl Pts',(57.1691748818747,30.781886023804,3.9919251186441E-11));
#3265=CARTESIAN_POINT('Ctrl Pts',(57.0840009356691,30.6919524202573,-8.32667268468867E-16));
#3266=CARTESIAN_POINT('Ctrl Pts',(56.8738092777884,30.5373722083874,-8.32667268468867E-16));
#3267=CARTESIAN_POINT('Ctrl Pts',(56.7471350819634,30.4784694214013,-1.09728045807556E-16));
#3268=CARTESIAN_POINT('Ctrl Pts',(56.52685656234,30.4213598286382,-1.0042619443329E-16));
#3269=CARTESIAN_POINT('Ctrl Pts',(56.4377343071422,30.4091909900004,1.2288472373059E-11));
#3270=CARTESIAN_POINT('Ctrl Pts',(56.2554727694447,30.4054131868417,1.22884652034826E-11));
#3271=CARTESIAN_POINT('Ctrl Pts',(56.162608756189,30.4145904464839,-9.57230370857053E-17));
#3272=CARTESIAN_POINT('Ctrl Pts',(56.0719925988904,30.4346795649062,-9.57230370857053E-17));
#3273=CARTESIAN_POINT('',(57.8852621698403,31.5691066505655,1.1068061212629E-13));
#3274=CARTESIAN_POINT('Ctrl Pts',(57.8852621645789,31.569106647398,-7.35658921280358E-9));
#3275=CARTESIAN_POINT('Ctrl Pts',(57.8591389280083,31.5748981569539,-1.56300819008054E-7));
#3276=CARTESIAN_POINT('Ctrl Pts',(57.8327254544562,31.5785050759994,9.15722721303668E-5));
#3277=CARTESIAN_POINT('Ctrl Pts',(57.8062381699962,31.5798116184455,0.000201876583387068));
#3278=CARTESIAN_POINT('Ctrl Pts',(57.7813115222806,31.5810411791175,0.000305681739871084));
#3279=CARTESIAN_POINT('Ctrl Pts',(57.7563188505514,31.5802329573018,0.000426047657342585));
#3280=CARTESIAN_POINT('Ctrl Pts',(57.7314738486657,31.5772712632417,0.000527227899412557));
#3281=CARTESIAN_POINT('Ctrl Pts',(57.7225853608959,31.5762116947396,0.000563425898041359));
#3282=CARTESIAN_POINT('Ctrl Pts',(57.7137161438269,31.5748763498483,0.000597407765057049));
#3283=CARTESIAN_POINT('Ctrl Pts',(57.7048773570075,31.5732594612883,0.000628358474123212));
#3284=CARTESIAN_POINT('Ctrl Pts',(57.6782084210677,31.5683808848152,0.000721744873665136));
#3285=CARTESIAN_POINT('Ctrl Pts',(57.6522571364883,31.5610183304405,0.000777140615782094));
#3286=CARTESIAN_POINT('Ctrl Pts',(57.6272741595644,31.5512204254058,0.000778196810785642));
#3287=CARTESIAN_POINT('Ctrl Pts',(57.6022911826405,31.5414225203712,0.00077925300578919));
#3288=CARTESIAN_POINT('Ctrl Pts',(57.5782750763934,31.5291887140129,0.000725836490886053));
#3289=CARTESIAN_POINT('Ctrl Pts',(57.5555083859341,31.514533140535,0.000635643235274905));
#3290=CARTESIAN_POINT('Ctrl Pts',(57.5335337448678,31.5003874320328,0.000548587788099547));
#3291=CARTESIAN_POINT('Ctrl Pts',(57.5131397343273,31.4842538538466,0.000430693985402871));
#3292=CARTESIAN_POINT('Ctrl Pts',(57.4944490337725,31.4663477134063,0.000325834387995799));
#3293=CARTESIAN_POINT('Ctrl Pts',(57.4811537988412,31.4536105587357,0.000251244728916326));
#3294=CARTESIAN_POINT('Ctrl Pts',(57.4687200187264,31.4399754026753,0.000183819275806091));
#3295=CARTESIAN_POINT('Ctrl Pts',(57.457191303673,31.4255062876834,0.000147794751637884));
#3296=CARTESIAN_POINT('Ctrl Pts',(57.4521858147928,31.4192241483589,0.00013215377566596));
#3297=CARTESIAN_POINT('Ctrl Pts',(57.447350949245,31.4127846777573,0.000122514427651533));
#3298=CARTESIAN_POINT('Ctrl Pts',(57.4426867543293,31.4061964990103,0.000117309947550007));
#3299=CARTESIAN_POINT('Ctrl Pts',(57.4291849072529,31.3871251300902,0.000102244090374258));
#3300=CARTESIAN_POINT('Ctrl Pts',(57.4172571234026,31.3670197270307,0.000126548761093809));
#3301=CARTESIAN_POINT('Ctrl Pts',(57.4068328603404,31.3461445070142,0.000151564418997691));
#3302=CARTESIAN_POINT('Ctrl Pts',(57.3957616990392,31.3239738339776,0.000178132472974976));
#3303=CARTESIAN_POINT('Ctrl Pts',(57.3863860758469,31.3009345066251,0.000205577125279951));
#3304=CARTESIAN_POINT('Ctrl Pts',(57.3786290130315,31.2772950194695,0.000221898622166927));
#3305=CARTESIAN_POINT('Ctrl Pts',(57.3749869049482,31.2661957710422,0.000229561916529451));
#3306=CARTESIAN_POINT('Ctrl Pts',(57.371701750423,31.2549635865349,0.000235239221081122));
#3307=CARTESIAN_POINT('Ctrl Pts',(57.3687664716122,31.2436232684233,0.00023997874943147));
#3308=CARTESIAN_POINT('Ctrl Pts',(57.3654760781047,31.230910980599,0.000245291673451139));
#3309=CARTESIAN_POINT('Ctrl Pts',(57.3626319202596,31.2180823552967,0.000246535110435641));
#3310=CARTESIAN_POINT('Ctrl Pts',(57.3602210011516,31.2051735745384,0.000247159502119176));
#3311=CARTESIAN_POINT('',(100.331474175481,22.1590079995043,1.50318167062548E-14));
#3312=CARTESIAN_POINT('',(76.7048085786924,27.3969136583619,6.66932788519784E-14));
#3313=CARTESIAN_POINT('',(112.179340433543,8.48796677039654,-7.07449475722026E-30));
#3314=CARTESIAN_POINT('Ctrl Pts',(112.179340433543,8.48796677039654,1.54737334057131E-15));
#3315=CARTESIAN_POINT('Ctrl Pts',(112.16085939165,8.73221738378187,1.50726104161751E-15));
#3316=CARTESIAN_POINT('Ctrl Pts',(112.136592419262,8.97576647119864,-3.95581091528456E-6));
#3317=CARTESIAN_POINT('Ctrl Pts',(112.106552484069,9.21835213956207,-9.15548242946818E-6));
#3318=CARTESIAN_POINT('Ctrl Pts',(112.075827101095,9.46647309976111,-1.44737994492766E-5));
#3319=CARTESIAN_POINT('Ctrl Pts',(112.039062664008,9.71358664475492,-2.11161321409087E-5));
#3320=CARTESIAN_POINT('Ctrl Pts',(111.996248025746,9.95946229215654,-2.66977937678596E-5));
#3321=CARTESIAN_POINT('Ctrl Pts',(111.95221724984,10.2123219675154,-3.24380009086208E-5));
#3322=CARTESIAN_POINT('Ctrl Pts',(111.901788126856,10.4638729091652,-3.70818488806596E-5));
#3323=CARTESIAN_POINT('Ctrl Pts',(111.84491605474,10.713909108149,-3.82047179374977E-5));
#3324=CARTESIAN_POINT('Ctrl Pts',(111.815390644851,10.8437166039436,-3.87876608112325E-5));
#3325=CARTESIAN_POINT('Ctrl Pts',(111.784128151959,10.9731165208923,-3.84219418900706E-5));
#3326=CARTESIAN_POINT('Ctrl Pts',(111.751118428513,11.1020839011251,-3.67505505752434E-5));
#3327=CARTESIAN_POINT('Ctrl Pts',(111.692132539324,11.3325388945418,-3.37639002007751E-5));
#3328=CARTESIAN_POINT('Ctrl Pts',(111.62757072909,11.5616112758367,-2.66636281848045E-5));
#3329=CARTESIAN_POINT('Ctrl Pts',(111.557617666878,11.7890824479783,-1.86569236228784E-5));
#3330=CARTESIAN_POINT('Ctrl Pts',(111.485231996774,12.0244638981115,-1.03717870368617E-5));
#3331=CARTESIAN_POINT('Ctrl Pts',(111.407073714993,12.2581313216349,-1.1320506184277E-6));
#3332=CARTESIAN_POINT('Ctrl Pts',(111.323296118062,12.4898651939212,6.44793252676384E-6));
#3333=CARTESIAN_POINT('Ctrl Pts',(111.238172807804,12.7253213902135,1.41496723791139E-5));
#3334=CARTESIAN_POINT('Ctrl Pts',(111.14724817884,12.9587820282861,2.01230923293823E-5));
#3335=CARTESIAN_POINT('Ctrl Pts',(111.050630478744,13.190031347824,2.28118302373452E-5));
#3336=CARTESIAN_POINT('Ctrl Pts',(110.952497081843,13.4249084069449,2.55427479059074E-5));
#3337=CARTESIAN_POINT('Ctrl Pts',(110.848490568817,13.6575048848315,2.48687795349952E-5));
#3338=CARTESIAN_POINT('Ctrl Pts',(110.738670974896,13.8875998535927,2.06107333505789E-5));
#3339=CARTESIAN_POINT('Ctrl Pts',(110.683796956317,14.0025723747959,1.84830974971855E-5));
#3340=CARTESIAN_POINT('Ctrl Pts',(110.627470736219,14.1169203502723,1.54846391004348E-5));
#3341=CARTESIAN_POINT('Ctrl Pts',(110.569694957052,14.2306158918524,1.17452019068511E-5));
#3342=CARTESIAN_POINT('Ctrl Pts',(110.450160669001,14.4658444913353,4.00855223974593E-6));
#3343=CARTESIAN_POINT('Ctrl Pts',(110.324749934678,14.6976404112598,-6.68066035690468E-6));
#3344=CARTESIAN_POINT('Ctrl Pts',(110.193568667421,14.9257599047625,-1.76905407935322E-5));
#3345=CARTESIAN_POINT('Ctrl Pts',(110.061313818494,15.1557463180755,-2.87905256030042E-5));
#3346=CARTESIAN_POINT('Ctrl Pts',(109.923193501358,15.3819965835717,-4.02315735307573E-5));
#3347=CARTESIAN_POINT('Ctrl Pts',(109.779263387968,15.6042591996414,-4.77035653886427E-5));
#3348=CARTESIAN_POINT('Ctrl Pts',(109.65792033203,15.7916419816013,-5.40029721259136E-5));
#3349=CARTESIAN_POINT('Ctrl Pts',(109.532446916494,15.9761906629369,-5.74577027613985E-5));
#3350=CARTESIAN_POINT('Ctrl Pts',(109.402848468525,16.1577480854008,-5.44871486462934E-5));
#3351=CARTESIAN_POINT('Ctrl Pts',(109.252674814987,16.3681297827541,-5.10449857846369E-5));
#3352=CARTESIAN_POINT('Ctrl Pts',(109.096963481219,16.5744960789549,-3.90353625268396E-5));
#3353=CARTESIAN_POINT('Ctrl Pts',(108.935996134297,16.776748366939,-2.47439103380938E-5));
#3354=CARTESIAN_POINT('Ctrl Pts',(108.77221045807,16.9825418299581,-1.02022333721218E-5));
#3355=CARTESIAN_POINT('Ctrl Pts',(108.602982686843,17.1840764711086,6.70121575777611E-6));
#3356=CARTESIAN_POINT('Ctrl Pts',(108.428564639324,17.3812187129906,2.14412987277722E-5));
#3357=CARTESIAN_POINT('Ctrl Pts',(108.253855927375,17.5786894887503,3.62059457717555E-5));
#3358=CARTESIAN_POINT('Ctrl Pts',(108.073939083407,17.7717536712841,4.88043393341634E-5));
#3359=CARTESIAN_POINT('Ctrl Pts',(107.889029965566,17.9602402756431,5.67379750406292E-5));
#3360=CARTESIAN_POINT('Ctrl Pts',(107.706049036747,18.1467613857882,6.45888806500132E-5));
#3361=CARTESIAN_POINT('Ctrl Pts',(107.518178829391,18.3288002619557,6.78793565002238E-5));
#3362=CARTESIAN_POINT('Ctrl Pts',(107.325600546572,18.5061491922804,6.60987475119904E-5));
#3363=CARTESIAN_POINT('Ctrl Pts',(107.184426519571,18.636158985242,6.47934303303079E-5));
#3364=CARTESIAN_POINT('Ctrl Pts',(107.040721778731,18.7636475825265,6.0802472419623E-5));
#3365=CARTESIAN_POINT('Ctrl Pts',(106.894550674832,18.8885167614847,5.45549477420464E-5));
#3366=CARTESIAN_POINT('Ctrl Pts',(106.698495278714,19.056000454845,4.61753098193259E-5));
#3367=CARTESIAN_POINT('Ctrl Pts',(106.498413439787,19.2184235940375,3.36549662516566E-5));
#3368=CARTESIAN_POINT('Ctrl Pts',(106.294480528539,19.3755831742608,1.97030265000168E-5));
#3369=CARTESIAN_POINT('Ctrl Pts',(106.095133579045,19.5292086126927,6.06483239008236E-6));
#3370=CARTESIAN_POINT('Ctrl Pts',(105.892106271405,19.6778047979291,-8.93135386046737E-6));
#3371=CARTESIAN_POINT('Ctrl Pts',(105.685546641533,19.8211354353832,-2.10871655004089E-5));
#3372=CARTESIAN_POINT('Ctrl Pts',(105.559915891985,19.9083099497248,-2.84803997381364E-5));
#3373=CARTESIAN_POINT('Ctrl Pts',(105.432978214047,19.9935357412654,-3.47911611127976E-5));
#3374=CARTESIAN_POINT('Ctrl Pts',(105.30476522,20.076750305282,-3.87844607852017E-5));
#3375=CARTESIAN_POINT('Ctrl Pts',(105.083900404862,20.2200990308544,-4.56634780056285E-5));
#3376=CARTESIAN_POINT('Ctrl Pts',(104.85925074324,20.3574819347706,-4.57185138075203E-5));
#3377=CARTESIAN_POINT('Ctrl Pts',(104.631040000322,20.4889042634894,-4.28368817226715E-5));
#3378=CARTESIAN_POINT('Ctrl Pts',(104.405765918677,20.6186354235183,-3.99923310531733E-5));
#3379=CARTESIAN_POINT('Ctrl Pts',(104.177021142159,20.7425583568285,-3.42645550542481E-5));
#3380=CARTESIAN_POINT('Ctrl Pts',(103.945028858659,20.8606281881662,-2.83419435226917E-5));
#3381=CARTESIAN_POINT('Ctrl Pts',(103.87495770289,20.8962901050989,-2.65530726649163E-5));
#3382=CARTESIAN_POINT('Ctrl Pts',(103.804590374859,20.9314177061079,-2.47403055874238E-5));
#3383=CARTESIAN_POINT('Ctrl Pts',(103.733933313372,20.9660088555453,-2.29630994025981E-5));
#3384=CARTESIAN_POINT('Ctrl Pts',(103.508478170999,21.0763835634238,-1.72923247483516E-5));
#3385=CARTESIAN_POINT('Ctrl Pts',(103.280420999887,21.1811294445745,-1.21512199396691E-5));
#3386=CARTESIAN_POINT('Ctrl Pts',(103.049962405141,21.2802181478656,-8.22620027975118E-6));
#3387=CARTESIAN_POINT('Ctrl Pts',(102.826207293882,21.376424600282,-4.41534995470581E-6));
#3388=CARTESIAN_POINT('Ctrl Pts',(102.600187882114,21.4672980109107,-1.72992000434624E-6));
#3389=CARTESIAN_POINT('Ctrl Pts',(102.372104295677,21.5527669706036,-1.1434373112934E-7));
#3390=CARTESIAN_POINT('Ctrl Pts',(102.14864090484,21.636504620658,1.46850647657982E-6));
#3391=CARTESIAN_POINT('Ctrl Pts',(101.923195606678,21.7150544560445,2.04202412962798E-6));
#3392=CARTESIAN_POINT('Ctrl Pts',(101.6959804472,21.7883069774316,2.04603679947873E-6));
#3393=CARTESIAN_POINT('Ctrl Pts',(101.471693130938,21.8606155833761,2.04999776297226E-6));
#3394=CARTESIAN_POINT('Ctrl Pts',(101.245680752027,21.9277624809873,1.51524290671143E-6));
#3395=CARTESIAN_POINT('Ctrl Pts',(101.018178355298,21.98960155684,9.98585607089181E-7));
#3396=CARTESIAN_POINT('Ctrl Pts',(100.790675958569,22.0514406326926,4.81928307466931E-7));
#3397=CARTESIAN_POINT('Ctrl Pts',(100.561682925446,22.1079719483435,-9.33991805879682E-16));
#3398=CARTESIAN_POINT('Ctrl Pts',(100.331474175481,22.1590079995043,-8.88178419700125E-16));
#3399=CARTESIAN_POINT('Origin',(7.26529947314702E-12,1.0547118733939E-13,
0.));
#3400=CARTESIAN_POINT('',(63.6299403689559,4.6092884012073,0.));
#3401=CARTESIAN_POINT('Origin',(62.3799403689559,4.6092884012073,0.));
#3402=CARTESIAN_POINT('',(59.1673298820188,23.6238311739949,0.));
#3403=CARTESIAN_POINT('Origin',(57.9173298820188,23.6238311739949,0.));
#3404=CARTESIAN_POINT('',(72.5223427712782,13.6729586763527,-4.47871299966805E-30));
#3405=CARTESIAN_POINT('',(77.8999058109531,9.62089871211032,-5.86826548104288E-31));
#3406=CARTESIAN_POINT('Origin',(77.4357806284109,14.5993108901978,0.));
#3407=CARTESIAN_POINT('',(88.2488006183138,9.65035380437956,0.));
#3408=CARTESIAN_POINT('Origin',(83.2373454102582,-47.6308413366421,0.));
#3409=CARTESIAN_POINT('',(100.503673298216,8.57819137193456,-1.47248324027767E-31));
#3410=CARTESIAN_POINT('',(95.4625439507113,9.01923304120905,0.));
#3411=CARTESIAN_POINT('',(103.081837567036,18.076928040491,-2.27641402844937E-31));
#3412=CARTESIAN_POINT('Origin',(100.939452011954,13.5591648623933,0.));
#3413=CARTESIAN_POINT('',(100.635585293356,18.9587334287995,0.));
#3414=CARTESIAN_POINT('Origin',(97.3197387791419,5.92608167637251,0.));
#3415=CARTESIAN_POINT('',(77.5060834757228,24.086420531359,3.07649445093164E-30));
#3416=CARTESIAN_POINT('',(75.83758266121,24.4563182565519,0.));
#3417=CARTESIAN_POINT('',(71.574654098543,17.9863529008507,-4.36813752593732E-30));
#3418=CARTESIAN_POINT('Origin',(76.4238854060323,19.2049404957593,0.));
#3419=CARTESIAN_POINT('Origin',(-3.33625323646174E-12,-1.7430501486615E-12,
0.));
#3420=CARTESIAN_POINT('Origin',(114.023451314261,6.79198148060896,2.99999999999992));
#3421=CARTESIAN_POINT('',(113.667021166901,13.0755008377277,22.0000000000007));
#3422=CARTESIAN_POINT('Origin',(88.7071453714245,11.6596617669414,22.0000000000007));
#3423=CARTESIAN_POINT('',(110.895132784885,0.140407687787063,22.0000000000007));
#3424=CARTESIAN_POINT('Origin',(88.7071453714245,11.6596617669414,22.));
#3425=CARTESIAN_POINT('',(110.895132784885,0.140407687786963,22.0000000000007));
#3426=CARTESIAN_POINT('Ctrl Pts',(102.053173108697,28.3470164730721,11.1517608826576));
#3427=CARTESIAN_POINT('Ctrl Pts',(101.90838990423,27.8277261379754,10.215805333075));
#3428=CARTESIAN_POINT('Ctrl Pts',(101.763634429589,27.3084460325586,9.27987758308752));
#3429=CARTESIAN_POINT('Ctrl Pts',(101.34548531342,25.8076355734057,6.57496507731527));
#3430=CARTESIAN_POINT('Ctrl Pts',(101.073800852625,24.827549771974,4.80907557480524));
#3431=CARTESIAN_POINT('Ctrl Pts',(100.644306350219,23.2838179007869,2.0270365082155));
#3432=CARTESIAN_POINT('Ctrl Pts',(100.487917438581,22.7214475877744,1.01358727654916));
#3433=CARTESIAN_POINT('Ctrl Pts',(100.331474175481,22.1590079995041,-3.15303338993544E-13));
#3434=CARTESIAN_POINT('Ctrl Pts',(104.381902412508,27.7979851608789,11.0961447405475));
#3435=CARTESIAN_POINT('Ctrl Pts',(104.182578391096,27.2916912932138,10.1617254873359));
#3436=CARTESIAN_POINT('Ctrl Pts',(103.983137468297,26.7849831571743,9.22655904088836));
#3437=CARTESIAN_POINT('Ctrl Pts',(103.407252851738,25.3221935492015,6.52682670968856));
#3438=CARTESIAN_POINT('Ctrl Pts',(103.032066174424,24.3662320476261,4.76293750498613));
#3439=CARTESIAN_POINT('Ctrl Pts',(102.439650215054,22.8607691622822,1.98454824951892));
#3440=CARTESIAN_POINT('Ctrl Pts',(102.22389810803,22.3124575355162,0.972623641271908));
#3441=CARTESIAN_POINT('Ctrl Pts',(102.008028819582,21.7640057611218,-0.0395829583643162));
#3442=CARTESIAN_POINT('Ctrl Pts',(109.124023041601,25.8388572403929,11.004658438334));
#3443=CARTESIAN_POINT('Ctrl Pts',(108.813732960506,25.3783862577901,10.0725858005066));
#3444=CARTESIAN_POINT('Ctrl Pts',(108.502947439612,24.9171393977513,9.13898166630419));
#3445=CARTESIAN_POINT('Ctrl Pts',(107.606343198966,23.5876232654922,6.44722247728766));
#3446=CARTESIAN_POINT('Ctrl Pts',(107.020599383815,22.7183420757103,4.68729553691529));
#3447=CARTESIAN_POINT('Ctrl Pts',(106.096434609485,21.349288839635,1.91475139744893));
#3448=CARTESIAN_POINT('Ctrl Pts',(105.759863144739,20.8508987699513,0.905292656076711));
#3449=CARTESIAN_POINT('Ctrl Pts',(105.423026837008,20.3523263557124,-0.10460116661632));
#3450=CARTESIAN_POINT('Ctrl Pts',(115.005609605192,20.2433571452779,10.9731160189429));
#3451=CARTESIAN_POINT('Ctrl Pts',(114.557336870184,19.9129670596707,10.0420066061275));
#3452=CARTESIAN_POINT('Ctrl Pts',(114.107929826322,19.5820983848398,9.10888504988456));
#3453=CARTESIAN_POINT('Ctrl Pts',(112.812687225812,18.6292698580532,6.42029136867375));
#3454=CARTESIAN_POINT('Ctrl Pts',(111.964932750017,18.0072278118622,4.66154900690994));
#3455=CARTESIAN_POINT('Ctrl Pts',(110.628630087869,17.027860724906,1.89125556071961));
#3456=CARTESIAN_POINT('Ctrl Pts',(110.141988238778,16.6715633102777,0.882715320394246));
#3457=CARTESIAN_POINT('Ctrl Pts',(109.654896504949,16.3152909965448,-0.126353645347545));
#3458=CARTESIAN_POINT('Ctrl Pts',(117.799792405608,14.2174368438371,11.0452863749944));
#3459=CARTESIAN_POINT('Ctrl Pts',(117.284799407864,14.0272193082168,10.1123391122706));
#3460=CARTESIAN_POINT('Ctrl Pts',(116.769041864987,13.8372367212794,9.17825998887227));
#3461=CARTESIAN_POINT('Ctrl Pts',(115.280811267129,13.2898499391881,6.4833554726741));
#3462=CARTESIAN_POINT('Ctrl Pts',(114.307576642089,12.9345914215691,4.72200867722886));
#3463=CARTESIAN_POINT('Ctrl Pts',(112.773972179872,12.375378221884,1.94724801394089));
#3464=CARTESIAN_POINT('Ctrl Pts',(112.215390761309,12.1721670800974,0.936811828958394));
#3465=CARTESIAN_POINT('Ctrl Pts',(111.656474099426,11.9692608296784,-0.073994942022525));
#3466=CARTESIAN_POINT('Ctrl Pts',(118.432087273401,10.5759678926399,11.1205692982823));
#3467=CARTESIAN_POINT('Ctrl Pts',(117.901180472721,10.4708560183095,10.1857230022477));
#3468=CARTESIAN_POINT('Ctrl Pts',(117.370018454736,10.3661412329196,9.25050382798532));
#3469=CARTESIAN_POINT('Ctrl Pts',(115.835574062646,10.0649750004024,6.54908854948958));
#3470=CARTESIAN_POINT('Ctrl Pts',(114.833122792207,9.87117461356609,4.78474152481765));
#3471=CARTESIAN_POINT('Ctrl Pts',(113.253827459853,9.56638098516996,2.00529236999223));
#3472=CARTESIAN_POINT('Ctrl Pts',(112.6785098163,9.45589526438904,0.99286545562103));
#3473=CARTESIAN_POINT('Ctrl Pts',(112.103016896694,9.34580724418463,-0.0197914791820248));
#3474=CARTESIAN_POINT('Ctrl Pts',(118.542279685752,9.38475959680759,11.1480939248095));
#3475=CARTESIAN_POINT('Ctrl Pts',(118.008388410036,9.30752595060306,10.2125080863555));
#3476=CARTESIAN_POINT('Ctrl Pts',(117.474479804834,9.23073298835757,9.27693575763271));
#3477=CARTESIAN_POINT('Ctrl Pts',(115.931330687732,9.0102365042121,6.57300643272244));
#3478=CARTESIAN_POINT('Ctrl Pts',(114.923664864777,8.86932062246395,4.80770469027142));
#3479=CARTESIAN_POINT('Ctrl Pts',(113.336140909033,8.64780391242114,2.02649465813846));
#3480=CARTESIAN_POINT('Ctrl Pts',(112.757794005316,8.56767212850716,1.01332719767207));
#3481=CARTESIAN_POINT('Ctrl Pts',(112.179340433543,8.48796677039654,0.));
#3482=CARTESIAN_POINT('Ctrl Pts',(112.733712866887,8.56449319800004,0.971151176396888));
#3483=CARTESIAN_POINT('Ctrl Pts',(112.548929870291,8.53893767485447,0.647444579439407));
#3484=CARTESIAN_POINT('Ctrl Pts',(112.364140595339,8.51343046150967,0.323730441336724));
#3485=CARTESIAN_POINT('Ctrl Pts',(112.179340433543,8.48796677039654,0.));
#3486=CARTESIAN_POINT('',(101.837202233276,27.5723628012156,9.75554882650917));
#3487=CARTESIAN_POINT('Ctrl Pts',(100.331474175481,22.1590079995041,-3.15303338993544E-13));
#3488=CARTESIAN_POINT('Ctrl Pts',(100.487917438581,22.7214475877744,1.01358727654916));
#3489=CARTESIAN_POINT('Ctrl Pts',(100.644306350219,23.2838179007869,2.0270365082155));
#3490=CARTESIAN_POINT('Ctrl Pts',(101.073800852625,24.827549771974,4.80907557480524));
#3491=CARTESIAN_POINT('Ctrl Pts',(101.34548531342,25.8076355734057,6.57496507731527));
#3492=CARTESIAN_POINT('Ctrl Pts',(101.691700007957,27.0502607867127,8.81455000222256));
#3493=CARTESIAN_POINT('Ctrl Pts',(101.764450264303,27.3113052925723,9.28503805630983));
#3494=CARTESIAN_POINT('Ctrl Pts',(101.837215951366,27.5723595672204,9.75554849929451));
#3495=CARTESIAN_POINT('',(105.85221579352,27.0226750259973,10.9999998657942));
#3496=CARTESIAN_POINT('Ctrl Pts',(105.85221579352,27.0226750259973,10.9999998657942));
#3497=CARTESIAN_POINT('Ctrl Pts',(104.583807445059,27.3038743634805,10.574702534593));
#3498=CARTESIAN_POINT('Ctrl Pts',(103.245690451808,27.4887818041877,10.1459516305185));
#3499=CARTESIAN_POINT('Ctrl Pts',(101.850237319472,27.5715961544308,9.75915801633793));
#3500=CARTESIAN_POINT('Ctrl Pts',(101.843720005863,27.5719806190318,9.75735283473366));
#3501=CARTESIAN_POINT('Ctrl Pts',(101.837202233277,27.5723628012155,9.75554882650927));
#3502=CARTESIAN_POINT('Ctrl Pts',(111.011999273057,23.8291097458601,11.0000615073929));
#3503=CARTESIAN_POINT('Ctrl Pts',(110.760192287702,24.0409939498037,11.0000507991588));
#3504=CARTESIAN_POINT('Ctrl Pts',(110.50369043246,24.2468973566791,11.0000356282266));
#3505=CARTESIAN_POINT('Ctrl Pts',(110.242681885008,24.4465971167905,11.0000190610932));
#3506=CARTESIAN_POINT('Ctrl Pts',(109.987267126701,24.6420170233836,11.0000028490174));
#3507=CARTESIAN_POINT('Ctrl Pts',(109.727536277297,24.831496552118,10.9999853092178));
#3508=CARTESIAN_POINT('Ctrl Pts',(109.463650225012,25.0147800285443,10.9999709897545));
#3509=CARTESIAN_POINT('Ctrl Pts',(109.281543305124,25.1412633688705,10.9999611079388));
#3510=CARTESIAN_POINT('Ctrl Pts',(109.097457218507,25.2647949812086,10.9999527941508));
#3511=CARTESIAN_POINT('Ctrl Pts',(108.911442234481,25.3852765279982,10.9999479920044));
#3512=CARTESIAN_POINT('Ctrl Pts',(108.629003647336,25.5682114567645,10.9999407005947));
#3513=CARTESIAN_POINT('Ctrl Pts',(108.342117730932,25.7441166163996,10.9999414675947));
#3514=CARTESIAN_POINT('Ctrl Pts',(108.05102738373,25.9130000638572,10.9999459579427));
#3515=CARTESIAN_POINT('Ctrl Pts',(107.763495244112,26.0798191269429,10.9999503934018));
#3516=CARTESIAN_POINT('Ctrl Pts',(107.47186021262,26.2397870251409,10.9999584822445));
#3517=CARTESIAN_POINT('Ctrl Pts',(107.176363443376,26.3928615307119,10.9999671130955));
#3518=CARTESIAN_POINT('Ctrl Pts',(107.024854269243,26.4713469638328,10.9999715383659));
#3519=CARTESIAN_POINT('Ctrl Pts',(106.872330058143,26.5480193944004,10.9999761215637));
#3520=CARTESIAN_POINT('Ctrl Pts',(106.718824861501,26.6228680122336,10.9999805275515));
#3521=CARTESIAN_POINT('Ctrl Pts',(106.43365600299,26.7619153889703,10.9999887126195));
#3522=CARTESIAN_POINT('Ctrl Pts',(106.145500358723,26.8944771951717,10.999996676228));
#3523=CARTESIAN_POINT('Ctrl Pts',(105.85456814319,27.0205244221791,11.0000027861133));
#3524=CARTESIAN_POINT('Ctrl Pts',(150.033475710342,-5.11321864957569,65.3470400784017));
#3525=CARTESIAN_POINT('Ctrl Pts',(152.422952012098,64.999455822028,65.3470400784017));
#3526=CARTESIAN_POINT('Ctrl Pts',(100.172057653582,111.811214572292,65.3470400784017));
#3527=CARTESIAN_POINT('Ctrl Pts',(106.479151910627,-0.768365111284503,-10.4656938240168));
#3528=CARTESIAN_POINT('Ctrl Pts',(106.838219329867,48.9907841757401,-10.4656938240168));
#3529=CARTESIAN_POINT('Ctrl Pts',(68.898068502737,81.1877843837504,-10.4656938240168));
#3530=CARTESIAN_POINT('Origin',(112.5,-9.15933995315754E-15,22.));
#3531=CARTESIAN_POINT('',(87.5951325477064,2.17889356869146,22.));
#3532=CARTESIAN_POINT('',(107.49910964835,0.437521213305566,22.));
#3533=CARTESIAN_POINT('',(87.5951325477064,2.17889356869146,22.));
#3534=CARTESIAN_POINT('Origin',(55.8830897074544,31.5008378420099,8.38857313859902E-16));
#3535=CARTESIAN_POINT('',(55.6666500935163,30.52454183489,20.1244344772389));
#3536=CARTESIAN_POINT('',(56.7542212695348,31.991887535572,20.1244344772389));
#3537=CARTESIAN_POINT('Origin',(55.8830897074544,31.5008378420099,20.1244344772389));
#3538=CARTESIAN_POINT('',(56.7542212695348,31.991887535572,1.87556552276109));
#3539=CARTESIAN_POINT('',(56.7542212695348,31.991887535572,8.51933811347975E-16));
#3540=CARTESIAN_POINT('',(55.6666500935163,30.52454183489,1.87556552276109));
#3541=CARTESIAN_POINT('Origin',(55.8830897074544,31.5008378420099,1.87556552276109));
#3542=CARTESIAN_POINT('',(55.6666500935163,30.52454183489,8.38857313859902E-16));
#3543=CARTESIAN_POINT('Ctrl Pts',(56.7542212695348,31.991887535572,20.1244344772389));
#3544=CARTESIAN_POINT('Ctrl Pts',(56.8089109536358,31.8948669884356,20.3826492330031));
#3545=CARTESIAN_POINT('Ctrl Pts',(56.9874212749754,31.6399981247202,21.0146823135696));
#3546=CARTESIAN_POINT('Ctrl Pts',(57.2178238444341,31.364970277112,21.6454273356931));
#3547=CARTESIAN_POINT('Ctrl Pts',(57.3603401069249,31.2050030046711,22.0009073761327));
#3548=CARTESIAN_POINT('Ctrl Pts',(56.8618900789081,31.8008810054256,20.1244344772389));
#3549=CARTESIAN_POINT('Ctrl Pts',(56.8900606210183,31.7008892860996,20.3660588993249));
#3550=CARTESIAN_POINT('Ctrl Pts',(57.0098820883791,31.4528731790556,20.9917736172805));
#3551=CARTESIAN_POINT('Ctrl Pts',(57.203870091647,31.2003178489458,21.6352643196142));
#3552=CARTESIAN_POINT('Ctrl Pts',(57.3314950321914,31.055224551406,21.9988781084662));
#3553=CARTESIAN_POINT('Ctrl Pts',(56.9465028228839,31.3457787995003,20.1244344772389));
#3554=CARTESIAN_POINT('Ctrl Pts',(56.9267296473575,31.2623575018882,20.345596736878));
#3555=CARTESIAN_POINT('Ctrl Pts',(56.9521514727279,31.0667849761288,20.9754101254819));
#3556=CARTESIAN_POINT('Ctrl Pts',(57.0991729343282,30.8762633811052,21.6463456933974));
#3557=CARTESIAN_POINT('Ctrl Pts',(57.2107355119182,30.7674827078307,22.0253928980016));
#3558=CARTESIAN_POINT('Ctrl Pts',(56.6563719592748,30.7799063547159,20.1244344772389));
#3559=CARTESIAN_POINT('Ctrl Pts',(56.6161020981456,30.7451271619618,20.3637568560177));
#3560=CARTESIAN_POINT('Ctrl Pts',(56.6197302359257,30.6543379266057,21.0385389345566));
#3561=CARTESIAN_POINT('Ctrl Pts',(56.7795463760713,30.5495612567608,21.743488964391));
#3562=CARTESIAN_POINT('Ctrl Pts',(56.9055429330228,30.485602220708,22.1383526793655));
#3563=CARTESIAN_POINT('Ctrl Pts',(56.1657392447176,30.4990001599792,20.1244344772389));
#3564=CARTESIAN_POINT('Ctrl Pts',(56.1408153055346,30.4961770519577,20.4110763520183));
#3565=CARTESIAN_POINT('Ctrl Pts',(56.1955613367701,30.4671219462865,21.1473481931733));
#3566=CARTESIAN_POINT('Ctrl Pts',(56.4091286675206,30.407100002417,21.8781877778167));
#3567=CARTESIAN_POINT('Ctrl Pts',(56.5673444253541,30.3655889229404,22.2833762300802));
#3568=CARTESIAN_POINT('Ctrl Pts',(55.8271989596403,30.4889490081769,20.1244344772389));
#3569=CARTESIAN_POINT('Ctrl Pts',(55.8193564535995,30.4907015066734,20.4481258981003));
#3570=CARTESIAN_POINT('Ctrl Pts',(55.9210898602713,30.4681495097847,21.2267058986595));
#3571=CARTESIAN_POINT('Ctrl Pts',(56.1759649307118,30.4116053091172,21.9715736673319));
#3572=CARTESIAN_POINT('Ctrl Pts',(56.3571806993005,30.371454885196,22.3817974550519));
#3573=CARTESIAN_POINT('Ctrl Pts',(55.6666500935163,30.52454183489,20.1244344772389));
#3574=CARTESIAN_POINT('Ctrl Pts',(55.6666500935163,30.52454183489,20.4667569863319));
#3575=CARTESIAN_POINT('Ctrl Pts',(55.790245651403,30.4971413593801,21.2665010963705));
#3576=CARTESIAN_POINT('Ctrl Pts',(56.064263167447,30.4363931386025,22.0183079239491));
#3577=CARTESIAN_POINT('Ctrl Pts',(56.2563556115517,30.3938072690104,22.4310305954574));
#3578=CARTESIAN_POINT('',(57.3599763583716,31.2054113155733,22.));
#3579=CARTESIAN_POINT('',(56.071992598889,30.4346795649065,21.9999999999982));
#3580=CARTESIAN_POINT('Ctrl Pts',(56.0719925988904,30.4346795649062,22.));
#3581=CARTESIAN_POINT('Ctrl Pts',(56.215349503474,30.402898104307,22.));
#3582=CARTESIAN_POINT('Ctrl Pts',(56.3640831635416,30.3984800679682,22.));
#3583=CARTESIAN_POINT('Ctrl Pts',(56.6520292716075,30.4450031307459,22.));
#3584=CARTESIAN_POINT('Ctrl Pts',(56.7900276012655,30.4950429120831,22.));
#3585=CARTESIAN_POINT('Ctrl Pts',(57.0260738125134,30.6402224452609,22.));
#3586=CARTESIAN_POINT('Ctrl Pts',(57.1248213000758,30.7301743203107,21.9999999999986));
#3587=CARTESIAN_POINT('Ctrl Pts',(57.2411264829617,30.8918243964555,21.9999999999986));
#3588=CARTESIAN_POINT('Ctrl Pts',(57.274286853846,30.950027040198,22.0000000000006));
#3589=CARTESIAN_POINT('Ctrl Pts',(57.3277457458676,31.0737102570212,22.0000000000006));
#3590=CARTESIAN_POINT('Ctrl Pts',(57.3475891837633,31.138689851239,22.));
#3591=CARTESIAN_POINT('Ctrl Pts',(57.3599763583716,31.2054113155733,22.));
#3592=CARTESIAN_POINT('Ctrl Pts',(57.3599763580364,31.2054113147094,22.0000000033089));
#3593=CARTESIAN_POINT('Ctrl Pts',(57.2175998178077,31.3652377039757,21.6448140114282));
#3594=CARTESIAN_POINT('Ctrl Pts',(56.9873344850259,31.6401220394364,21.0143750253482));
#3595=CARTESIAN_POINT('Ctrl Pts',(56.8089109536358,31.8948669884356,20.3826492330031));
#3596=CARTESIAN_POINT('Ctrl Pts',(56.7542212695348,31.991887535572,20.1244344772389));
#3597=CARTESIAN_POINT('Ctrl Pts',(55.6666500935163,30.52454183489,20.1244344772389));
#3598=CARTESIAN_POINT('Ctrl Pts',(55.6666500935163,30.52454183489,20.4667569863319));
#3599=CARTESIAN_POINT('Ctrl Pts',(55.7660046152547,30.5025154677111,21.1096457351232));
#3600=CARTESIAN_POINT('Ctrl Pts',(55.9625623874389,30.4589396587169,21.7215572268057));
#3601=CARTESIAN_POINT('Ctrl Pts',(56.0716599884296,30.4347533028701,22.0001365470336));
#3602=CARTESIAN_POINT('Ctrl Pts',(55.6666500935163,30.52454183489,1.87556552276108));
#3603=CARTESIAN_POINT('Ctrl Pts',(55.6666500935163,30.52454183489,1.41897931575317));
#3604=CARTESIAN_POINT('Ctrl Pts',(55.82626607648,30.4891558233944,0.621444494727119));
#3605=CARTESIAN_POINT('Ctrl Pts',(56.1125491270359,30.425688399081,-0.122141446984756));
#3606=CARTESIAN_POINT('Ctrl Pts',(56.2567007647662,30.393730750385,-0.431772073178666));
#3607=CARTESIAN_POINT('Ctrl Pts',(55.8807152483483,30.4770847326059,1.87556552276108));
#3608=CARTESIAN_POINT('Ctrl Pts',(55.8670658451593,30.480361572409,1.45197331968279));
#3609=CARTESIAN_POINT('Ctrl Pts',(55.9966858958823,30.4514411624841,0.674824403478207));
#3610=CARTESIAN_POINT('Ctrl Pts',(56.2577864079637,30.3934498489487,-0.0590025502280311));
#3611=CARTESIAN_POINT('Ctrl Pts',(56.3911082156562,30.3639333359032,-0.366121883070273));
#3612=CARTESIAN_POINT('Ctrl Pts',(56.3407547766592,30.5284920943884,1.87556552276108));
#3613=CARTESIAN_POINT('Ctrl Pts',(56.2950736928561,30.5180673225425,1.51809856447463));
#3614=CARTESIAN_POINT('Ctrl Pts',(56.3591041539699,30.4746753720683,0.781627126569856));
#3615=CARTESIAN_POINT('Ctrl Pts',(56.5654804754495,30.4067523586487,0.0672546711485687));
#3616=CARTESIAN_POINT('Ctrl Pts',(56.6752314911049,30.3737246104124,-0.234856026517924));
#3617=CARTESIAN_POINT('Ctrl Pts',(56.7977742778067,30.9706765268959,1.87556552276108));
#3618=CARTESIAN_POINT('Ctrl Pts',(56.747729401553,30.8996618558751,1.57092220565859));
#3619=CARTESIAN_POINT('Ctrl Pts',(56.7774822201128,30.7694953601098,0.885222461366243));
#3620=CARTESIAN_POINT('Ctrl Pts',(56.939384315493,30.6343446666927,0.200792913421435));
#3621=CARTESIAN_POINT('Ctrl Pts',(57.0276953604781,30.5750590562194,-0.0915431085844622));
#3622=CARTESIAN_POINT('Ctrl Pts',(56.9238306390135,31.5218020010317,1.87556552276108));
#3623=CARTESIAN_POINT('Ctrl Pts',(56.9209097217879,31.4000839070369,1.57147187971662));
#3624=CARTESIAN_POINT('Ctrl Pts',(57.0004424255951,31.1812957815724,0.920334782755088));
#3625=CARTESIAN_POINT('Ctrl Pts',(57.1728205693116,30.966608909593,0.265968723095417));
#3626=CARTESIAN_POINT('Ctrl Pts',(57.2603797982765,30.8744463446407,-0.0141149507491844));
#3627=CARTESIAN_POINT('Ctrl Pts',(56.8349728765648,31.8486326379622,1.87556552276108));
#3628=CARTESIAN_POINT('Ctrl Pts',(56.881322871144,31.7165007863704,1.54778607114529));
#3629=CARTESIAN_POINT('Ctrl Pts',(57.0317492394295,31.4621766909804,0.907237449458558));
#3630=CARTESIAN_POINT('Ctrl Pts',(57.2403769735777,31.2040116741056,0.271239444047456));
#3631=CARTESIAN_POINT('Ctrl Pts',(57.3389423661541,31.0924018574048,-3.50221285384784E-5));
#3632=CARTESIAN_POINT('Ctrl Pts',(56.7542212695348,31.991887535572,1.87556552276108));
#3633=CARTESIAN_POINT('Ctrl Pts',(56.8271658021404,31.86248253753,1.53116136353626));
#3634=CARTESIAN_POINT('Ctrl Pts',(57.0200367923596,31.6000120579327,0.892365477607379));
#3635=CARTESIAN_POINT('Ctrl Pts',(57.2536624945471,31.3247342802441,0.265149423779055));
#3636=CARTESIAN_POINT('Ctrl Pts',(57.3605961637966,31.2047156045325,-0.00154602537441775));
#3637=CARTESIAN_POINT('Ctrl Pts',(56.0720804212799,30.4346600951512,3.59417485581992E-5));
#3638=CARTESIAN_POINT('Ctrl Pts',(56.0049023202752,30.4495531215904,0.172253055647323));
#3639=CARTESIAN_POINT('Ctrl Pts',(55.794892843805,30.4961111016283,0.778203517488456));
#3640=CARTESIAN_POINT('Ctrl Pts',(55.6666500935163,30.52454183489,1.41897931575317));
#3641=CARTESIAN_POINT('Ctrl Pts',(55.6666500935163,30.52454183489,1.87556552276108));
#3642=CARTESIAN_POINT('Ctrl Pts',(56.7542212695348,31.991887535572,1.87556552276108));
#3643=CARTESIAN_POINT('Ctrl Pts',(56.8271658021404,31.86248253753,1.53116136353626));
#3644=CARTESIAN_POINT('Ctrl Pts',(57.0198770709134,31.6002294165128,0.892894480971869));
#3645=CARTESIAN_POINT('Ctrl Pts',(57.2532755795457,31.3251902007297,0.266188259333573));
#3646=CARTESIAN_POINT('Ctrl Pts',(57.3599763583389,31.2054113155984,-1.7831961927027E-11));
#3647=CARTESIAN_POINT('Ctrl Pts',(53.2623091803128,37.518647640617,11.9951656860673));
#3648=CARTESIAN_POINT('Ctrl Pts',(54.7601589571368,35.3922666824586,15.0643083167662));
#3649=CARTESIAN_POINT('Ctrl Pts',(56.1305149552097,33.1760883890209,18.3353937852399));
#3650=CARTESIAN_POINT('Ctrl Pts',(57.3635697575465,30.8859735911157,21.7850114600694));
#3651=CARTESIAN_POINT('Ctrl Pts',(53.2150487812445,37.5857395574492,12.0652471831527));
#3652=CARTESIAN_POINT('Ctrl Pts',(54.7153421190337,35.4616034688988,15.1316728776791));
#3653=CARTESIAN_POINT('Ctrl Pts',(56.0884728943404,33.247204794849,18.4002777475705));
#3654=CARTESIAN_POINT('Ctrl Pts',(57.3245105752891,30.9585170102015,21.8476095555498));
#3655=CARTESIAN_POINT('Ctrl Pts',(53.1801599224872,37.7607691819775,12.2046005373553));
#3656=CARTESIAN_POINT('Ctrl Pts',(54.6853319277429,35.63756417108,15.2656283053162));
#3657=CARTESIAN_POINT('Ctrl Pts',(56.0637306724026,33.4234475467081,18.5293751107021));
#3658=CARTESIAN_POINT('Ctrl Pts',(57.3051867682345,31.1343035971813,21.9721657401818));
#3659=CARTESIAN_POINT('Ctrl Pts',(53.3499448488209,38.0908729577573,12.3515631848824));
#3660=CARTESIAN_POINT('Ctrl Pts',(54.8596604140796,35.9595421602892,15.4094741890083));
#3661=CARTESIAN_POINT('Ctrl Pts',(56.2423323664932,33.7368505967274,18.6701964749875));
#3662=CARTESIAN_POINT('Ctrl Pts',(57.4876217733577,31.4389721810215,22.1102685867832));
#3663=CARTESIAN_POINT('Ctrl Pts',(53.6178593471608,38.222652213687,12.3118087494521));
#3664=CARTESIAN_POINT('Ctrl Pts',(55.1271503294402,36.0828610788844,15.3757811844959));
#3665=CARTESIAN_POINT('Ctrl Pts',(56.5084434338023,33.8525254235501,18.6423564469375));
#3666=CARTESIAN_POINT('Ctrl Pts',(57.7518123656087,31.5471551879461,22.0874809401534));
#3667=CARTESIAN_POINT('Ctrl Pts',(53.7648861616241,38.2297386951852,12.2444511734909));
#3668=CARTESIAN_POINT('Ctrl Pts',(55.274231331977,36.0870386199266,15.3135938041898));
#3669=CARTESIAN_POINT('Ctrl Pts',(56.6551042601964,33.8538520510213,18.5846792726635));
#3670=CARTESIAN_POINT('Ctrl Pts',(57.8976222613232,31.5461615447668,22.034296947493));
#3671=CARTESIAN_POINT('',(57.8852621698404,31.5691066505655,22.));
#3672=CARTESIAN_POINT('Ctrl Pts',(57.3602232976029,31.2051705452049,21.9997499868059));
#3673=CARTESIAN_POINT('Ctrl Pts',(57.3641576640569,31.2262404477644,21.9997491563138));
#3674=CARTESIAN_POINT('Ctrl Pts',(57.3692046588255,31.2468644989432,21.9997559207245));
#3675=CARTESIAN_POINT('Ctrl Pts',(57.3753486916995,31.2669344429863,21.9997700049961));
#3676=CARTESIAN_POINT('Ctrl Pts',(57.3826581018757,31.2908111793634,21.9997867607198));
#3677=CARTESIAN_POINT('Ctrl Pts',(57.3915714146396,31.3140852340731,21.9998086831091));
#3678=CARTESIAN_POINT('Ctrl Pts',(57.4021536145605,31.3365015688695,21.9998331066661));
#3679=CARTESIAN_POINT('Ctrl Pts',(57.4120940027103,31.3575583501092,21.9998560489313));
#3680=CARTESIAN_POINT('Ctrl Pts',(57.4235073441559,31.3778585944964,21.9998812598743));
#3681=CARTESIAN_POINT('Ctrl Pts',(57.4364562113551,31.397154930018,21.99987974668));
#3682=CARTESIAN_POINT('Ctrl Pts',(57.4429763428727,31.4068711965819,21.9998789847426));
#3683=CARTESIAN_POINT('Ctrl Pts',(57.4498859033622,31.4163323207979,21.9998710071997));
#3684=CARTESIAN_POINT('Ctrl Pts',(57.4571933679865,31.4255025548298,21.9998492016658));
#3685=CARTESIAN_POINT('Ctrl Pts',(57.4590012961815,31.4277713478398,21.9998438067933));
#3686=CARTESIAN_POINT('Ctrl Pts',(57.4608335817965,31.4300223200375,21.9998375550618));
#3687=CARTESIAN_POINT('Ctrl Pts',(57.4626901781203,31.4322550903758,21.9998305171971));
#3688=CARTESIAN_POINT('Ctrl Pts',(57.4799976136148,31.453069269586,21.9997649092951));
#3689=CARTESIAN_POINT('Ctrl Pts',(57.4991592875767,31.4719884196626,21.9996415865896));
#3690=CARTESIAN_POINT('Ctrl Pts',(57.5200008374827,31.4888510873395,21.9995294634833));
#3691=CARTESIAN_POINT('Ctrl Pts',(57.5408423873887,31.5057137550164,21.999417340377));
#3692=CARTESIAN_POINT('Ctrl Pts',(57.5633651978922,31.5205206355774,21.9993163833175));
#3693=CARTESIAN_POINT('Ctrl Pts',(57.5874004249439,31.5330632397194,21.9992633163921));
#3694=CARTESIAN_POINT('Ctrl Pts',(57.6106462468619,31.5451938986745,21.9992119923793));
#3695=CARTESIAN_POINT('Ctrl Pts',(57.6348601875916,31.5549738048091,21.9992063764856));
#3696=CARTESIAN_POINT('Ctrl Pts',(57.6597737437881,31.5624297311362,21.9992491932257));
#3697=CARTESIAN_POINT('Ctrl Pts',(57.6846872999845,31.5698856574633,21.9992920099658));
#3698=CARTESIAN_POINT('Ctrl Pts',(57.7103017154615,31.5750180468717,21.9993831223584));
#3699=CARTESIAN_POINT('Ctrl Pts',(57.736382395475,31.5778258615568,21.9994946412001));
#3700=CARTESIAN_POINT('Ctrl Pts',(57.7621633355433,31.5806014065993,21.9996048783785));
#3701=CARTESIAN_POINT('Ctrl Pts',(57.7880590740353,31.5810701698077,21.9997303105967));
#3702=CARTESIAN_POINT('Ctrl Pts',(57.8138304836191,31.5793719100756,21.9998319767467));
#3703=CARTESIAN_POINT('Ctrl Pts',(57.8378012664593,31.5777923063248,21.9999265395681));
#3704=CARTESIAN_POINT('Ctrl Pts',(57.8616656994161,31.5743379728927,22.0000001418942));
#3705=CARTESIAN_POINT('Ctrl Pts',(57.885262164579,31.569106647398,22.0000000073566));
#3706=CARTESIAN_POINT('',(53.7648861616241,38.2297386951852,12.2444511734909));
#3707=CARTESIAN_POINT('Origin',(0.0938102186040886,0.423150550801184,96.6166871257886));
#3708=CARTESIAN_POINT('',(53.2623091803128,37.518647640617,11.9951656860673));
#3709=CARTESIAN_POINT('Origin',(53.6710759430166,37.8065881443823,11.9951656860673));
#3710=CARTESIAN_POINT('Origin',(-3.33955085807247E-12,-1.74082970261225E-12,
96.367401638365));
#3711=CARTESIAN_POINT('Origin',(51.7149807723197,31.4006058319291,22.));
#3712=CARTESIAN_POINT('',(51.7149807723197,31.4006058319291,22.));
#3713=CARTESIAN_POINT('',(51.7149807723197,31.4006058319291,22.));
#3714=CARTESIAN_POINT('',(67.4396781283827,27.9145243564144,22.));
#3715=CARTESIAN_POINT('Ctrl Pts',(57.3635697575465,30.8859735911157,0.214988539930561));
#3716=CARTESIAN_POINT('Ctrl Pts',(56.1305149552097,33.1760883890209,3.66460621476013));
#3717=CARTESIAN_POINT('Ctrl Pts',(54.7601589571367,35.3922666824586,6.93569168323381));
#3718=CARTESIAN_POINT('Ctrl Pts',(53.2623091803127,37.518647640617,10.0048343139328));
#3719=CARTESIAN_POINT('Ctrl Pts',(57.3245105752891,30.9585170102015,0.152390444450229));
#3720=CARTESIAN_POINT('Ctrl Pts',(56.0884728943404,33.247204794849,3.59972225242952));
#3721=CARTESIAN_POINT('Ctrl Pts',(54.7153421190337,35.4616034688988,6.86832712232091));
#3722=CARTESIAN_POINT('Ctrl Pts',(53.2150487812445,37.5857395574492,9.93475281684729));
#3723=CARTESIAN_POINT('Ctrl Pts',(57.3051840888497,31.1343061619853,0.0278315789536635));
#3724=CARTESIAN_POINT('Ctrl Pts',(56.0637279930177,33.4234501115121,3.47062220843332));
#3725=CARTESIAN_POINT('Ctrl Pts',(54.6853288997475,35.637566806342,6.73436836578474));
#3726=CARTESIAN_POINT('Ctrl Pts',(53.1801568944918,37.7607718172395,9.79539613374567));
#3727=CARTESIAN_POINT('Ctrl Pts',(57.4876195072738,31.4389772815544,-0.110272815107259));
#3728=CARTESIAN_POINT('Ctrl Pts',(56.2423301004093,33.7368556972602,3.32979929668846));
#3729=CARTESIAN_POINT('Ctrl Pts',(54.8596578176497,35.9595478407921,6.59052056831485));
#3730=CARTESIAN_POINT('Ctrl Pts',(53.349942252391,38.0908786382603,9.64843157244076));
#3731=CARTESIAN_POINT('Ctrl Pts',(57.7518123656087,31.5471551879461,-0.0874809401533857));
#3732=CARTESIAN_POINT('Ctrl Pts',(56.5084434338023,33.8525254235501,3.35764355306255));
#3733=CARTESIAN_POINT('Ctrl Pts',(55.1271503294401,36.0828610788844,6.62421881550412));
#3734=CARTESIAN_POINT('Ctrl Pts',(53.6178593471607,38.2226522136871,9.68819125054797));
#3735=CARTESIAN_POINT('Ctrl Pts',(57.8976222613231,31.5461615447668,-0.0342969474930239));
#3736=CARTESIAN_POINT('Ctrl Pts',(56.6551042601963,33.8538520510213,3.41532072733655));
#3737=CARTESIAN_POINT('Ctrl Pts',(55.274231331977,36.0870386199266,6.68640619581023));
#3738=CARTESIAN_POINT('Ctrl Pts',(53.764886161624,38.2297386951852,9.75554882650918));
#3739=CARTESIAN_POINT('',(53.2623091803128,37.518647640617,10.0048343139327));
#3740=CARTESIAN_POINT('Origin',(-3.33510996597397E-12,-1.74527059471075E-12,
-74.367401638365));
#3741=CARTESIAN_POINT('',(53.764886161624,38.2297386951852,9.75554882650917));
#3742=CARTESIAN_POINT('Origin',(53.6710759430166,37.8065881443823,10.0048343139327));
#3743=CARTESIAN_POINT('Origin',(0.0938102186040903,0.423150550801181,-74.6166871257886));
#3744=CARTESIAN_POINT('Ctrl Pts',(53.2623091803128,37.518647640617,10.0048343139327));
#3745=CARTESIAN_POINT('Ctrl Pts',(53.1463016693646,37.6833344911279,10.2425374553567));
#3746=CARTESIAN_POINT('Ctrl Pts',(53.0037278279835,37.8830153275791,10.7310701181622));
#3747=CARTESIAN_POINT('Ctrl Pts',(53.056228777289,37.8096512857692,11.4773846767753));
#3748=CARTESIAN_POINT('Ctrl Pts',(53.1849738087024,37.6284346594013,11.8367030087396));
#3749=CARTESIAN_POINT('Ctrl Pts',(53.2623091803128,37.518647640617,11.9951656860673));
#3750=CARTESIAN_POINT('Ctrl Pts',(53.2150487812445,37.5857395574492,9.93475281684726));
#3751=CARTESIAN_POINT('Ctrl Pts',(53.0911164103761,37.7611664382409,10.1830881632711));
#3752=CARTESIAN_POINT('Ctrl Pts',(52.9334671616442,37.9811284441867,10.7063055857325));
#3753=CARTESIAN_POINT('Ctrl Pts',(52.9920196314085,37.8996298368,11.5200765786163));
#3754=CARTESIAN_POINT('Ctrl Pts',(53.1324303725111,37.7026863215473,11.8996966412724));
#3755=CARTESIAN_POINT('Ctrl Pts',(53.2150487812445,37.5857395574492,12.0652471831528));
#3756=CARTESIAN_POINT('Ctrl Pts',(53.1798026434775,37.7614409048934,9.79475480114536));
#3757=CARTESIAN_POINT('Ctrl Pts',(53.0437008784823,37.9611803149965,10.0643503225205));
#3758=CARTESIAN_POINT('Ctrl Pts',(52.8614511812273,38.2259643188296,10.65680981127));
#3759=CARTESIAN_POINT('Ctrl Pts',(52.929977978329,38.126564977359,11.605366134425));
#3760=CARTESIAN_POINT('Ctrl Pts',(53.089071616782,37.8945953996265,12.025521751126));
#3761=CARTESIAN_POINT('Ctrl Pts',(53.1798026434775,37.7614409048934,12.2052451988547));
#3762=CARTESIAN_POINT('Ctrl Pts',(53.3257648566749,38.0434488784184,9.66965434451888));
#3763=CARTESIAN_POINT('Ctrl Pts',(53.1906515754858,38.2670241507003,9.96318185059698));
#3764=CARTESIAN_POINT('Ctrl Pts',(53.007387318647,38.5691500211991,10.6175013203378));
#3765=CARTESIAN_POINT('Ctrl Pts',(53.0765172326041,38.4552796500973,11.6739439579473));
#3766=CARTESIAN_POINT('Ctrl Pts',(53.2356927938848,38.1924933378976,12.1346681637837));
#3767=CARTESIAN_POINT('Ctrl Pts',(53.3257648566749,38.0434488784184,12.3303456554811));
#3768=CARTESIAN_POINT('Ctrl Pts',(53.5638370696788,38.198330231134,9.6786043550196));
#3769=CARTESIAN_POINT('Ctrl Pts',(53.4425147472297,38.4176974429352,9.97981148386172));
#3770=CARTESIAN_POINT('Ctrl Pts',(53.2846553817243,38.7022967116382,10.6293918309341));
#3771=CARTESIAN_POINT('Ctrl Pts',(53.3436284959463,38.5960397303883,11.6548992440361));
#3772=CARTESIAN_POINT('Ctrl Pts',(53.4829586264251,38.3445694246578,12.120598601321));
#3773=CARTESIAN_POINT('Ctrl Pts',(53.5638370696788,38.198330231134,12.3213956449804));
#3774=CARTESIAN_POINT('Ctrl Pts',(53.7158772234696,38.2273765346858,9.73309630118874));
#3775=CARTESIAN_POINT('Ctrl Pts',(53.6036014336775,38.4324670488708,10.03190242931));
#3776=CARTESIAN_POINT('Ctrl Pts',(53.4633702749244,38.6859059897837,10.654186250986));
#3777=CARTESIAN_POINT('Ctrl Pts',(53.5152218119429,38.5923585687759,11.6131681309731));
#3778=CARTESIAN_POINT('Ctrl Pts',(53.6410295704561,38.3640982951874,12.0677072608494));
#3779=CARTESIAN_POINT('Ctrl Pts',(53.7158772234696,38.2273765346858,12.2669036988113));
#3780=CARTESIAN_POINT('Ctrl Pts',(53.764886161624,38.2297386951852,9.75554882650914));
#3781=CARTESIAN_POINT('Ctrl Pts',(53.6554007060854,38.4291244746869,10.052795764812));
#3782=CARTESIAN_POINT('Ctrl Pts',(53.5206974155732,38.6707751445891,10.6637041331656));
#3783=CARTESIAN_POINT('Ctrl Pts',(53.5703089816892,38.5819974269397,11.5969678512201));
#3784=CARTESIAN_POINT('Ctrl Pts',(53.6918986600321,38.3626574452346,12.046294155503));
#3785=CARTESIAN_POINT('Ctrl Pts',(53.7648861616241,38.2297386951852,12.2444511734909));
#3786=CARTESIAN_POINT('Ctrl Pts',(53.2623091803128,37.518647640617,10.0048343139327));
#3787=CARTESIAN_POINT('Ctrl Pts',(53.1463016693646,37.6833344911279,10.2425374553567));
#3788=CARTESIAN_POINT('Ctrl Pts',(53.0037278279835,37.8830153275791,10.7310701181622));
#3789=CARTESIAN_POINT('Ctrl Pts',(53.056228777289,37.8096512857692,11.4773846767753));
#3790=CARTESIAN_POINT('Ctrl Pts',(53.1849738087024,37.6284346594013,11.8367030087396));
#3791=CARTESIAN_POINT('Ctrl Pts',(53.2623091803128,37.518647640617,11.9951656860673));
#3792=CARTESIAN_POINT('Ctrl Pts',(53.7648861616241,38.2297386951852,12.2444511734909));
#3793=CARTESIAN_POINT('Ctrl Pts',(53.7327838501434,38.2882007472165,12.1572951786319));
#3794=CARTESIAN_POINT('Ctrl Pts',(53.7030016142578,38.3422354122637,12.0649004613521));
#3795=CARTESIAN_POINT('Ctrl Pts',(53.6765289297467,38.3901547547897,11.9678039217261));
#3796=CARTESIAN_POINT('Ctrl Pts',(53.652519794454,38.4336147211321,11.8797431904709));
#3797=CARTESIAN_POINT('Ctrl Pts',(53.6312335002727,38.4720436105325,11.7878159071709));
#3798=CARTESIAN_POINT('Ctrl Pts',(53.6133926414231,38.5042113387757,11.6924493800371));
#3799=CARTESIAN_POINT('Ctrl Pts',(53.6062313270312,38.5171234534424,11.6541692899912));
#3800=CARTESIAN_POINT('Ctrl Pts',(53.5996249143,38.5290271835167,11.6153353175986));
#3801=CARTESIAN_POINT('Ctrl Pts',(53.5936190346869,38.5398449626062,11.5759760389973));
#3802=CARTESIAN_POINT('Ctrl Pts',(53.5890182397612,38.5481319057934,11.5458249236013));
#3803=CARTESIAN_POINT('Ctrl Pts',(53.5847697744717,38.5557817257594,11.5153644619703));
#3804=CARTESIAN_POINT('Ctrl Pts',(53.5808818632545,38.5627803345943,11.4846649380183));
#3805=CARTESIAN_POINT('Ctrl Pts',(53.5715981888845,38.5794918287194,11.4113596674608));
#3806=CARTESIAN_POINT('Ctrl Pts',(53.564364373318,38.5925009727439,11.3366672089106));
#3807=CARTESIAN_POINT('Ctrl Pts',(53.5592605726399,38.6016731334342,11.2612312478824));
#3808=CARTESIAN_POINT('Ctrl Pts',(53.5542967457486,38.6105937439275,11.1878641484331));
#3809=CARTESIAN_POINT('Ctrl Pts',(53.5513476353071,38.6158850510432,11.1137924083587));
#3810=CARTESIAN_POINT('Ctrl Pts',(53.5505098463655,38.6173820234895,11.039601458191));
#3811=CARTESIAN_POINT('Ctrl Pts',(53.5498584006789,38.6185460353245,10.9819122573916));
#3812=CARTESIAN_POINT('Ctrl Pts',(53.5504839377674,38.6174151298046,10.924150661355));
#3813=CARTESIAN_POINT('Ctrl Pts',(53.5524423189954,38.6138930106834,10.8665966717625));
#3814=CARTESIAN_POINT('Ctrl Pts',(53.5531316043127,38.6126533414294,10.8463395740066));
#3815=CARTESIAN_POINT('Ctrl Pts',(53.5539812518972,38.6111186907225,10.8261150757312));
#3816=CARTESIAN_POINT('Ctrl Pts',(53.5549941771665,38.6092852831874,10.8059397916549));
#3817=CARTESIAN_POINT('Ctrl Pts',(53.5586022852412,38.6027545619863,10.7340740700793));
#3818=CARTESIAN_POINT('Ctrl Pts',(53.5642841244007,38.592429494986,10.6628323887464));
#3819=CARTESIAN_POINT('Ctrl Pts',(53.5718609992311,38.5786689597753,10.5926397693856));
#3820=CARTESIAN_POINT('Ctrl Pts',(53.5796906763896,38.56444930449,10.5201051742119));
#3821=CARTESIAN_POINT('Ctrl Pts',(53.5895438295134,38.5465612041977,10.448691855861));
#3822=CARTESIAN_POINT('Ctrl Pts',(53.6011963674723,38.5254503207478,10.3788665860967));
#3823=CARTESIAN_POINT('Ctrl Pts',(53.6097669562862,38.5099229993878,10.3275092184499));
#3824=CARTESIAN_POINT('Ctrl Pts',(53.6193103616042,38.4926533542441,10.277010998823));
#3825=CARTESIAN_POINT('Ctrl Pts',(53.6297295990635,38.4738336652407,10.2275515575529));
#3826=CARTESIAN_POINT('Ctrl Pts',(53.6421419340708,38.4514139550115,10.1686310120982));
#3827=CARTESIAN_POINT('Ctrl Pts',(53.6558360423697,38.4267759845587,10.1111396655324));
#3828=CARTESIAN_POINT('Ctrl Pts',(53.6706253666713,38.4001578649292,10.0551720798655));
#3829=CARTESIAN_POINT('Ctrl Pts',(53.6857909322941,38.3728625786966,9.9977806753715));
#3830=CARTESIAN_POINT('Ctrl Pts',(53.7021084020573,38.3434847016808,9.94199036927317));
#3831=CARTESIAN_POINT('Ctrl Pts',(53.7194014856965,38.3122337717102,9.8879163520669));
#3832=CARTESIAN_POINT('Ctrl Pts',(53.7339072051562,38.2860199840212,9.84255818807399));
#3833=CARTESIAN_POINT('Ctrl Pts',(53.7490999731949,38.2584871848345,9.79840745238734));
#3834=CARTESIAN_POINT('Ctrl Pts',(53.764886161624,38.2297386951852,9.75554882650914));
#3835=CARTESIAN_POINT('Origin',(102.583715008371,27.4035959913643,9.75));
#3836=CARTESIAN_POINT('',(102.344913481768,27.4598059272613,9.75554882650918));
#3837=CARTESIAN_POINT('Origin',(101.876606089155,25.3474077890768,11.));
#3838=CARTESIAN_POINT('',(101.837201758734,27.5723629064191,12.2444511734908));
#3839=CARTESIAN_POINT('',(102.344913481768,27.4598059272613,12.2444511734908));
#3840=CARTESIAN_POINT('Ctrl Pts',(105.85221579352,27.0226750259973,10.9999998657942));
#3841=CARTESIAN_POINT('Ctrl Pts',(104.579966611663,27.3047259026601,11.426585068515));
#3842=CARTESIAN_POINT('Ctrl Pts',(103.242942501176,27.4888205128933,11.854740080533));
#3843=CARTESIAN_POINT('Ctrl Pts',(101.851888508722,27.5714987890091,12.2403844805267));
#3844=CARTESIAN_POINT('Ctrl Pts',(101.844545424494,27.5719322964961,12.2424185719565));
#3845=CARTESIAN_POINT('Ctrl Pts',(101.837201758734,27.5723629064192,12.2444511734907));
#3846=CARTESIAN_POINT('Origin',(100.890992409037,22.0349657934736,22.));
#3847=CARTESIAN_POINT('',(100.331474255341,22.1590079817999,22.));
#3848=CARTESIAN_POINT('',(92.0710761786493,23.9902941467084,22.));
#3849=CARTESIAN_POINT('Ctrl Pts',(101.837215478715,27.5723596717177,12.2444515011925));
#3850=CARTESIAN_POINT('Ctrl Pts',(101.764449938331,27.3113053528484,12.7149619640427));
#3851=CARTESIAN_POINT('Ctrl Pts',(101.69169980221,27.0502607797083,13.1854500870929));
#3852=CARTESIAN_POINT('Ctrl Pts',(101.345485593331,25.8076358164077,15.4250344048654));
#3853=CARTESIAN_POINT('Ctrl Pts',(101.073800475442,24.8275494442953,17.1909251233544));
#3854=CARTESIAN_POINT('Ctrl Pts',(100.644306323092,23.2838178482151,19.9729635912311));
#3855=CARTESIAN_POINT('Ctrl Pts',(100.487917491804,22.721447575986,20.9864127234325));
#3856=CARTESIAN_POINT('Ctrl Pts',(100.331474255341,22.1590079817998,22.0000000000001));
#3857=CARTESIAN_POINT('Origin',(80.5869408685718,13.9281068415666,22.));
#3858=CARTESIAN_POINT('',(112.179340426409,8.48796686468061,22.));
#3859=CARTESIAN_POINT('Origin',(7.26529947314702E-12,1.0547118733939E-13,
22.));
#3860=CARTESIAN_POINT('Ctrl Pts',(100.331474255341,22.1590079817999,22.));
#3861=CARTESIAN_POINT('Ctrl Pts',(100.555908085156,22.1092521996133,22.));
#3862=CARTESIAN_POINT('Ctrl Pts',(100.779117697537,22.0542878408285,22.0000003172121));
#3863=CARTESIAN_POINT('Ctrl Pts',(101.000837002316,21.9943029921826,22.0000008966697));
#3864=CARTESIAN_POINT('Ctrl Pts',(101.228458345245,21.9327213819673,22.0000014915521));
#3865=CARTESIAN_POINT('Ctrl Pts',(101.45450938128,21.8658485487483,22.0000023773791));
#3866=CARTESIAN_POINT('Ctrl Pts',(101.678743724204,21.7938489796398,22.000003714108));
#3867=CARTESIAN_POINT('Ctrl Pts',(101.908787800748,21.7199839589155,22.0000050854704));
#3868=CARTESIAN_POINT('Ctrl Pts',(102.136920283836,21.6407232200213,22.0000069479247));
#3869=CARTESIAN_POINT('Ctrl Pts',(102.362911642215,21.5562020790407,22.0000094618711));
#3870=CARTESIAN_POINT('Ctrl Pts',(102.594324120377,21.4696534303155,22.0000120361224));
#3871=CARTESIAN_POINT('Ctrl Pts',(102.823492044234,21.3775890982751,22.0000153121082));
#3872=CARTESIAN_POINT('Ctrl Pts',(103.050199153459,21.2801087665785,22.0000191781894));
#3873=CARTESIAN_POINT('Ctrl Pts',(103.283320208615,21.1798705435259,22.000023153649));
#3874=CARTESIAN_POINT('Ctrl Pts',(103.513839823436,21.0739057048356,22.0000277748721));
#3875=CARTESIAN_POINT('Ctrl Pts',(103.741545839955,20.9622726473854,22.0000323111239));
#3876=CARTESIAN_POINT('Ctrl Pts',(103.971532134911,20.8495216816005,22.0000368928024));
#3877=CARTESIAN_POINT('Ctrl Pts',(104.198648883216,20.7309884453305,22.0000414091051));
#3878=CARTESIAN_POINT('Ctrl Pts',(104.422690788262,20.6066813833591,22.0000441671889));
#3879=CARTESIAN_POINT('Ctrl Pts',(104.647589076678,20.4818991669715,22.0000469358153));
#3880=CARTESIAN_POINT('Ctrl Pts',(104.869389666228,20.3512989030239,22.0000479533934));
#3881=CARTESIAN_POINT('Ctrl Pts',(105.087887781501,20.2148370220343,22.0000442499547));
#3882=CARTESIAN_POINT('Ctrl Pts',(105.160549044859,20.1694568014294,22.0000430183809));
#3883=CARTESIAN_POINT('Ctrl Pts',(105.232845070061,20.1234279265095,22.000041253085));
#3884=CARTESIAN_POINT('Ctrl Pts',(105.304768193371,20.0767475230345,22.000038808137));
#3885=CARTESIAN_POINT('Ctrl Pts',(105.467572225208,19.9710825081718,22.0000332737919));
#3886=CARTESIAN_POINT('Ctrl Pts',(105.62846593565,19.8620805012114,22.0000243015343));
#3887=CARTESIAN_POINT('Ctrl Pts',(105.787382903249,19.74984303596,22.0000143356778));
#3888=CARTESIAN_POINT('Ctrl Pts',(105.995203674548,19.6030665340576,22.0000013030105));
#3889=CARTESIAN_POINT('Ctrl Pts',(106.199098884731,19.4511436096894,21.9999863847058));
#3890=CARTESIAN_POINT('Ctrl Pts',(106.398929579455,19.2943652093224,21.9999733797556));
#3891=CARTESIAN_POINT('Ctrl Pts',(106.602711502363,19.1344868485875,21.99996011766));
#3892=CARTESIAN_POINT('Ctrl Pts',(106.802267111902,18.9695588244339,21.9999488538419));
#3893=CARTESIAN_POINT('Ctrl Pts',(106.997438933561,18.7998357123364,21.9999419294009));
#3894=CARTESIAN_POINT('Ctrl Pts',(107.195402199523,18.6276851360163,21.9999349059232));
#3895=CARTESIAN_POINT('Ctrl Pts',(107.388855950192,18.4506009842126,21.9999323548591));
#3896=CARTESIAN_POINT('Ctrl Pts',(107.577617215086,18.268798726357,21.999934875731));
#3897=CARTESIAN_POINT('Ctrl Pts',(107.767635589538,18.0857857044392,21.9999374133915));
#3898=CARTESIAN_POINT('Ctrl Pts',(107.952899343245,17.8979911128199,21.9999450972651));
#3899=CARTESIAN_POINT('Ctrl Pts',(108.133194442282,17.7055900716239,21.9999565775014));
#3900=CARTESIAN_POINT('Ctrl Pts',(108.312589933533,17.5141490425169,21.9999680004555));
#3901=CARTESIAN_POINT('Ctrl Pts',(108.487066746131,17.3181469456942,21.9999831851568));
#3902=CARTESIAN_POINT('Ctrl Pts',(108.656378925366,17.1177189480622,21.999998799757));
#3903=CARTESIAN_POINT('Ctrl Pts',(108.822636224504,16.9209072496448,22.0000141326248));
#3904=CARTESIAN_POINT('Ctrl Pts',(108.983913973776,16.719827431367,22.0000298791474));
#3905=CARTESIAN_POINT('Ctrl Pts',(109.139938766382,16.5145785885145,22.0000409390541));
#3906=CARTESIAN_POINT('Ctrl Pts',(109.229320445356,16.396998004845,22.0000472749255));
#3907=CARTESIAN_POINT('Ctrl Pts',(109.316977439614,16.2780487443318,22.0000520369488));
#3908=CARTESIAN_POINT('Ctrl Pts',(109.402851414993,16.1577459620023,22.0000539711175));
#3909=CARTESIAN_POINT('Ctrl Pts',(109.556779983825,15.9421039700182,22.0000574381029));
#3910=CARTESIAN_POINT('Ctrl Pts',(109.704982400123,15.7221135473002,22.000051913015));
#3911=CARTESIAN_POINT('Ctrl Pts',(109.847422729884,15.4980263024436,22.0000432940861));
#3912=CARTESIAN_POINT('Ctrl Pts',(109.857683542744,15.4818839831461,22.0000426732141));
#3913=CARTESIAN_POINT('Ctrl Pts',(109.867914433264,15.4657204000618,22.0000420355164));
#3914=CARTESIAN_POINT('Ctrl Pts',(109.878115377743,15.4495356453143,22.0000413828436));
#3915=CARTESIAN_POINT('Ctrl Pts',(110.017692749198,15.228083060229,22.0000324524587));
#3916=CARTESIAN_POINT('Ctrl Pts',(110.151371409993,15.0031382695617,22.0000209198219));
#3917=CARTESIAN_POINT('Ctrl Pts',(110.279149281502,14.7749572845903,22.0000104750809));
#3918=CARTESIAN_POINT('Ctrl Pts',(110.406158462532,14.5481489985752,22.0000000931737));
#3919=CARTESIAN_POINT('Ctrl Pts',(110.527337731521,14.3181426524729,21.9999907712866));
#3920=CARTESIAN_POINT('Ctrl Pts',(110.642635002477,14.0851801976951,21.9999844049697));
#3921=CARTESIAN_POINT('Ctrl Pts',(110.756600754308,13.8549081271862,21.9999781121747));
#3922=CARTESIAN_POINT('Ctrl Pts',(110.864819638432,13.621747175944,21.9999746919262));
#3923=CARTESIAN_POINT('Ctrl Pts',(110.967191254571,13.38593167082,21.9999745053506));
#3924=CARTESIAN_POINT('Ctrl Pts',(111.066697214517,13.1567172743673,21.9999743239977));
#3925=CARTESIAN_POINT('Ctrl Pts',(111.16067861325,12.9249943011641,21.9999771812783));
#3926=CARTESIAN_POINT('Ctrl Pts',(111.248995970369,12.6909874039977,21.9999822492389));
#3927=CARTESIAN_POINT('Ctrl Pts',(111.332304079229,12.4702530806549,21.9999870297513));
#3928=CARTESIAN_POINT('Ctrl Pts',(111.410572173545,12.2474862229616,21.9999937604991));
#3929=CARTESIAN_POINT('Ctrl Pts',(111.483643290204,12.0228901610656,22.0000009427899));
#3930=CARTESIAN_POINT('Ctrl Pts',(111.557664467504,11.7953739319621,22.0000082184639));
#3931=CARTESIAN_POINT('Ctrl Pts',(111.62624413461,11.5663158069024,22.0000160445758));
#3932=CARTESIAN_POINT('Ctrl Pts',(111.689235354942,11.3359216027898,22.0000214367397));
#3933=CARTESIAN_POINT('Ctrl Pts',(111.710505314172,11.2581254384613,22.0000232574872));
#3934=CARTESIAN_POINT('Ctrl Pts',(111.731137687714,11.1801770953985,22.0000247928538));
#3935=CARTESIAN_POINT('Ctrl Pts',(111.751125571351,11.1020850421992,22.0000259049484));
#3936=CARTESIAN_POINT('Ctrl Pts',(111.814366130376,10.8550061023082,22.0000294235542));
#3937=CARTESIAN_POINT('Ctrl Pts',(111.871157873232,10.6064863158142,22.0000287339776));
#3938=CARTESIAN_POINT('Ctrl Pts',(111.92158919655,10.3566956299318,22.0000260577025));
#3939=CARTESIAN_POINT('Ctrl Pts',(111.971255321235,10.1106950387553,22.0000234220348));
#3940=CARTESIAN_POINT('Ctrl Pts',(112.014752195989,9.8634612558712,22.0000188338923));
#3941=CARTESIAN_POINT('Ctrl Pts',(112.052127949279,9.61519077296627,22.0000142039845));
#3942=CARTESIAN_POINT('Ctrl Pts',(112.088347466781,9.37460064944196,22.000009717305));
#3943=CARTESIAN_POINT('Ctrl Pts',(112.118818309883,9.13303656830047,22.0000051688746));
#3944=CARTESIAN_POINT('Ctrl Pts',(112.143555832538,8.89071658284458,22.0000024472936));
#3945=CARTESIAN_POINT('Ctrl Pts',(112.157238822806,8.7566828702087,22.0000009419138));
#3946=CARTESIAN_POINT('Ctrl Pts',(112.169167233476,8.62241862343456,22.));
#3947=CARTESIAN_POINT('Ctrl Pts',(112.179340426409,8.4879668646806,22.));
#3948=CARTESIAN_POINT('',(48.9981214592368,27.7285790019211,22.));
#3949=CARTESIAN_POINT('Origin',(51.1738817374156,28.9598658138637,22.));
#3950=CARTESIAN_POINT('',(56.2900819472288,-1.05672814586401,22.));
#3951=CARTESIAN_POINT('Origin',(7.26529947314702E-12,1.0547118733939E-13,
22.));
#3952=CARTESIAN_POINT('',(59.8461871906779,-3.36942159859644,22.));
#3953=CARTESIAN_POINT('Origin',(58.7896415363361,-1.10365213102626,22.));
#3954=CARTESIAN_POINT('',(62.1064323229066,-2.31545198413064,22.));
#3955=CARTESIAN_POINT('',(62.1064323229066,-2.3154519841307,22.));
#3956=CARTESIAN_POINT('Origin',(83.2373454102582,-47.6308413366422,22.));
#3957=CARTESIAN_POINT('',(77.8999058109531,9.62089871211032,22.));
#3958=CARTESIAN_POINT('',(72.5223427712782,13.6729586763527,22.));
#3959=CARTESIAN_POINT('Origin',(77.4357806284109,14.5993108901978,22.));
#3960=CARTESIAN_POINT('',(71.574654098543,17.9863529008507,22.));
#3961=CARTESIAN_POINT('Origin',(-3.33625323646174E-12,-1.7430501486615E-12,
22.));
#3962=CARTESIAN_POINT('',(77.5060834757228,24.086420531359,22.));
#3963=CARTESIAN_POINT('Origin',(76.4238854060323,19.2049404957593,22.));
#3964=CARTESIAN_POINT('',(100.635585293356,18.9587334287995,22.));
#3965=CARTESIAN_POINT('',(75.83758266121,24.4563182565519,22.));
#3966=CARTESIAN_POINT('',(103.081837567036,18.076928040491,22.));
#3967=CARTESIAN_POINT('Origin',(97.3197387791419,5.92608167637251,22.));
#3968=CARTESIAN_POINT('',(100.503673298216,8.57819137193456,22.));
#3969=CARTESIAN_POINT('Origin',(100.939452011954,13.5591648623933,22.));
#3970=CARTESIAN_POINT('',(88.2488006183138,9.65035380437956,22.));
#3971=CARTESIAN_POINT('',(95.4625439507113,9.01923304120905,22.));
#3972=CARTESIAN_POINT('Origin',(83.2373454102582,-47.6308413366421,22.));
#3973=CARTESIAN_POINT('',(63.6299403689559,4.6092884012073,22.));
#3974=CARTESIAN_POINT('Origin',(62.3799403689559,4.6092884012073,22.));
#3975=CARTESIAN_POINT('',(59.1673298820188,23.6238311739949,22.));
#3976=CARTESIAN_POINT('Origin',(57.9173298820188,23.6238311739949,22.));
#3977=CARTESIAN_POINT('Ctrl Pts',(100.331474255341,22.1590079817998,22.0000000000001));
#3978=CARTESIAN_POINT('Ctrl Pts',(100.487917491804,22.721447575986,20.9864127234325));
#3979=CARTESIAN_POINT('Ctrl Pts',(100.644306323092,23.2838178482151,19.9729635912311));
#3980=CARTESIAN_POINT('Ctrl Pts',(101.073800475442,24.8275494442953,17.1909251233544));
#3981=CARTESIAN_POINT('Ctrl Pts',(101.345485593331,25.8076358164077,15.4250344048654));
#3982=CARTESIAN_POINT('Ctrl Pts',(101.763634113329,27.3084459391321,12.7201226945134));
#3983=CARTESIAN_POINT('Ctrl Pts',(101.908389155875,27.8277258503175,11.7841954368293));
#3984=CARTESIAN_POINT('Ctrl Pts',(102.053171986483,28.3470160414055,10.848240272384));
#3985=CARTESIAN_POINT('Ctrl Pts',(102.008028891692,21.7640057658285,22.0395829232386));
#3986=CARTESIAN_POINT('Ctrl Pts',(102.223898170248,22.3124575890018,21.0273762445243));
#3987=CARTESIAN_POINT('Ctrl Pts',(102.439650171357,22.8607690679386,20.0154519270699));
#3988=CARTESIAN_POINT('Ctrl Pts',(103.032065846486,24.3662318927959,17.2370628812374));
#3989=CARTESIAN_POINT('Ctrl Pts',(103.407253025027,25.322193414409,15.4731734539051));
#3990=CARTESIAN_POINT('Ctrl Pts',(103.983137331837,26.7849836041046,12.773440251827));
#3991=CARTESIAN_POINT('Ctrl Pts',(104.182577761403,27.2916911900914,11.8382749246665));
#3992=CARTESIAN_POINT('Ctrl Pts',(104.381901478088,27.7979850502695,10.9038557988444));
#3993=CARTESIAN_POINT('Ctrl Pts',(105.423031213856,20.3523222803353,22.1046010960162));
#3994=CARTESIAN_POINT('Ctrl Pts',(105.759867823428,20.8508947802425,21.0947068000872));
#3995=CARTESIAN_POINT('Ctrl Pts',(106.096439073039,21.349284241287,20.0852489873505));
#3996=CARTESIAN_POINT('Ctrl Pts',(107.020603518709,22.7183364766074,17.3127064201231));
#3997=CARTESIAN_POINT('Ctrl Pts',(107.606349982825,23.5876196448381,15.5527738893073));
#3998=CARTESIAN_POINT('Ctrl Pts',(108.502953136201,24.9171346019989,12.8610174613652));
#3999=CARTESIAN_POINT('Ctrl Pts',(108.81373920195,25.3783817104327,11.9274120338464));
#4000=CARTESIAN_POINT('Ctrl Pts',(109.124028600831,25.8388518669563,10.9953411264915));
#4001=CARTESIAN_POINT('Ctrl Pts',(109.654899038754,16.3152888759283,22.1263535507514));
#4002=CARTESIAN_POINT('Ctrl Pts',(110.141991093799,16.6715612734923,21.117284100552));
#4003=CARTESIAN_POINT('Ctrl Pts',(110.628632514924,17.0278582347764,20.1087448535277));
#4004=CARTESIAN_POINT('Ctrl Pts',(111.964934924622,18.0072246162838,17.3384525306496));
#4005=CARTESIAN_POINT('Ctrl Pts',(112.812691396992,18.6292681978465,15.5797059484881));
#4006=CARTESIAN_POINT('Ctrl Pts',(114.10793390748,19.5820959481573,12.8911133693493));
#4007=CARTESIAN_POINT('Ctrl Pts',(114.557341144765,19.9129645948424,11.9579912678827));
#4008=CARTESIAN_POINT('Ctrl Pts',(115.005613346495,20.2433540089541,11.0268832051084));
#4009=CARTESIAN_POINT('Ctrl Pts',(111.656476082056,11.9692596183656,22.0739949012678));
#4010=CARTESIAN_POINT('Ctrl Pts',(112.215392981733,12.1721658728219,21.0631878181051));
#4011=CARTESIAN_POINT('Ctrl Pts',(112.773974096847,12.3753767792514,20.052752292961));
#4012=CARTESIAN_POINT('Ctrl Pts',(114.307578267485,12.934589258074,17.2779927425355));
#4013=CARTESIAN_POINT('Ctrl Pts',(115.280814637736,13.2898493448242,15.5166422493924));
#4014=CARTESIAN_POINT('Ctrl Pts',(116.769044934979,13.8372347502518,12.8217393597022));
#4015=CARTESIAN_POINT('Ctrl Pts',(117.284802635064,14.0272173322597,11.8876597684713));
#4016=CARTESIAN_POINT('Ctrl Pts',(117.79979518882,14.2174341728862,10.9547136658196));
#4017=CARTESIAN_POINT('Ctrl Pts',(112.10301689938,9.34580733297615,22.0197914616193));
#4018=CARTESIAN_POINT('Ctrl Pts',(112.678509844065,9.45589532749982,21.0071344872703));
#4019=CARTESIAN_POINT('Ctrl Pts',(113.253827382121,9.56638095614993,19.9947077679861));
#4020=CARTESIAN_POINT('Ctrl Pts',(114.833122509792,9.87117423715541,17.2152590171725));
#4021=CARTESIAN_POINT('Ctrl Pts',(115.835574143676,10.0649752588145,15.4509112735082));
#4022=CARTESIAN_POINT('Ctrl Pts',(117.370018604426,10.3661409252526,12.7494959571475));
#4023=CARTESIAN_POINT('Ctrl Pts',(117.90118020354,10.4708552253514,11.8142775885881));
#4024=CARTESIAN_POINT('Ctrl Pts',(118.432086891419,10.5759666974693,10.8794315487522));
#4025=CARTESIAN_POINT('Ctrl Pts',(112.179340426409,8.4879668646806,22.));
#4026=CARTESIAN_POINT('Ctrl Pts',(112.757794000509,8.5676721917874,20.9866728023079));
#4027=CARTESIAN_POINT('Ctrl Pts',(113.336140853589,8.64780388873806,19.9735054412737));
#4028=CARTESIAN_POINT('Ctrl Pts',(114.923664492515,8.86932023371011,17.1922960076713));
#4029=CARTESIAN_POINT('Ctrl Pts',(115.931330964311,9.01023678904698,15.4269930495979));
#4030=CARTESIAN_POINT('Ctrl Pts',(117.474479672831,9.23073262934531,12.723064519915));
#4031=CARTESIAN_POINT('Ctrl Pts',(118.008388031895,9.30752511085424,11.78749268339));
#4032=CARTESIAN_POINT('Ctrl Pts',(118.542279119513,9.38475832987948,10.8519072300026));
#4033=CARTESIAN_POINT('Ctrl Pts',(112.179340426409,8.4879668646806,22.));
#4034=CARTESIAN_POINT('Ctrl Pts',(112.364140599929,8.5134305474018,21.6762695394222));
#4035=CARTESIAN_POINT('Ctrl Pts',(112.548929881197,8.53893774664846,21.3525553922307));
#4036=CARTESIAN_POINT('Ctrl Pts',(112.733712879132,8.5644932504274,21.0288487955351));
#4037=CARTESIAN_POINT('Origin',(-3.33733041202322E-12,-1.73860925656299E-12,
-5.97440163690771E-29));
#4038=CARTESIAN_POINT('Ctrl Pts',(106.479151920617,-0.768363726907691,32.4656938240168));
#4039=CARTESIAN_POINT('Ctrl Pts',(106.838218792747,48.9907993989293,32.4656938240168));
#4040=CARTESIAN_POINT('Ctrl Pts',(68.8980501320848,81.1877999735608,32.4656938240168));
#4041=CARTESIAN_POINT('Ctrl Pts',(150.033475776821,-5.1132166989322,-43.3470400784017));
#4042=CARTESIAN_POINT('Ctrl Pts',(152.422951831342,64.9994772966121,-43.3470400784017));
#4043=CARTESIAN_POINT('Ctrl Pts',(100.172032353656,111.811237238579,-43.3470400784017));
#4044=CARTESIAN_POINT('Origin',(100.939452011954,13.5591648623933,22.));
#4045=CARTESIAN_POINT('',(100.503673298216,8.57819137193456,22.));
#4046=CARTESIAN_POINT('',(103.081837567036,18.076928040491,22.));
#4047=CARTESIAN_POINT('Origin',(110.651358609707,7.69038394615054,22.));
#4048=CARTESIAN_POINT('',(88.2488006183138,9.65035380437956,22.));
#4049=CARTESIAN_POINT('Origin',(76.4238854060323,19.2049404957593,22.));
#4050=CARTESIAN_POINT('',(77.5060834757228,24.086420531359,22.));
#4051=CARTESIAN_POINT('',(71.574654098543,17.9863529008507,22.));
#4052=CARTESIAN_POINT('Origin',(69.0860061904301,25.9531067245494,22.));
#4053=CARTESIAN_POINT('',(100.635585293356,18.9587334287995,22.));
#4054=CARTESIAN_POINT('Origin',(77.4357806284109,14.5993108901978,22.));
#4055=CARTESIAN_POINT('',(72.5223427712782,13.6729586763527,22.));
#4056=CARTESIAN_POINT('',(77.8999058109531,9.62089871211031,22.));
#4057=CARTESIAN_POINT('Origin',(83.2373454102582,-47.6308413366421,22.));
#4058=CARTESIAN_POINT('Origin',(-3.33625323646174E-12,-1.7430501486615E-12,
22.));
#4059=CARTESIAN_POINT('Origin',(97.3197387791419,5.92608167637251,22.));
#4060=CARTESIAN_POINT('Origin',(62.3799403689559,4.6092884012073,22.));
#4061=CARTESIAN_POINT('',(63.6299403689559,4.6092884012073,22.));
#4062=CARTESIAN_POINT('Origin',(57.9173298820188,23.6238311739949,22.));
#4063=CARTESIAN_POINT('',(59.1673298820188,23.6238311739949,22.));
#4064=CARTESIAN_POINT('Origin',(51.1738817374156,28.9598658138637,22.));
#4065=CARTESIAN_POINT('',(48.9981214592368,27.7285790019211,22.));
#4066=CARTESIAN_POINT('Origin',(7.26529947314702E-12,1.0547118733939E-13,
22.));
#4067=CARTESIAN_POINT('',(56.2900819472288,-1.05672814586401,22.));
#4068=CARTESIAN_POINT('Origin',(58.7896415363361,-1.10365213102626,22.));
#4069=CARTESIAN_POINT('',(59.8461871906779,-3.36942159859644,22.));
#4070=CARTESIAN_POINT('Origin',(62.1064323229066,-2.3154519841307,22.));
#4071=CARTESIAN_POINT('',(62.1064323229066,-2.31545198413064,22.));
#4072=CARTESIAN_POINT('Origin',(83.2373454102582,-47.6308413366422,22.));
#4073=UNCERTAINTY_MEASURE_WITH_UNIT(LENGTH_MEASURE(0.01),#4077,
'DISTANCE_ACCURACY_VALUE',
'Maximum model space distance between geometric entities at asserted c
onnectivities');
#4074=UNCERTAINTY_MEASURE_WITH_UNIT(LENGTH_MEASURE(0.01),#4077,
'DISTANCE_ACCURACY_VALUE',
'Maximum model space distance between geometric entities at asserted c
onnectivities');
#4075=(
GEOMETRIC_REPRESENTATION_CONTEXT(3)
GLOBAL_UNCERTAINTY_ASSIGNED_CONTEXT((#4073))
GLOBAL_UNIT_ASSIGNED_CONTEXT((#4077,#4079,#4080))
REPRESENTATION_CONTEXT('','3D')
);
#4076=(
GEOMETRIC_REPRESENTATION_CONTEXT(3)
GLOBAL_UNCERTAINTY_ASSIGNED_CONTEXT((#4074))
GLOBAL_UNIT_ASSIGNED_CONTEXT((#4077,#4079,#4080))
REPRESENTATION_CONTEXT('','3D')
);
#4077=(
LENGTH_UNIT()
NAMED_UNIT(*)
SI_UNIT(.MILLI.,.METRE.)
);
#4078=(
LENGTH_UNIT()
NAMED_UNIT(*)
SI_UNIT($,.METRE.)
);
#4079=(
NAMED_UNIT(*)
PLANE_ANGLE_UNIT()
SI_UNIT($,.RADIAN.)
);
#4080=(
NAMED_UNIT(*)
SI_UNIT($,.STERADIAN.)
SOLID_ANGLE_UNIT()
);
#4081=SHAPE_DEFINITION_REPRESENTATION(#4082,#4083);
#4082=PRODUCT_DEFINITION_SHAPE('',$,#4085);
#4083=SHAPE_REPRESENTATION('',(#1453),#4075);
#4084=PRODUCT_DEFINITION_CONTEXT('part definition',#4089,'design');
#4085=PRODUCT_DEFINITION('Standard Weapon Teeth',
'Standard Weapon Teeth',#4086,#4084);
#4086=PRODUCT_DEFINITION_FORMATION('',$,#4091);
#4087=PRODUCT_RELATED_PRODUCT_CATEGORY('Standard Weapon Teeth',
'Standard Weapon Teeth',(#4091));
#4088=APPLICATION_PROTOCOL_DEFINITION('international standard',
'automotive_design',2009,#4089);
#4089=APPLICATION_CONTEXT(
'Core Data for Automotive Mechanical Design Process');
#4090=PRODUCT_CONTEXT('part definition',#4089,'mechanical');
#4091=PRODUCT('Standard Weapon Teeth','Standard Weapon Teeth',$,(#4090));
#4092=PRESENTATION_STYLE_ASSIGNMENT((#4094));
#4093=PRESENTATION_STYLE_ASSIGNMENT((#4095));
#4094=SURFACE_STYLE_USAGE(.BOTH.,#4096);
#4095=SURFACE_STYLE_USAGE(.BOTH.,#4097);
#4096=SURFACE_SIDE_STYLE('',(#4098));
#4097=SURFACE_SIDE_STYLE('',(#4099));
#4098=SURFACE_STYLE_FILL_AREA(#4100);
#4099=SURFACE_STYLE_FILL_AREA(#4101);
#4100=FILL_AREA_STYLE('Steel - Satin',(#4102));
#4101=FILL_AREA_STYLE('Acetal Resin (White)',(#4103));
#4102=FILL_AREA_STYLE_COLOUR('Steel - Satin',#4104);
#4103=FILL_AREA_STYLE_COLOUR('Acetal Resin (White)',#4105);
#4104=COLOUR_RGB('Steel - Satin',0.627450980392157,0.627450980392157,0.627450980392157);
#4105=COLOUR_RGB('Acetal Resin (White)',0.,0.,0.);
ENDSEC;
END-ISO-10303-21;
