ISO-10303-21;
HEADER;
/* Generated by software containing ST-Developer
 * from STEP Tools, Inc. (www.steptools.com) 
 */

FILE_DESCRIPTION(
/* description */ (''),
/* implementation_level */ '2;1');

FILE_NAME(
/* name */ 'Undercutter Config.step',
/* time_stamp */ '2026-06-02T11:43:02-07:00',
/* author */ (''),
/* organization */ (''),
/* preprocessor_version */ 'ST-DEVELOPER v20.1',
/* originating_system */ 'Autodesk Translation Framework v15.8.0.0',
/* authorisation */ '');

FILE_SCHEMA (('AUTOMOTIVE_DESIGN { 1 0 10303 214 3 1 1 }'));
ENDSEC;

DATA;
#10=MECHANICAL_DESIGN_GEOMETRIC_PRESENTATION_REPRESENTATION('',(#63,#64,
#65,#66,#67),#7525);
#11=ITEM_DEFINED_TRANSFORMATION($,$,#3812,#3853);
#12=ITEM_DEFINED_TRANSFORMATION($,$,#3812,#3854);
#13=ITEM_DEFINED_TRANSFORMATION($,$,#3812,#3855);
#14=ITEM_DEFINED_TRANSFORMATION($,$,#3812,#4042);
#15=ITEM_DEFINED_TRANSFORMATION($,$,#3812,#4043);
#16=ITEM_DEFINED_TRANSFORMATION($,$,#3812,#4044);
#17=ITEM_DEFINED_TRANSFORMATION($,$,#3624,#4045);
#18=ITEM_DEFINED_TRANSFORMATION($,$,#3811,#4046);
#19=(
REPRESENTATION_RELATIONSHIP($,$,#7549,#7547)
REPRESENTATION_RELATIONSHIP_WITH_TRANSFORMATION(#11)
SHAPE_REPRESENTATION_RELATIONSHIP()
);
#20=(
REPRESENTATION_RELATIONSHIP($,$,#7549,#7547)
REPRESENTATION_RELATIONSHIP_WITH_TRANSFORMATION(#12)
SHAPE_REPRESENTATION_RELATIONSHIP()
);
#21=(
REPRESENTATION_RELATIONSHIP($,$,#7549,#7547)
REPRESENTATION_RELATIONSHIP_WITH_TRANSFORMATION(#13)
SHAPE_REPRESENTATION_RELATIONSHIP()
);
#22=(
REPRESENTATION_RELATIONSHIP($,$,#7549,#7548)
REPRESENTATION_RELATIONSHIP_WITH_TRANSFORMATION(#14)
SHAPE_REPRESENTATION_RELATIONSHIP()
);
#23=(
REPRESENTATION_RELATIONSHIP($,$,#7549,#7548)
REPRESENTATION_RELATIONSHIP_WITH_TRANSFORMATION(#15)
SHAPE_REPRESENTATION_RELATIONSHIP()
);
#24=(
REPRESENTATION_RELATIONSHIP($,$,#7549,#7548)
REPRESENTATION_RELATIONSHIP_WITH_TRANSFORMATION(#16)
SHAPE_REPRESENTATION_RELATIONSHIP()
);
#25=(
REPRESENTATION_RELATIONSHIP($,$,#7547,#7546)
REPRESENTATION_RELATIONSHIP_WITH_TRANSFORMATION(#17)
SHAPE_REPRESENTATION_RELATIONSHIP()
);
#26=(
REPRESENTATION_RELATIONSHIP($,$,#7548,#7546)
REPRESENTATION_RELATIONSHIP_WITH_TRANSFORMATION(#18)
SHAPE_REPRESENTATION_RELATIONSHIP()
);
#27=CONTEXT_DEPENDENT_SHAPE_REPRESENTATION(#19,#7538);
#28=CONTEXT_DEPENDENT_SHAPE_REPRESENTATION(#20,#7539);
#29=CONTEXT_DEPENDENT_SHAPE_REPRESENTATION(#21,#7540);
#30=CONTEXT_DEPENDENT_SHAPE_REPRESENTATION(#22,#7541);
#31=CONTEXT_DEPENDENT_SHAPE_REPRESENTATION(#23,#7542);
#32=CONTEXT_DEPENDENT_SHAPE_REPRESENTATION(#24,#7543);
#33=CONTEXT_DEPENDENT_SHAPE_REPRESENTATION(#25,#7544);
#34=CONTEXT_DEPENDENT_SHAPE_REPRESENTATION(#26,#7545);
#35=NEXT_ASSEMBLY_USAGE_OCCURRENCE(
'Type I Cross Recessed Flat Countersunk Head Tapping Screw ANSI B18.6.
4 4-40 UNC x 0.75 Type C Steel Grade 2 Plain v1:1',
'Type I Cross Recessed Flat Countersunk Head Tapping Screw ANSI B18.6.
4 4-40 UNC x 0.75 Type C Steel Grade 2 Plain v1:1',
'Type I Cross Recessed Flat Countersunk Head Tapping Screw ANSI B18.6.
4 4-40 UNC x 0.75 Type C Steel Grade 2 Plain v1:1',#7552,#7554,
'Type I Cross Recessed Flat Countersunk Head Tapping Screw ANSI B18.6.
4 4-40 UNC x 0.75 Type C Steel Grade 2 Plain v1:1');
#36=NEXT_ASSEMBLY_USAGE_OCCURRENCE(
'Type I Cross Recessed Flat Countersunk Head Tapping Screw ANSI B18.6.
4 4-40 UNC x 0.75 Type C Steel Grade 2 Plain v1:2',
'Type I Cross Recessed Flat Countersunk Head Tapping Screw ANSI B18.6.
4 4-40 UNC x 0.75 Type C Steel Grade 2 Plain v1:2',
'Type I Cross Recessed Flat Countersunk Head Tapping Screw ANSI B18.6.
4 4-40 UNC x 0.75 Type C Steel Grade 2 Plain v1:2',#7552,#7554,
'Type I Cross Recessed Flat Countersunk Head Tapping Screw ANSI B18.6.
4 4-40 UNC x 0.75 Type C Steel Grade 2 Plain v1:2');
#37=NEXT_ASSEMBLY_USAGE_OCCURRENCE(
'Type I Cross Recessed Flat Countersunk Head Tapping Screw ANSI B18.6.
4 4-40 UNC x 0.75 Type C Steel Grade 2 Plain v1:3',
'Type I Cross Recessed Flat Countersunk Head Tapping Screw ANSI B18.6.
4 4-40 UNC x 0.75 Type C Steel Grade 2 Plain v1:3',
'Type I Cross Recessed Flat Countersunk Head Tapping Screw ANSI B18.6.
4 4-40 UNC x 0.75 Type C Steel Grade 2 Plain v1:3',#7552,#7554,
'Type I Cross Recessed Flat Countersunk Head Tapping Screw ANSI B18.6.
4 4-40 UNC x 0.75 Type C Steel Grade 2 Plain v1:3');
#38=NEXT_ASSEMBLY_USAGE_OCCURRENCE(
'Type I Cross Recessed Flat Countersunk Head Tapping Screw ANSI B18.6.
4 4-40 UNC x 0.75 Type C Steel Grade 2 Plain v1:1',
'Type I Cross Recessed Flat Countersunk Head Tapping Screw ANSI B18.6.
4 4-40 UNC x 0.75 Type C Steel Grade 2 Plain v1:1',
'Type I Cross Recessed Flat Countersunk Head Tapping Screw ANSI B18.6.
4 4-40 UNC x 0.75 Type C Steel Grade 2 Plain v1:1',#7553,#7554,
'Type I Cross Recessed Flat Countersunk Head Tapping Screw ANSI B18.6.
4 4-40 UNC x 0.75 Type C Steel Grade 2 Plain v1:1');
#39=NEXT_ASSEMBLY_USAGE_OCCURRENCE(
'Type I Cross Recessed Flat Countersunk Head Tapping Screw ANSI B18.6.
4 4-40 UNC x 0.75 Type C Steel Grade 2 Plain v1:2',
'Type I Cross Recessed Flat Countersunk Head Tapping Screw ANSI B18.6.
4 4-40 UNC x 0.75 Type C Steel Grade 2 Plain v1:2',
'Type I Cross Recessed Flat Countersunk Head Tapping Screw ANSI B18.6.
4 4-40 UNC x 0.75 Type C Steel Grade 2 Plain v1:2',#7553,#7554,
'Type I Cross Recessed Flat Countersunk Head Tapping Screw ANSI B18.6.
4 4-40 UNC x 0.75 Type C Steel Grade 2 Plain v1:2');
#40=NEXT_ASSEMBLY_USAGE_OCCURRENCE(
'Type I Cross Recessed Flat Countersunk Head Tapping Screw ANSI B18.6.
4 4-40 UNC x 0.75 Type C Steel Grade 2 Plain v1:3',
'Type I Cross Recessed Flat Countersunk Head Tapping Screw ANSI B18.6.
4 4-40 UNC x 0.75 Type C Steel Grade 2 Plain v1:3',
'Type I Cross Recessed Flat Countersunk Head Tapping Screw ANSI B18.6.
4 4-40 UNC x 0.75 Type C Steel Grade 2 Plain v1:3',#7553,#7554,
'Type I Cross Recessed Flat Countersunk Head Tapping Screw ANSI B18.6.
4 4-40 UNC x 0.75 Type C Steel Grade 2 Plain v1:3');
#41=NEXT_ASSEMBLY_USAGE_OCCURRENCE('Undercutter Config Tooth:1',
'Undercutter Config Tooth:1','Undercutter Config Tooth:1',#7551,#7552,
'Undercutter Config Tooth:1');
#42=NEXT_ASSEMBLY_USAGE_OCCURRENCE('Undercutter Config Tooth:2',
'Undercutter Config Tooth:2','Undercutter Config Tooth:2',#7551,#7553,
'Undercutter Config Tooth:2');
#43=SHAPE_REPRESENTATION_RELATIONSHIP('SRR','None',#7549,#46);
#44=SHAPE_REPRESENTATION_RELATIONSHIP('SRR','None',#7547,#47);
#45=SHAPE_REPRESENTATION_RELATIONSHIP('SRR','None',#7548,#48);
#46=ADVANCED_BREP_SHAPE_REPRESENTATION('',(#70),#7524);
#47=ADVANCED_BREP_SHAPE_REPRESENTATION('',(#68,#69),#7522);
#48=ADVANCED_BREP_SHAPE_REPRESENTATION('',(#71,#72),#7523);
#49=DERIVED_UNIT_ELEMENT(#51,1.);
#50=DERIVED_UNIT_ELEMENT(#7527,-3.);
#51=(
MASS_UNIT()
NAMED_UNIT(*)
SI_UNIT(.KILO.,.GRAM.)
);
#52=DERIVED_UNIT((#49,#50));
#53=MEASURE_REPRESENTATION_ITEM('density measure',
POSITIVE_RATIO_MEASURE(7750.),#52);
#54=PROPERTY_DEFINITION_REPRESENTATION(#59,#56);
#55=PROPERTY_DEFINITION_REPRESENTATION(#60,#57);
#56=REPRESENTATION('material name',(#58),#7524);
#57=REPRESENTATION('density',(#53),#7524);
#58=DESCRIPTIVE_REPRESENTATION_ITEM('Steel Grade 2, Plain',
'Steel Grade 2, Plain');
#59=PROPERTY_DEFINITION('material property','material name',#7554);
#60=PROPERTY_DEFINITION('material property','density of part',#7554);
#61=(
BOUNDED_SURFACE()
B_SPLINE_SURFACE(2,2,((#6216,#6217,#6218),(#6219,#6220,#6221),(#6222,#6223,
#6224)),.UNSPECIFIED.,.F.,.F.,.F.)
B_SPLINE_SURFACE_WITH_KNOTS((3,3),(3,3),(0.,0.62871015820664),(0.887412995617929,
1.28807133370805),.UNSPECIFIED.)
GEOMETRIC_REPRESENTATION_ITEM()
RATIONAL_B_SPLINE_SURFACE(((1.,0.980001128952308,1.),(0.95099598828762,
0.931977142150983,0.95099598828762),(1.,0.980001128952308,1.)))
REPRESENTATION_ITEM('')
SURFACE()
);
#62=(
BOUNDED_SURFACE()
B_SPLINE_SURFACE(2,2,((#7483,#7484,#7485),(#7486,#7487,#7488),(#7489,#7490,
#7491)),.UNSPECIFIED.,.F.,.F.,.F.)
B_SPLINE_SURFACE_WITH_KNOTS((3,3),(3,3),(0.,0.62871015820664),(0.887412995617929,
1.28807133370805),.UNSPECIFIED.)
GEOMETRIC_REPRESENTATION_ITEM()
RATIONAL_B_SPLINE_SURFACE(((1.,0.980001128952308,1.),(0.95099598828762,
0.931977142150983,0.95099598828762),(1.,0.980001128952308,1.)))
REPRESENTATION_ITEM('')
SURFACE()
);
#63=STYLED_ITEM('',(#7571),#68);
#64=STYLED_ITEM('',(#7571),#69);
#65=STYLED_ITEM('',(#7570),#70);
#66=STYLED_ITEM('',(#7571),#71);
#67=STYLED_ITEM('',(#7571),#72);
#68=MANIFOLD_SOLID_BREP('Body1',#3618);
#69=MANIFOLD_SOLID_BREP('Body2',#3619);
#70=MANIFOLD_SOLID_BREP('Body1',#3620);
#71=MANIFOLD_SOLID_BREP('Body1',#3621);
#72=MANIFOLD_SOLID_BREP('Body2',#3622);
#73=TOROIDAL_SURFACE('',#3669,5.44999999992573,1.);
#74=TOROIDAL_SURFACE('',#3673,69.4999999999258,1.);
#75=TOROIDAL_SURFACE('',#3677,5.44999999992572,1.);
#76=TOROIDAL_SURFACE('',#3735,71.3999999999259,3.);
#77=TOROIDAL_SURFACE('',#3798,7.44999999992573,3.);
#78=TOROIDAL_SURFACE('',#3900,5.44999999992573,1.);
#79=TOROIDAL_SURFACE('',#3904,69.4999999999258,1.);
#80=TOROIDAL_SURFACE('',#3908,5.44999999992572,1.);
#81=TOROIDAL_SURFACE('',#3966,71.3999999999259,3.);
#82=TOROIDAL_SURFACE('',#4029,7.44999999992573,3.);
#83=SPHERICAL_SURFACE('',#3659,10.);
#84=SPHERICAL_SURFACE('',#3665,1.);
#85=SPHERICAL_SURFACE('',#3681,1.);
#86=SPHERICAL_SURFACE('',#3890,10.);
#87=SPHERICAL_SURFACE('',#3896,1.);
#88=SPHERICAL_SURFACE('',#3912,1.);
#89=CONICAL_SURFACE('',#3657,80.25,0.463647609000806);
#90=CONICAL_SURFACE('',#3692,2.2962,0.785398163397448);
#91=CONICAL_SURFACE('',#3696,2.2962,0.785398163397449);
#92=CONICAL_SURFACE('',#3700,2.2962,0.785398163397449);
#93=CONICAL_SURFACE('',#3704,3.75,0.463647609000806);
#94=CONICAL_SURFACE('',#3707,56.2500000007509,0.463647609000807);
#95=CONICAL_SURFACE('',#3710,6.24999999999999,0.463647609000806);
#96=CONICAL_SURFACE('',#3714,68.9999999999259,0.197395559849879);
#97=CONICAL_SURFACE('',#3715,4.94999999992572,0.197395559849881);
#98=CONICAL_SURFACE('',#3716,4.94999999992573,0.197395559849881);
#99=CONICAL_SURFACE('',#3724,80.65,0.785398163397444);
#100=CONICAL_SURFACE('',#3726,55.8500000007509,0.785398163397452);
#101=CONICAL_SURFACE('',#3729,4.15,0.785398163397449);
#102=CONICAL_SURFACE('',#3746,4.25,0.785398163397449);
#103=CONICAL_SURFACE('',#3749,3.69999999992572,0.78539816339745);
#104=CONICAL_SURFACE('',#3752,67.6499999999259,0.785398163397444);
#105=CONICAL_SURFACE('',#3754,3.69999999992573,0.785398163397449);
#106=CONICAL_SURFACE('',#3757,4.14999999999999,0.78539816339745);
#107=CONICAL_SURFACE('',#3779,80.15,0.463647609000806);
#108=CONICAL_SURFACE('',#3783,56.2500000007509,0.463647609000807);
#109=CONICAL_SURFACE('',#3785,3.75,0.463647609000806);
#110=CONICAL_SURFACE('',#3813,1.27787377,0.121012792723343);
#111=CONICAL_SURFACE('',#3849,1.92405000000005,0.698131700797711);
#112=CONICAL_SURFACE('',#3888,80.25,0.463647609000806);
#113=CONICAL_SURFACE('',#3923,2.2962,0.785398163397448);
#114=CONICAL_SURFACE('',#3927,2.2962,0.785398163397449);
#115=CONICAL_SURFACE('',#3931,2.2962,0.785398163397449);
#116=CONICAL_SURFACE('',#3935,3.75,0.463647609000806);
#117=CONICAL_SURFACE('',#3938,56.2500000007509,0.463647609000807);
#118=CONICAL_SURFACE('',#3941,6.24999999999999,0.463647609000806);
#119=CONICAL_SURFACE('',#3945,68.9999999999259,0.197395559849879);
#120=CONICAL_SURFACE('',#3946,4.94999999992572,0.197395559849881);
#121=CONICAL_SURFACE('',#3947,4.94999999992573,0.197395559849881);
#122=CONICAL_SURFACE('',#3955,80.65,0.785398163397444);
#123=CONICAL_SURFACE('',#3957,55.8500000007509,0.785398163397452);
#124=CONICAL_SURFACE('',#3960,4.15,0.785398163397449);
#125=CONICAL_SURFACE('',#3977,4.25,0.785398163397449);
#126=CONICAL_SURFACE('',#3980,3.69999999992572,0.78539816339745);
#127=CONICAL_SURFACE('',#3983,67.6499999999259,0.785398163397444);
#128=CONICAL_SURFACE('',#3985,3.69999999992573,0.785398163397449);
#129=CONICAL_SURFACE('',#3988,4.14999999999999,0.78539816339745);
#130=CONICAL_SURFACE('',#4010,80.15,0.463647609000806);
#131=CONICAL_SURFACE('',#4014,56.2500000007509,0.463647609000807);
#132=CONICAL_SURFACE('',#4016,3.75,0.463647609000806);
#133=(
BOUNDED_CURVE()
B_SPLINE_CURVE(2,(#5453,#5454,#5455),.UNSPECIFIED.,.F.,.F.)
B_SPLINE_CURVE_WITH_KNOTS((3,3),(0.905520041949425,1.50933174558035),
 .UNSPECIFIED.)
CURVE()
GEOMETRIC_REPRESENTATION_ITEM()
RATIONAL_B_SPLINE_CURVE((1.00222348306642,1.00271427151044,1.00287094143674))
REPRESENTATION_ITEM('')
);
#134=(
BOUNDED_CURVE()
B_SPLINE_CURVE(2,(#5456,#5457,#5458),.UNSPECIFIED.,.F.,.F.)
B_SPLINE_CURVE_WITH_KNOTS((3,3),(0.722244362895509,1.06300855476183),
 .UNSPECIFIED.)
CURVE()
GEOMETRIC_REPRESENTATION_ITEM()
RATIONAL_B_SPLINE_CURVE((1.00113451270236,1.00128315272832,1.00131950239703))
REPRESENTATION_ITEM('')
);
#135=(
BOUNDED_CURVE()
B_SPLINE_CURVE(2,(#5681,#5682,#5683),.UNSPECIFIED.,.F.,.F.)
B_SPLINE_CURVE_WITH_KNOTS((3,3),(1.69536313380163,1.85349645304103),
 .UNSPECIFIED.)
CURVE()
GEOMETRIC_REPRESENTATION_ITEM()
RATIONAL_B_SPLINE_CURVE((1.00626377861808,1.0062625249449,1.00620654227012))
REPRESENTATION_ITEM('')
);
#136=(
BOUNDED_CURVE()
B_SPLINE_CURVE(2,(#6003,#6004,#6005),.UNSPECIFIED.,.F.,.F.)
B_SPLINE_CURVE_WITH_KNOTS((3,3),(0.,0.498668641156484),.UNSPECIFIED.)
CURVE()
GEOMETRIC_REPRESENTATION_ITEM()
RATIONAL_B_SPLINE_CURVE((1.,1.0005563143258,1.0008941226579))
REPRESENTATION_ITEM('')
);
#137=(
BOUNDED_CURVE()
B_SPLINE_CURVE(2,(#6013,#6014,#6015),.UNSPECIFIED.,.F.,.F.)
B_SPLINE_CURVE_WITH_KNOTS((3,3),(0.738959197780409,0.917031613683243),
 .UNSPECIFIED.)
CURVE()
GEOMETRIC_REPRESENTATION_ITEM()
RATIONAL_B_SPLINE_CURVE((1.24371511164109,1.15122246450043,1.))
REPRESENTATION_ITEM('')
);
#138=(
BOUNDED_CURVE()
B_SPLINE_CURVE(2,(#6720,#6721,#6722),.UNSPECIFIED.,.F.,.F.)
B_SPLINE_CURVE_WITH_KNOTS((3,3),(0.905520041949425,1.50933174558035),
 .UNSPECIFIED.)
CURVE()
GEOMETRIC_REPRESENTATION_ITEM()
RATIONAL_B_SPLINE_CURVE((1.00222348306642,1.00271427151044,1.00287094143674))
REPRESENTATION_ITEM('')
);
#139=(
BOUNDED_CURVE()
B_SPLINE_CURVE(2,(#6723,#6724,#6725),.UNSPECIFIED.,.F.,.F.)
B_SPLINE_CURVE_WITH_KNOTS((3,3),(0.722244362895509,1.06300855476183),
 .UNSPECIFIED.)
CURVE()
GEOMETRIC_REPRESENTATION_ITEM()
RATIONAL_B_SPLINE_CURVE((1.00113451270236,1.00128315272832,1.00131950239703))
REPRESENTATION_ITEM('')
);
#140=(
BOUNDED_CURVE()
B_SPLINE_CURVE(2,(#6948,#6949,#6950),.UNSPECIFIED.,.F.,.F.)
B_SPLINE_CURVE_WITH_KNOTS((3,3),(1.69536313380163,1.85349645304103),
 .UNSPECIFIED.)
CURVE()
GEOMETRIC_REPRESENTATION_ITEM()
RATIONAL_B_SPLINE_CURVE((1.00626377861808,1.0062625249449,1.00620654227012))
REPRESENTATION_ITEM('')
);
#141=(
BOUNDED_CURVE()
B_SPLINE_CURVE(2,(#7270,#7271,#7272),.UNSPECIFIED.,.F.,.F.)
B_SPLINE_CURVE_WITH_KNOTS((3,3),(0.,0.498668641156484),.UNSPECIFIED.)
CURVE()
GEOMETRIC_REPRESENTATION_ITEM()
RATIONAL_B_SPLINE_CURVE((1.,1.0005563143258,1.0008941226579))
REPRESENTATION_ITEM('')
);
#142=(
BOUNDED_CURVE()
B_SPLINE_CURVE(2,(#7280,#7281,#7282),.UNSPECIFIED.,.F.,.F.)
B_SPLINE_CURVE_WITH_KNOTS((3,3),(0.738959197780409,0.917031613683243),
 .UNSPECIFIED.)
CURVE()
GEOMETRIC_REPRESENTATION_ITEM()
RATIONAL_B_SPLINE_CURVE((1.24371511164109,1.15122246450043,1.))
REPRESENTATION_ITEM('')
);
#143=FACE_BOUND('',#1117,.T.);
#144=FACE_BOUND('',#1118,.T.);
#145=FACE_BOUND('',#1155,.T.);
#146=FACE_BOUND('',#1156,.T.);
#147=FACE_BOUND('',#1157,.T.);
#148=FACE_BOUND('',#1177,.T.);
#149=FACE_BOUND('',#1178,.T.);
#150=FACE_BOUND('',#1186,.T.);
#151=FACE_BOUND('',#1187,.T.);
#152=FACE_BOUND('',#1200,.T.);
#153=FACE_BOUND('',#1201,.T.);
#154=FACE_BOUND('',#1202,.T.);
#155=FACE_BOUND('',#1203,.T.);
#156=FACE_BOUND('',#1204,.T.);
#157=FACE_BOUND('',#1237,.T.);
#158=FACE_BOUND('',#1246,.T.);
#159=FACE_BOUND('',#1247,.T.);
#160=FACE_BOUND('',#1284,.T.);
#161=FACE_BOUND('',#1285,.T.);
#162=FACE_BOUND('',#1286,.T.);
#163=FACE_BOUND('',#1306,.T.);
#164=FACE_BOUND('',#1307,.T.);
#165=FACE_BOUND('',#1315,.T.);
#166=FACE_BOUND('',#1316,.T.);
#167=FACE_BOUND('',#1329,.T.);
#168=FACE_BOUND('',#1330,.T.);
#169=FACE_BOUND('',#1331,.T.);
#170=FACE_BOUND('',#1332,.T.);
#171=FACE_BOUND('',#1333,.T.);
#172=PLANE('',#3630);
#173=PLANE('',#3637);
#174=PLANE('',#3647);
#175=PLANE('',#3649);
#176=PLANE('',#3655);
#177=PLANE('',#3656);
#178=PLANE('',#3664);
#179=PLANE('',#3713);
#180=PLANE('',#3739);
#181=PLANE('',#3745);
#182=PLANE('',#3760);
#183=PLANE('',#3787);
#184=PLANE('',#3807);
#185=PLANE('',#3820);
#186=PLANE('',#3825);
#187=PLANE('',#3830);
#188=PLANE('',#3835);
#189=PLANE('',#3836);
#190=PLANE('',#3837);
#191=PLANE('',#3838);
#192=PLANE('',#3839);
#193=PLANE('',#3840);
#194=PLANE('',#3841);
#195=PLANE('',#3842);
#196=PLANE('',#3843);
#197=PLANE('',#3844);
#198=PLANE('',#3845);
#199=PLANE('',#3852);
#200=PLANE('',#3861);
#201=PLANE('',#3868);
#202=PLANE('',#3878);
#203=PLANE('',#3880);
#204=PLANE('',#3886);
#205=PLANE('',#3887);
#206=PLANE('',#3895);
#207=PLANE('',#3944);
#208=PLANE('',#3970);
#209=PLANE('',#3976);
#210=PLANE('',#3991);
#211=PLANE('',#4018);
#212=PLANE('',#4038);
#213=LINE('',#5149,#415);
#214=LINE('',#5158,#416);
#215=LINE('',#5183,#417);
#216=LINE('',#5317,#418);
#217=LINE('',#5320,#419);
#218=LINE('',#5327,#420);
#219=LINE('',#5331,#421);
#220=LINE('',#5332,#422);
#221=LINE('',#5335,#423);
#222=LINE('',#5336,#424);
#223=LINE('',#5363,#425);
#224=LINE('',#5408,#426);
#225=LINE('',#5411,#427);
#226=LINE('',#5414,#428);
#227=LINE('',#5418,#429);
#228=LINE('',#5425,#430);
#229=LINE('',#5441,#431);
#230=LINE('',#5449,#432);
#231=LINE('',#5451,#433);
#232=LINE('',#5459,#434);
#233=LINE('',#5463,#435);
#234=LINE('',#5469,#436);
#235=LINE('',#5471,#437);
#236=LINE('',#5566,#438);
#237=LINE('',#5570,#439);
#238=LINE('',#5574,#440);
#239=LINE('',#5584,#441);
#240=LINE('',#5586,#442);
#241=LINE('',#5598,#443);
#242=LINE('',#5602,#444);
#243=LINE('',#5606,#445);
#244=LINE('',#5610,#446);
#245=LINE('',#5614,#447);
#246=LINE('',#5618,#448);
#247=LINE('',#5624,#449);
#248=LINE('',#5630,#450);
#249=LINE('',#5637,#451);
#250=LINE('',#5638,#452);
#251=LINE('',#5642,#453);
#252=LINE('',#5644,#454);
#253=LINE('',#5660,#455);
#254=LINE('',#5672,#456);
#255=LINE('',#5677,#457);
#256=LINE('',#5686,#458);
#257=LINE('',#5705,#459);
#258=LINE('',#5712,#460);
#259=LINE('',#5735,#461);
#260=LINE('',#5770,#462);
#261=LINE('',#5786,#463);
#262=LINE('',#5790,#464);
#263=LINE('',#5967,#465);
#264=LINE('',#5970,#466);
#265=LINE('',#5992,#467);
#266=LINE('',#6007,#468);
#267=LINE('',#6009,#469);
#268=LINE('',#6011,#470);
#269=LINE('',#6017,#471);
#270=LINE('',#6053,#472);
#271=LINE('',#6058,#473);
#272=LINE('',#6062,#474);
#273=LINE('',#6068,#475);
#274=LINE('',#6081,#476);
#275=LINE('',#6090,#477);
#276=LINE('',#6094,#478);
#277=LINE('',#6098,#479);
#278=LINE('',#6103,#480);
#279=LINE('',#6115,#481);
#280=LINE('',#6144,#482);
#281=LINE('',#6153,#483);
#282=LINE('',#6187,#484);
#283=LINE('',#6198,#485);
#284=LINE('',#6209,#486);
#285=LINE('',#6211,#487);
#286=LINE('',#6227,#488);
#287=LINE('',#6230,#489);
#288=LINE('',#6232,#490);
#289=LINE('',#6234,#491);
#290=LINE('',#6236,#492);
#291=LINE('',#6239,#493);
#292=LINE('',#6240,#494);
#293=LINE('',#6242,#495);
#294=LINE('',#6250,#496);
#295=LINE('',#6257,#497);
#296=LINE('',#6261,#498);
#297=LINE('',#6265,#499);
#298=LINE('',#6266,#500);
#299=LINE('',#6272,#501);
#300=LINE('',#6276,#502);
#301=LINE('',#6280,#503);
#302=LINE('',#6281,#504);
#303=LINE('',#6287,#505);
#304=LINE('',#6291,#506);
#305=LINE('',#6295,#507);
#306=LINE('',#6296,#508);
#307=LINE('',#6302,#509);
#308=LINE('',#6306,#510);
#309=LINE('',#6310,#511);
#310=LINE('',#6311,#512);
#311=LINE('',#6315,#513);
#312=LINE('',#6316,#514);
#313=LINE('',#6318,#515);
#314=LINE('',#6319,#516);
#315=LINE('',#6320,#517);
#316=LINE('',#6323,#518);
#317=LINE('',#6324,#519);
#318=LINE('',#6327,#520);
#319=LINE('',#6328,#521);
#320=LINE('',#6329,#522);
#321=LINE('',#6332,#523);
#322=LINE('',#6333,#524);
#323=LINE('',#6336,#525);
#324=LINE('',#6337,#526);
#325=LINE('',#6338,#527);
#326=LINE('',#6341,#528);
#327=LINE('',#6342,#529);
#328=LINE('',#6344,#530);
#329=LINE('',#6345,#531);
#330=LINE('',#6347,#532);
#331=LINE('',#6355,#533);
#332=LINE('',#6359,#534);
#333=LINE('',#6361,#535);
#334=LINE('',#6416,#536);
#335=LINE('',#6425,#537);
#336=LINE('',#6450,#538);
#337=LINE('',#6584,#539);
#338=LINE('',#6587,#540);
#339=LINE('',#6594,#541);
#340=LINE('',#6598,#542);
#341=LINE('',#6599,#543);
#342=LINE('',#6602,#544);
#343=LINE('',#6603,#545);
#344=LINE('',#6630,#546);
#345=LINE('',#6675,#547);
#346=LINE('',#6678,#548);
#347=LINE('',#6681,#549);
#348=LINE('',#6685,#550);
#349=LINE('',#6692,#551);
#350=LINE('',#6708,#552);
#351=LINE('',#6716,#553);
#352=LINE('',#6718,#554);
#353=LINE('',#6726,#555);
#354=LINE('',#6730,#556);
#355=LINE('',#6736,#557);
#356=LINE('',#6738,#558);
#357=LINE('',#6833,#559);
#358=LINE('',#6837,#560);
#359=LINE('',#6841,#561);
#360=LINE('',#6851,#562);
#361=LINE('',#6853,#563);
#362=LINE('',#6865,#564);
#363=LINE('',#6869,#565);
#364=LINE('',#6873,#566);
#365=LINE('',#6877,#567);
#366=LINE('',#6881,#568);
#367=LINE('',#6885,#569);
#368=LINE('',#6891,#570);
#369=LINE('',#6897,#571);
#370=LINE('',#6904,#572);
#371=LINE('',#6905,#573);
#372=LINE('',#6909,#574);
#373=LINE('',#6911,#575);
#374=LINE('',#6927,#576);
#375=LINE('',#6939,#577);
#376=LINE('',#6944,#578);
#377=LINE('',#6953,#579);
#378=LINE('',#6972,#580);
#379=LINE('',#6979,#581);
#380=LINE('',#7002,#582);
#381=LINE('',#7037,#583);
#382=LINE('',#7053,#584);
#383=LINE('',#7057,#585);
#384=LINE('',#7234,#586);
#385=LINE('',#7237,#587);
#386=LINE('',#7259,#588);
#387=LINE('',#7274,#589);
#388=LINE('',#7276,#590);
#389=LINE('',#7278,#591);
#390=LINE('',#7284,#592);
#391=LINE('',#7320,#593);
#392=LINE('',#7325,#594);
#393=LINE('',#7329,#595);
#394=LINE('',#7335,#596);
#395=LINE('',#7348,#597);
#396=LINE('',#7357,#598);
#397=LINE('',#7361,#599);
#398=LINE('',#7365,#600);
#399=LINE('',#7370,#601);
#400=LINE('',#7382,#602);
#401=LINE('',#7411,#603);
#402=LINE('',#7420,#604);
#403=LINE('',#7454,#605);
#404=LINE('',#7465,#606);
#405=LINE('',#7476,#607);
#406=LINE('',#7478,#608);
#407=LINE('',#7494,#609);
#408=LINE('',#7497,#610);
#409=LINE('',#7499,#611);
#410=LINE('',#7501,#612);
#411=LINE('',#7503,#613);
#412=LINE('',#7506,#614);
#413=LINE('',#7507,#615);
#414=LINE('',#7509,#616);
#415=VECTOR('',#4059,1.);
#416=VECTOR('',#4064,10.);
#417=VECTOR('',#4079,10.);
#418=VECTOR('',#4092,10.);
#419=VECTOR('',#4095,10.);
#420=VECTOR('',#4102,10.);
#421=VECTOR('',#4105,10.);
#422=VECTOR('',#4106,10.);
#423=VECTOR('',#4109,10.);
#424=VECTOR('',#4110,10.);
#425=VECTOR('',#4111,10.);
#426=VECTOR('',#4114,10.);
#427=VECTOR('',#4117,5.);
#428=VECTOR('',#4120,10.);
#429=VECTOR('',#4123,10.);
#430=VECTOR('',#4126,10.);
#431=VECTOR('',#4129,10.);
#432=VECTOR('',#4132,0.999999999999999);
#433=VECTOR('',#4133,10.);
#434=VECTOR('',#4134,10.);
#435=VECTOR('',#4139,10.);
#436=VECTOR('',#4148,10.);
#437=VECTOR('',#4151,10.);
#438=VECTOR('',#4194,0.999999999999999);
#439=VECTOR('',#4199,10.);
#440=VECTOR('',#4204,10.);
#441=VECTOR('',#4209,1.);
#442=VECTOR('',#4210,4.99999999999999);
#443=VECTOR('',#4215,2.2962);
#444=VECTOR('',#4220,1.65);
#445=VECTOR('',#4225,2.2962);
#446=VECTOR('',#4230,1.65);
#447=VECTOR('',#4235,2.2962);
#448=VECTOR('',#4240,1.65);
#449=VECTOR('',#4247,10.);
#450=VECTOR('',#4254,10.);
#451=VECTOR('',#4267,10.);
#452=VECTOR('',#4268,10.);
#453=VECTOR('',#4275,5.);
#454=VECTOR('',#4278,4.99999999999999);
#455=VECTOR('',#4283,10.);
#456=VECTOR('',#4284,10.);
#457=VECTOR('',#4289,10.);
#458=VECTOR('',#4296,10.);
#459=VECTOR('',#4297,10.);
#460=VECTOR('',#4298,10.);
#461=VECTOR('',#4299,10.);
#462=VECTOR('',#4300,10.);
#463=VECTOR('',#4303,10.);
#464=VECTOR('',#4306,10.);
#465=VECTOR('',#4319,10.);
#466=VECTOR('',#4322,10.);
#467=VECTOR('',#4333,10.);
#468=VECTOR('',#4346,10.);
#469=VECTOR('',#4347,10.);
#470=VECTOR('',#4348,10.);
#471=VECTOR('',#4349,10.);
#472=VECTOR('',#4354,10.);
#473=VECTOR('',#4361,10.);
#474=VECTOR('',#4366,10.);
#475=VECTOR('',#4373,10.);
#476=VECTOR('',#4390,10.);
#477=VECTOR('',#4401,1.25);
#478=VECTOR('',#4406,1.25);
#479=VECTOR('',#4411,1.25);
#480=VECTOR('',#4416,3.);
#481=VECTOR('',#4417,3.);
#482=VECTOR('',#4422,5.);
#483=VECTOR('',#4425,10.);
#484=VECTOR('',#4440,10.);
#485=VECTOR('',#4453,10.);
#486=VECTOR('',#4466,10.);
#487=VECTOR('',#4469,10.);
#488=VECTOR('',#4480,10.);
#489=VECTOR('',#4485,10.);
#490=VECTOR('',#4488,1.25);
#491=VECTOR('',#4491,1.25);
#492=VECTOR('',#4494,10.);
#493=VECTOR('',#4497,10.);
#494=VECTOR('',#4498,10.);
#495=VECTOR('',#4501,10.);
#496=VECTOR('',#4512,1.27787377);
#497=VECTOR('',#4519,10.);
#498=VECTOR('',#4522,10.);
#499=VECTOR('',#4527,10.);
#500=VECTOR('',#4528,10.);
#501=VECTOR('',#4533,10.);
#502=VECTOR('',#4536,10.);
#503=VECTOR('',#4541,10.);
#504=VECTOR('',#4542,10.);
#505=VECTOR('',#4547,10.);
#506=VECTOR('',#4550,10.);
#507=VECTOR('',#4555,10.);
#508=VECTOR('',#4556,10.);
#509=VECTOR('',#4561,10.);
#510=VECTOR('',#4564,10.);
#511=VECTOR('',#4569,10.);
#512=VECTOR('',#4570,10.);
#513=VECTOR('',#4573,10.);
#514=VECTOR('',#4574,10.);
#515=VECTOR('',#4575,10.);
#516=VECTOR('',#4576,10.);
#517=VECTOR('',#4577,10.);
#518=VECTOR('',#4580,10.);
#519=VECTOR('',#4581,10.);
#520=VECTOR('',#4584,10.);
#521=VECTOR('',#4585,10.);
#522=VECTOR('',#4586,10.);
#523=VECTOR('',#4589,10.);
#524=VECTOR('',#4590,10.);
#525=VECTOR('',#4593,10.);
#526=VECTOR('',#4594,10.);
#527=VECTOR('',#4595,10.);
#528=VECTOR('',#4598,10.);
#529=VECTOR('',#4599,10.);
#530=VECTOR('',#4602,10.);
#531=VECTOR('',#4603,10.);
#532=VECTOR('',#4606,10.);
#533=VECTOR('',#4617,2.42570000000001);
#534=VECTOR('',#4622,1.92405000000005);
#535=VECTOR('',#4625,1.42240000000003);
#536=VECTOR('',#4642,1.);
#537=VECTOR('',#4647,10.);
#538=VECTOR('',#4662,10.);
#539=VECTOR('',#4675,10.);
#540=VECTOR('',#4678,10.);
#541=VECTOR('',#4685,10.);
#542=VECTOR('',#4688,10.);
#543=VECTOR('',#4689,10.);
#544=VECTOR('',#4692,10.);
#545=VECTOR('',#4693,10.);
#546=VECTOR('',#4694,10.);
#547=VECTOR('',#4697,10.);
#548=VECTOR('',#4700,5.);
#549=VECTOR('',#4703,10.);
#550=VECTOR('',#4706,10.);
#551=VECTOR('',#4709,10.);
#552=VECTOR('',#4712,10.);
#553=VECTOR('',#4715,0.999999999999999);
#554=VECTOR('',#4716,10.);
#555=VECTOR('',#4717,10.);
#556=VECTOR('',#4722,10.);
#557=VECTOR('',#4731,10.);
#558=VECTOR('',#4734,10.);
#559=VECTOR('',#4777,0.999999999999999);
#560=VECTOR('',#4782,10.);
#561=VECTOR('',#4787,10.);
#562=VECTOR('',#4792,1.);
#563=VECTOR('',#4793,4.99999999999999);
#564=VECTOR('',#4798,2.2962);
#565=VECTOR('',#4803,1.65);
#566=VECTOR('',#4808,2.2962);
#567=VECTOR('',#4813,1.65);
#568=VECTOR('',#4818,2.2962);
#569=VECTOR('',#4823,1.65);
#570=VECTOR('',#4830,10.);
#571=VECTOR('',#4837,10.);
#572=VECTOR('',#4850,10.);
#573=VECTOR('',#4851,10.);
#574=VECTOR('',#4858,5.);
#575=VECTOR('',#4861,4.99999999999999);
#576=VECTOR('',#4866,10.);
#577=VECTOR('',#4867,10.);
#578=VECTOR('',#4872,10.);
#579=VECTOR('',#4879,10.);
#580=VECTOR('',#4880,10.);
#581=VECTOR('',#4881,10.);
#582=VECTOR('',#4882,10.);
#583=VECTOR('',#4883,10.);
#584=VECTOR('',#4886,10.);
#585=VECTOR('',#4889,10.);
#586=VECTOR('',#4902,10.);
#587=VECTOR('',#4905,10.);
#588=VECTOR('',#4916,10.);
#589=VECTOR('',#4929,10.);
#590=VECTOR('',#4930,10.);
#591=VECTOR('',#4931,10.);
#592=VECTOR('',#4932,10.);
#593=VECTOR('',#4937,10.);
#594=VECTOR('',#4944,10.);
#595=VECTOR('',#4949,10.);
#596=VECTOR('',#4956,10.);
#597=VECTOR('',#4973,10.);
#598=VECTOR('',#4984,1.25);
#599=VECTOR('',#4989,1.25);
#600=VECTOR('',#4994,1.25);
#601=VECTOR('',#4999,3.);
#602=VECTOR('',#5000,3.);
#603=VECTOR('',#5005,5.);
#604=VECTOR('',#5008,10.);
#605=VECTOR('',#5023,10.);
#606=VECTOR('',#5036,10.);
#607=VECTOR('',#5049,10.);
#608=VECTOR('',#5052,10.);
#609=VECTOR('',#5063,10.);
#610=VECTOR('',#5068,10.);
#611=VECTOR('',#5071,1.25);
#612=VECTOR('',#5074,1.25);
#613=VECTOR('',#5077,10.);
#614=VECTOR('',#5080,10.);
#615=VECTOR('',#5081,10.);
#616=VECTOR('',#5084,10.);
#617=CIRCLE('',#3628,50.0000000007491);
#618=CIRCLE('',#3629,50.0000000007491);
#619=CIRCLE('',#3631,81.5);
#620=CIRCLE('',#3632,5.);
#621=CIRCLE('',#3633,55.0000000007509);
#622=CIRCLE('',#3634,4.99999999999999);
#623=CIRCLE('',#3635,4.44999999992572);
#624=CIRCLE('',#3636,1.);
#625=CIRCLE('',#3638,5.44999999992572);
#626=CIRCLE('',#3639,69.4999999999258);
#627=CIRCLE('',#3640,2.9424);
#628=CIRCLE('',#3641,2.9424);
#629=CIRCLE('',#3642,69.4999999999258);
#630=CIRCLE('',#3643,5.44999999992573);
#631=CIRCLE('',#3645,2.9424);
#632=CIRCLE('',#3646,2.9424);
#633=CIRCLE('',#3651,81.5);
#634=CIRCLE('',#3653,9.99999999999999);
#635=CIRCLE('',#3658,79.);
#636=CIRCLE('',#3660,10.);
#637=CIRCLE('',#3661,10.);
#638=CIRCLE('',#3666,0.999999999999999);
#639=CIRCLE('',#3667,0.999999999999994);
#640=CIRCLE('',#3668,0.999999999999999);
#641=CIRCLE('',#3670,0.999999999999998);
#642=CIRCLE('',#3671,4.44999999992573);
#643=CIRCLE('',#3672,4.46941932423481);
#644=CIRCLE('',#3674,1.);
#645=CIRCLE('',#3675,68.4999999999258);
#646=CIRCLE('',#3676,68.5194193242349);
#647=CIRCLE('',#3678,0.999999999999994);
#648=CIRCLE('',#3679,4.44999999992572);
#649=CIRCLE('',#3680,4.4694193242348);
#650=CIRCLE('',#3682,0.999999999999998);
#651=CIRCLE('',#3683,1.);
#652=CIRCLE('',#3685,0.999999999999999);
#653=CIRCLE('',#3687,4.44999999992573);
#654=CIRCLE('',#3689,68.4999999999258);
#655=CIRCLE('',#3693,1.65);
#656=CIRCLE('',#3695,1.65);
#657=CIRCLE('',#3697,1.65);
#658=CIRCLE('',#3699,1.65);
#659=CIRCLE('',#3701,1.65);
#660=CIRCLE('',#3703,1.65);
#661=CIRCLE('',#3705,2.5);
#662=CIRCLE('',#3706,5.);
#663=CIRCLE('',#3708,57.5000000007509);
#664=CIRCLE('',#3709,55.0000000007509);
#665=CIRCLE('',#3711,4.99999999999999);
#666=CIRCLE('',#3712,7.49999999999999);
#667=CIRCLE('',#3722,81.4);
#668=CIRCLE('',#3723,81.4);
#669=CIRCLE('',#3725,79.9);
#670=CIRCLE('',#3727,55.1000000007509);
#671=CIRCLE('',#3728,56.6000000007509);
#672=CIRCLE('',#3730,3.4);
#673=CIRCLE('',#3731,4.9);
#674=CIRCLE('',#3733,68.3999999999259);
#675=CIRCLE('',#3734,68.3999999999259);
#676=CIRCLE('',#3736,71.3999999999258);
#677=CIRCLE('',#3737,71.3999999999258);
#678=CIRCLE('',#3738,3.);
#679=CIRCLE('',#3740,7.44999999992573);
#680=CIRCLE('',#3741,1.25);
#681=CIRCLE('',#3742,1.25);
#682=CIRCLE('',#3743,1.25);
#683=CIRCLE('',#3744,1.25);
#684=CIRCLE('',#3747,3.5);
#685=CIRCLE('',#3748,5.);
#686=CIRCLE('',#3750,4.44999999992572);
#687=CIRCLE('',#3751,2.94999999992572);
#688=CIRCLE('',#3753,66.8999999999259);
#689=CIRCLE('',#3755,4.44999999992573);
#690=CIRCLE('',#3756,2.94999999992573);
#691=CIRCLE('',#3758,4.89999999999999);
#692=CIRCLE('',#3759,3.39999999999999);
#693=CIRCLE('',#3761,2.4999999999095);
#694=CIRCLE('',#3762,56.3000000000151);
#695=CIRCLE('',#3763,2.49999999997635);
#696=CIRCLE('',#3764,50.0000000007491);
#697=CIRCLE('',#3765,1.25);
#698=CIRCLE('',#3766,1.25);
#699=CIRCLE('',#3768,1.25);
#700=CIRCLE('',#3770,1.25);
#701=CIRCLE('',#3772,1.25);
#702=CIRCLE('',#3774,2.99999999999999);
#703=CIRCLE('',#3776,55.1000000007509);
#704=CIRCLE('',#3778,68.3999999999259);
#705=CIRCLE('',#3780,78.9);
#706=CIRCLE('',#3782,4.9);
#707=CIRCLE('',#3784,57.5000000007509);
#708=CIRCLE('',#3786,2.5);
#709=CIRCLE('',#3788,4.44999999992572);
#710=CIRCLE('',#3789,3.5);
#711=CIRCLE('',#3790,50.0000000007491);
#712=CIRCLE('',#3791,2.49999999997635);
#713=CIRCLE('',#3792,56.3000000000151);
#714=CIRCLE('',#3793,2.4999999999095);
#715=CIRCLE('',#3794,1.25);
#716=CIRCLE('',#3795,1.25);
#717=CIRCLE('',#3799,4.44999999992573);
#718=CIRCLE('',#3800,3.);
#719=CIRCLE('',#3801,3.39999999999999);
#720=CIRCLE('',#3814,1.38049);
#721=CIRCLE('',#3815,1.1049);
#722=CIRCLE('',#3846,2.4257);
#723=CIRCLE('',#3848,2.42570000000003);
#724=CIRCLE('',#3850,1.38049);
#725=CIRCLE('',#3859,50.0000000007491);
#726=CIRCLE('',#3860,50.0000000007491);
#727=CIRCLE('',#3862,81.5);
#728=CIRCLE('',#3863,5.);
#729=CIRCLE('',#3864,55.0000000007509);
#730=CIRCLE('',#3865,4.99999999999999);
#731=CIRCLE('',#3866,4.44999999992572);
#732=CIRCLE('',#3867,1.);
#733=CIRCLE('',#3869,5.44999999992572);
#734=CIRCLE('',#3870,69.4999999999258);
#735=CIRCLE('',#3871,2.9424);
#736=CIRCLE('',#3872,2.9424);
#737=CIRCLE('',#3873,69.4999999999258);
#738=CIRCLE('',#3874,5.44999999992573);
#739=CIRCLE('',#3876,2.9424);
#740=CIRCLE('',#3877,2.9424);
#741=CIRCLE('',#3882,81.5);
#742=CIRCLE('',#3884,9.99999999999999);
#743=CIRCLE('',#3889,79.);
#744=CIRCLE('',#3891,10.);
#745=CIRCLE('',#3892,10.);
#746=CIRCLE('',#3897,0.999999999999999);
#747=CIRCLE('',#3898,0.999999999999994);
#748=CIRCLE('',#3899,0.999999999999999);
#749=CIRCLE('',#3901,0.999999999999998);
#750=CIRCLE('',#3902,4.44999999992573);
#751=CIRCLE('',#3903,4.46941932423481);
#752=CIRCLE('',#3905,1.);
#753=CIRCLE('',#3906,68.4999999999258);
#754=CIRCLE('',#3907,68.5194193242349);
#755=CIRCLE('',#3909,0.999999999999994);
#756=CIRCLE('',#3910,4.44999999992572);
#757=CIRCLE('',#3911,4.4694193242348);
#758=CIRCLE('',#3913,0.999999999999998);
#759=CIRCLE('',#3914,1.);
#760=CIRCLE('',#3916,0.999999999999999);
#761=CIRCLE('',#3918,4.44999999992573);
#762=CIRCLE('',#3920,68.4999999999258);
#763=CIRCLE('',#3924,1.65);
#764=CIRCLE('',#3926,1.65);
#765=CIRCLE('',#3928,1.65);
#766=CIRCLE('',#3930,1.65);
#767=CIRCLE('',#3932,1.65);
#768=CIRCLE('',#3934,1.65);
#769=CIRCLE('',#3936,2.5);
#770=CIRCLE('',#3937,5.);
#771=CIRCLE('',#3939,57.5000000007509);
#772=CIRCLE('',#3940,55.0000000007509);
#773=CIRCLE('',#3942,4.99999999999999);
#774=CIRCLE('',#3943,7.49999999999999);
#775=CIRCLE('',#3953,81.4);
#776=CIRCLE('',#3954,81.4);
#777=CIRCLE('',#3956,79.9);
#778=CIRCLE('',#3958,55.1000000007509);
#779=CIRCLE('',#3959,56.6000000007509);
#780=CIRCLE('',#3961,3.4);
#781=CIRCLE('',#3962,4.9);
#782=CIRCLE('',#3964,68.3999999999259);
#783=CIRCLE('',#3965,68.3999999999259);
#784=CIRCLE('',#3967,71.3999999999258);
#785=CIRCLE('',#3968,71.3999999999258);
#786=CIRCLE('',#3969,3.);
#787=CIRCLE('',#3971,7.44999999992573);
#788=CIRCLE('',#3972,1.25);
#789=CIRCLE('',#3973,1.25);
#790=CIRCLE('',#3974,1.25);
#791=CIRCLE('',#3975,1.25);
#792=CIRCLE('',#3978,3.5);
#793=CIRCLE('',#3979,5.);
#794=CIRCLE('',#3981,4.44999999992572);
#795=CIRCLE('',#3982,2.94999999992572);
#796=CIRCLE('',#3984,66.8999999999259);
#797=CIRCLE('',#3986,4.44999999992573);
#798=CIRCLE('',#3987,2.94999999992573);
#799=CIRCLE('',#3989,4.89999999999999);
#800=CIRCLE('',#3990,3.39999999999999);
#801=CIRCLE('',#3992,2.4999999999095);
#802=CIRCLE('',#3993,56.3000000000151);
#803=CIRCLE('',#3994,2.49999999997635);
#804=CIRCLE('',#3995,50.0000000007491);
#805=CIRCLE('',#3996,1.25);
#806=CIRCLE('',#3997,1.25);
#807=CIRCLE('',#3999,1.25);
#808=CIRCLE('',#4001,1.25);
#809=CIRCLE('',#4003,1.25);
#810=CIRCLE('',#4005,2.99999999999999);
#811=CIRCLE('',#4007,55.1000000007509);
#812=CIRCLE('',#4009,68.3999999999259);
#813=CIRCLE('',#4011,78.9);
#814=CIRCLE('',#4013,4.9);
#815=CIRCLE('',#4015,57.5000000007509);
#816=CIRCLE('',#4017,2.5);
#817=CIRCLE('',#4019,4.44999999992572);
#818=CIRCLE('',#4020,3.5);
#819=CIRCLE('',#4021,50.0000000007491);
#820=CIRCLE('',#4022,2.49999999997635);
#821=CIRCLE('',#4023,56.3000000000151);
#822=CIRCLE('',#4024,2.4999999999095);
#823=CIRCLE('',#4025,1.25);
#824=CIRCLE('',#4026,1.25);
#825=CIRCLE('',#4030,4.44999999992573);
#826=CIRCLE('',#4031,3.);
#827=CIRCLE('',#4032,3.39999999999999);
#828=CYLINDRICAL_SURFACE('',#3627,50.0000000007491);
#829=CYLINDRICAL_SURFACE('',#3650,81.5);
#830=CYLINDRICAL_SURFACE('',#3652,10.);
#831=CYLINDRICAL_SURFACE('',#3654,1.);
#832=CYLINDRICAL_SURFACE('',#3662,10.);
#833=CYLINDRICAL_SURFACE('',#3663,10.);
#834=CYLINDRICAL_SURFACE('',#3684,0.999999999999999);
#835=CYLINDRICAL_SURFACE('',#3686,4.44999999992573);
#836=CYLINDRICAL_SURFACE('',#3688,68.4999999999258);
#837=CYLINDRICAL_SURFACE('',#3690,4.44999999992572);
#838=CYLINDRICAL_SURFACE('',#3691,1.);
#839=CYLINDRICAL_SURFACE('',#3694,1.65);
#840=CYLINDRICAL_SURFACE('',#3698,1.65);
#841=CYLINDRICAL_SURFACE('',#3702,1.65);
#842=CYLINDRICAL_SURFACE('',#3717,5.);
#843=CYLINDRICAL_SURFACE('',#3718,4.99999999999999);
#844=CYLINDRICAL_SURFACE('',#3719,55.0000000007509);
#845=CYLINDRICAL_SURFACE('',#3720,1.);
#846=CYLINDRICAL_SURFACE('',#3721,81.4);
#847=CYLINDRICAL_SURFACE('',#3732,68.3999999999259);
#848=CYLINDRICAL_SURFACE('',#3767,1.25);
#849=CYLINDRICAL_SURFACE('',#3769,1.25);
#850=CYLINDRICAL_SURFACE('',#3771,1.25);
#851=CYLINDRICAL_SURFACE('',#3773,3.);
#852=CYLINDRICAL_SURFACE('',#3775,55.1000000007509);
#853=CYLINDRICAL_SURFACE('',#3777,68.3999999999259);
#854=CYLINDRICAL_SURFACE('',#3781,4.9);
#855=CYLINDRICAL_SURFACE('',#3796,4.44999999992572);
#856=CYLINDRICAL_SURFACE('',#3797,3.5);
#857=CYLINDRICAL_SURFACE('',#3802,4.44999999992573);
#858=CYLINDRICAL_SURFACE('',#3803,3.39999999999999);
#859=CYLINDRICAL_SURFACE('',#3804,50.0000000007491);
#860=CYLINDRICAL_SURFACE('',#3805,1.25);
#861=CYLINDRICAL_SURFACE('',#3806,1.25);
#862=CYLINDRICAL_SURFACE('',#3808,2.49999999997635);
#863=CYLINDRICAL_SURFACE('',#3809,56.3000000000151);
#864=CYLINDRICAL_SURFACE('',#3810,2.4999999999095);
#865=CYLINDRICAL_SURFACE('',#3816,0.4572);
#866=CYLINDRICAL_SURFACE('',#3821,0.4572);
#867=CYLINDRICAL_SURFACE('',#3826,0.4572);
#868=CYLINDRICAL_SURFACE('',#3831,0.4572);
#869=CYLINDRICAL_SURFACE('',#3847,2.42570000000001);
#870=CYLINDRICAL_SURFACE('',#3851,1.38049);
#871=CYLINDRICAL_SURFACE('',#3858,50.0000000007491);
#872=CYLINDRICAL_SURFACE('',#3881,81.5);
#873=CYLINDRICAL_SURFACE('',#3883,10.);
#874=CYLINDRICAL_SURFACE('',#3885,1.);
#875=CYLINDRICAL_SURFACE('',#3893,10.);
#876=CYLINDRICAL_SURFACE('',#3894,10.);
#877=CYLINDRICAL_SURFACE('',#3915,0.999999999999999);
#878=CYLINDRICAL_SURFACE('',#3917,4.44999999992573);
#879=CYLINDRICAL_SURFACE('',#3919,68.4999999999258);
#880=CYLINDRICAL_SURFACE('',#3921,4.44999999992572);
#881=CYLINDRICAL_SURFACE('',#3922,1.);
#882=CYLINDRICAL_SURFACE('',#3925,1.65);
#883=CYLINDRICAL_SURFACE('',#3929,1.65);
#884=CYLINDRICAL_SURFACE('',#3933,1.65);
#885=CYLINDRICAL_SURFACE('',#3948,5.);
#886=CYLINDRICAL_SURFACE('',#3949,4.99999999999999);
#887=CYLINDRICAL_SURFACE('',#3950,55.0000000007509);
#888=CYLINDRICAL_SURFACE('',#3951,1.);
#889=CYLINDRICAL_SURFACE('',#3952,81.4);
#890=CYLINDRICAL_SURFACE('',#3963,68.3999999999259);
#891=CYLINDRICAL_SURFACE('',#3998,1.25);
#892=CYLINDRICAL_SURFACE('',#4000,1.25);
#893=CYLINDRICAL_SURFACE('',#4002,1.25);
#894=CYLINDRICAL_SURFACE('',#4004,3.);
#895=CYLINDRICAL_SURFACE('',#4006,55.1000000007509);
#896=CYLINDRICAL_SURFACE('',#4008,68.3999999999259);
#897=CYLINDRICAL_SURFACE('',#4012,4.9);
#898=CYLINDRICAL_SURFACE('',#4027,4.44999999992572);
#899=CYLINDRICAL_SURFACE('',#4028,3.5);
#900=CYLINDRICAL_SURFACE('',#4033,4.44999999992573);
#901=CYLINDRICAL_SURFACE('',#4034,3.39999999999999);
#902=CYLINDRICAL_SURFACE('',#4035,50.0000000007491);
#903=CYLINDRICAL_SURFACE('',#4036,1.25);
#904=CYLINDRICAL_SURFACE('',#4037,1.25);
#905=CYLINDRICAL_SURFACE('',#4039,2.49999999997635);
#906=CYLINDRICAL_SURFACE('',#4040,56.3000000000151);
#907=CYLINDRICAL_SURFACE('',#4041,2.4999999999095);
#908=FACE_OUTER_BOUND('',#1113,.T.);
#909=FACE_OUTER_BOUND('',#1114,.T.);
#910=FACE_OUTER_BOUND('',#1115,.T.);
#911=FACE_OUTER_BOUND('',#1116,.T.);
#912=FACE_OUTER_BOUND('',#1119,.T.);
#913=FACE_OUTER_BOUND('',#1120,.T.);
#914=FACE_OUTER_BOUND('',#1121,.T.);
#915=FACE_OUTER_BOUND('',#1122,.T.);
#916=FACE_OUTER_BOUND('',#1123,.T.);
#917=FACE_OUTER_BOUND('',#1124,.T.);
#918=FACE_OUTER_BOUND('',#1125,.T.);
#919=FACE_OUTER_BOUND('',#1126,.T.);
#920=FACE_OUTER_BOUND('',#1127,.T.);
#921=FACE_OUTER_BOUND('',#1128,.T.);
#922=FACE_OUTER_BOUND('',#1129,.T.);
#923=FACE_OUTER_BOUND('',#1130,.T.);
#924=FACE_OUTER_BOUND('',#1131,.T.);
#925=FACE_OUTER_BOUND('',#1132,.T.);
#926=FACE_OUTER_BOUND('',#1133,.T.);
#927=FACE_OUTER_BOUND('',#1134,.T.);
#928=FACE_OUTER_BOUND('',#1135,.T.);
#929=FACE_OUTER_BOUND('',#1136,.T.);
#930=FACE_OUTER_BOUND('',#1137,.T.);
#931=FACE_OUTER_BOUND('',#1138,.T.);
#932=FACE_OUTER_BOUND('',#1139,.T.);
#933=FACE_OUTER_BOUND('',#1140,.T.);
#934=FACE_OUTER_BOUND('',#1141,.T.);
#935=FACE_OUTER_BOUND('',#1142,.T.);
#936=FACE_OUTER_BOUND('',#1143,.T.);
#937=FACE_OUTER_BOUND('',#1144,.T.);
#938=FACE_OUTER_BOUND('',#1145,.T.);
#939=FACE_OUTER_BOUND('',#1146,.T.);
#940=FACE_OUTER_BOUND('',#1147,.T.);
#941=FACE_OUTER_BOUND('',#1148,.T.);
#942=FACE_OUTER_BOUND('',#1149,.T.);
#943=FACE_OUTER_BOUND('',#1150,.T.);
#944=FACE_OUTER_BOUND('',#1151,.T.);
#945=FACE_OUTER_BOUND('',#1152,.T.);
#946=FACE_OUTER_BOUND('',#1153,.T.);
#947=FACE_OUTER_BOUND('',#1154,.T.);
#948=FACE_OUTER_BOUND('',#1158,.T.);
#949=FACE_OUTER_BOUND('',#1159,.T.);
#950=FACE_OUTER_BOUND('',#1160,.T.);
#951=FACE_OUTER_BOUND('',#1161,.T.);
#952=FACE_OUTER_BOUND('',#1162,.T.);
#953=FACE_OUTER_BOUND('',#1163,.T.);
#954=FACE_OUTER_BOUND('',#1164,.T.);
#955=FACE_OUTER_BOUND('',#1165,.T.);
#956=FACE_OUTER_BOUND('',#1166,.T.);
#957=FACE_OUTER_BOUND('',#1167,.T.);
#958=FACE_OUTER_BOUND('',#1168,.T.);
#959=FACE_OUTER_BOUND('',#1169,.T.);
#960=FACE_OUTER_BOUND('',#1170,.T.);
#961=FACE_OUTER_BOUND('',#1171,.T.);
#962=FACE_OUTER_BOUND('',#1172,.T.);
#963=FACE_OUTER_BOUND('',#1173,.T.);
#964=FACE_OUTER_BOUND('',#1174,.T.);
#965=FACE_OUTER_BOUND('',#1175,.T.);
#966=FACE_OUTER_BOUND('',#1176,.T.);
#967=FACE_OUTER_BOUND('',#1179,.T.);
#968=FACE_OUTER_BOUND('',#1180,.T.);
#969=FACE_OUTER_BOUND('',#1181,.T.);
#970=FACE_OUTER_BOUND('',#1182,.T.);
#971=FACE_OUTER_BOUND('',#1183,.T.);
#972=FACE_OUTER_BOUND('',#1184,.T.);
#973=FACE_OUTER_BOUND('',#1185,.T.);
#974=FACE_OUTER_BOUND('',#1188,.T.);
#975=FACE_OUTER_BOUND('',#1189,.T.);
#976=FACE_OUTER_BOUND('',#1190,.T.);
#977=FACE_OUTER_BOUND('',#1191,.T.);
#978=FACE_OUTER_BOUND('',#1192,.T.);
#979=FACE_OUTER_BOUND('',#1193,.T.);
#980=FACE_OUTER_BOUND('',#1194,.T.);
#981=FACE_OUTER_BOUND('',#1195,.T.);
#982=FACE_OUTER_BOUND('',#1196,.T.);
#983=FACE_OUTER_BOUND('',#1197,.T.);
#984=FACE_OUTER_BOUND('',#1198,.T.);
#985=FACE_OUTER_BOUND('',#1199,.T.);
#986=FACE_OUTER_BOUND('',#1205,.T.);
#987=FACE_OUTER_BOUND('',#1206,.T.);
#988=FACE_OUTER_BOUND('',#1207,.T.);
#989=FACE_OUTER_BOUND('',#1208,.T.);
#990=FACE_OUTER_BOUND('',#1209,.T.);
#991=FACE_OUTER_BOUND('',#1210,.T.);
#992=FACE_OUTER_BOUND('',#1211,.T.);
#993=FACE_OUTER_BOUND('',#1212,.T.);
#994=FACE_OUTER_BOUND('',#1213,.T.);
#995=FACE_OUTER_BOUND('',#1214,.T.);
#996=FACE_OUTER_BOUND('',#1215,.T.);
#997=FACE_OUTER_BOUND('',#1216,.T.);
#998=FACE_OUTER_BOUND('',#1217,.T.);
#999=FACE_OUTER_BOUND('',#1218,.T.);
#1000=FACE_OUTER_BOUND('',#1219,.T.);
#1001=FACE_OUTER_BOUND('',#1220,.T.);
#1002=FACE_OUTER_BOUND('',#1221,.T.);
#1003=FACE_OUTER_BOUND('',#1222,.T.);
#1004=FACE_OUTER_BOUND('',#1223,.T.);
#1005=FACE_OUTER_BOUND('',#1224,.T.);
#1006=FACE_OUTER_BOUND('',#1225,.T.);
#1007=FACE_OUTER_BOUND('',#1226,.T.);
#1008=FACE_OUTER_BOUND('',#1227,.T.);
#1009=FACE_OUTER_BOUND('',#1228,.T.);
#1010=FACE_OUTER_BOUND('',#1229,.T.);
#1011=FACE_OUTER_BOUND('',#1230,.T.);
#1012=FACE_OUTER_BOUND('',#1231,.T.);
#1013=FACE_OUTER_BOUND('',#1232,.T.);
#1014=FACE_OUTER_BOUND('',#1233,.T.);
#1015=FACE_OUTER_BOUND('',#1234,.T.);
#1016=FACE_OUTER_BOUND('',#1235,.T.);
#1017=FACE_OUTER_BOUND('',#1236,.T.);
#1018=FACE_OUTER_BOUND('',#1238,.T.);
#1019=FACE_OUTER_BOUND('',#1239,.T.);
#1020=FACE_OUTER_BOUND('',#1240,.T.);
#1021=FACE_OUTER_BOUND('',#1241,.T.);
#1022=FACE_OUTER_BOUND('',#1242,.T.);
#1023=FACE_OUTER_BOUND('',#1243,.T.);
#1024=FACE_OUTER_BOUND('',#1244,.T.);
#1025=FACE_OUTER_BOUND('',#1245,.T.);
#1026=FACE_OUTER_BOUND('',#1248,.T.);
#1027=FACE_OUTER_BOUND('',#1249,.T.);
#1028=FACE_OUTER_BOUND('',#1250,.T.);
#1029=FACE_OUTER_BOUND('',#1251,.T.);
#1030=FACE_OUTER_BOUND('',#1252,.T.);
#1031=FACE_OUTER_BOUND('',#1253,.T.);
#1032=FACE_OUTER_BOUND('',#1254,.T.);
#1033=FACE_OUTER_BOUND('',#1255,.T.);
#1034=FACE_OUTER_BOUND('',#1256,.T.);
#1035=FACE_OUTER_BOUND('',#1257,.T.);
#1036=FACE_OUTER_BOUND('',#1258,.T.);
#1037=FACE_OUTER_BOUND('',#1259,.T.);
#1038=FACE_OUTER_BOUND('',#1260,.T.);
#1039=FACE_OUTER_BOUND('',#1261,.T.);
#1040=FACE_OUTER_BOUND('',#1262,.T.);
#1041=FACE_OUTER_BOUND('',#1263,.T.);
#1042=FACE_OUTER_BOUND('',#1264,.T.);
#1043=FACE_OUTER_BOUND('',#1265,.T.);
#1044=FACE_OUTER_BOUND('',#1266,.T.);
#1045=FACE_OUTER_BOUND('',#1267,.T.);
#1046=FACE_OUTER_BOUND('',#1268,.T.);
#1047=FACE_OUTER_BOUND('',#1269,.T.);
#1048=FACE_OUTER_BOUND('',#1270,.T.);
#1049=FACE_OUTER_BOUND('',#1271,.T.);
#1050=FACE_OUTER_BOUND('',#1272,.T.);
#1051=FACE_OUTER_BOUND('',#1273,.T.);
#1052=FACE_OUTER_BOUND('',#1274,.T.);
#1053=FACE_OUTER_BOUND('',#1275,.T.);
#1054=FACE_OUTER_BOUND('',#1276,.T.);
#1055=FACE_OUTER_BOUND('',#1277,.T.);
#1056=FACE_OUTER_BOUND('',#1278,.T.);
#1057=FACE_OUTER_BOUND('',#1279,.T.);
#1058=FACE_OUTER_BOUND('',#1280,.T.);
#1059=FACE_OUTER_BOUND('',#1281,.T.);
#1060=FACE_OUTER_BOUND('',#1282,.T.);
#1061=FACE_OUTER_BOUND('',#1283,.T.);
#1062=FACE_OUTER_BOUND('',#1287,.T.);
#1063=FACE_OUTER_BOUND('',#1288,.T.);
#1064=FACE_OUTER_BOUND('',#1289,.T.);
#1065=FACE_OUTER_BOUND('',#1290,.T.);
#1066=FACE_OUTER_BOUND('',#1291,.T.);
#1067=FACE_OUTER_BOUND('',#1292,.T.);
#1068=FACE_OUTER_BOUND('',#1293,.T.);
#1069=FACE_OUTER_BOUND('',#1294,.T.);
#1070=FACE_OUTER_BOUND('',#1295,.T.);
#1071=FACE_OUTER_BOUND('',#1296,.T.);
#1072=FACE_OUTER_BOUND('',#1297,.T.);
#1073=FACE_OUTER_BOUND('',#1298,.T.);
#1074=FACE_OUTER_BOUND('',#1299,.T.);
#1075=FACE_OUTER_BOUND('',#1300,.T.);
#1076=FACE_OUTER_BOUND('',#1301,.T.);
#1077=FACE_OUTER_BOUND('',#1302,.T.);
#1078=FACE_OUTER_BOUND('',#1303,.T.);
#1079=FACE_OUTER_BOUND('',#1304,.T.);
#1080=FACE_OUTER_BOUND('',#1305,.T.);
#1081=FACE_OUTER_BOUND('',#1308,.T.);
#1082=FACE_OUTER_BOUND('',#1309,.T.);
#1083=FACE_OUTER_BOUND('',#1310,.T.);
#1084=FACE_OUTER_BOUND('',#1311,.T.);
#1085=FACE_OUTER_BOUND('',#1312,.T.);
#1086=FACE_OUTER_BOUND('',#1313,.T.);
#1087=FACE_OUTER_BOUND('',#1314,.T.);
#1088=FACE_OUTER_BOUND('',#1317,.T.);
#1089=FACE_OUTER_BOUND('',#1318,.T.);
#1090=FACE_OUTER_BOUND('',#1319,.T.);
#1091=FACE_OUTER_BOUND('',#1320,.T.);
#1092=FACE_OUTER_BOUND('',#1321,.T.);
#1093=FACE_OUTER_BOUND('',#1322,.T.);
#1094=FACE_OUTER_BOUND('',#1323,.T.);
#1095=FACE_OUTER_BOUND('',#1324,.T.);
#1096=FACE_OUTER_BOUND('',#1325,.T.);
#1097=FACE_OUTER_BOUND('',#1326,.T.);
#1098=FACE_OUTER_BOUND('',#1327,.T.);
#1099=FACE_OUTER_BOUND('',#1328,.T.);
#1100=FACE_OUTER_BOUND('',#1334,.T.);
#1101=FACE_OUTER_BOUND('',#1335,.T.);
#1102=FACE_OUTER_BOUND('',#1336,.T.);
#1103=FACE_OUTER_BOUND('',#1337,.T.);
#1104=FACE_OUTER_BOUND('',#1338,.T.);
#1105=FACE_OUTER_BOUND('',#1339,.T.);
#1106=FACE_OUTER_BOUND('',#1340,.T.);
#1107=FACE_OUTER_BOUND('',#1341,.T.);
#1108=FACE_OUTER_BOUND('',#1342,.T.);
#1109=FACE_OUTER_BOUND('',#1343,.T.);
#1110=FACE_OUTER_BOUND('',#1344,.T.);
#1111=FACE_OUTER_BOUND('',#1345,.T.);
#1112=FACE_OUTER_BOUND('',#1346,.T.);
#1113=EDGE_LOOP('',(#2325,#2326,#2327,#2328,#2329));
#1114=EDGE_LOOP('',(#2330,#2331,#2332,#2333,#2334));
#1115=EDGE_LOOP('',(#2335,#2336,#2337,#2338,#2339,#2340,#2341,#2342,#2343,
#2344,#2345));
#1116=EDGE_LOOP('',(#2346,#2347,#2348,#2349,#2350,#2351,#2352,#2353,#2354,
#2355,#2356,#2357,#2358,#2359));
#1117=EDGE_LOOP('',(#2360));
#1118=EDGE_LOOP('',(#2361));
#1119=EDGE_LOOP('',(#2362,#2363,#2364,#2365,#2366,#2367));
#1120=EDGE_LOOP('',(#2368,#2369,#2370,#2371,#2372));
#1121=EDGE_LOOP('',(#2373,#2374,#2375,#2376,#2377));
#1122=EDGE_LOOP('',(#2378,#2379,#2380,#2381));
#1123=EDGE_LOOP('',(#2382,#2383,#2384,#2385,#2386));
#1124=EDGE_LOOP('',(#2387,#2388,#2389,#2390,#2391,#2392));
#1125=EDGE_LOOP('',(#2393,#2394,#2395,#2396,#2397));
#1126=EDGE_LOOP('',(#2398,#2399,#2400,#2401));
#1127=EDGE_LOOP('',(#2402,#2403,#2404,#2405,#2406,#2407,#2408,#2409,#2410));
#1128=EDGE_LOOP('',(#2411,#2412,#2413,#2414,#2415,#2416));
#1129=EDGE_LOOP('',(#2417,#2418,#2419));
#1130=EDGE_LOOP('',(#2420,#2421,#2422,#2423));
#1131=EDGE_LOOP('',(#2424,#2425,#2426,#2427));
#1132=EDGE_LOOP('',(#2428,#2429,#2430,#2431));
#1133=EDGE_LOOP('',(#2432,#2433,#2434));
#1134=EDGE_LOOP('',(#2435,#2436,#2437,#2438));
#1135=EDGE_LOOP('',(#2439,#2440,#2441,#2442));
#1136=EDGE_LOOP('',(#2443,#2444,#2445,#2446));
#1137=EDGE_LOOP('',(#2447,#2448,#2449,#2450));
#1138=EDGE_LOOP('',(#2451,#2452,#2453));
#1139=EDGE_LOOP('',(#2454,#2455,#2456,#2457));
#1140=EDGE_LOOP('',(#2458,#2459,#2460,#2461));
#1141=EDGE_LOOP('',(#2462,#2463,#2464,#2465));
#1142=EDGE_LOOP('',(#2466,#2467,#2468,#2469,#2470));
#1143=EDGE_LOOP('',(#2471,#2472,#2473,#2474,#2475,#2476));
#1144=EDGE_LOOP('',(#2477,#2478,#2479,#2480));
#1145=EDGE_LOOP('',(#2481,#2482,#2483,#2484));
#1146=EDGE_LOOP('',(#2485,#2486,#2487,#2488));
#1147=EDGE_LOOP('',(#2489,#2490,#2491,#2492));
#1148=EDGE_LOOP('',(#2493,#2494,#2495,#2496));
#1149=EDGE_LOOP('',(#2497,#2498,#2499,#2500,#2501));
#1150=EDGE_LOOP('',(#2502,#2503,#2504,#2505));
#1151=EDGE_LOOP('',(#2506,#2507,#2508,#2509));
#1152=EDGE_LOOP('',(#2510,#2511,#2512,#2513));
#1153=EDGE_LOOP('',(#2514,#2515,#2516,#2517,#2518));
#1154=EDGE_LOOP('',(#2519,#2520,#2521,#2522,#2523,#2524,#2525,#2526));
#1155=EDGE_LOOP('',(#2527));
#1156=EDGE_LOOP('',(#2528));
#1157=EDGE_LOOP('',(#2529));
#1158=EDGE_LOOP('',(#2530,#2531,#2532,#2533,#2534));
#1159=EDGE_LOOP('',(#2535,#2536,#2537,#2538));
#1160=EDGE_LOOP('',(#2539,#2540,#2541,#2542));
#1161=EDGE_LOOP('',(#2543,#2544,#2545,#2546));
#1162=EDGE_LOOP('',(#2547,#2548,#2549,#2550));
#1163=EDGE_LOOP('',(#2551,#2552,#2553,#2554));
#1164=EDGE_LOOP('',(#2555,#2556,#2557,#2558));
#1165=EDGE_LOOP('',(#2559,#2560,#2561,#2562));
#1166=EDGE_LOOP('',(#2563,#2564,#2565,#2566,#2567));
#1167=EDGE_LOOP('',(#2568,#2569,#2570,#2571));
#1168=EDGE_LOOP('',(#2572,#2573,#2574,#2575));
#1169=EDGE_LOOP('',(#2576,#2577,#2578,#2579));
#1170=EDGE_LOOP('',(#2580,#2581,#2582,#2583));
#1171=EDGE_LOOP('',(#2584,#2585,#2586,#2587));
#1172=EDGE_LOOP('',(#2588,#2589,#2590,#2591));
#1173=EDGE_LOOP('',(#2592,#2593,#2594,#2595,#2596,#2597));
#1174=EDGE_LOOP('',(#2598,#2599,#2600,#2601,#2602));
#1175=EDGE_LOOP('',(#2603,#2604,#2605,#2606,#2607,#2608,#2609,#2610,#2611,
#2612));
#1176=EDGE_LOOP('',(#2613,#2614,#2615,#2616,#2617,#2618,#2619,#2620,#2621));
#1177=EDGE_LOOP('',(#2622));
#1178=EDGE_LOOP('',(#2623));
#1179=EDGE_LOOP('',(#2624,#2625,#2626,#2627,#2628,#2629,#2630,#2631,#2632,
#2633,#2634));
#1180=EDGE_LOOP('',(#2635,#2636,#2637,#2638));
#1181=EDGE_LOOP('',(#2639,#2640,#2641,#2642));
#1182=EDGE_LOOP('',(#2643,#2644,#2645,#2646));
#1183=EDGE_LOOP('',(#2647,#2648,#2649,#2650));
#1184=EDGE_LOOP('',(#2651,#2652,#2653,#2654));
#1185=EDGE_LOOP('',(#2655,#2656,#2657,#2658,#2659,#2660,#2661,#2662,#2663,
#2664,#2665));
#1186=EDGE_LOOP('',(#2666));
#1187=EDGE_LOOP('',(#2667));
#1188=EDGE_LOOP('',(#2668,#2669,#2670,#2671,#2672,#2673));
#1189=EDGE_LOOP('',(#2674,#2675,#2676,#2677));
#1190=EDGE_LOOP('',(#2678,#2679,#2680,#2681));
#1191=EDGE_LOOP('',(#2682,#2683,#2684,#2685,#2686,#2687,#2688));
#1192=EDGE_LOOP('',(#2689,#2690,#2691));
#1193=EDGE_LOOP('',(#2692,#2693,#2694,#2695,#2696,#2697));
#1194=EDGE_LOOP('',(#2698,#2699,#2700,#2701));
#1195=EDGE_LOOP('',(#2702,#2703,#2704,#2705,#2706,#2707));
#1196=EDGE_LOOP('',(#2708,#2709,#2710,#2711,#2712));
#1197=EDGE_LOOP('',(#2713,#2714,#2715,#2716,#2717,#2718,#2719));
#1198=EDGE_LOOP('',(#2720,#2721,#2722,#2723));
#1199=EDGE_LOOP('',(#2724,#2725,#2726,#2727,#2728,#2729,#2730,#2731,#2732,
#2733,#2734,#2735));
#1200=EDGE_LOOP('',(#2736));
#1201=EDGE_LOOP('',(#2737));
#1202=EDGE_LOOP('',(#2738));
#1203=EDGE_LOOP('',(#2739));
#1204=EDGE_LOOP('',(#2740));
#1205=EDGE_LOOP('',(#2741,#2742,#2743,#2744,#2745,#2746,#2747,#2748,#2749));
#1206=EDGE_LOOP('',(#2750,#2751,#2752,#2753));
#1207=EDGE_LOOP('',(#2754,#2755,#2756,#2757,#2758));
#1208=EDGE_LOOP('',(#2759,#2760,#2761));
#1209=EDGE_LOOP('',(#2762,#2763,#2764,#2765));
#1210=EDGE_LOOP('',(#2766,#2767,#2768,#2769));
#1211=EDGE_LOOP('',(#2770,#2771,#2772,#2773,#2774));
#1212=EDGE_LOOP('',(#2775,#2776,#2777,#2778));
#1213=EDGE_LOOP('',(#2779,#2780,#2781,#2782));
#1214=EDGE_LOOP('',(#2783,#2784,#2785,#2786));
#1215=EDGE_LOOP('',(#2787,#2788,#2789,#2790,#2791));
#1216=EDGE_LOOP('',(#2792,#2793,#2794,#2795,#2796));
#1217=EDGE_LOOP('',(#2797,#2798,#2799,#2800));
#1218=EDGE_LOOP('',(#2801,#2802,#2803,#2804));
#1219=EDGE_LOOP('',(#2805,#2806,#2807,#2808,#2809));
#1220=EDGE_LOOP('',(#2810,#2811,#2812));
#1221=EDGE_LOOP('',(#2813,#2814,#2815,#2816,#2817));
#1222=EDGE_LOOP('',(#2818,#2819,#2820));
#1223=EDGE_LOOP('',(#2821,#2822,#2823,#2824,#2825));
#1224=EDGE_LOOP('',(#2826,#2827,#2828));
#1225=EDGE_LOOP('',(#2829,#2830,#2831,#2832,#2833));
#1226=EDGE_LOOP('',(#2834,#2835,#2836));
#1227=EDGE_LOOP('',(#2837,#2838,#2839,#2840,#2841,#2842,#2843,#2844));
#1228=EDGE_LOOP('',(#2845,#2846,#2847));
#1229=EDGE_LOOP('',(#2848,#2849,#2850,#2851,#2852,#2853,#2854,#2855));
#1230=EDGE_LOOP('',(#2856,#2857,#2858));
#1231=EDGE_LOOP('',(#2859,#2860,#2861,#2862,#2863,#2864,#2865,#2866));
#1232=EDGE_LOOP('',(#2867,#2868,#2869));
#1233=EDGE_LOOP('',(#2870,#2871,#2872,#2873,#2874,#2875,#2876,#2877));
#1234=EDGE_LOOP('',(#2878,#2879,#2880));
#1235=EDGE_LOOP('',(#2881,#2882,#2883,#2884));
#1236=EDGE_LOOP('',(#2885));
#1237=EDGE_LOOP('',(#2886,#2887,#2888,#2889,#2890,#2891,#2892,#2893,#2894,
#2895,#2896,#2897,#2898,#2899,#2900,#2901));
#1238=EDGE_LOOP('',(#2902,#2903,#2904,#2905));
#1239=EDGE_LOOP('',(#2906,#2907,#2908,#2909));
#1240=EDGE_LOOP('',(#2910,#2911,#2912,#2913));
#1241=EDGE_LOOP('',(#2914));
#1242=EDGE_LOOP('',(#2915,#2916,#2917,#2918,#2919));
#1243=EDGE_LOOP('',(#2920,#2921,#2922,#2923,#2924));
#1244=EDGE_LOOP('',(#2925,#2926,#2927,#2928,#2929,#2930,#2931,#2932,#2933,
#2934,#2935));
#1245=EDGE_LOOP('',(#2936,#2937,#2938,#2939,#2940,#2941,#2942,#2943,#2944,
#2945,#2946,#2947,#2948,#2949));
#1246=EDGE_LOOP('',(#2950));
#1247=EDGE_LOOP('',(#2951));
#1248=EDGE_LOOP('',(#2952,#2953,#2954,#2955,#2956,#2957));
#1249=EDGE_LOOP('',(#2958,#2959,#2960,#2961,#2962));
#1250=EDGE_LOOP('',(#2963,#2964,#2965,#2966,#2967));
#1251=EDGE_LOOP('',(#2968,#2969,#2970,#2971));
#1252=EDGE_LOOP('',(#2972,#2973,#2974,#2975,#2976));
#1253=EDGE_LOOP('',(#2977,#2978,#2979,#2980,#2981,#2982));
#1254=EDGE_LOOP('',(#2983,#2984,#2985,#2986,#2987));
#1255=EDGE_LOOP('',(#2988,#2989,#2990,#2991));
#1256=EDGE_LOOP('',(#2992,#2993,#2994,#2995,#2996,#2997,#2998,#2999,#3000));
#1257=EDGE_LOOP('',(#3001,#3002,#3003,#3004,#3005,#3006));
#1258=EDGE_LOOP('',(#3007,#3008,#3009));
#1259=EDGE_LOOP('',(#3010,#3011,#3012,#3013));
#1260=EDGE_LOOP('',(#3014,#3015,#3016,#3017));
#1261=EDGE_LOOP('',(#3018,#3019,#3020,#3021));
#1262=EDGE_LOOP('',(#3022,#3023,#3024));
#1263=EDGE_LOOP('',(#3025,#3026,#3027,#3028));
#1264=EDGE_LOOP('',(#3029,#3030,#3031,#3032));
#1265=EDGE_LOOP('',(#3033,#3034,#3035,#3036));
#1266=EDGE_LOOP('',(#3037,#3038,#3039,#3040));
#1267=EDGE_LOOP('',(#3041,#3042,#3043));
#1268=EDGE_LOOP('',(#3044,#3045,#3046,#3047));
#1269=EDGE_LOOP('',(#3048,#3049,#3050,#3051));
#1270=EDGE_LOOP('',(#3052,#3053,#3054,#3055));
#1271=EDGE_LOOP('',(#3056,#3057,#3058,#3059,#3060));
#1272=EDGE_LOOP('',(#3061,#3062,#3063,#3064,#3065,#3066));
#1273=EDGE_LOOP('',(#3067,#3068,#3069,#3070));
#1274=EDGE_LOOP('',(#3071,#3072,#3073,#3074));
#1275=EDGE_LOOP('',(#3075,#3076,#3077,#3078));
#1276=EDGE_LOOP('',(#3079,#3080,#3081,#3082));
#1277=EDGE_LOOP('',(#3083,#3084,#3085,#3086));
#1278=EDGE_LOOP('',(#3087,#3088,#3089,#3090,#3091));
#1279=EDGE_LOOP('',(#3092,#3093,#3094,#3095));
#1280=EDGE_LOOP('',(#3096,#3097,#3098,#3099));
#1281=EDGE_LOOP('',(#3100,#3101,#3102,#3103));
#1282=EDGE_LOOP('',(#3104,#3105,#3106,#3107,#3108));
#1283=EDGE_LOOP('',(#3109,#3110,#3111,#3112,#3113,#3114,#3115,#3116));
#1284=EDGE_LOOP('',(#3117));
#1285=EDGE_LOOP('',(#3118));
#1286=EDGE_LOOP('',(#3119));
#1287=EDGE_LOOP('',(#3120,#3121,#3122,#3123,#3124));
#1288=EDGE_LOOP('',(#3125,#3126,#3127,#3128));
#1289=EDGE_LOOP('',(#3129,#3130,#3131,#3132));
#1290=EDGE_LOOP('',(#3133,#3134,#3135,#3136));
#1291=EDGE_LOOP('',(#3137,#3138,#3139,#3140));
#1292=EDGE_LOOP('',(#3141,#3142,#3143,#3144));
#1293=EDGE_LOOP('',(#3145,#3146,#3147,#3148));
#1294=EDGE_LOOP('',(#3149,#3150,#3151,#3152));
#1295=EDGE_LOOP('',(#3153,#3154,#3155,#3156,#3157));
#1296=EDGE_LOOP('',(#3158,#3159,#3160,#3161));
#1297=EDGE_LOOP('',(#3162,#3163,#3164,#3165));
#1298=EDGE_LOOP('',(#3166,#3167,#3168,#3169));
#1299=EDGE_LOOP('',(#3170,#3171,#3172,#3173));
#1300=EDGE_LOOP('',(#3174,#3175,#3176,#3177));
#1301=EDGE_LOOP('',(#3178,#3179,#3180,#3181));
#1302=EDGE_LOOP('',(#3182,#3183,#3184,#3185,#3186,#3187));
#1303=EDGE_LOOP('',(#3188,#3189,#3190,#3191,#3192));
#1304=EDGE_LOOP('',(#3193,#3194,#3195,#3196,#3197,#3198,#3199,#3200,#3201,
#3202));
#1305=EDGE_LOOP('',(#3203,#3204,#3205,#3206,#3207,#3208,#3209,#3210,#3211));
#1306=EDGE_LOOP('',(#3212));
#1307=EDGE_LOOP('',(#3213));
#1308=EDGE_LOOP('',(#3214,#3215,#3216,#3217,#3218,#3219,#3220,#3221,#3222,
#3223,#3224));
#1309=EDGE_LOOP('',(#3225,#3226,#3227,#3228));
#1310=EDGE_LOOP('',(#3229,#3230,#3231,#3232));
#1311=EDGE_LOOP('',(#3233,#3234,#3235,#3236));
#1312=EDGE_LOOP('',(#3237,#3238,#3239,#3240));
#1313=EDGE_LOOP('',(#3241,#3242,#3243,#3244));
#1314=EDGE_LOOP('',(#3245,#3246,#3247,#3248,#3249,#3250,#3251,#3252,#3253,
#3254,#3255));
#1315=EDGE_LOOP('',(#3256));
#1316=EDGE_LOOP('',(#3257));
#1317=EDGE_LOOP('',(#3258,#3259,#3260,#3261,#3262,#3263));
#1318=EDGE_LOOP('',(#3264,#3265,#3266,#3267));
#1319=EDGE_LOOP('',(#3268,#3269,#3270,#3271));
#1320=EDGE_LOOP('',(#3272,#3273,#3274,#3275,#3276,#3277,#3278));
#1321=EDGE_LOOP('',(#3279,#3280,#3281));
#1322=EDGE_LOOP('',(#3282,#3283,#3284,#3285,#3286,#3287));
#1323=EDGE_LOOP('',(#3288,#3289,#3290,#3291));
#1324=EDGE_LOOP('',(#3292,#3293,#3294,#3295,#3296,#3297));
#1325=EDGE_LOOP('',(#3298,#3299,#3300,#3301,#3302));
#1326=EDGE_LOOP('',(#3303,#3304,#3305,#3306,#3307,#3308,#3309));
#1327=EDGE_LOOP('',(#3310,#3311,#3312,#3313));
#1328=EDGE_LOOP('',(#3314,#3315,#3316,#3317,#3318,#3319,#3320,#3321,#3322,
#3323,#3324,#3325));
#1329=EDGE_LOOP('',(#3326));
#1330=EDGE_LOOP('',(#3327));
#1331=EDGE_LOOP('',(#3328));
#1332=EDGE_LOOP('',(#3329));
#1333=EDGE_LOOP('',(#3330));
#1334=EDGE_LOOP('',(#3331,#3332,#3333,#3334,#3335,#3336,#3337,#3338,#3339));
#1335=EDGE_LOOP('',(#3340,#3341,#3342,#3343));
#1336=EDGE_LOOP('',(#3344,#3345,#3346,#3347,#3348));
#1337=EDGE_LOOP('',(#3349,#3350,#3351));
#1338=EDGE_LOOP('',(#3352,#3353,#3354,#3355));
#1339=EDGE_LOOP('',(#3356,#3357,#3358,#3359));
#1340=EDGE_LOOP('',(#3360,#3361,#3362,#3363,#3364));
#1341=EDGE_LOOP('',(#3365,#3366,#3367,#3368));
#1342=EDGE_LOOP('',(#3369,#3370,#3371,#3372));
#1343=EDGE_LOOP('',(#3373,#3374,#3375,#3376));
#1344=EDGE_LOOP('',(#3377,#3378,#3379,#3380,#3381));
#1345=EDGE_LOOP('',(#3382,#3383,#3384,#3385,#3386));
#1346=EDGE_LOOP('',(#3387,#3388,#3389,#3390));
#1347=ELLIPSE('',#3625,246.160941146357,50.0000000007491);
#1348=ELLIPSE('',#3626,244.747745538246,42.5000000008059);
#1349=ELLIPSE('',#3644,10.0470872277379,10.);
#1350=ELLIPSE('',#3648,11.7251365543604,10.);
#1351=ELLIPSE('',#3817,0.916622019698138,0.4572);
#1352=ELLIPSE('',#3818,0.459430158624576,0.4572);
#1353=ELLIPSE('',#3819,0.91662201969806,0.4572);
#1354=ELLIPSE('',#3822,0.916622019698179,0.4572);
#1355=ELLIPSE('',#3823,0.459430158624577,0.4572);
#1356=ELLIPSE('',#3824,0.916622019698107,0.4572);
#1357=ELLIPSE('',#3827,0.916622019698105,0.4572);
#1358=ELLIPSE('',#3828,0.459430158624576,0.4572);
#1359=ELLIPSE('',#3829,0.916622019698146,0.4572);
#1360=ELLIPSE('',#3832,0.916622019698063,0.4572);
#1361=ELLIPSE('',#3833,0.459430158624576,0.4572);
#1362=ELLIPSE('',#3834,0.916622019698112,0.4572);
#1363=ELLIPSE('',#3856,246.160941146357,50.0000000007491);
#1364=ELLIPSE('',#3857,244.747745538246,42.5000000008059);
#1365=ELLIPSE('',#3875,10.0470872277379,10.);
#1366=ELLIPSE('',#3879,11.7251365543604,10.);
#1367=B_SPLINE_CURVE_WITH_KNOTS('',3,(#5117,#5118,#5119,#5120,#5121,#5122,
#5123),.UNSPECIFIED.,.F.,.F.,(4,3,4),(0.200161390532013,0.267194311423112,
0.276372994455126),.UNSPECIFIED.);
#1368=B_SPLINE_CURVE_WITH_KNOTS('',3,(#5127,#5128,#5129,#5130,#5131,#5132),
 .UNSPECIFIED.,.F.,.F.,(4,2,4),(0.,0.215189348286276,0.424738141638026),
 .UNSPECIFIED.);
#1369=B_SPLINE_CURVE_WITH_KNOTS('',3,(#5135,#5136,#5137,#5138,#5139,#5140,
#5141,#5142,#5143,#5144),.UNSPECIFIED.,.F.,.F.,(4,3,3,4),(0.,0.0614075570376506,
0.105614037176294,0.155346843486407),.UNSPECIFIED.);
#1370=B_SPLINE_CURVE_WITH_KNOTS('',3,(#5151,#5152,#5153,#5154),
 .UNSPECIFIED.,.F.,.F.,(4,4),(-0.529266122554962,-4.82879302931908E-16),
 .UNSPECIFIED.);
#1371=B_SPLINE_CURVE_WITH_KNOTS('',3,(#5160,#5161,#5162,#5163),
 .UNSPECIFIED.,.F.,.F.,(4,4),(-0.156606196538136,-0.110401115340771),
 .UNSPECIFIED.);
#1372=B_SPLINE_CURVE_WITH_KNOTS('',3,(#5165,#5166,#5167,#5168,#5169),
 .UNSPECIFIED.,.F.,.F.,(4,1,4),(-1.44420061330832,-0.894039651200435,-0.413471611612745),
 .UNSPECIFIED.);
#1373=B_SPLINE_CURVE_WITH_KNOTS('',3,(#5185,#5186,#5187,#5188,#5189,#5190,
#5191,#5192,#5193,#5194,#5195,#5196,#5197,#5198,#5199,#5200,#5201,#5202,
#5203,#5204,#5205,#5206,#5207,#5208,#5209,#5210,#5211,#5212,#5213,#5214,
#5215,#5216,#5217,#5218,#5219,#5220,#5221,#5222,#5223,#5224,#5225,#5226,
#5227,#5228,#5229,#5230,#5231,#5232,#5233,#5234,#5235,#5236,#5237,#5238,
#5239),.UNSPECIFIED.,.F.,.F.,(4,3,3,3,3,3,3,3,3,3,3,3,3,3,3,3,3,3,4),(0.,
0.0133079854778946,0.0266429628875838,0.0391590202253813,0.0525536208838729,
0.064326677446004,0.0772868300251973,0.0904910636044723,0.10392526995251,
0.115298214812407,0.128725824534675,0.142119861187514,0.154133945974902,
0.167698541132312,0.17765536591911,0.190467550777397,0.204133358475456,
0.217818713740283,0.226938236723166),.UNSPECIFIED.);
#1374=B_SPLINE_CURVE_WITH_KNOTS('',3,(#5252,#5253,#5254,#5255,#5256,#5257,
#5258,#5259,#5260,#5261,#5262,#5263,#5264,#5265,#5266,#5267,#5268,#5269,
#5270,#5271,#5272,#5273,#5274,#5275,#5276,#5277,#5278,#5279,#5280,#5281,
#5282,#5283,#5284,#5285,#5286,#5287,#5288,#5289,#5290,#5291,#5292,#5293,
#5294,#5295,#5296,#5297,#5298,#5299,#5300,#5301,#5302,#5303,#5304,#5305,
#5306,#5307,#5308,#5309,#5310,#5311,#5312,#5313,#5314,#5315),
 .UNSPECIFIED.,.F.,.F.,(4,3,3,3,3,3,3,3,3,3,3,3,3,3,3,3,3,3,3,3,3,4),(0.,
0.0136486658960415,0.0275757758836898,0.0415028858713381,0.0488823333266797,
0.062498866246208,0.0758834163538428,0.0823230635118754,0.0957339176563039,
0.0973899482519739,0.110871406980461,0.121812183313309,0.135245663805301,
0.14844973822112,0.160136931268389,0.161243173322965,0.174393594308522,
0.187789978660908,0.192458705959271,0.205788637025046,0.219133859283814,
0.224890187081696),.UNSPECIFIED.);
#1375=B_SPLINE_CURVE_WITH_KNOTS('',3,(#5358,#5359,#5360,#5361),
 .UNSPECIFIED.,.F.,.F.,(4,4),(0.,0.158637758433711),.UNSPECIFIED.);
#1376=B_SPLINE_CURVE_WITH_KNOTS('',3,(#5365,#5366,#5367,#5368,#5369),
 .UNSPECIFIED.,.F.,.F.,(4,1,4),(0.413471611612745,0.894039651200435,1.45105340934449),
 .UNSPECIFIED.);
#1377=B_SPLINE_CURVE_WITH_KNOTS('',3,(#5370,#5371,#5372,#5373,#5374,#5375,
#5376,#5377,#5378,#5379,#5380,#5381,#5382,#5383,#5384,#5385),
 .UNSPECIFIED.,.F.,.F.,(4,2,2,2,2,2,2,4),(0.,0.0100877634560248,0.0318726029522415,
0.0585396075339783,0.0944051429550723,0.144948703975999,0.199735285534744,
0.255510210628007),.UNSPECIFIED.);
#1378=B_SPLINE_CURVE_WITH_KNOTS('',3,(#5402,#5403,#5404,#5405),
 .UNSPECIFIED.,.F.,.F.,(4,4),(0.110401115340771,0.156606196538136),
 .UNSPECIFIED.);
#1379=B_SPLINE_CURVE_WITH_KNOTS('',3,(#5419,#5420,#5421,#5422),
 .UNSPECIFIED.,.F.,.F.,(4,4),(0.,0.0481372006978093),.UNSPECIFIED.);
#1380=B_SPLINE_CURVE_WITH_KNOTS('',3,(#5426,#5427,#5428,#5429,#5430,#5431,
#5432,#5433,#5434,#5435,#5436,#5437,#5438,#5439),.UNSPECIFIED.,.F.,.F.,
(4,2,2,2,2,2,4),(0.251568098497424,0.270389207294864,0.289210316092305,
0.326852533687186,0.414994365341017,0.503136196994849,0.610214460655105),
 .UNSPECIFIED.);
#1381=B_SPLINE_CURVE_WITH_KNOTS('',3,(#5444,#5445,#5446,#5447),
 .UNSPECIFIED.,.F.,.F.,(4,4),(-0.61098921141833,-0.0831917743627346),
 .UNSPECIFIED.);
#1382=B_SPLINE_CURVE_WITH_KNOTS('',3,(#5525,#5526,#5527,#5528),
 .UNSPECIFIED.,.F.,.F.,(4,4),(0.103415620090211,0.61098921141833),
 .UNSPECIFIED.);
#1383=B_SPLINE_CURVE_WITH_KNOTS('',3,(#5560,#5561,#5562,#5563),
 .UNSPECIFIED.,.F.,.F.,(4,4),(4.82879302931908E-16,0.509019520630361),
 .UNSPECIFIED.);
#1384=B_SPLINE_CURVE_WITH_KNOTS('',3,(#5576,#5577,#5578,#5579,#5580,#5581),
 .UNSPECIFIED.,.F.,.F.,(4,2,4),(3.44943875579024,3.75267268341003,3.91185412526407),
 .UNSPECIFIED.);
#1385=B_SPLINE_CURVE_WITH_KNOTS('',3,(#5587,#5588,#5589,#5590,#5591,#5592,
#5593,#5594),.UNSPECIFIED.,.F.,.F.,(4,2,2,4),(0.811028787768856,0.867884783078795,
0.924740778388734,1.01438002412956),.UNSPECIFIED.);
#1386=B_SPLINE_CURVE_WITH_KNOTS('',3,(#5649,#5650,#5651,#5652,#5653,#5654,
#5655,#5656,#5657,#5658),.UNSPECIFIED.,.F.,.F.,(4,2,2,2,4),(-0.298577630802314,
-0.268283447700304,-0.22657920234833,-0.205727079672343,-0.184874956996356),
 .UNSPECIFIED.);
#1387=B_SPLINE_CURVE_WITH_KNOTS('',3,(#5662,#5663,#5664,#5665,#5666,#5667,
#5668,#5669,#5670,#5671),.UNSPECIFIED.,.F.,.F.,(4,2,2,2,4),(0.251197563848908,
0.268712182431809,0.28622680101471,0.348322933922276,0.392478627683056),
 .UNSPECIFIED.);
#1388=B_SPLINE_CURVE_WITH_KNOTS('',3,(#5707,#5708,#5709,#5710),
 .UNSPECIFIED.,.F.,.F.,(4,4),(-0.519500589463928,-0.474150933473135),
 .UNSPECIFIED.);
#1389=B_SPLINE_CURVE_WITH_KNOTS('',3,(#5713,#5714,#5715,#5716),
 .UNSPECIFIED.,.F.,.F.,(4,4),(0.474150933473135,0.519500589463928),
 .UNSPECIFIED.);
#1390=B_SPLINE_CURVE_WITH_KNOTS('',3,(#5736,#5737,#5738,#5739),
 .UNSPECIFIED.,.F.,.F.,(4,4),(-0.542061559261345,-0.519500589463927),
 .UNSPECIFIED.);
#1391=B_SPLINE_CURVE_WITH_KNOTS('',3,(#5740,#5741,#5742,#5743),
 .UNSPECIFIED.,.F.,.F.,(4,4),(0.519500589463927,0.542061559261345),
 .UNSPECIFIED.);
#1392=B_SPLINE_CURVE_WITH_KNOTS('',3,(#5771,#5772,#5773,#5774,#5775,#5776),
 .UNSPECIFIED.,.F.,.F.,(4,2,4),(-0.66358544689318,-0.588543483014474,-0.542061559261344),
 .UNSPECIFIED.);
#1393=B_SPLINE_CURVE_WITH_KNOTS('',3,(#5777,#5778,#5779,#5780,#5781,#5782),
 .UNSPECIFIED.,.F.,.F.,(4,2,4),(0.542061559261344,0.588543483014474,0.66358544689318),
 .UNSPECIFIED.);
#1394=B_SPLINE_CURVE_WITH_KNOTS('',3,(#5811,#5812,#5813,#5814),
 .UNSPECIFIED.,.F.,.F.,(4,4),(0.12579707793159,0.129125192994132),
 .UNSPECIFIED.);
#1395=B_SPLINE_CURVE_WITH_KNOTS('',3,(#5815,#5816,#5817,#5818),
 .UNSPECIFIED.,.F.,.F.,(4,4),(-0.129125192994132,-0.12579707793159),
 .UNSPECIFIED.);
#1396=B_SPLINE_CURVE_WITH_KNOTS('',3,(#5857,#5858,#5859,#5860,#5861,#5862,
#5863,#5864,#5865,#5866,#5867,#5868,#5869,#5870,#5871,#5872,#5873,#5874,
#5875,#5876,#5877,#5878),.UNSPECIFIED.,.F.,.F.,(4,2,2,2,2,2,2,2,2,2,4),
(0.,0.00560396136604672,0.00912015716407104,0.0125653918976032,0.01765062404682,
0.0299217642613943,0.0672069699286526,0.109876256676042,0.123196520045331,
0.127583783039052,0.131365272331776),.UNSPECIFIED.);
#1397=B_SPLINE_CURVE_WITH_KNOTS('',3,(#5879,#5880,#5881,#5882,#5883,#5884),
 .UNSPECIFIED.,.F.,.F.,(4,2,4),(-0.713422451674119,-0.70817801526656,-0.663585446893178),
 .UNSPECIFIED.);
#1398=B_SPLINE_CURVE_WITH_KNOTS('',3,(#5886,#5887,#5888,#5889,#5890,#5891,
#5892,#5893,#5894),.UNSPECIFIED.,.F.,.F.,(4,2,1,1,1,4),(0.663585446893178,
0.70817801526656,0.766655098071979,0.825132180877397,0.883609263682815,
0.94994538882883),.UNSPECIFIED.);
#1399=B_SPLINE_CURVE_WITH_KNOTS('',3,(#5896,#5897,#5898,#5899,#5900,#5901,
#5902,#5903,#5904,#5905,#5906,#5907,#5908,#5909,#5910,#5911,#5912,#5913),
 .UNSPECIFIED.,.F.,.F.,(4,2,2,2,2,2,2,2,4),(0.0862436523362441,0.0873678349443417,
0.0890843877686061,0.0936136888157618,0.0996493024028461,0.112159365026575,
0.144686895735426,0.253160379309093,0.381978932637792),.UNSPECIFIED.);
#1400=B_SPLINE_CURVE_WITH_KNOTS('',3,(#5914,#5915,#5916,#5917,#5918,#5919,
#5920,#5921,#5922,#5923,#5924,#5925,#5926,#5927,#5928,#5929,#5930,#5931,
#5932,#5933,#5934,#5935,#5936,#5937,#5938,#5939,#5940,#5941,#5942,#5943,
#5944,#5945,#5946,#5947,#5948,#5949,#5950,#5951,#5952,#5953,#5954,#5955,
#5956,#5957,#5958,#5959,#5960,#5961,#5962),.UNSPECIFIED.,.F.,.F.,(4,3,3,
3,3,3,3,3,3,3,3,3,3,3,3,3,4),(0.00104865369170112,0.00588656905818699,0.0126781070277257,
0.0203796920021226,0.023520762889552,0.0326415857148361,0.0379026995663292,
0.0490461252730987,0.0517554349774853,0.0638315395324141,0.0655291275479348,
0.0767188496767504,0.0793690461618401,0.0883887429206798,0.0936888431939314,
0.101006709271275,0.10226928990587),.UNSPECIFIED.);
#1401=B_SPLINE_CURVE_WITH_KNOTS('',3,(#5975,#5976,#5977,#5978,#5979,#5980,
#5981,#5982,#5983,#5984,#5985,#5986),.UNSPECIFIED.,.F.,.F.,(4,2,2,2,2,4),
(-0.288652141116962,-0.270509300315096,-0.229087116824171,-0.189236914336145,
-0.146314800199627,-0.142948450598895),.UNSPECIFIED.);
#1402=B_SPLINE_CURVE_WITH_KNOTS('',3,(#6019,#6020,#6021,#6022,#6023,#6024,
#6025,#6026,#6027,#6028,#6029,#6030),.UNSPECIFIED.,.F.,.F.,(4,2,2,2,2,4),
(0.630724744791676,0.661383062162365,0.700502379347037,0.759514591376391,
0.809175292888314,0.855734748075767),.UNSPECIFIED.);
#1403=B_SPLINE_CURVE_WITH_KNOTS('',3,(#6031,#6032,#6033,#6034,#6035,#6036,
#6037,#6038,#6039,#6040),.UNSPECIFIED.,.F.,.F.,(4,2,2,2,4),(3.6355744087317,
3.73959058786923,3.84360676700677,4.01646471611084,4.07754256292132),
 .UNSPECIFIED.);
#1404=B_SPLINE_CURVE_WITH_KNOTS('',3,(#6044,#6045,#6046,#6047,#6048,#6049),
 .UNSPECIFIED.,.F.,.F.,(4,2,4),(1.35500665501169,1.39911154135405,1.56683465289133),
 .UNSPECIFIED.);
#1405=B_SPLINE_CURVE_WITH_KNOTS('',3,(#6105,#6106,#6107,#6108,#6109,#6110,
#6111,#6112,#6113,#6114),.UNSPECIFIED.,.F.,.F.,(4,2,2,2,4),(1.74231599277204,
1.94425910308341,2.1342947846232,2.18847518690247,2.24265558918173),
 .UNSPECIFIED.);
#1406=B_SPLINE_CURVE_WITH_KNOTS('',3,(#6136,#6137,#6138,#6139,#6140),
 .UNSPECIFIED.,.F.,.F.,(4,1,4),(-1.64395649287985,-1.47313823674295,-1.34492698358166),
 .UNSPECIFIED.);
#1407=B_SPLINE_CURVE_WITH_KNOTS('',3,(#6148,#6149,#6150,#6151),
 .UNSPECIFIED.,.F.,.F.,(4,4),(2.3053281118028,2.48612104232721),
 .UNSPECIFIED.);
#1408=B_SPLINE_CURVE_WITH_KNOTS('',3,(#6156,#6157,#6158,#6159,#6160,#6161),
 .UNSPECIFIED.,.F.,.F.,(4,2,4),(1.08335078227552,1.31552114867429,1.57349703074782),
 .UNSPECIFIED.);
#1409=B_SPLINE_CURVE_WITH_KNOTS('',3,(#6164,#6165,#6166,#6167,#6168,#6169),
 .UNSPECIFIED.,.F.,.F.,(4,2,4),(-1.36682368686361,-1.35570393861722,-1.26682556589919),
 .UNSPECIFIED.);
#1410=B_SPLINE_CURVE_WITH_KNOTS('',3,(#6171,#6172,#6173,#6174),
 .UNSPECIFIED.,.F.,.F.,(4,4),(0.0222620797839658,0.53484249465854),
 .UNSPECIFIED.);
#1411=B_SPLINE_CURVE_WITH_KNOTS('',3,(#6179,#6180,#6181,#6182,#6183,#6184),
 .UNSPECIFIED.,.F.,.F.,(4,2,4),(1.75635206989477,1.7726878749461,1.94833535094318),
 .UNSPECIFIED.);
#1412=B_SPLINE_CURVE_WITH_KNOTS('',3,(#6384,#6385,#6386,#6387,#6388,#6389,
#6390),.UNSPECIFIED.,.F.,.F.,(4,3,4),(0.200161390532013,0.267194311423112,
0.276372994455126),.UNSPECIFIED.);
#1413=B_SPLINE_CURVE_WITH_KNOTS('',3,(#6394,#6395,#6396,#6397,#6398,#6399),
 .UNSPECIFIED.,.F.,.F.,(4,2,4),(0.,0.215189348286276,0.424738141638026),
 .UNSPECIFIED.);
#1414=B_SPLINE_CURVE_WITH_KNOTS('',3,(#6402,#6403,#6404,#6405,#6406,#6407,
#6408,#6409,#6410,#6411),.UNSPECIFIED.,.F.,.F.,(4,3,3,4),(0.,0.0614075570376506,
0.105614037176294,0.155346843486407),.UNSPECIFIED.);
#1415=B_SPLINE_CURVE_WITH_KNOTS('',3,(#6418,#6419,#6420,#6421),
 .UNSPECIFIED.,.F.,.F.,(4,4),(-0.529266122554962,-4.82879302931908E-16),
 .UNSPECIFIED.);
#1416=B_SPLINE_CURVE_WITH_KNOTS('',3,(#6427,#6428,#6429,#6430),
 .UNSPECIFIED.,.F.,.F.,(4,4),(-0.156606196538136,-0.110401115340771),
 .UNSPECIFIED.);
#1417=B_SPLINE_CURVE_WITH_KNOTS('',3,(#6432,#6433,#6434,#6435,#6436),
 .UNSPECIFIED.,.F.,.F.,(4,1,4),(-1.44420061330832,-0.894039651200435,-0.413471611612745),
 .UNSPECIFIED.);
#1418=B_SPLINE_CURVE_WITH_KNOTS('',3,(#6452,#6453,#6454,#6455,#6456,#6457,
#6458,#6459,#6460,#6461,#6462,#6463,#6464,#6465,#6466,#6467,#6468,#6469,
#6470,#6471,#6472,#6473,#6474,#6475,#6476,#6477,#6478,#6479,#6480,#6481,
#6482,#6483,#6484,#6485,#6486,#6487,#6488,#6489,#6490,#6491,#6492,#6493,
#6494,#6495,#6496,#6497,#6498,#6499,#6500,#6501,#6502,#6503,#6504,#6505,
#6506),.UNSPECIFIED.,.F.,.F.,(4,3,3,3,3,3,3,3,3,3,3,3,3,3,3,3,3,3,4),(0.,
0.0133079854778946,0.0266429628875838,0.0391590202253813,0.0525536208838729,
0.064326677446004,0.0772868300251973,0.0904910636044723,0.10392526995251,
0.115298214812407,0.128725824534675,0.142119861187514,0.154133945974902,
0.167698541132312,0.17765536591911,0.190467550777397,0.204133358475456,
0.217818713740283,0.226938236723166),.UNSPECIFIED.);
#1419=B_SPLINE_CURVE_WITH_KNOTS('',3,(#6519,#6520,#6521,#6522,#6523,#6524,
#6525,#6526,#6527,#6528,#6529,#6530,#6531,#6532,#6533,#6534,#6535,#6536,
#6537,#6538,#6539,#6540,#6541,#6542,#6543,#6544,#6545,#6546,#6547,#6548,
#6549,#6550,#6551,#6552,#6553,#6554,#6555,#6556,#6557,#6558,#6559,#6560,
#6561,#6562,#6563,#6564,#6565,#6566,#6567,#6568,#6569,#6570,#6571,#6572,
#6573,#6574,#6575,#6576,#6577,#6578,#6579,#6580,#6581,#6582),
 .UNSPECIFIED.,.F.,.F.,(4,3,3,3,3,3,3,3,3,3,3,3,3,3,3,3,3,3,3,3,3,4),(0.,
0.0136486658960415,0.0275757758836898,0.0415028858713381,0.0488823333266797,
0.062498866246208,0.0758834163538428,0.0823230635118754,0.0957339176563039,
0.0973899482519739,0.110871406980461,0.121812183313309,0.135245663805301,
0.14844973822112,0.160136931268389,0.161243173322965,0.174393594308522,
0.187789978660908,0.192458705959271,0.205788637025046,0.219133859283814,
0.224890187081696),.UNSPECIFIED.);
#1420=B_SPLINE_CURVE_WITH_KNOTS('',3,(#6625,#6626,#6627,#6628),
 .UNSPECIFIED.,.F.,.F.,(4,4),(0.,0.158637758433711),.UNSPECIFIED.);
#1421=B_SPLINE_CURVE_WITH_KNOTS('',3,(#6632,#6633,#6634,#6635,#6636),
 .UNSPECIFIED.,.F.,.F.,(4,1,4),(0.413471611612745,0.894039651200435,1.45105340934449),
 .UNSPECIFIED.);
#1422=B_SPLINE_CURVE_WITH_KNOTS('',3,(#6637,#6638,#6639,#6640,#6641,#6642,
#6643,#6644,#6645,#6646,#6647,#6648,#6649,#6650,#6651,#6652),
 .UNSPECIFIED.,.F.,.F.,(4,2,2,2,2,2,2,4),(0.,0.0100877634560248,0.0318726029522415,
0.0585396075339783,0.0944051429550723,0.144948703975999,0.199735285534744,
0.255510210628007),.UNSPECIFIED.);
#1423=B_SPLINE_CURVE_WITH_KNOTS('',3,(#6669,#6670,#6671,#6672),
 .UNSPECIFIED.,.F.,.F.,(4,4),(0.110401115340771,0.156606196538136),
 .UNSPECIFIED.);
#1424=B_SPLINE_CURVE_WITH_KNOTS('',3,(#6686,#6687,#6688,#6689),
 .UNSPECIFIED.,.F.,.F.,(4,4),(0.,0.0481372006978093),.UNSPECIFIED.);
#1425=B_SPLINE_CURVE_WITH_KNOTS('',3,(#6693,#6694,#6695,#6696,#6697,#6698,
#6699,#6700,#6701,#6702,#6703,#6704,#6705,#6706),.UNSPECIFIED.,.F.,.F.,
(4,2,2,2,2,2,4),(0.251568098497424,0.270389207294864,0.289210316092305,
0.326852533687186,0.414994365341017,0.503136196994849,0.610214460655105),
 .UNSPECIFIED.);
#1426=B_SPLINE_CURVE_WITH_KNOTS('',3,(#6711,#6712,#6713,#6714),
 .UNSPECIFIED.,.F.,.F.,(4,4),(-0.61098921141833,-0.0831917743627346),
 .UNSPECIFIED.);
#1427=B_SPLINE_CURVE_WITH_KNOTS('',3,(#6792,#6793,#6794,#6795),
 .UNSPECIFIED.,.F.,.F.,(4,4),(0.103415620090211,0.61098921141833),
 .UNSPECIFIED.);
#1428=B_SPLINE_CURVE_WITH_KNOTS('',3,(#6827,#6828,#6829,#6830),
 .UNSPECIFIED.,.F.,.F.,(4,4),(4.82879302931908E-16,0.509019520630361),
 .UNSPECIFIED.);
#1429=B_SPLINE_CURVE_WITH_KNOTS('',3,(#6843,#6844,#6845,#6846,#6847,#6848),
 .UNSPECIFIED.,.F.,.F.,(4,2,4),(3.44943875579024,3.75267268341003,3.91185412526407),
 .UNSPECIFIED.);
#1430=B_SPLINE_CURVE_WITH_KNOTS('',3,(#6854,#6855,#6856,#6857,#6858,#6859,
#6860,#6861),.UNSPECIFIED.,.F.,.F.,(4,2,2,4),(0.811028787768856,0.867884783078795,
0.924740778388734,1.01438002412956),.UNSPECIFIED.);
#1431=B_SPLINE_CURVE_WITH_KNOTS('',3,(#6916,#6917,#6918,#6919,#6920,#6921,
#6922,#6923,#6924,#6925),.UNSPECIFIED.,.F.,.F.,(4,2,2,2,4),(-0.298577630802314,
-0.268283447700304,-0.22657920234833,-0.205727079672343,-0.184874956996356),
 .UNSPECIFIED.);
#1432=B_SPLINE_CURVE_WITH_KNOTS('',3,(#6929,#6930,#6931,#6932,#6933,#6934,
#6935,#6936,#6937,#6938),.UNSPECIFIED.,.F.,.F.,(4,2,2,2,4),(0.251197563848908,
0.268712182431809,0.28622680101471,0.348322933922276,0.392478627683056),
 .UNSPECIFIED.);
#1433=B_SPLINE_CURVE_WITH_KNOTS('',3,(#6974,#6975,#6976,#6977),
 .UNSPECIFIED.,.F.,.F.,(4,4),(-0.519500589463928,-0.474150933473135),
 .UNSPECIFIED.);
#1434=B_SPLINE_CURVE_WITH_KNOTS('',3,(#6980,#6981,#6982,#6983),
 .UNSPECIFIED.,.F.,.F.,(4,4),(0.474150933473135,0.519500589463928),
 .UNSPECIFIED.);
#1435=B_SPLINE_CURVE_WITH_KNOTS('',3,(#7003,#7004,#7005,#7006),
 .UNSPECIFIED.,.F.,.F.,(4,4),(-0.542061559261345,-0.519500589463927),
 .UNSPECIFIED.);
#1436=B_SPLINE_CURVE_WITH_KNOTS('',3,(#7007,#7008,#7009,#7010),
 .UNSPECIFIED.,.F.,.F.,(4,4),(0.519500589463927,0.542061559261345),
 .UNSPECIFIED.);
#1437=B_SPLINE_CURVE_WITH_KNOTS('',3,(#7038,#7039,#7040,#7041,#7042,#7043),
 .UNSPECIFIED.,.F.,.F.,(4,2,4),(-0.66358544689318,-0.588543483014474,-0.542061559261344),
 .UNSPECIFIED.);
#1438=B_SPLINE_CURVE_WITH_KNOTS('',3,(#7044,#7045,#7046,#7047,#7048,#7049),
 .UNSPECIFIED.,.F.,.F.,(4,2,4),(0.542061559261344,0.588543483014474,0.66358544689318),
 .UNSPECIFIED.);
#1439=B_SPLINE_CURVE_WITH_KNOTS('',3,(#7078,#7079,#7080,#7081),
 .UNSPECIFIED.,.F.,.F.,(4,4),(0.12579707793159,0.129125192994132),
 .UNSPECIFIED.);
#1440=B_SPLINE_CURVE_WITH_KNOTS('',3,(#7082,#7083,#7084,#7085),
 .UNSPECIFIED.,.F.,.F.,(4,4),(-0.129125192994132,-0.12579707793159),
 .UNSPECIFIED.);
#1441=B_SPLINE_CURVE_WITH_KNOTS('',3,(#7124,#7125,#7126,#7127,#7128,#7129,
#7130,#7131,#7132,#7133,#7134,#7135,#7136,#7137,#7138,#7139,#7140,#7141,
#7142,#7143,#7144,#7145),.UNSPECIFIED.,.F.,.F.,(4,2,2,2,2,2,2,2,2,2,4),
(0.,0.00560396136604672,0.00912015716407104,0.0125653918976032,0.01765062404682,
0.0299217642613943,0.0672069699286526,0.109876256676042,0.123196520045331,
0.127583783039052,0.131365272331776),.UNSPECIFIED.);
#1442=B_SPLINE_CURVE_WITH_KNOTS('',3,(#7146,#7147,#7148,#7149,#7150,#7151),
 .UNSPECIFIED.,.F.,.F.,(4,2,4),(-0.713422451674119,-0.70817801526656,-0.663585446893178),
 .UNSPECIFIED.);
#1443=B_SPLINE_CURVE_WITH_KNOTS('',3,(#7153,#7154,#7155,#7156,#7157,#7158,
#7159,#7160,#7161),.UNSPECIFIED.,.F.,.F.,(4,2,1,1,1,4),(0.663585446893178,
0.70817801526656,0.766655098071979,0.825132180877397,0.883609263682815,
0.94994538882883),.UNSPECIFIED.);
#1444=B_SPLINE_CURVE_WITH_KNOTS('',3,(#7163,#7164,#7165,#7166,#7167,#7168,
#7169,#7170,#7171,#7172,#7173,#7174,#7175,#7176,#7177,#7178,#7179,#7180),
 .UNSPECIFIED.,.F.,.F.,(4,2,2,2,2,2,2,2,4),(0.0862436523362441,0.0873678349443417,
0.0890843877686061,0.0936136888157618,0.0996493024028461,0.112159365026575,
0.144686895735426,0.253160379309093,0.381978932637792),.UNSPECIFIED.);
#1445=B_SPLINE_CURVE_WITH_KNOTS('',3,(#7181,#7182,#7183,#7184,#7185,#7186,
#7187,#7188,#7189,#7190,#7191,#7192,#7193,#7194,#7195,#7196,#7197,#7198,
#7199,#7200,#7201,#7202,#7203,#7204,#7205,#7206,#7207,#7208,#7209,#7210,
#7211,#7212,#7213,#7214,#7215,#7216,#7217,#7218,#7219,#7220,#7221,#7222,
#7223,#7224,#7225,#7226,#7227,#7228,#7229),.UNSPECIFIED.,.F.,.F.,(4,3,3,
3,3,3,3,3,3,3,3,3,3,3,3,3,4),(0.00104865369170112,0.00588656905818699,0.0126781070277257,
0.0203796920021226,0.023520762889552,0.0326415857148361,0.0379026995663292,
0.0490461252730987,0.0517554349774853,0.0638315395324141,0.0655291275479348,
0.0767188496767504,0.0793690461618401,0.0883887429206798,0.0936888431939314,
0.101006709271275,0.10226928990587),.UNSPECIFIED.);
#1446=B_SPLINE_CURVE_WITH_KNOTS('',3,(#7242,#7243,#7244,#7245,#7246,#7247,
#7248,#7249,#7250,#7251,#7252,#7253),.UNSPECIFIED.,.F.,.F.,(4,2,2,2,2,4),
(-0.288652141116962,-0.270509300315096,-0.229087116824171,-0.189236914336145,
-0.146314800199627,-0.142948450598895),.UNSPECIFIED.);
#1447=B_SPLINE_CURVE_WITH_KNOTS('',3,(#7286,#7287,#7288,#7289,#7290,#7291,
#7292,#7293,#7294,#7295,#7296,#7297),.UNSPECIFIED.,.F.,.F.,(4,2,2,2,2,4),
(0.630724744791676,0.661383062162365,0.700502379347037,0.759514591376391,
0.809175292888314,0.855734748075767),.UNSPECIFIED.);
#1448=B_SPLINE_CURVE_WITH_KNOTS('',3,(#7298,#7299,#7300,#7301,#7302,#7303,
#7304,#7305,#7306,#7307),.UNSPECIFIED.,.F.,.F.,(4,2,2,2,4),(3.6355744087317,
3.73959058786923,3.84360676700677,4.01646471611084,4.07754256292132),
 .UNSPECIFIED.);
#1449=B_SPLINE_CURVE_WITH_KNOTS('',3,(#7311,#7312,#7313,#7314,#7315,#7316),
 .UNSPECIFIED.,.F.,.F.,(4,2,4),(1.35500665501169,1.39911154135405,1.56683465289133),
 .UNSPECIFIED.);
#1450=B_SPLINE_CURVE_WITH_KNOTS('',3,(#7372,#7373,#7374,#7375,#7376,#7377,
#7378,#7379,#7380,#7381),.UNSPECIFIED.,.F.,.F.,(4,2,2,2,4),(1.74231599277204,
1.94425910308341,2.1342947846232,2.18847518690247,2.24265558918173),
 .UNSPECIFIED.);
#1451=B_SPLINE_CURVE_WITH_KNOTS('',3,(#7403,#7404,#7405,#7406,#7407),
 .UNSPECIFIED.,.F.,.F.,(4,1,4),(-1.64395649287985,-1.47313823674295,-1.34492698358166),
 .UNSPECIFIED.);
#1452=B_SPLINE_CURVE_WITH_KNOTS('',3,(#7415,#7416,#7417,#7418),
 .UNSPECIFIED.,.F.,.F.,(4,4),(2.3053281118028,2.48612104232721),
 .UNSPECIFIED.);
#1453=B_SPLINE_CURVE_WITH_KNOTS('',3,(#7423,#7424,#7425,#7426,#7427,#7428),
 .UNSPECIFIED.,.F.,.F.,(4,2,4),(1.08335078227552,1.31552114867429,1.57349703074782),
 .UNSPECIFIED.);
#1454=B_SPLINE_CURVE_WITH_KNOTS('',3,(#7431,#7432,#7433,#7434,#7435,#7436),
 .UNSPECIFIED.,.F.,.F.,(4,2,4),(-1.36682368686361,-1.35570393861722,-1.26682556589919),
 .UNSPECIFIED.);
#1455=B_SPLINE_CURVE_WITH_KNOTS('',3,(#7438,#7439,#7440,#7441),
 .UNSPECIFIED.,.F.,.F.,(4,4),(0.0222620797839658,0.53484249465854),
 .UNSPECIFIED.);
#1456=B_SPLINE_CURVE_WITH_KNOTS('',3,(#7446,#7447,#7448,#7449,#7450,#7451),
 .UNSPECIFIED.,.F.,.F.,(4,2,4),(1.75635206989477,1.7726878749461,1.94833535094318),
 .UNSPECIFIED.);
#1457=VERTEX_POINT('',#5115);
#1458=VERTEX_POINT('',#5116);
#1459=VERTEX_POINT('',#5124);
#1460=VERTEX_POINT('',#5126);
#1461=VERTEX_POINT('',#5133);
#1462=VERTEX_POINT('',#5146);
#1463=VERTEX_POINT('',#5148);
#1464=VERTEX_POINT('',#5150);
#1465=VERTEX_POINT('',#5157);
#1466=VERTEX_POINT('',#5159);
#1467=VERTEX_POINT('',#5164);
#1468=VERTEX_POINT('',#5170);
#1469=VERTEX_POINT('',#5172);
#1470=VERTEX_POINT('',#5174);
#1471=VERTEX_POINT('',#5176);
#1472=VERTEX_POINT('',#5178);
#1473=VERTEX_POINT('',#5182);
#1474=VERTEX_POINT('',#5184);
#1475=VERTEX_POINT('',#5240);
#1476=VERTEX_POINT('',#5242);
#1477=VERTEX_POINT('',#5244);
#1478=VERTEX_POINT('',#5247);
#1479=VERTEX_POINT('',#5249);
#1480=VERTEX_POINT('',#5251);
#1481=VERTEX_POINT('',#5316);
#1482=VERTEX_POINT('',#5318);
#1483=VERTEX_POINT('',#5321);
#1484=VERTEX_POINT('',#5323);
#1485=VERTEX_POINT('',#5326);
#1486=VERTEX_POINT('',#5328);
#1487=VERTEX_POINT('',#5330);
#1488=VERTEX_POINT('',#5334);
#1489=VERTEX_POINT('',#5357);
#1490=VERTEX_POINT('',#5362);
#1491=VERTEX_POINT('',#5364);
#1492=VERTEX_POINT('',#5407);
#1493=VERTEX_POINT('',#5409);
#1494=VERTEX_POINT('',#5413);
#1495=VERTEX_POINT('',#5415);
#1496=VERTEX_POINT('',#5417);
#1497=VERTEX_POINT('',#5424);
#1498=VERTEX_POINT('',#5443);
#1499=VERTEX_POINT('',#5448);
#1500=VERTEX_POINT('',#5450);
#1501=VERTEX_POINT('',#5452);
#1502=VERTEX_POINT('',#5461);
#1503=VERTEX_POINT('',#5465);
#1504=VERTEX_POINT('',#5474);
#1505=VERTEX_POINT('',#5476);
#1506=VERTEX_POINT('',#5480);
#1507=VERTEX_POINT('',#5481);
#1508=VERTEX_POINT('',#5486);
#1509=VERTEX_POINT('',#5487);
#1510=VERTEX_POINT('',#5492);
#1511=VERTEX_POINT('',#5493);
#1512=VERTEX_POINT('',#5565);
#1513=VERTEX_POINT('',#5569);
#1514=VERTEX_POINT('',#5573);
#1515=VERTEX_POINT('',#5575);
#1516=VERTEX_POINT('',#5585);
#1517=VERTEX_POINT('',#5597);
#1518=VERTEX_POINT('',#5601);
#1519=VERTEX_POINT('',#5605);
#1520=VERTEX_POINT('',#5609);
#1521=VERTEX_POINT('',#5613);
#1522=VERTEX_POINT('',#5617);
#1523=VERTEX_POINT('',#5621);
#1524=VERTEX_POINT('',#5623);
#1525=VERTEX_POINT('',#5627);
#1526=VERTEX_POINT('',#5629);
#1527=VERTEX_POINT('',#5647);
#1528=VERTEX_POINT('',#5648);
#1529=VERTEX_POINT('',#5659);
#1530=VERTEX_POINT('',#5661);
#1531=VERTEX_POINT('',#5674);
#1532=VERTEX_POINT('',#5676);
#1533=VERTEX_POINT('',#5680);
#1534=VERTEX_POINT('',#5684);
#1535=VERTEX_POINT('',#5703);
#1536=VERTEX_POINT('',#5704);
#1537=VERTEX_POINT('',#5706);
#1538=VERTEX_POINT('',#5711);
#1539=VERTEX_POINT('',#5733);
#1540=VERTEX_POINT('',#5734);
#1541=VERTEX_POINT('',#5768);
#1542=VERTEX_POINT('',#5769);
#1543=VERTEX_POINT('',#5784);
#1544=VERTEX_POINT('',#5785);
#1545=VERTEX_POINT('',#5787);
#1546=VERTEX_POINT('',#5789);
#1547=VERTEX_POINT('',#5855);
#1548=VERTEX_POINT('',#5856);
#1549=VERTEX_POINT('',#5885);
#1550=VERTEX_POINT('',#5895);
#1551=VERTEX_POINT('',#5964);
#1552=VERTEX_POINT('',#5966);
#1553=VERTEX_POINT('',#5968);
#1554=VERTEX_POINT('',#5972);
#1555=VERTEX_POINT('',#5974);
#1556=VERTEX_POINT('',#5987);
#1557=VERTEX_POINT('',#5991);
#1558=VERTEX_POINT('',#5994);
#1559=VERTEX_POINT('',#5997);
#1560=VERTEX_POINT('',#5999);
#1561=VERTEX_POINT('',#6002);
#1562=VERTEX_POINT('',#6006);
#1563=VERTEX_POINT('',#6008);
#1564=VERTEX_POINT('',#6010);
#1565=VERTEX_POINT('',#6012);
#1566=VERTEX_POINT('',#6016);
#1567=VERTEX_POINT('',#6018);
#1568=VERTEX_POINT('',#6042);
#1569=VERTEX_POINT('',#6043);
#1570=VERTEX_POINT('',#6050);
#1571=VERTEX_POINT('',#6052);
#1572=VERTEX_POINT('',#6057);
#1573=VERTEX_POINT('',#6061);
#1574=VERTEX_POINT('',#6065);
#1575=VERTEX_POINT('',#6067);
#1576=VERTEX_POINT('',#6074);
#1577=VERTEX_POINT('',#6076);
#1578=VERTEX_POINT('',#6078);
#1579=VERTEX_POINT('',#6080);
#1580=VERTEX_POINT('',#6083);
#1581=VERTEX_POINT('',#6085);
#1582=VERTEX_POINT('',#6088);
#1583=VERTEX_POINT('',#6092);
#1584=VERTEX_POINT('',#6096);
#1585=VERTEX_POINT('',#6100);
#1586=VERTEX_POINT('',#6102);
#1587=VERTEX_POINT('',#6104);
#1588=VERTEX_POINT('',#6142);
#1589=VERTEX_POINT('',#6146);
#1590=VERTEX_POINT('',#6147);
#1591=VERTEX_POINT('',#6152);
#1592=VERTEX_POINT('',#6154);
#1593=VERTEX_POINT('',#6163);
#1594=VERTEX_POINT('',#6170);
#1595=VERTEX_POINT('',#6185);
#1596=VERTEX_POINT('',#6191);
#1597=VERTEX_POINT('',#6193);
#1598=VERTEX_POINT('',#6195);
#1599=VERTEX_POINT('',#6197);
#1600=VERTEX_POINT('',#6199);
#1601=VERTEX_POINT('',#6201);
#1602=VERTEX_POINT('',#6204);
#1603=VERTEX_POINT('',#6206);
#1604=VERTEX_POINT('',#6213);
#1605=VERTEX_POINT('',#6238);
#1606=VERTEX_POINT('',#6247);
#1607=VERTEX_POINT('',#6249);
#1608=VERTEX_POINT('',#6253);
#1609=VERTEX_POINT('',#6254);
#1610=VERTEX_POINT('',#6256);
#1611=VERTEX_POINT('',#6258);
#1612=VERTEX_POINT('',#6260);
#1613=VERTEX_POINT('',#6264);
#1614=VERTEX_POINT('',#6268);
#1615=VERTEX_POINT('',#6269);
#1616=VERTEX_POINT('',#6271);
#1617=VERTEX_POINT('',#6273);
#1618=VERTEX_POINT('',#6275);
#1619=VERTEX_POINT('',#6279);
#1620=VERTEX_POINT('',#6283);
#1621=VERTEX_POINT('',#6284);
#1622=VERTEX_POINT('',#6286);
#1623=VERTEX_POINT('',#6288);
#1624=VERTEX_POINT('',#6290);
#1625=VERTEX_POINT('',#6294);
#1626=VERTEX_POINT('',#6298);
#1627=VERTEX_POINT('',#6299);
#1628=VERTEX_POINT('',#6301);
#1629=VERTEX_POINT('',#6303);
#1630=VERTEX_POINT('',#6305);
#1631=VERTEX_POINT('',#6309);
#1632=VERTEX_POINT('',#6313);
#1633=VERTEX_POINT('',#6314);
#1634=VERTEX_POINT('',#6317);
#1635=VERTEX_POINT('',#6322);
#1636=VERTEX_POINT('',#6326);
#1637=VERTEX_POINT('',#6331);
#1638=VERTEX_POINT('',#6335);
#1639=VERTEX_POINT('',#6340);
#1640=VERTEX_POINT('',#6350);
#1641=VERTEX_POINT('',#6353);
#1642=VERTEX_POINT('',#6357);
#1643=VERTEX_POINT('',#6382);
#1644=VERTEX_POINT('',#6383);
#1645=VERTEX_POINT('',#6391);
#1646=VERTEX_POINT('',#6393);
#1647=VERTEX_POINT('',#6400);
#1648=VERTEX_POINT('',#6413);
#1649=VERTEX_POINT('',#6415);
#1650=VERTEX_POINT('',#6417);
#1651=VERTEX_POINT('',#6424);
#1652=VERTEX_POINT('',#6426);
#1653=VERTEX_POINT('',#6431);
#1654=VERTEX_POINT('',#6437);
#1655=VERTEX_POINT('',#6439);
#1656=VERTEX_POINT('',#6441);
#1657=VERTEX_POINT('',#6443);
#1658=VERTEX_POINT('',#6445);
#1659=VERTEX_POINT('',#6449);
#1660=VERTEX_POINT('',#6451);
#1661=VERTEX_POINT('',#6507);
#1662=VERTEX_POINT('',#6509);
#1663=VERTEX_POINT('',#6511);
#1664=VERTEX_POINT('',#6514);
#1665=VERTEX_POINT('',#6516);
#1666=VERTEX_POINT('',#6518);
#1667=VERTEX_POINT('',#6583);
#1668=VERTEX_POINT('',#6585);
#1669=VERTEX_POINT('',#6588);
#1670=VERTEX_POINT('',#6590);
#1671=VERTEX_POINT('',#6593);
#1672=VERTEX_POINT('',#6595);
#1673=VERTEX_POINT('',#6597);
#1674=VERTEX_POINT('',#6601);
#1675=VERTEX_POINT('',#6624);
#1676=VERTEX_POINT('',#6629);
#1677=VERTEX_POINT('',#6631);
#1678=VERTEX_POINT('',#6674);
#1679=VERTEX_POINT('',#6676);
#1680=VERTEX_POINT('',#6680);
#1681=VERTEX_POINT('',#6682);
#1682=VERTEX_POINT('',#6684);
#1683=VERTEX_POINT('',#6691);
#1684=VERTEX_POINT('',#6710);
#1685=VERTEX_POINT('',#6715);
#1686=VERTEX_POINT('',#6717);
#1687=VERTEX_POINT('',#6719);
#1688=VERTEX_POINT('',#6728);
#1689=VERTEX_POINT('',#6732);
#1690=VERTEX_POINT('',#6741);
#1691=VERTEX_POINT('',#6743);
#1692=VERTEX_POINT('',#6747);
#1693=VERTEX_POINT('',#6748);
#1694=VERTEX_POINT('',#6753);
#1695=VERTEX_POINT('',#6754);
#1696=VERTEX_POINT('',#6759);
#1697=VERTEX_POINT('',#6760);
#1698=VERTEX_POINT('',#6832);
#1699=VERTEX_POINT('',#6836);
#1700=VERTEX_POINT('',#6840);
#1701=VERTEX_POINT('',#6842);
#1702=VERTEX_POINT('',#6852);
#1703=VERTEX_POINT('',#6864);
#1704=VERTEX_POINT('',#6868);
#1705=VERTEX_POINT('',#6872);
#1706=VERTEX_POINT('',#6876);
#1707=VERTEX_POINT('',#6880);
#1708=VERTEX_POINT('',#6884);
#1709=VERTEX_POINT('',#6888);
#1710=VERTEX_POINT('',#6890);
#1711=VERTEX_POINT('',#6894);
#1712=VERTEX_POINT('',#6896);
#1713=VERTEX_POINT('',#6914);
#1714=VERTEX_POINT('',#6915);
#1715=VERTEX_POINT('',#6926);
#1716=VERTEX_POINT('',#6928);
#1717=VERTEX_POINT('',#6941);
#1718=VERTEX_POINT('',#6943);
#1719=VERTEX_POINT('',#6947);
#1720=VERTEX_POINT('',#6951);
#1721=VERTEX_POINT('',#6970);
#1722=VERTEX_POINT('',#6971);
#1723=VERTEX_POINT('',#6973);
#1724=VERTEX_POINT('',#6978);
#1725=VERTEX_POINT('',#7000);
#1726=VERTEX_POINT('',#7001);
#1727=VERTEX_POINT('',#7035);
#1728=VERTEX_POINT('',#7036);
#1729=VERTEX_POINT('',#7051);
#1730=VERTEX_POINT('',#7052);
#1731=VERTEX_POINT('',#7054);
#1732=VERTEX_POINT('',#7056);
#1733=VERTEX_POINT('',#7122);
#1734=VERTEX_POINT('',#7123);
#1735=VERTEX_POINT('',#7152);
#1736=VERTEX_POINT('',#7162);
#1737=VERTEX_POINT('',#7231);
#1738=VERTEX_POINT('',#7233);
#1739=VERTEX_POINT('',#7235);
#1740=VERTEX_POINT('',#7239);
#1741=VERTEX_POINT('',#7241);
#1742=VERTEX_POINT('',#7254);
#1743=VERTEX_POINT('',#7258);
#1744=VERTEX_POINT('',#7261);
#1745=VERTEX_POINT('',#7264);
#1746=VERTEX_POINT('',#7266);
#1747=VERTEX_POINT('',#7269);
#1748=VERTEX_POINT('',#7273);
#1749=VERTEX_POINT('',#7275);
#1750=VERTEX_POINT('',#7277);
#1751=VERTEX_POINT('',#7279);
#1752=VERTEX_POINT('',#7283);
#1753=VERTEX_POINT('',#7285);
#1754=VERTEX_POINT('',#7309);
#1755=VERTEX_POINT('',#7310);
#1756=VERTEX_POINT('',#7317);
#1757=VERTEX_POINT('',#7319);
#1758=VERTEX_POINT('',#7324);
#1759=VERTEX_POINT('',#7328);
#1760=VERTEX_POINT('',#7332);
#1761=VERTEX_POINT('',#7334);
#1762=VERTEX_POINT('',#7341);
#1763=VERTEX_POINT('',#7343);
#1764=VERTEX_POINT('',#7345);
#1765=VERTEX_POINT('',#7347);
#1766=VERTEX_POINT('',#7350);
#1767=VERTEX_POINT('',#7352);
#1768=VERTEX_POINT('',#7355);
#1769=VERTEX_POINT('',#7359);
#1770=VERTEX_POINT('',#7363);
#1771=VERTEX_POINT('',#7367);
#1772=VERTEX_POINT('',#7369);
#1773=VERTEX_POINT('',#7371);
#1774=VERTEX_POINT('',#7409);
#1775=VERTEX_POINT('',#7413);
#1776=VERTEX_POINT('',#7414);
#1777=VERTEX_POINT('',#7419);
#1778=VERTEX_POINT('',#7421);
#1779=VERTEX_POINT('',#7430);
#1780=VERTEX_POINT('',#7437);
#1781=VERTEX_POINT('',#7452);
#1782=VERTEX_POINT('',#7458);
#1783=VERTEX_POINT('',#7460);
#1784=VERTEX_POINT('',#7462);
#1785=VERTEX_POINT('',#7464);
#1786=VERTEX_POINT('',#7466);
#1787=VERTEX_POINT('',#7468);
#1788=VERTEX_POINT('',#7471);
#1789=VERTEX_POINT('',#7473);
#1790=VERTEX_POINT('',#7480);
#1791=VERTEX_POINT('',#7505);
#1792=EDGE_CURVE('',#1457,#1458,#1367,.F.);
#1793=EDGE_CURVE('',#1457,#1459,#1347,.T.);
#1794=EDGE_CURVE('',#1459,#1460,#1368,.T.);
#1795=EDGE_CURVE('',#1460,#1461,#1348,.T.);
#1796=EDGE_CURVE('',#1461,#1458,#1369,.T.);
#1797=EDGE_CURVE('',#1462,#1457,#617,.T.);
#1798=EDGE_CURVE('',#1463,#1462,#213,.T.);
#1799=EDGE_CURVE('',#1464,#1463,#1370,.T.);
#1800=EDGE_CURVE('',#1459,#1464,#618,.T.);
#1801=EDGE_CURVE('',#1458,#1465,#214,.F.);
#1802=EDGE_CURVE('',#1466,#1465,#1371,.T.);
#1803=EDGE_CURVE('',#1467,#1466,#1372,.T.);
#1804=EDGE_CURVE('',#1467,#1468,#619,.T.);
#1805=EDGE_CURVE('',#1469,#1468,#620,.T.);
#1806=EDGE_CURVE('',#1469,#1470,#621,.T.);
#1807=EDGE_CURVE('',#1471,#1470,#622,.T.);
#1808=EDGE_CURVE('',#1471,#1472,#623,.T.);
#1809=EDGE_CURVE('',#1462,#1472,#624,.T.);
#1810=EDGE_CURVE('',#1473,#1460,#215,.T.);
#1811=EDGE_CURVE('',#1474,#1464,#1373,.T.);
#1812=EDGE_CURVE('',#1475,#1474,#625,.T.);
#1813=EDGE_CURVE('',#1476,#1475,#626,.T.);
#1814=EDGE_CURVE('',#1477,#1476,#627,.T.);
#1815=EDGE_CURVE('',#1476,#1477,#628,.T.);
#1816=EDGE_CURVE('',#1478,#1476,#629,.T.);
#1817=EDGE_CURVE('',#1479,#1478,#630,.T.);
#1818=EDGE_CURVE('',#1480,#1479,#1374,.T.);
#1819=EDGE_CURVE('',#1480,#1481,#216,.T.);
#1820=EDGE_CURVE('',#1482,#1481,#1349,.T.);
#1821=EDGE_CURVE('',#1473,#1482,#217,.T.);
#1822=EDGE_CURVE('',#1483,#1483,#631,.T.);
#1823=EDGE_CURVE('',#1484,#1484,#632,.T.);
#1824=EDGE_CURVE('',#1485,#1473,#218,.F.);
#1825=EDGE_CURVE('',#1486,#1485,#1350,.F.);
#1826=EDGE_CURVE('',#1486,#1487,#219,.T.);
#1827=EDGE_CURVE('',#1461,#1487,#220,.F.);
#1828=EDGE_CURVE('',#1487,#1488,#221,.T.);
#1829=EDGE_CURVE('',#1488,#1465,#222,.T.);
#1830=EDGE_CURVE('',#1489,#1467,#1375,.T.);
#1831=EDGE_CURVE('',#1466,#1490,#223,.T.);
#1832=EDGE_CURVE('',#1490,#1491,#1376,.T.);
#1833=EDGE_CURVE('',#1491,#1489,#1377,.T.);
#1834=EDGE_CURVE('',#1488,#1490,#1378,.T.);
#1835=EDGE_CURVE('',#1492,#1489,#224,.T.);
#1836=EDGE_CURVE('',#1493,#1492,#633,.T.);
#1837=EDGE_CURVE('',#1468,#1493,#225,.T.);
#1838=EDGE_CURVE('',#1488,#1494,#226,.T.);
#1839=EDGE_CURVE('',#1494,#1495,#634,.F.);
#1840=EDGE_CURVE('',#1495,#1496,#227,.T.);
#1841=EDGE_CURVE('',#1496,#1491,#1379,.T.);
#1842=EDGE_CURVE('',#1496,#1497,#228,.T.);
#1843=EDGE_CURVE('',#1497,#1492,#1380,.F.);
#1844=EDGE_CURVE('',#1494,#1486,#229,.T.);
#1845=EDGE_CURVE('',#1498,#1480,#1381,.T.);
#1846=EDGE_CURVE('',#1499,#1498,#230,.T.);
#1847=EDGE_CURVE('',#1499,#1500,#231,.F.);
#1848=EDGE_CURVE('',#1501,#1500,#133,.F.);
#1849=EDGE_CURVE('',#1497,#1501,#134,.T.);
#1850=EDGE_CURVE('',#1481,#1495,#232,.T.);
#1851=EDGE_CURVE('',#1500,#1502,#635,.T.);
#1852=EDGE_CURVE('',#1502,#1493,#233,.T.);
#1853=EDGE_CURVE('',#1503,#1494,#636,.F.);
#1854=EDGE_CURVE('',#1495,#1503,#637,.F.);
#1855=EDGE_CURVE('',#1485,#1503,#234,.T.);
#1856=EDGE_CURVE('',#1503,#1482,#235,.T.);
#1857=EDGE_CURVE('',#1498,#1504,#638,.T.);
#1858=EDGE_CURVE('',#1504,#1505,#639,.T.);
#1859=EDGE_CURVE('',#1505,#1498,#640,.T.);
#1860=EDGE_CURVE('',#1506,#1507,#641,.T.);
#1861=EDGE_CURVE('',#1507,#1505,#642,.T.);
#1862=EDGE_CURVE('',#1504,#1506,#643,.T.);
#1863=EDGE_CURVE('',#1508,#1509,#644,.T.);
#1864=EDGE_CURVE('',#1509,#1507,#645,.T.);
#1865=EDGE_CURVE('',#1506,#1508,#646,.T.);
#1866=EDGE_CURVE('',#1510,#1511,#647,.T.);
#1867=EDGE_CURVE('',#1511,#1509,#648,.T.);
#1868=EDGE_CURVE('',#1508,#1510,#649,.T.);
#1869=EDGE_CURVE('',#1479,#1504,#1382,.T.);
#1870=EDGE_CURVE('',#1510,#1463,#650,.T.);
#1871=EDGE_CURVE('',#1463,#1511,#651,.T.);
#1872=EDGE_CURVE('',#1510,#1474,#1383,.T.);
#1873=EDGE_CURVE('',#1505,#1512,#236,.T.);
#1874=EDGE_CURVE('',#1512,#1499,#652,.T.);
#1875=EDGE_CURVE('',#1513,#1507,#237,.T.);
#1876=EDGE_CURVE('',#1513,#1512,#653,.F.);
#1877=EDGE_CURVE('',#1514,#1509,#238,.T.);
#1878=EDGE_CURVE('',#1514,#1515,#1384,.T.);
#1879=EDGE_CURVE('',#1515,#1513,#654,.F.);
#1880=EDGE_CURVE('',#1472,#1511,#239,.T.);
#1881=EDGE_CURVE('',#1516,#1471,#240,.T.);
#1882=EDGE_CURVE('',#1516,#1514,#1385,.T.);
#1883=EDGE_CURVE('',#1484,#1517,#241,.T.);
#1884=EDGE_CURVE('',#1517,#1517,#655,.T.);
#1885=EDGE_CURVE('',#1517,#1518,#242,.T.);
#1886=EDGE_CURVE('',#1518,#1518,#656,.T.);
#1887=EDGE_CURVE('',#1483,#1519,#243,.T.);
#1888=EDGE_CURVE('',#1519,#1519,#657,.T.);
#1889=EDGE_CURVE('',#1519,#1520,#244,.T.);
#1890=EDGE_CURVE('',#1520,#1520,#658,.T.);
#1891=EDGE_CURVE('',#1477,#1521,#245,.T.);
#1892=EDGE_CURVE('',#1521,#1521,#659,.T.);
#1893=EDGE_CURVE('',#1521,#1522,#246,.T.);
#1894=EDGE_CURVE('',#1522,#1522,#660,.T.);
#1895=EDGE_CURVE('',#1502,#1523,#661,.T.);
#1896=EDGE_CURVE('',#1523,#1524,#247,.T.);
#1897=EDGE_CURVE('',#1524,#1493,#662,.T.);
#1898=EDGE_CURVE('',#1523,#1525,#663,.T.);
#1899=EDGE_CURVE('',#1525,#1526,#248,.T.);
#1900=EDGE_CURVE('',#1526,#1524,#664,.T.);
#1901=EDGE_CURVE('',#1516,#1526,#665,.T.);
#1902=EDGE_CURVE('',#1525,#1515,#666,.T.);
#1903=EDGE_CURVE('',#1506,#1478,#249,.T.);
#1904=EDGE_CURVE('',#1475,#1508,#250,.T.);
#1905=EDGE_CURVE('',#1524,#1469,#251,.T.);
#1906=EDGE_CURVE('',#1470,#1526,#252,.T.);
#1907=EDGE_CURVE('',#1527,#1528,#1386,.T.);
#1908=EDGE_CURVE('',#1528,#1529,#253,.T.);
#1909=EDGE_CURVE('',#1529,#1530,#1387,.T.);
#1910=EDGE_CURVE('',#1530,#1527,#254,.T.);
#1911=EDGE_CURVE('',#1531,#1528,#667,.T.);
#1912=EDGE_CURVE('',#1531,#1532,#255,.T.);
#1913=EDGE_CURVE('',#1529,#1532,#668,.T.);
#1914=EDGE_CURVE('',#1527,#1533,#135,.T.);
#1915=EDGE_CURVE('',#1533,#1534,#669,.T.);
#1916=EDGE_CURVE('',#1531,#1534,#256,.T.);
#1917=EDGE_CURVE('',#1535,#1536,#257,.T.);
#1918=EDGE_CURVE('',#1536,#1537,#1388,.T.);
#1919=EDGE_CURVE('',#1537,#1538,#258,.T.);
#1920=EDGE_CURVE('',#1538,#1535,#1389,.T.);
#1921=EDGE_CURVE('',#1539,#1540,#259,.T.);
#1922=EDGE_CURVE('',#1540,#1536,#1390,.T.);
#1923=EDGE_CURVE('',#1535,#1539,#1391,.T.);
#1924=EDGE_CURVE('',#1541,#1542,#260,.T.);
#1925=EDGE_CURVE('',#1542,#1540,#1392,.T.);
#1926=EDGE_CURVE('',#1539,#1541,#1393,.T.);
#1927=EDGE_CURVE('',#1543,#1544,#261,.T.);
#1928=EDGE_CURVE('',#1544,#1545,#670,.T.);
#1929=EDGE_CURVE('',#1545,#1546,#262,.T.);
#1930=EDGE_CURVE('',#1546,#1543,#671,.T.);
#1931=EDGE_CURVE('',#1534,#1546,#672,.T.);
#1932=EDGE_CURVE('',#1545,#1531,#673,.T.);
#1933=EDGE_CURVE('',#1543,#1538,#1394,.T.);
#1934=EDGE_CURVE('',#1537,#1544,#1395,.T.);
#1935=EDGE_CURVE('',#1547,#1548,#1396,.T.);
#1936=EDGE_CURVE('',#1548,#1542,#1397,.T.);
#1937=EDGE_CURVE('',#1541,#1549,#1398,.T.);
#1938=EDGE_CURVE('',#1549,#1550,#1399,.T.);
#1939=EDGE_CURVE('',#1550,#1547,#1400,.T.);
#1940=EDGE_CURVE('',#1551,#1549,#674,.T.);
#1941=EDGE_CURVE('',#1552,#1551,#263,.T.);
#1942=EDGE_CURVE('',#1553,#1552,#675,.T.);
#1943=EDGE_CURVE('',#1550,#1553,#264,.T.);
#1944=EDGE_CURVE('',#1543,#1554,#676,.T.);
#1945=EDGE_CURVE('',#1554,#1555,#1401,.T.);
#1946=EDGE_CURVE('',#1555,#1556,#677,.T.);
#1947=EDGE_CURVE('',#1556,#1551,#678,.T.);
#1948=EDGE_CURVE('',#1533,#1557,#265,.T.);
#1949=EDGE_CURVE('',#1556,#1557,#679,.T.);
#1950=EDGE_CURVE('',#1555,#1558,#680,.T.);
#1951=EDGE_CURVE('',#1558,#1554,#681,.T.);
#1952=EDGE_CURVE('',#1559,#1559,#682,.T.);
#1953=EDGE_CURVE('',#1560,#1560,#683,.T.);
#1954=EDGE_CURVE('',#1561,#1530,#136,.T.);
#1955=EDGE_CURVE('',#1562,#1561,#266,.T.);
#1956=EDGE_CURVE('',#1562,#1563,#267,.T.);
#1957=EDGE_CURVE('',#1564,#1563,#268,.T.);
#1958=EDGE_CURVE('',#1565,#1564,#137,.T.);
#1959=EDGE_CURVE('',#1566,#1565,#269,.T.);
#1960=EDGE_CURVE('',#1567,#1566,#1402,.T.);
#1961=EDGE_CURVE('',#1557,#1567,#1403,.T.);
#1962=EDGE_CURVE('',#1568,#1569,#1404,.T.);
#1963=EDGE_CURVE('',#1569,#1570,#684,.T.);
#1964=EDGE_CURVE('',#1570,#1571,#270,.T.);
#1965=EDGE_CURVE('',#1571,#1568,#685,.T.);
#1966=EDGE_CURVE('',#1570,#1553,#686,.T.);
#1967=EDGE_CURVE('',#1553,#1572,#271,.T.);
#1968=EDGE_CURVE('',#1572,#1571,#687,.T.);
#1969=EDGE_CURVE('',#1552,#1573,#272,.T.);
#1970=EDGE_CURVE('',#1573,#1572,#688,.T.);
#1971=EDGE_CURVE('',#1552,#1574,#689,.T.);
#1972=EDGE_CURVE('',#1574,#1575,#273,.T.);
#1973=EDGE_CURVE('',#1575,#1573,#690,.T.);
#1974=EDGE_CURVE('',#1564,#1575,#691,.T.);
#1975=EDGE_CURVE('',#1574,#1565,#692,.T.);
#1976=EDGE_CURVE('',#1563,#1576,#693,.T.);
#1977=EDGE_CURVE('',#1576,#1577,#694,.T.);
#1978=EDGE_CURVE('',#1577,#1578,#695,.T.);
#1979=EDGE_CURVE('',#1578,#1579,#274,.T.);
#1980=EDGE_CURVE('',#1579,#1568,#696,.T.);
#1981=EDGE_CURVE('',#1580,#1580,#697,.T.);
#1982=EDGE_CURVE('',#1581,#1581,#698,.T.);
#1983=EDGE_CURVE('',#1582,#1582,#699,.T.);
#1984=EDGE_CURVE('',#1582,#1558,#275,.T.);
#1985=EDGE_CURVE('',#1583,#1583,#700,.T.);
#1986=EDGE_CURVE('',#1583,#1560,#276,.T.);
#1987=EDGE_CURVE('',#1584,#1584,#701,.T.);
#1988=EDGE_CURVE('',#1584,#1559,#277,.T.);
#1989=EDGE_CURVE('',#1548,#1585,#702,.T.);
#1990=EDGE_CURVE('',#1585,#1586,#278,.T.);
#1991=EDGE_CURVE('',#1586,#1587,#1405,.T.);
#1992=EDGE_CURVE('',#1587,#1536,#279,.T.);
#1993=EDGE_CURVE('',#1547,#1585,#1406,.T.);
#1994=EDGE_CURVE('',#1588,#1587,#703,.T.);
#1995=EDGE_CURVE('',#1588,#1545,#280,.T.);
#1996=EDGE_CURVE('',#1589,#1590,#1407,.T.);
#1997=EDGE_CURVE('',#1591,#1589,#281,.T.);
#1998=EDGE_CURVE('',#1591,#1592,#704,.F.);
#1999=EDGE_CURVE('',#1590,#1592,#1408,.T.);
#2000=EDGE_CURVE('',#1593,#1532,#1409,.T.);
#2001=EDGE_CURVE('',#1593,#1594,#1410,.T.);
#2002=EDGE_CURVE('',#1594,#1561,#705,.T.);
#2003=EDGE_CURVE('',#1593,#1588,#706,.T.);
#2004=EDGE_CURVE('',#1586,#1589,#1411,.T.);
#2005=EDGE_CURVE('',#1592,#1595,#707,.T.);
#2006=EDGE_CURVE('',#1595,#1588,#282,.T.);
#2007=EDGE_CURVE('',#1595,#1594,#708,.T.);
#2008=EDGE_CURVE('',#1596,#1591,#709,.T.);
#2009=EDGE_CURVE('',#1597,#1596,#710,.F.);
#2010=EDGE_CURVE('',#1597,#1598,#711,.T.);
#2011=EDGE_CURVE('',#1598,#1599,#283,.T.);
#2012=EDGE_CURVE('',#1600,#1599,#712,.T.);
#2013=EDGE_CURVE('',#1600,#1601,#713,.T.);
#2014=EDGE_CURVE('',#1562,#1601,#714,.T.);
#2015=EDGE_CURVE('',#1602,#1602,#715,.T.);
#2016=EDGE_CURVE('',#1603,#1603,#716,.T.);
#2017=EDGE_CURVE('',#1570,#1596,#284,.T.);
#2018=EDGE_CURVE('',#1597,#1569,#285,.F.);
#2019=EDGE_CURVE('',#1604,#1551,#717,.T.);
#2020=EDGE_CURVE('',#1567,#1604,#718,.T.);
#2021=EDGE_CURVE('',#1566,#1604,#719,.T.);
#2022=EDGE_CURVE('',#1604,#1574,#286,.T.);
#2023=EDGE_CURVE('',#1598,#1579,#287,.T.);
#2024=EDGE_CURVE('',#1581,#1603,#288,.T.);
#2025=EDGE_CURVE('',#1580,#1602,#289,.T.);
#2026=EDGE_CURVE('',#1599,#1578,#290,.T.);
#2027=EDGE_CURVE('',#1605,#1577,#291,.T.);
#2028=EDGE_CURVE('',#1600,#1605,#292,.T.);
#2029=EDGE_CURVE('',#1601,#1576,#293,.T.);
#2030=EDGE_CURVE('',#1606,#1606,#720,.T.);
#2031=EDGE_CURVE('',#1606,#1607,#294,.T.);
#2032=EDGE_CURVE('',#1607,#1607,#721,.T.);
#2033=EDGE_CURVE('',#1608,#1609,#1351,.T.);
#2034=EDGE_CURVE('',#1610,#1608,#295,.T.);
#2035=EDGE_CURVE('',#1611,#1610,#1352,.T.);
#2036=EDGE_CURVE('',#1612,#1611,#296,.T.);
#2037=EDGE_CURVE('',#1612,#1609,#1353,.F.);
#2038=EDGE_CURVE('',#1613,#1608,#297,.F.);
#2039=EDGE_CURVE('',#1610,#1613,#298,.T.);
#2040=EDGE_CURVE('',#1614,#1615,#1354,.T.);
#2041=EDGE_CURVE('',#1616,#1614,#299,.T.);
#2042=EDGE_CURVE('',#1617,#1616,#1355,.T.);
#2043=EDGE_CURVE('',#1618,#1617,#300,.T.);
#2044=EDGE_CURVE('',#1618,#1615,#1356,.F.);
#2045=EDGE_CURVE('',#1619,#1614,#301,.F.);
#2046=EDGE_CURVE('',#1616,#1619,#302,.T.);
#2047=EDGE_CURVE('',#1620,#1621,#1357,.T.);
#2048=EDGE_CURVE('',#1622,#1620,#303,.T.);
#2049=EDGE_CURVE('',#1623,#1622,#1358,.T.);
#2050=EDGE_CURVE('',#1624,#1623,#304,.T.);
#2051=EDGE_CURVE('',#1624,#1621,#1359,.F.);
#2052=EDGE_CURVE('',#1625,#1620,#305,.F.);
#2053=EDGE_CURVE('',#1622,#1625,#306,.T.);
#2054=EDGE_CURVE('',#1626,#1627,#1360,.T.);
#2055=EDGE_CURVE('',#1628,#1626,#307,.T.);
#2056=EDGE_CURVE('',#1629,#1628,#1361,.T.);
#2057=EDGE_CURVE('',#1630,#1629,#308,.T.);
#2058=EDGE_CURVE('',#1630,#1627,#1362,.F.);
#2059=EDGE_CURVE('',#1631,#1626,#309,.F.);
#2060=EDGE_CURVE('',#1628,#1631,#310,.T.);
#2061=EDGE_CURVE('',#1632,#1633,#311,.F.);
#2062=EDGE_CURVE('',#1621,#1633,#312,.F.);
#2063=EDGE_CURVE('',#1634,#1624,#313,.T.);
#2064=EDGE_CURVE('',#1631,#1634,#314,.T.);
#2065=EDGE_CURVE('',#1627,#1632,#315,.F.);
#2066=EDGE_CURVE('',#1635,#1629,#316,.T.);
#2067=EDGE_CURVE('',#1635,#1630,#317,.T.);
#2068=EDGE_CURVE('',#1636,#1632,#318,.F.);
#2069=EDGE_CURVE('',#1613,#1635,#319,.T.);
#2070=EDGE_CURVE('',#1609,#1636,#320,.F.);
#2071=EDGE_CURVE('',#1637,#1611,#321,.T.);
#2072=EDGE_CURVE('',#1637,#1612,#322,.T.);
#2073=EDGE_CURVE('',#1638,#1636,#323,.F.);
#2074=EDGE_CURVE('',#1619,#1637,#324,.T.);
#2075=EDGE_CURVE('',#1615,#1638,#325,.F.);
#2076=EDGE_CURVE('',#1639,#1617,#326,.T.);
#2077=EDGE_CURVE('',#1639,#1618,#327,.T.);
#2078=EDGE_CURVE('',#1633,#1638,#328,.F.);
#2079=EDGE_CURVE('',#1625,#1639,#329,.T.);
#2080=EDGE_CURVE('',#1634,#1623,#330,.T.);
#2081=EDGE_CURVE('',#1640,#1640,#722,.T.);
#2082=EDGE_CURVE('',#1641,#1641,#723,.T.);
#2083=EDGE_CURVE('',#1641,#1640,#331,.T.);
#2084=EDGE_CURVE('',#1642,#1642,#724,.F.);
#2085=EDGE_CURVE('',#1642,#1641,#332,.T.);
#2086=EDGE_CURVE('',#1606,#1642,#333,.T.);
#2087=EDGE_CURVE('',#1643,#1644,#1412,.F.);
#2088=EDGE_CURVE('',#1643,#1645,#1363,.T.);
#2089=EDGE_CURVE('',#1645,#1646,#1413,.T.);
#2090=EDGE_CURVE('',#1646,#1647,#1364,.T.);
#2091=EDGE_CURVE('',#1647,#1644,#1414,.T.);
#2092=EDGE_CURVE('',#1648,#1643,#725,.T.);
#2093=EDGE_CURVE('',#1649,#1648,#334,.T.);
#2094=EDGE_CURVE('',#1650,#1649,#1415,.T.);
#2095=EDGE_CURVE('',#1645,#1650,#726,.T.);
#2096=EDGE_CURVE('',#1644,#1651,#335,.F.);
#2097=EDGE_CURVE('',#1652,#1651,#1416,.T.);
#2098=EDGE_CURVE('',#1653,#1652,#1417,.T.);
#2099=EDGE_CURVE('',#1653,#1654,#727,.T.);
#2100=EDGE_CURVE('',#1655,#1654,#728,.T.);
#2101=EDGE_CURVE('',#1655,#1656,#729,.T.);
#2102=EDGE_CURVE('',#1657,#1656,#730,.T.);
#2103=EDGE_CURVE('',#1657,#1658,#731,.T.);
#2104=EDGE_CURVE('',#1648,#1658,#732,.T.);
#2105=EDGE_CURVE('',#1659,#1646,#336,.T.);
#2106=EDGE_CURVE('',#1660,#1650,#1418,.T.);
#2107=EDGE_CURVE('',#1661,#1660,#733,.T.);
#2108=EDGE_CURVE('',#1662,#1661,#734,.T.);
#2109=EDGE_CURVE('',#1663,#1662,#735,.T.);
#2110=EDGE_CURVE('',#1662,#1663,#736,.T.);
#2111=EDGE_CURVE('',#1664,#1662,#737,.T.);
#2112=EDGE_CURVE('',#1665,#1664,#738,.T.);
#2113=EDGE_CURVE('',#1666,#1665,#1419,.T.);
#2114=EDGE_CURVE('',#1666,#1667,#337,.T.);
#2115=EDGE_CURVE('',#1668,#1667,#1365,.T.);
#2116=EDGE_CURVE('',#1659,#1668,#338,.T.);
#2117=EDGE_CURVE('',#1669,#1669,#739,.T.);
#2118=EDGE_CURVE('',#1670,#1670,#740,.T.);
#2119=EDGE_CURVE('',#1671,#1659,#339,.F.);
#2120=EDGE_CURVE('',#1672,#1671,#1366,.F.);
#2121=EDGE_CURVE('',#1672,#1673,#340,.T.);
#2122=EDGE_CURVE('',#1647,#1673,#341,.F.);
#2123=EDGE_CURVE('',#1673,#1674,#342,.T.);
#2124=EDGE_CURVE('',#1674,#1651,#343,.T.);
#2125=EDGE_CURVE('',#1675,#1653,#1420,.T.);
#2126=EDGE_CURVE('',#1652,#1676,#344,.T.);
#2127=EDGE_CURVE('',#1676,#1677,#1421,.T.);
#2128=EDGE_CURVE('',#1677,#1675,#1422,.T.);
#2129=EDGE_CURVE('',#1674,#1676,#1423,.T.);
#2130=EDGE_CURVE('',#1678,#1675,#345,.T.);
#2131=EDGE_CURVE('',#1679,#1678,#741,.T.);
#2132=EDGE_CURVE('',#1654,#1679,#346,.T.);
#2133=EDGE_CURVE('',#1674,#1680,#347,.T.);
#2134=EDGE_CURVE('',#1680,#1681,#742,.F.);
#2135=EDGE_CURVE('',#1681,#1682,#348,.T.);
#2136=EDGE_CURVE('',#1682,#1677,#1424,.T.);
#2137=EDGE_CURVE('',#1682,#1683,#349,.T.);
#2138=EDGE_CURVE('',#1683,#1678,#1425,.F.);
#2139=EDGE_CURVE('',#1680,#1672,#350,.T.);
#2140=EDGE_CURVE('',#1684,#1666,#1426,.T.);
#2141=EDGE_CURVE('',#1685,#1684,#351,.T.);
#2142=EDGE_CURVE('',#1685,#1686,#352,.F.);
#2143=EDGE_CURVE('',#1687,#1686,#138,.F.);
#2144=EDGE_CURVE('',#1683,#1687,#139,.T.);
#2145=EDGE_CURVE('',#1667,#1681,#353,.T.);
#2146=EDGE_CURVE('',#1686,#1688,#743,.T.);
#2147=EDGE_CURVE('',#1688,#1679,#354,.T.);
#2148=EDGE_CURVE('',#1689,#1680,#744,.F.);
#2149=EDGE_CURVE('',#1681,#1689,#745,.F.);
#2150=EDGE_CURVE('',#1671,#1689,#355,.T.);
#2151=EDGE_CURVE('',#1689,#1668,#356,.T.);
#2152=EDGE_CURVE('',#1684,#1690,#746,.T.);
#2153=EDGE_CURVE('',#1690,#1691,#747,.T.);
#2154=EDGE_CURVE('',#1691,#1684,#748,.T.);
#2155=EDGE_CURVE('',#1692,#1693,#749,.T.);
#2156=EDGE_CURVE('',#1693,#1691,#750,.T.);
#2157=EDGE_CURVE('',#1690,#1692,#751,.T.);
#2158=EDGE_CURVE('',#1694,#1695,#752,.T.);
#2159=EDGE_CURVE('',#1695,#1693,#753,.T.);
#2160=EDGE_CURVE('',#1692,#1694,#754,.T.);
#2161=EDGE_CURVE('',#1696,#1697,#755,.T.);
#2162=EDGE_CURVE('',#1697,#1695,#756,.T.);
#2163=EDGE_CURVE('',#1694,#1696,#757,.T.);
#2164=EDGE_CURVE('',#1665,#1690,#1427,.T.);
#2165=EDGE_CURVE('',#1696,#1649,#758,.T.);
#2166=EDGE_CURVE('',#1649,#1697,#759,.T.);
#2167=EDGE_CURVE('',#1696,#1660,#1428,.T.);
#2168=EDGE_CURVE('',#1691,#1698,#357,.T.);
#2169=EDGE_CURVE('',#1698,#1685,#760,.T.);
#2170=EDGE_CURVE('',#1699,#1693,#358,.T.);
#2171=EDGE_CURVE('',#1699,#1698,#761,.F.);
#2172=EDGE_CURVE('',#1700,#1695,#359,.T.);
#2173=EDGE_CURVE('',#1700,#1701,#1429,.T.);
#2174=EDGE_CURVE('',#1701,#1699,#762,.F.);
#2175=EDGE_CURVE('',#1658,#1697,#360,.T.);
#2176=EDGE_CURVE('',#1702,#1657,#361,.T.);
#2177=EDGE_CURVE('',#1702,#1700,#1430,.T.);
#2178=EDGE_CURVE('',#1670,#1703,#362,.T.);
#2179=EDGE_CURVE('',#1703,#1703,#763,.T.);
#2180=EDGE_CURVE('',#1703,#1704,#363,.T.);
#2181=EDGE_CURVE('',#1704,#1704,#764,.T.);
#2182=EDGE_CURVE('',#1669,#1705,#364,.T.);
#2183=EDGE_CURVE('',#1705,#1705,#765,.T.);
#2184=EDGE_CURVE('',#1705,#1706,#365,.T.);
#2185=EDGE_CURVE('',#1706,#1706,#766,.T.);
#2186=EDGE_CURVE('',#1663,#1707,#366,.T.);
#2187=EDGE_CURVE('',#1707,#1707,#767,.T.);
#2188=EDGE_CURVE('',#1707,#1708,#367,.T.);
#2189=EDGE_CURVE('',#1708,#1708,#768,.T.);
#2190=EDGE_CURVE('',#1688,#1709,#769,.T.);
#2191=EDGE_CURVE('',#1709,#1710,#368,.T.);
#2192=EDGE_CURVE('',#1710,#1679,#770,.T.);
#2193=EDGE_CURVE('',#1709,#1711,#771,.T.);
#2194=EDGE_CURVE('',#1711,#1712,#369,.T.);
#2195=EDGE_CURVE('',#1712,#1710,#772,.T.);
#2196=EDGE_CURVE('',#1702,#1712,#773,.T.);
#2197=EDGE_CURVE('',#1711,#1701,#774,.T.);
#2198=EDGE_CURVE('',#1692,#1664,#370,.T.);
#2199=EDGE_CURVE('',#1661,#1694,#371,.T.);
#2200=EDGE_CURVE('',#1710,#1655,#372,.T.);
#2201=EDGE_CURVE('',#1656,#1712,#373,.T.);
#2202=EDGE_CURVE('',#1713,#1714,#1431,.T.);
#2203=EDGE_CURVE('',#1714,#1715,#374,.T.);
#2204=EDGE_CURVE('',#1715,#1716,#1432,.T.);
#2205=EDGE_CURVE('',#1716,#1713,#375,.T.);
#2206=EDGE_CURVE('',#1717,#1714,#775,.T.);
#2207=EDGE_CURVE('',#1717,#1718,#376,.T.);
#2208=EDGE_CURVE('',#1715,#1718,#776,.T.);
#2209=EDGE_CURVE('',#1713,#1719,#140,.T.);
#2210=EDGE_CURVE('',#1719,#1720,#777,.T.);
#2211=EDGE_CURVE('',#1717,#1720,#377,.T.);
#2212=EDGE_CURVE('',#1721,#1722,#378,.T.);
#2213=EDGE_CURVE('',#1722,#1723,#1433,.T.);
#2214=EDGE_CURVE('',#1723,#1724,#379,.T.);
#2215=EDGE_CURVE('',#1724,#1721,#1434,.T.);
#2216=EDGE_CURVE('',#1725,#1726,#380,.T.);
#2217=EDGE_CURVE('',#1726,#1722,#1435,.T.);
#2218=EDGE_CURVE('',#1721,#1725,#1436,.T.);
#2219=EDGE_CURVE('',#1727,#1728,#381,.T.);
#2220=EDGE_CURVE('',#1728,#1726,#1437,.T.);
#2221=EDGE_CURVE('',#1725,#1727,#1438,.T.);
#2222=EDGE_CURVE('',#1729,#1730,#382,.T.);
#2223=EDGE_CURVE('',#1730,#1731,#778,.T.);
#2224=EDGE_CURVE('',#1731,#1732,#383,.T.);
#2225=EDGE_CURVE('',#1732,#1729,#779,.T.);
#2226=EDGE_CURVE('',#1720,#1732,#780,.T.);
#2227=EDGE_CURVE('',#1731,#1717,#781,.T.);
#2228=EDGE_CURVE('',#1729,#1724,#1439,.T.);
#2229=EDGE_CURVE('',#1723,#1730,#1440,.T.);
#2230=EDGE_CURVE('',#1733,#1734,#1441,.T.);
#2231=EDGE_CURVE('',#1734,#1728,#1442,.T.);
#2232=EDGE_CURVE('',#1727,#1735,#1443,.T.);
#2233=EDGE_CURVE('',#1735,#1736,#1444,.T.);
#2234=EDGE_CURVE('',#1736,#1733,#1445,.T.);
#2235=EDGE_CURVE('',#1737,#1735,#782,.T.);
#2236=EDGE_CURVE('',#1738,#1737,#384,.T.);
#2237=EDGE_CURVE('',#1739,#1738,#783,.T.);
#2238=EDGE_CURVE('',#1736,#1739,#385,.T.);
#2239=EDGE_CURVE('',#1729,#1740,#784,.T.);
#2240=EDGE_CURVE('',#1740,#1741,#1446,.T.);
#2241=EDGE_CURVE('',#1741,#1742,#785,.T.);
#2242=EDGE_CURVE('',#1742,#1737,#786,.T.);
#2243=EDGE_CURVE('',#1719,#1743,#386,.T.);
#2244=EDGE_CURVE('',#1742,#1743,#787,.T.);
#2245=EDGE_CURVE('',#1741,#1744,#788,.T.);
#2246=EDGE_CURVE('',#1744,#1740,#789,.T.);
#2247=EDGE_CURVE('',#1745,#1745,#790,.T.);
#2248=EDGE_CURVE('',#1746,#1746,#791,.T.);
#2249=EDGE_CURVE('',#1747,#1716,#141,.T.);
#2250=EDGE_CURVE('',#1748,#1747,#387,.T.);
#2251=EDGE_CURVE('',#1748,#1749,#388,.T.);
#2252=EDGE_CURVE('',#1750,#1749,#389,.T.);
#2253=EDGE_CURVE('',#1751,#1750,#142,.T.);
#2254=EDGE_CURVE('',#1752,#1751,#390,.T.);
#2255=EDGE_CURVE('',#1753,#1752,#1447,.T.);
#2256=EDGE_CURVE('',#1743,#1753,#1448,.T.);
#2257=EDGE_CURVE('',#1754,#1755,#1449,.T.);
#2258=EDGE_CURVE('',#1755,#1756,#792,.T.);
#2259=EDGE_CURVE('',#1756,#1757,#391,.T.);
#2260=EDGE_CURVE('',#1757,#1754,#793,.T.);
#2261=EDGE_CURVE('',#1756,#1739,#794,.T.);
#2262=EDGE_CURVE('',#1739,#1758,#392,.T.);
#2263=EDGE_CURVE('',#1758,#1757,#795,.T.);
#2264=EDGE_CURVE('',#1738,#1759,#393,.T.);
#2265=EDGE_CURVE('',#1759,#1758,#796,.T.);
#2266=EDGE_CURVE('',#1738,#1760,#797,.T.);
#2267=EDGE_CURVE('',#1760,#1761,#394,.T.);
#2268=EDGE_CURVE('',#1761,#1759,#798,.T.);
#2269=EDGE_CURVE('',#1750,#1761,#799,.T.);
#2270=EDGE_CURVE('',#1760,#1751,#800,.T.);
#2271=EDGE_CURVE('',#1749,#1762,#801,.T.);
#2272=EDGE_CURVE('',#1762,#1763,#802,.T.);
#2273=EDGE_CURVE('',#1763,#1764,#803,.T.);
#2274=EDGE_CURVE('',#1764,#1765,#395,.T.);
#2275=EDGE_CURVE('',#1765,#1754,#804,.T.);
#2276=EDGE_CURVE('',#1766,#1766,#805,.T.);
#2277=EDGE_CURVE('',#1767,#1767,#806,.T.);
#2278=EDGE_CURVE('',#1768,#1768,#807,.T.);
#2279=EDGE_CURVE('',#1768,#1744,#396,.T.);
#2280=EDGE_CURVE('',#1769,#1769,#808,.T.);
#2281=EDGE_CURVE('',#1769,#1746,#397,.T.);
#2282=EDGE_CURVE('',#1770,#1770,#809,.T.);
#2283=EDGE_CURVE('',#1770,#1745,#398,.T.);
#2284=EDGE_CURVE('',#1734,#1771,#810,.T.);
#2285=EDGE_CURVE('',#1771,#1772,#399,.T.);
#2286=EDGE_CURVE('',#1772,#1773,#1450,.T.);
#2287=EDGE_CURVE('',#1773,#1722,#400,.T.);
#2288=EDGE_CURVE('',#1733,#1771,#1451,.T.);
#2289=EDGE_CURVE('',#1774,#1773,#811,.T.);
#2290=EDGE_CURVE('',#1774,#1731,#401,.T.);
#2291=EDGE_CURVE('',#1775,#1776,#1452,.T.);
#2292=EDGE_CURVE('',#1777,#1775,#402,.T.);
#2293=EDGE_CURVE('',#1777,#1778,#812,.F.);
#2294=EDGE_CURVE('',#1776,#1778,#1453,.T.);
#2295=EDGE_CURVE('',#1779,#1718,#1454,.T.);
#2296=EDGE_CURVE('',#1779,#1780,#1455,.T.);
#2297=EDGE_CURVE('',#1780,#1747,#813,.T.);
#2298=EDGE_CURVE('',#1779,#1774,#814,.T.);
#2299=EDGE_CURVE('',#1772,#1775,#1456,.T.);
#2300=EDGE_CURVE('',#1778,#1781,#815,.T.);
#2301=EDGE_CURVE('',#1781,#1774,#403,.T.);
#2302=EDGE_CURVE('',#1781,#1780,#816,.T.);
#2303=EDGE_CURVE('',#1782,#1777,#817,.T.);
#2304=EDGE_CURVE('',#1783,#1782,#818,.F.);
#2305=EDGE_CURVE('',#1783,#1784,#819,.T.);
#2306=EDGE_CURVE('',#1784,#1785,#404,.T.);
#2307=EDGE_CURVE('',#1786,#1785,#820,.T.);
#2308=EDGE_CURVE('',#1786,#1787,#821,.T.);
#2309=EDGE_CURVE('',#1748,#1787,#822,.T.);
#2310=EDGE_CURVE('',#1788,#1788,#823,.T.);
#2311=EDGE_CURVE('',#1789,#1789,#824,.T.);
#2312=EDGE_CURVE('',#1756,#1782,#405,.T.);
#2313=EDGE_CURVE('',#1783,#1755,#406,.F.);
#2314=EDGE_CURVE('',#1790,#1737,#825,.T.);
#2315=EDGE_CURVE('',#1753,#1790,#826,.T.);
#2316=EDGE_CURVE('',#1752,#1790,#827,.T.);
#2317=EDGE_CURVE('',#1790,#1760,#407,.T.);
#2318=EDGE_CURVE('',#1784,#1765,#408,.T.);
#2319=EDGE_CURVE('',#1767,#1789,#409,.T.);
#2320=EDGE_CURVE('',#1766,#1788,#410,.T.);
#2321=EDGE_CURVE('',#1785,#1764,#411,.T.);
#2322=EDGE_CURVE('',#1791,#1763,#412,.T.);
#2323=EDGE_CURVE('',#1786,#1791,#413,.T.);
#2324=EDGE_CURVE('',#1787,#1762,#414,.T.);
#2325=ORIENTED_EDGE('',*,*,#1792,.F.);
#2326=ORIENTED_EDGE('',*,*,#1793,.T.);
#2327=ORIENTED_EDGE('',*,*,#1794,.T.);
#2328=ORIENTED_EDGE('',*,*,#1795,.T.);
#2329=ORIENTED_EDGE('',*,*,#1796,.T.);
#2330=ORIENTED_EDGE('',*,*,#1793,.F.);
#2331=ORIENTED_EDGE('',*,*,#1797,.F.);
#2332=ORIENTED_EDGE('',*,*,#1798,.F.);
#2333=ORIENTED_EDGE('',*,*,#1799,.F.);
#2334=ORIENTED_EDGE('',*,*,#1800,.F.);
#2335=ORIENTED_EDGE('',*,*,#1801,.T.);
#2336=ORIENTED_EDGE('',*,*,#1802,.F.);
#2337=ORIENTED_EDGE('',*,*,#1803,.F.);
#2338=ORIENTED_EDGE('',*,*,#1804,.T.);
#2339=ORIENTED_EDGE('',*,*,#1805,.F.);
#2340=ORIENTED_EDGE('',*,*,#1806,.T.);
#2341=ORIENTED_EDGE('',*,*,#1807,.F.);
#2342=ORIENTED_EDGE('',*,*,#1808,.T.);
#2343=ORIENTED_EDGE('',*,*,#1809,.F.);
#2344=ORIENTED_EDGE('',*,*,#1797,.T.);
#2345=ORIENTED_EDGE('',*,*,#1792,.T.);
#2346=ORIENTED_EDGE('',*,*,#1810,.T.);
#2347=ORIENTED_EDGE('',*,*,#1794,.F.);
#2348=ORIENTED_EDGE('',*,*,#1800,.T.);
#2349=ORIENTED_EDGE('',*,*,#1811,.F.);
#2350=ORIENTED_EDGE('',*,*,#1812,.F.);
#2351=ORIENTED_EDGE('',*,*,#1813,.F.);
#2352=ORIENTED_EDGE('',*,*,#1814,.F.);
#2353=ORIENTED_EDGE('',*,*,#1815,.F.);
#2354=ORIENTED_EDGE('',*,*,#1816,.F.);
#2355=ORIENTED_EDGE('',*,*,#1817,.F.);
#2356=ORIENTED_EDGE('',*,*,#1818,.F.);
#2357=ORIENTED_EDGE('',*,*,#1819,.T.);
#2358=ORIENTED_EDGE('',*,*,#1820,.F.);
#2359=ORIENTED_EDGE('',*,*,#1821,.F.);
#2360=ORIENTED_EDGE('',*,*,#1822,.F.);
#2361=ORIENTED_EDGE('',*,*,#1823,.F.);
#2362=ORIENTED_EDGE('',*,*,#1795,.F.);
#2363=ORIENTED_EDGE('',*,*,#1810,.F.);
#2364=ORIENTED_EDGE('',*,*,#1824,.F.);
#2365=ORIENTED_EDGE('',*,*,#1825,.F.);
#2366=ORIENTED_EDGE('',*,*,#1826,.T.);
#2367=ORIENTED_EDGE('',*,*,#1827,.F.);
#2368=ORIENTED_EDGE('',*,*,#1801,.F.);
#2369=ORIENTED_EDGE('',*,*,#1796,.F.);
#2370=ORIENTED_EDGE('',*,*,#1827,.T.);
#2371=ORIENTED_EDGE('',*,*,#1828,.T.);
#2372=ORIENTED_EDGE('',*,*,#1829,.T.);
#2373=ORIENTED_EDGE('',*,*,#1830,.T.);
#2374=ORIENTED_EDGE('',*,*,#1803,.T.);
#2375=ORIENTED_EDGE('',*,*,#1831,.T.);
#2376=ORIENTED_EDGE('',*,*,#1832,.T.);
#2377=ORIENTED_EDGE('',*,*,#1833,.T.);
#2378=ORIENTED_EDGE('',*,*,#1831,.F.);
#2379=ORIENTED_EDGE('',*,*,#1802,.T.);
#2380=ORIENTED_EDGE('',*,*,#1829,.F.);
#2381=ORIENTED_EDGE('',*,*,#1834,.T.);
#2382=ORIENTED_EDGE('',*,*,#1830,.F.);
#2383=ORIENTED_EDGE('',*,*,#1835,.F.);
#2384=ORIENTED_EDGE('',*,*,#1836,.F.);
#2385=ORIENTED_EDGE('',*,*,#1837,.F.);
#2386=ORIENTED_EDGE('',*,*,#1804,.F.);
#2387=ORIENTED_EDGE('',*,*,#1834,.F.);
#2388=ORIENTED_EDGE('',*,*,#1838,.T.);
#2389=ORIENTED_EDGE('',*,*,#1839,.T.);
#2390=ORIENTED_EDGE('',*,*,#1840,.T.);
#2391=ORIENTED_EDGE('',*,*,#1841,.T.);
#2392=ORIENTED_EDGE('',*,*,#1832,.F.);
#2393=ORIENTED_EDGE('',*,*,#1833,.F.);
#2394=ORIENTED_EDGE('',*,*,#1841,.F.);
#2395=ORIENTED_EDGE('',*,*,#1842,.T.);
#2396=ORIENTED_EDGE('',*,*,#1843,.T.);
#2397=ORIENTED_EDGE('',*,*,#1835,.T.);
#2398=ORIENTED_EDGE('',*,*,#1828,.F.);
#2399=ORIENTED_EDGE('',*,*,#1826,.F.);
#2400=ORIENTED_EDGE('',*,*,#1844,.F.);
#2401=ORIENTED_EDGE('',*,*,#1838,.F.);
#2402=ORIENTED_EDGE('',*,*,#1819,.F.);
#2403=ORIENTED_EDGE('',*,*,#1845,.F.);
#2404=ORIENTED_EDGE('',*,*,#1846,.F.);
#2405=ORIENTED_EDGE('',*,*,#1847,.T.);
#2406=ORIENTED_EDGE('',*,*,#1848,.F.);
#2407=ORIENTED_EDGE('',*,*,#1849,.F.);
#2408=ORIENTED_EDGE('',*,*,#1842,.F.);
#2409=ORIENTED_EDGE('',*,*,#1840,.F.);
#2410=ORIENTED_EDGE('',*,*,#1850,.F.);
#2411=ORIENTED_EDGE('',*,*,#1836,.T.);
#2412=ORIENTED_EDGE('',*,*,#1843,.F.);
#2413=ORIENTED_EDGE('',*,*,#1849,.T.);
#2414=ORIENTED_EDGE('',*,*,#1848,.T.);
#2415=ORIENTED_EDGE('',*,*,#1851,.T.);
#2416=ORIENTED_EDGE('',*,*,#1852,.T.);
#2417=ORIENTED_EDGE('',*,*,#1839,.F.);
#2418=ORIENTED_EDGE('',*,*,#1853,.F.);
#2419=ORIENTED_EDGE('',*,*,#1854,.F.);
#2420=ORIENTED_EDGE('',*,*,#1825,.T.);
#2421=ORIENTED_EDGE('',*,*,#1855,.T.);
#2422=ORIENTED_EDGE('',*,*,#1853,.T.);
#2423=ORIENTED_EDGE('',*,*,#1844,.T.);
#2424=ORIENTED_EDGE('',*,*,#1820,.T.);
#2425=ORIENTED_EDGE('',*,*,#1850,.T.);
#2426=ORIENTED_EDGE('',*,*,#1854,.T.);
#2427=ORIENTED_EDGE('',*,*,#1856,.T.);
#2428=ORIENTED_EDGE('',*,*,#1855,.F.);
#2429=ORIENTED_EDGE('',*,*,#1824,.T.);
#2430=ORIENTED_EDGE('',*,*,#1821,.T.);
#2431=ORIENTED_EDGE('',*,*,#1856,.F.);
#2432=ORIENTED_EDGE('',*,*,#1857,.T.);
#2433=ORIENTED_EDGE('',*,*,#1858,.T.);
#2434=ORIENTED_EDGE('',*,*,#1859,.T.);
#2435=ORIENTED_EDGE('',*,*,#1860,.T.);
#2436=ORIENTED_EDGE('',*,*,#1861,.T.);
#2437=ORIENTED_EDGE('',*,*,#1858,.F.);
#2438=ORIENTED_EDGE('',*,*,#1862,.T.);
#2439=ORIENTED_EDGE('',*,*,#1863,.T.);
#2440=ORIENTED_EDGE('',*,*,#1864,.T.);
#2441=ORIENTED_EDGE('',*,*,#1860,.F.);
#2442=ORIENTED_EDGE('',*,*,#1865,.T.);
#2443=ORIENTED_EDGE('',*,*,#1866,.T.);
#2444=ORIENTED_EDGE('',*,*,#1867,.T.);
#2445=ORIENTED_EDGE('',*,*,#1863,.F.);
#2446=ORIENTED_EDGE('',*,*,#1868,.T.);
#2447=ORIENTED_EDGE('',*,*,#1818,.T.);
#2448=ORIENTED_EDGE('',*,*,#1869,.T.);
#2449=ORIENTED_EDGE('',*,*,#1857,.F.);
#2450=ORIENTED_EDGE('',*,*,#1845,.T.);
#2451=ORIENTED_EDGE('',*,*,#1870,.T.);
#2452=ORIENTED_EDGE('',*,*,#1871,.T.);
#2453=ORIENTED_EDGE('',*,*,#1866,.F.);
#2454=ORIENTED_EDGE('',*,*,#1811,.T.);
#2455=ORIENTED_EDGE('',*,*,#1799,.T.);
#2456=ORIENTED_EDGE('',*,*,#1870,.F.);
#2457=ORIENTED_EDGE('',*,*,#1872,.T.);
#2458=ORIENTED_EDGE('',*,*,#1859,.F.);
#2459=ORIENTED_EDGE('',*,*,#1873,.T.);
#2460=ORIENTED_EDGE('',*,*,#1874,.T.);
#2461=ORIENTED_EDGE('',*,*,#1846,.T.);
#2462=ORIENTED_EDGE('',*,*,#1861,.F.);
#2463=ORIENTED_EDGE('',*,*,#1875,.F.);
#2464=ORIENTED_EDGE('',*,*,#1876,.T.);
#2465=ORIENTED_EDGE('',*,*,#1873,.F.);
#2466=ORIENTED_EDGE('',*,*,#1864,.F.);
#2467=ORIENTED_EDGE('',*,*,#1877,.F.);
#2468=ORIENTED_EDGE('',*,*,#1878,.T.);
#2469=ORIENTED_EDGE('',*,*,#1879,.T.);
#2470=ORIENTED_EDGE('',*,*,#1875,.T.);
#2471=ORIENTED_EDGE('',*,*,#1867,.F.);
#2472=ORIENTED_EDGE('',*,*,#1880,.F.);
#2473=ORIENTED_EDGE('',*,*,#1808,.F.);
#2474=ORIENTED_EDGE('',*,*,#1881,.F.);
#2475=ORIENTED_EDGE('',*,*,#1882,.T.);
#2476=ORIENTED_EDGE('',*,*,#1877,.T.);
#2477=ORIENTED_EDGE('',*,*,#1871,.F.);
#2478=ORIENTED_EDGE('',*,*,#1798,.T.);
#2479=ORIENTED_EDGE('',*,*,#1809,.T.);
#2480=ORIENTED_EDGE('',*,*,#1880,.T.);
#2481=ORIENTED_EDGE('',*,*,#1823,.T.);
#2482=ORIENTED_EDGE('',*,*,#1883,.T.);
#2483=ORIENTED_EDGE('',*,*,#1884,.T.);
#2484=ORIENTED_EDGE('',*,*,#1883,.F.);
#2485=ORIENTED_EDGE('',*,*,#1884,.F.);
#2486=ORIENTED_EDGE('',*,*,#1885,.T.);
#2487=ORIENTED_EDGE('',*,*,#1886,.F.);
#2488=ORIENTED_EDGE('',*,*,#1885,.F.);
#2489=ORIENTED_EDGE('',*,*,#1822,.T.);
#2490=ORIENTED_EDGE('',*,*,#1887,.T.);
#2491=ORIENTED_EDGE('',*,*,#1888,.T.);
#2492=ORIENTED_EDGE('',*,*,#1887,.F.);
#2493=ORIENTED_EDGE('',*,*,#1888,.F.);
#2494=ORIENTED_EDGE('',*,*,#1889,.T.);
#2495=ORIENTED_EDGE('',*,*,#1890,.F.);
#2496=ORIENTED_EDGE('',*,*,#1889,.F.);
#2497=ORIENTED_EDGE('',*,*,#1815,.T.);
#2498=ORIENTED_EDGE('',*,*,#1891,.T.);
#2499=ORIENTED_EDGE('',*,*,#1892,.T.);
#2500=ORIENTED_EDGE('',*,*,#1891,.F.);
#2501=ORIENTED_EDGE('',*,*,#1814,.T.);
#2502=ORIENTED_EDGE('',*,*,#1892,.F.);
#2503=ORIENTED_EDGE('',*,*,#1893,.T.);
#2504=ORIENTED_EDGE('',*,*,#1894,.F.);
#2505=ORIENTED_EDGE('',*,*,#1893,.F.);
#2506=ORIENTED_EDGE('',*,*,#1852,.F.);
#2507=ORIENTED_EDGE('',*,*,#1895,.T.);
#2508=ORIENTED_EDGE('',*,*,#1896,.T.);
#2509=ORIENTED_EDGE('',*,*,#1897,.T.);
#2510=ORIENTED_EDGE('',*,*,#1896,.F.);
#2511=ORIENTED_EDGE('',*,*,#1898,.T.);
#2512=ORIENTED_EDGE('',*,*,#1899,.T.);
#2513=ORIENTED_EDGE('',*,*,#1900,.T.);
#2514=ORIENTED_EDGE('',*,*,#1882,.F.);
#2515=ORIENTED_EDGE('',*,*,#1901,.T.);
#2516=ORIENTED_EDGE('',*,*,#1899,.F.);
#2517=ORIENTED_EDGE('',*,*,#1902,.T.);
#2518=ORIENTED_EDGE('',*,*,#1878,.F.);
#2519=ORIENTED_EDGE('',*,*,#1902,.F.);
#2520=ORIENTED_EDGE('',*,*,#1898,.F.);
#2521=ORIENTED_EDGE('',*,*,#1895,.F.);
#2522=ORIENTED_EDGE('',*,*,#1851,.F.);
#2523=ORIENTED_EDGE('',*,*,#1847,.F.);
#2524=ORIENTED_EDGE('',*,*,#1874,.F.);
#2525=ORIENTED_EDGE('',*,*,#1876,.F.);
#2526=ORIENTED_EDGE('',*,*,#1879,.F.);
#2527=ORIENTED_EDGE('',*,*,#1890,.T.);
#2528=ORIENTED_EDGE('',*,*,#1894,.T.);
#2529=ORIENTED_EDGE('',*,*,#1886,.T.);
#2530=ORIENTED_EDGE('',*,*,#1865,.F.);
#2531=ORIENTED_EDGE('',*,*,#1903,.T.);
#2532=ORIENTED_EDGE('',*,*,#1816,.T.);
#2533=ORIENTED_EDGE('',*,*,#1813,.T.);
#2534=ORIENTED_EDGE('',*,*,#1904,.T.);
#2535=ORIENTED_EDGE('',*,*,#1868,.F.);
#2536=ORIENTED_EDGE('',*,*,#1904,.F.);
#2537=ORIENTED_EDGE('',*,*,#1812,.T.);
#2538=ORIENTED_EDGE('',*,*,#1872,.F.);
#2539=ORIENTED_EDGE('',*,*,#1869,.F.);
#2540=ORIENTED_EDGE('',*,*,#1817,.T.);
#2541=ORIENTED_EDGE('',*,*,#1903,.F.);
#2542=ORIENTED_EDGE('',*,*,#1862,.F.);
#2543=ORIENTED_EDGE('',*,*,#1897,.F.);
#2544=ORIENTED_EDGE('',*,*,#1905,.T.);
#2545=ORIENTED_EDGE('',*,*,#1805,.T.);
#2546=ORIENTED_EDGE('',*,*,#1837,.T.);
#2547=ORIENTED_EDGE('',*,*,#1901,.F.);
#2548=ORIENTED_EDGE('',*,*,#1881,.T.);
#2549=ORIENTED_EDGE('',*,*,#1807,.T.);
#2550=ORIENTED_EDGE('',*,*,#1906,.T.);
#2551=ORIENTED_EDGE('',*,*,#1900,.F.);
#2552=ORIENTED_EDGE('',*,*,#1906,.F.);
#2553=ORIENTED_EDGE('',*,*,#1806,.F.);
#2554=ORIENTED_EDGE('',*,*,#1905,.F.);
#2555=ORIENTED_EDGE('',*,*,#1907,.T.);
#2556=ORIENTED_EDGE('',*,*,#1908,.T.);
#2557=ORIENTED_EDGE('',*,*,#1909,.T.);
#2558=ORIENTED_EDGE('',*,*,#1910,.T.);
#2559=ORIENTED_EDGE('',*,*,#1908,.F.);
#2560=ORIENTED_EDGE('',*,*,#1911,.F.);
#2561=ORIENTED_EDGE('',*,*,#1912,.T.);
#2562=ORIENTED_EDGE('',*,*,#1913,.F.);
#2563=ORIENTED_EDGE('',*,*,#1907,.F.);
#2564=ORIENTED_EDGE('',*,*,#1914,.T.);
#2565=ORIENTED_EDGE('',*,*,#1915,.T.);
#2566=ORIENTED_EDGE('',*,*,#1916,.F.);
#2567=ORIENTED_EDGE('',*,*,#1911,.T.);
#2568=ORIENTED_EDGE('',*,*,#1917,.T.);
#2569=ORIENTED_EDGE('',*,*,#1918,.T.);
#2570=ORIENTED_EDGE('',*,*,#1919,.T.);
#2571=ORIENTED_EDGE('',*,*,#1920,.T.);
#2572=ORIENTED_EDGE('',*,*,#1921,.T.);
#2573=ORIENTED_EDGE('',*,*,#1922,.T.);
#2574=ORIENTED_EDGE('',*,*,#1917,.F.);
#2575=ORIENTED_EDGE('',*,*,#1923,.T.);
#2576=ORIENTED_EDGE('',*,*,#1924,.T.);
#2577=ORIENTED_EDGE('',*,*,#1925,.T.);
#2578=ORIENTED_EDGE('',*,*,#1921,.F.);
#2579=ORIENTED_EDGE('',*,*,#1926,.T.);
#2580=ORIENTED_EDGE('',*,*,#1927,.T.);
#2581=ORIENTED_EDGE('',*,*,#1928,.T.);
#2582=ORIENTED_EDGE('',*,*,#1929,.T.);
#2583=ORIENTED_EDGE('',*,*,#1930,.T.);
#2584=ORIENTED_EDGE('',*,*,#1916,.T.);
#2585=ORIENTED_EDGE('',*,*,#1931,.T.);
#2586=ORIENTED_EDGE('',*,*,#1929,.F.);
#2587=ORIENTED_EDGE('',*,*,#1932,.T.);
#2588=ORIENTED_EDGE('',*,*,#1927,.F.);
#2589=ORIENTED_EDGE('',*,*,#1933,.T.);
#2590=ORIENTED_EDGE('',*,*,#1919,.F.);
#2591=ORIENTED_EDGE('',*,*,#1934,.T.);
#2592=ORIENTED_EDGE('',*,*,#1935,.T.);
#2593=ORIENTED_EDGE('',*,*,#1936,.T.);
#2594=ORIENTED_EDGE('',*,*,#1924,.F.);
#2595=ORIENTED_EDGE('',*,*,#1937,.T.);
#2596=ORIENTED_EDGE('',*,*,#1938,.T.);
#2597=ORIENTED_EDGE('',*,*,#1939,.T.);
#2598=ORIENTED_EDGE('',*,*,#1938,.F.);
#2599=ORIENTED_EDGE('',*,*,#1940,.F.);
#2600=ORIENTED_EDGE('',*,*,#1941,.F.);
#2601=ORIENTED_EDGE('',*,*,#1942,.F.);
#2602=ORIENTED_EDGE('',*,*,#1943,.F.);
#2603=ORIENTED_EDGE('',*,*,#1937,.F.);
#2604=ORIENTED_EDGE('',*,*,#1926,.F.);
#2605=ORIENTED_EDGE('',*,*,#1923,.F.);
#2606=ORIENTED_EDGE('',*,*,#1920,.F.);
#2607=ORIENTED_EDGE('',*,*,#1933,.F.);
#2608=ORIENTED_EDGE('',*,*,#1944,.T.);
#2609=ORIENTED_EDGE('',*,*,#1945,.T.);
#2610=ORIENTED_EDGE('',*,*,#1946,.T.);
#2611=ORIENTED_EDGE('',*,*,#1947,.T.);
#2612=ORIENTED_EDGE('',*,*,#1940,.T.);
#2613=ORIENTED_EDGE('',*,*,#1930,.F.);
#2614=ORIENTED_EDGE('',*,*,#1931,.F.);
#2615=ORIENTED_EDGE('',*,*,#1915,.F.);
#2616=ORIENTED_EDGE('',*,*,#1948,.T.);
#2617=ORIENTED_EDGE('',*,*,#1949,.F.);
#2618=ORIENTED_EDGE('',*,*,#1946,.F.);
#2619=ORIENTED_EDGE('',*,*,#1950,.T.);
#2620=ORIENTED_EDGE('',*,*,#1951,.T.);
#2621=ORIENTED_EDGE('',*,*,#1944,.F.);
#2622=ORIENTED_EDGE('',*,*,#1952,.T.);
#2623=ORIENTED_EDGE('',*,*,#1953,.T.);
#2624=ORIENTED_EDGE('',*,*,#1910,.F.);
#2625=ORIENTED_EDGE('',*,*,#1954,.F.);
#2626=ORIENTED_EDGE('',*,*,#1955,.F.);
#2627=ORIENTED_EDGE('',*,*,#1956,.T.);
#2628=ORIENTED_EDGE('',*,*,#1957,.F.);
#2629=ORIENTED_EDGE('',*,*,#1958,.F.);
#2630=ORIENTED_EDGE('',*,*,#1959,.F.);
#2631=ORIENTED_EDGE('',*,*,#1960,.F.);
#2632=ORIENTED_EDGE('',*,*,#1961,.F.);
#2633=ORIENTED_EDGE('',*,*,#1948,.F.);
#2634=ORIENTED_EDGE('',*,*,#1914,.F.);
#2635=ORIENTED_EDGE('',*,*,#1962,.T.);
#2636=ORIENTED_EDGE('',*,*,#1963,.T.);
#2637=ORIENTED_EDGE('',*,*,#1964,.T.);
#2638=ORIENTED_EDGE('',*,*,#1965,.T.);
#2639=ORIENTED_EDGE('',*,*,#1964,.F.);
#2640=ORIENTED_EDGE('',*,*,#1966,.T.);
#2641=ORIENTED_EDGE('',*,*,#1967,.T.);
#2642=ORIENTED_EDGE('',*,*,#1968,.T.);
#2643=ORIENTED_EDGE('',*,*,#1969,.T.);
#2644=ORIENTED_EDGE('',*,*,#1970,.T.);
#2645=ORIENTED_EDGE('',*,*,#1967,.F.);
#2646=ORIENTED_EDGE('',*,*,#1942,.T.);
#2647=ORIENTED_EDGE('',*,*,#1969,.F.);
#2648=ORIENTED_EDGE('',*,*,#1971,.T.);
#2649=ORIENTED_EDGE('',*,*,#1972,.T.);
#2650=ORIENTED_EDGE('',*,*,#1973,.T.);
#2651=ORIENTED_EDGE('',*,*,#1958,.T.);
#2652=ORIENTED_EDGE('',*,*,#1974,.T.);
#2653=ORIENTED_EDGE('',*,*,#1972,.F.);
#2654=ORIENTED_EDGE('',*,*,#1975,.T.);
#2655=ORIENTED_EDGE('',*,*,#1965,.F.);
#2656=ORIENTED_EDGE('',*,*,#1968,.F.);
#2657=ORIENTED_EDGE('',*,*,#1970,.F.);
#2658=ORIENTED_EDGE('',*,*,#1973,.F.);
#2659=ORIENTED_EDGE('',*,*,#1974,.F.);
#2660=ORIENTED_EDGE('',*,*,#1957,.T.);
#2661=ORIENTED_EDGE('',*,*,#1976,.T.);
#2662=ORIENTED_EDGE('',*,*,#1977,.T.);
#2663=ORIENTED_EDGE('',*,*,#1978,.T.);
#2664=ORIENTED_EDGE('',*,*,#1979,.T.);
#2665=ORIENTED_EDGE('',*,*,#1980,.T.);
#2666=ORIENTED_EDGE('',*,*,#1981,.T.);
#2667=ORIENTED_EDGE('',*,*,#1982,.T.);
#2668=ORIENTED_EDGE('',*,*,#1983,.F.);
#2669=ORIENTED_EDGE('',*,*,#1984,.T.);
#2670=ORIENTED_EDGE('',*,*,#1950,.F.);
#2671=ORIENTED_EDGE('',*,*,#1945,.F.);
#2672=ORIENTED_EDGE('',*,*,#1951,.F.);
#2673=ORIENTED_EDGE('',*,*,#1984,.F.);
#2674=ORIENTED_EDGE('',*,*,#1985,.F.);
#2675=ORIENTED_EDGE('',*,*,#1986,.T.);
#2676=ORIENTED_EDGE('',*,*,#1953,.F.);
#2677=ORIENTED_EDGE('',*,*,#1986,.F.);
#2678=ORIENTED_EDGE('',*,*,#1987,.F.);
#2679=ORIENTED_EDGE('',*,*,#1988,.T.);
#2680=ORIENTED_EDGE('',*,*,#1952,.F.);
#2681=ORIENTED_EDGE('',*,*,#1988,.F.);
#2682=ORIENTED_EDGE('',*,*,#1936,.F.);
#2683=ORIENTED_EDGE('',*,*,#1989,.T.);
#2684=ORIENTED_EDGE('',*,*,#1990,.T.);
#2685=ORIENTED_EDGE('',*,*,#1991,.T.);
#2686=ORIENTED_EDGE('',*,*,#1992,.T.);
#2687=ORIENTED_EDGE('',*,*,#1922,.F.);
#2688=ORIENTED_EDGE('',*,*,#1925,.F.);
#2689=ORIENTED_EDGE('',*,*,#1935,.F.);
#2690=ORIENTED_EDGE('',*,*,#1993,.T.);
#2691=ORIENTED_EDGE('',*,*,#1989,.F.);
#2692=ORIENTED_EDGE('',*,*,#1918,.F.);
#2693=ORIENTED_EDGE('',*,*,#1992,.F.);
#2694=ORIENTED_EDGE('',*,*,#1994,.F.);
#2695=ORIENTED_EDGE('',*,*,#1995,.T.);
#2696=ORIENTED_EDGE('',*,*,#1928,.F.);
#2697=ORIENTED_EDGE('',*,*,#1934,.F.);
#2698=ORIENTED_EDGE('',*,*,#1996,.F.);
#2699=ORIENTED_EDGE('',*,*,#1997,.F.);
#2700=ORIENTED_EDGE('',*,*,#1998,.T.);
#2701=ORIENTED_EDGE('',*,*,#1999,.F.);
#2702=ORIENTED_EDGE('',*,*,#1909,.F.);
#2703=ORIENTED_EDGE('',*,*,#1913,.T.);
#2704=ORIENTED_EDGE('',*,*,#2000,.F.);
#2705=ORIENTED_EDGE('',*,*,#2001,.T.);
#2706=ORIENTED_EDGE('',*,*,#2002,.T.);
#2707=ORIENTED_EDGE('',*,*,#1954,.T.);
#2708=ORIENTED_EDGE('',*,*,#1932,.F.);
#2709=ORIENTED_EDGE('',*,*,#1995,.F.);
#2710=ORIENTED_EDGE('',*,*,#2003,.F.);
#2711=ORIENTED_EDGE('',*,*,#2000,.T.);
#2712=ORIENTED_EDGE('',*,*,#1912,.F.);
#2713=ORIENTED_EDGE('',*,*,#1994,.T.);
#2714=ORIENTED_EDGE('',*,*,#1991,.F.);
#2715=ORIENTED_EDGE('',*,*,#2004,.T.);
#2716=ORIENTED_EDGE('',*,*,#1996,.T.);
#2717=ORIENTED_EDGE('',*,*,#1999,.T.);
#2718=ORIENTED_EDGE('',*,*,#2005,.T.);
#2719=ORIENTED_EDGE('',*,*,#2006,.T.);
#2720=ORIENTED_EDGE('',*,*,#2003,.T.);
#2721=ORIENTED_EDGE('',*,*,#2006,.F.);
#2722=ORIENTED_EDGE('',*,*,#2007,.T.);
#2723=ORIENTED_EDGE('',*,*,#2001,.F.);
#2724=ORIENTED_EDGE('',*,*,#2002,.F.);
#2725=ORIENTED_EDGE('',*,*,#2007,.F.);
#2726=ORIENTED_EDGE('',*,*,#2005,.F.);
#2727=ORIENTED_EDGE('',*,*,#1998,.F.);
#2728=ORIENTED_EDGE('',*,*,#2008,.F.);
#2729=ORIENTED_EDGE('',*,*,#2009,.F.);
#2730=ORIENTED_EDGE('',*,*,#2010,.T.);
#2731=ORIENTED_EDGE('',*,*,#2011,.T.);
#2732=ORIENTED_EDGE('',*,*,#2012,.F.);
#2733=ORIENTED_EDGE('',*,*,#2013,.T.);
#2734=ORIENTED_EDGE('',*,*,#2014,.F.);
#2735=ORIENTED_EDGE('',*,*,#1955,.T.);
#2736=ORIENTED_EDGE('',*,*,#1983,.T.);
#2737=ORIENTED_EDGE('',*,*,#1985,.T.);
#2738=ORIENTED_EDGE('',*,*,#1987,.T.);
#2739=ORIENTED_EDGE('',*,*,#2015,.F.);
#2740=ORIENTED_EDGE('',*,*,#2016,.F.);
#2741=ORIENTED_EDGE('',*,*,#1939,.F.);
#2742=ORIENTED_EDGE('',*,*,#1943,.T.);
#2743=ORIENTED_EDGE('',*,*,#1966,.F.);
#2744=ORIENTED_EDGE('',*,*,#2017,.T.);
#2745=ORIENTED_EDGE('',*,*,#2008,.T.);
#2746=ORIENTED_EDGE('',*,*,#1997,.T.);
#2747=ORIENTED_EDGE('',*,*,#2004,.F.);
#2748=ORIENTED_EDGE('',*,*,#1990,.F.);
#2749=ORIENTED_EDGE('',*,*,#1993,.F.);
#2750=ORIENTED_EDGE('',*,*,#1963,.F.);
#2751=ORIENTED_EDGE('',*,*,#2018,.F.);
#2752=ORIENTED_EDGE('',*,*,#2009,.T.);
#2753=ORIENTED_EDGE('',*,*,#2017,.F.);
#2754=ORIENTED_EDGE('',*,*,#2019,.T.);
#2755=ORIENTED_EDGE('',*,*,#1947,.F.);
#2756=ORIENTED_EDGE('',*,*,#1949,.T.);
#2757=ORIENTED_EDGE('',*,*,#1961,.T.);
#2758=ORIENTED_EDGE('',*,*,#2020,.T.);
#2759=ORIENTED_EDGE('',*,*,#1960,.T.);
#2760=ORIENTED_EDGE('',*,*,#2021,.T.);
#2761=ORIENTED_EDGE('',*,*,#2020,.F.);
#2762=ORIENTED_EDGE('',*,*,#1971,.F.);
#2763=ORIENTED_EDGE('',*,*,#1941,.T.);
#2764=ORIENTED_EDGE('',*,*,#2019,.F.);
#2765=ORIENTED_EDGE('',*,*,#2022,.T.);
#2766=ORIENTED_EDGE('',*,*,#1975,.F.);
#2767=ORIENTED_EDGE('',*,*,#2022,.F.);
#2768=ORIENTED_EDGE('',*,*,#2021,.F.);
#2769=ORIENTED_EDGE('',*,*,#1959,.T.);
#2770=ORIENTED_EDGE('',*,*,#1962,.F.);
#2771=ORIENTED_EDGE('',*,*,#1980,.F.);
#2772=ORIENTED_EDGE('',*,*,#2023,.F.);
#2773=ORIENTED_EDGE('',*,*,#2010,.F.);
#2774=ORIENTED_EDGE('',*,*,#2018,.T.);
#2775=ORIENTED_EDGE('',*,*,#1982,.F.);
#2776=ORIENTED_EDGE('',*,*,#2024,.T.);
#2777=ORIENTED_EDGE('',*,*,#2016,.T.);
#2778=ORIENTED_EDGE('',*,*,#2024,.F.);
#2779=ORIENTED_EDGE('',*,*,#1981,.F.);
#2780=ORIENTED_EDGE('',*,*,#2025,.T.);
#2781=ORIENTED_EDGE('',*,*,#2015,.T.);
#2782=ORIENTED_EDGE('',*,*,#2025,.F.);
#2783=ORIENTED_EDGE('',*,*,#2011,.F.);
#2784=ORIENTED_EDGE('',*,*,#2023,.T.);
#2785=ORIENTED_EDGE('',*,*,#1979,.F.);
#2786=ORIENTED_EDGE('',*,*,#2026,.F.);
#2787=ORIENTED_EDGE('',*,*,#2012,.T.);
#2788=ORIENTED_EDGE('',*,*,#2026,.T.);
#2789=ORIENTED_EDGE('',*,*,#1978,.F.);
#2790=ORIENTED_EDGE('',*,*,#2027,.F.);
#2791=ORIENTED_EDGE('',*,*,#2028,.F.);
#2792=ORIENTED_EDGE('',*,*,#2013,.F.);
#2793=ORIENTED_EDGE('',*,*,#2028,.T.);
#2794=ORIENTED_EDGE('',*,*,#2027,.T.);
#2795=ORIENTED_EDGE('',*,*,#1977,.F.);
#2796=ORIENTED_EDGE('',*,*,#2029,.F.);
#2797=ORIENTED_EDGE('',*,*,#2014,.T.);
#2798=ORIENTED_EDGE('',*,*,#2029,.T.);
#2799=ORIENTED_EDGE('',*,*,#1976,.F.);
#2800=ORIENTED_EDGE('',*,*,#1956,.F.);
#2801=ORIENTED_EDGE('',*,*,#2030,.F.);
#2802=ORIENTED_EDGE('',*,*,#2031,.T.);
#2803=ORIENTED_EDGE('',*,*,#2032,.F.);
#2804=ORIENTED_EDGE('',*,*,#2031,.F.);
#2805=ORIENTED_EDGE('',*,*,#2033,.F.);
#2806=ORIENTED_EDGE('',*,*,#2034,.F.);
#2807=ORIENTED_EDGE('',*,*,#2035,.F.);
#2808=ORIENTED_EDGE('',*,*,#2036,.F.);
#2809=ORIENTED_EDGE('',*,*,#2037,.T.);
#2810=ORIENTED_EDGE('',*,*,#2034,.T.);
#2811=ORIENTED_EDGE('',*,*,#2038,.F.);
#2812=ORIENTED_EDGE('',*,*,#2039,.F.);
#2813=ORIENTED_EDGE('',*,*,#2040,.F.);
#2814=ORIENTED_EDGE('',*,*,#2041,.F.);
#2815=ORIENTED_EDGE('',*,*,#2042,.F.);
#2816=ORIENTED_EDGE('',*,*,#2043,.F.);
#2817=ORIENTED_EDGE('',*,*,#2044,.T.);
#2818=ORIENTED_EDGE('',*,*,#2041,.T.);
#2819=ORIENTED_EDGE('',*,*,#2045,.F.);
#2820=ORIENTED_EDGE('',*,*,#2046,.F.);
#2821=ORIENTED_EDGE('',*,*,#2047,.F.);
#2822=ORIENTED_EDGE('',*,*,#2048,.F.);
#2823=ORIENTED_EDGE('',*,*,#2049,.F.);
#2824=ORIENTED_EDGE('',*,*,#2050,.F.);
#2825=ORIENTED_EDGE('',*,*,#2051,.T.);
#2826=ORIENTED_EDGE('',*,*,#2048,.T.);
#2827=ORIENTED_EDGE('',*,*,#2052,.F.);
#2828=ORIENTED_EDGE('',*,*,#2053,.F.);
#2829=ORIENTED_EDGE('',*,*,#2054,.F.);
#2830=ORIENTED_EDGE('',*,*,#2055,.F.);
#2831=ORIENTED_EDGE('',*,*,#2056,.F.);
#2832=ORIENTED_EDGE('',*,*,#2057,.F.);
#2833=ORIENTED_EDGE('',*,*,#2058,.T.);
#2834=ORIENTED_EDGE('',*,*,#2055,.T.);
#2835=ORIENTED_EDGE('',*,*,#2059,.F.);
#2836=ORIENTED_EDGE('',*,*,#2060,.F.);
#2837=ORIENTED_EDGE('',*,*,#2061,.T.);
#2838=ORIENTED_EDGE('',*,*,#2062,.F.);
#2839=ORIENTED_EDGE('',*,*,#2051,.F.);
#2840=ORIENTED_EDGE('',*,*,#2063,.F.);
#2841=ORIENTED_EDGE('',*,*,#2064,.F.);
#2842=ORIENTED_EDGE('',*,*,#2059,.T.);
#2843=ORIENTED_EDGE('',*,*,#2054,.T.);
#2844=ORIENTED_EDGE('',*,*,#2065,.T.);
#2845=ORIENTED_EDGE('',*,*,#2057,.T.);
#2846=ORIENTED_EDGE('',*,*,#2066,.F.);
#2847=ORIENTED_EDGE('',*,*,#2067,.T.);
#2848=ORIENTED_EDGE('',*,*,#2068,.T.);
#2849=ORIENTED_EDGE('',*,*,#2065,.F.);
#2850=ORIENTED_EDGE('',*,*,#2058,.F.);
#2851=ORIENTED_EDGE('',*,*,#2067,.F.);
#2852=ORIENTED_EDGE('',*,*,#2069,.F.);
#2853=ORIENTED_EDGE('',*,*,#2038,.T.);
#2854=ORIENTED_EDGE('',*,*,#2033,.T.);
#2855=ORIENTED_EDGE('',*,*,#2070,.T.);
#2856=ORIENTED_EDGE('',*,*,#2036,.T.);
#2857=ORIENTED_EDGE('',*,*,#2071,.F.);
#2858=ORIENTED_EDGE('',*,*,#2072,.T.);
#2859=ORIENTED_EDGE('',*,*,#2073,.T.);
#2860=ORIENTED_EDGE('',*,*,#2070,.F.);
#2861=ORIENTED_EDGE('',*,*,#2037,.F.);
#2862=ORIENTED_EDGE('',*,*,#2072,.F.);
#2863=ORIENTED_EDGE('',*,*,#2074,.F.);
#2864=ORIENTED_EDGE('',*,*,#2045,.T.);
#2865=ORIENTED_EDGE('',*,*,#2040,.T.);
#2866=ORIENTED_EDGE('',*,*,#2075,.T.);
#2867=ORIENTED_EDGE('',*,*,#2043,.T.);
#2868=ORIENTED_EDGE('',*,*,#2076,.F.);
#2869=ORIENTED_EDGE('',*,*,#2077,.T.);
#2870=ORIENTED_EDGE('',*,*,#2078,.T.);
#2871=ORIENTED_EDGE('',*,*,#2075,.F.);
#2872=ORIENTED_EDGE('',*,*,#2044,.F.);
#2873=ORIENTED_EDGE('',*,*,#2077,.F.);
#2874=ORIENTED_EDGE('',*,*,#2079,.F.);
#2875=ORIENTED_EDGE('',*,*,#2052,.T.);
#2876=ORIENTED_EDGE('',*,*,#2047,.T.);
#2877=ORIENTED_EDGE('',*,*,#2062,.T.);
#2878=ORIENTED_EDGE('',*,*,#2050,.T.);
#2879=ORIENTED_EDGE('',*,*,#2080,.F.);
#2880=ORIENTED_EDGE('',*,*,#2063,.T.);
#2881=ORIENTED_EDGE('',*,*,#2061,.F.);
#2882=ORIENTED_EDGE('',*,*,#2068,.F.);
#2883=ORIENTED_EDGE('',*,*,#2073,.F.);
#2884=ORIENTED_EDGE('',*,*,#2078,.F.);
#2885=ORIENTED_EDGE('',*,*,#2081,.F.);
#2886=ORIENTED_EDGE('',*,*,#2056,.T.);
#2887=ORIENTED_EDGE('',*,*,#2060,.T.);
#2888=ORIENTED_EDGE('',*,*,#2064,.T.);
#2889=ORIENTED_EDGE('',*,*,#2080,.T.);
#2890=ORIENTED_EDGE('',*,*,#2049,.T.);
#2891=ORIENTED_EDGE('',*,*,#2053,.T.);
#2892=ORIENTED_EDGE('',*,*,#2079,.T.);
#2893=ORIENTED_EDGE('',*,*,#2076,.T.);
#2894=ORIENTED_EDGE('',*,*,#2042,.T.);
#2895=ORIENTED_EDGE('',*,*,#2046,.T.);
#2896=ORIENTED_EDGE('',*,*,#2074,.T.);
#2897=ORIENTED_EDGE('',*,*,#2071,.T.);
#2898=ORIENTED_EDGE('',*,*,#2035,.T.);
#2899=ORIENTED_EDGE('',*,*,#2039,.T.);
#2900=ORIENTED_EDGE('',*,*,#2069,.T.);
#2901=ORIENTED_EDGE('',*,*,#2066,.T.);
#2902=ORIENTED_EDGE('',*,*,#2082,.F.);
#2903=ORIENTED_EDGE('',*,*,#2083,.T.);
#2904=ORIENTED_EDGE('',*,*,#2081,.T.);
#2905=ORIENTED_EDGE('',*,*,#2083,.F.);
#2906=ORIENTED_EDGE('',*,*,#2084,.F.);
#2907=ORIENTED_EDGE('',*,*,#2085,.T.);
#2908=ORIENTED_EDGE('',*,*,#2082,.T.);
#2909=ORIENTED_EDGE('',*,*,#2085,.F.);
#2910=ORIENTED_EDGE('',*,*,#2030,.T.);
#2911=ORIENTED_EDGE('',*,*,#2086,.T.);
#2912=ORIENTED_EDGE('',*,*,#2084,.T.);
#2913=ORIENTED_EDGE('',*,*,#2086,.F.);
#2914=ORIENTED_EDGE('',*,*,#2032,.T.);
#2915=ORIENTED_EDGE('',*,*,#2087,.F.);
#2916=ORIENTED_EDGE('',*,*,#2088,.T.);
#2917=ORIENTED_EDGE('',*,*,#2089,.T.);
#2918=ORIENTED_EDGE('',*,*,#2090,.T.);
#2919=ORIENTED_EDGE('',*,*,#2091,.T.);
#2920=ORIENTED_EDGE('',*,*,#2088,.F.);
#2921=ORIENTED_EDGE('',*,*,#2092,.F.);
#2922=ORIENTED_EDGE('',*,*,#2093,.F.);
#2923=ORIENTED_EDGE('',*,*,#2094,.F.);
#2924=ORIENTED_EDGE('',*,*,#2095,.F.);
#2925=ORIENTED_EDGE('',*,*,#2096,.T.);
#2926=ORIENTED_EDGE('',*,*,#2097,.F.);
#2927=ORIENTED_EDGE('',*,*,#2098,.F.);
#2928=ORIENTED_EDGE('',*,*,#2099,.T.);
#2929=ORIENTED_EDGE('',*,*,#2100,.F.);
#2930=ORIENTED_EDGE('',*,*,#2101,.T.);
#2931=ORIENTED_EDGE('',*,*,#2102,.F.);
#2932=ORIENTED_EDGE('',*,*,#2103,.T.);
#2933=ORIENTED_EDGE('',*,*,#2104,.F.);
#2934=ORIENTED_EDGE('',*,*,#2092,.T.);
#2935=ORIENTED_EDGE('',*,*,#2087,.T.);
#2936=ORIENTED_EDGE('',*,*,#2105,.T.);
#2937=ORIENTED_EDGE('',*,*,#2089,.F.);
#2938=ORIENTED_EDGE('',*,*,#2095,.T.);
#2939=ORIENTED_EDGE('',*,*,#2106,.F.);
#2940=ORIENTED_EDGE('',*,*,#2107,.F.);
#2941=ORIENTED_EDGE('',*,*,#2108,.F.);
#2942=ORIENTED_EDGE('',*,*,#2109,.F.);
#2943=ORIENTED_EDGE('',*,*,#2110,.F.);
#2944=ORIENTED_EDGE('',*,*,#2111,.F.);
#2945=ORIENTED_EDGE('',*,*,#2112,.F.);
#2946=ORIENTED_EDGE('',*,*,#2113,.F.);
#2947=ORIENTED_EDGE('',*,*,#2114,.T.);
#2948=ORIENTED_EDGE('',*,*,#2115,.F.);
#2949=ORIENTED_EDGE('',*,*,#2116,.F.);
#2950=ORIENTED_EDGE('',*,*,#2117,.F.);
#2951=ORIENTED_EDGE('',*,*,#2118,.F.);
#2952=ORIENTED_EDGE('',*,*,#2090,.F.);
#2953=ORIENTED_EDGE('',*,*,#2105,.F.);
#2954=ORIENTED_EDGE('',*,*,#2119,.F.);
#2955=ORIENTED_EDGE('',*,*,#2120,.F.);
#2956=ORIENTED_EDGE('',*,*,#2121,.T.);
#2957=ORIENTED_EDGE('',*,*,#2122,.F.);
#2958=ORIENTED_EDGE('',*,*,#2096,.F.);
#2959=ORIENTED_EDGE('',*,*,#2091,.F.);
#2960=ORIENTED_EDGE('',*,*,#2122,.T.);
#2961=ORIENTED_EDGE('',*,*,#2123,.T.);
#2962=ORIENTED_EDGE('',*,*,#2124,.T.);
#2963=ORIENTED_EDGE('',*,*,#2125,.T.);
#2964=ORIENTED_EDGE('',*,*,#2098,.T.);
#2965=ORIENTED_EDGE('',*,*,#2126,.T.);
#2966=ORIENTED_EDGE('',*,*,#2127,.T.);
#2967=ORIENTED_EDGE('',*,*,#2128,.T.);
#2968=ORIENTED_EDGE('',*,*,#2126,.F.);
#2969=ORIENTED_EDGE('',*,*,#2097,.T.);
#2970=ORIENTED_EDGE('',*,*,#2124,.F.);
#2971=ORIENTED_EDGE('',*,*,#2129,.T.);
#2972=ORIENTED_EDGE('',*,*,#2125,.F.);
#2973=ORIENTED_EDGE('',*,*,#2130,.F.);
#2974=ORIENTED_EDGE('',*,*,#2131,.F.);
#2975=ORIENTED_EDGE('',*,*,#2132,.F.);
#2976=ORIENTED_EDGE('',*,*,#2099,.F.);
#2977=ORIENTED_EDGE('',*,*,#2129,.F.);
#2978=ORIENTED_EDGE('',*,*,#2133,.T.);
#2979=ORIENTED_EDGE('',*,*,#2134,.T.);
#2980=ORIENTED_EDGE('',*,*,#2135,.T.);
#2981=ORIENTED_EDGE('',*,*,#2136,.T.);
#2982=ORIENTED_EDGE('',*,*,#2127,.F.);
#2983=ORIENTED_EDGE('',*,*,#2128,.F.);
#2984=ORIENTED_EDGE('',*,*,#2136,.F.);
#2985=ORIENTED_EDGE('',*,*,#2137,.T.);
#2986=ORIENTED_EDGE('',*,*,#2138,.T.);
#2987=ORIENTED_EDGE('',*,*,#2130,.T.);
#2988=ORIENTED_EDGE('',*,*,#2123,.F.);
#2989=ORIENTED_EDGE('',*,*,#2121,.F.);
#2990=ORIENTED_EDGE('',*,*,#2139,.F.);
#2991=ORIENTED_EDGE('',*,*,#2133,.F.);
#2992=ORIENTED_EDGE('',*,*,#2114,.F.);
#2993=ORIENTED_EDGE('',*,*,#2140,.F.);
#2994=ORIENTED_EDGE('',*,*,#2141,.F.);
#2995=ORIENTED_EDGE('',*,*,#2142,.T.);
#2996=ORIENTED_EDGE('',*,*,#2143,.F.);
#2997=ORIENTED_EDGE('',*,*,#2144,.F.);
#2998=ORIENTED_EDGE('',*,*,#2137,.F.);
#2999=ORIENTED_EDGE('',*,*,#2135,.F.);
#3000=ORIENTED_EDGE('',*,*,#2145,.F.);
#3001=ORIENTED_EDGE('',*,*,#2131,.T.);
#3002=ORIENTED_EDGE('',*,*,#2138,.F.);
#3003=ORIENTED_EDGE('',*,*,#2144,.T.);
#3004=ORIENTED_EDGE('',*,*,#2143,.T.);
#3005=ORIENTED_EDGE('',*,*,#2146,.T.);
#3006=ORIENTED_EDGE('',*,*,#2147,.T.);
#3007=ORIENTED_EDGE('',*,*,#2134,.F.);
#3008=ORIENTED_EDGE('',*,*,#2148,.F.);
#3009=ORIENTED_EDGE('',*,*,#2149,.F.);
#3010=ORIENTED_EDGE('',*,*,#2120,.T.);
#3011=ORIENTED_EDGE('',*,*,#2150,.T.);
#3012=ORIENTED_EDGE('',*,*,#2148,.T.);
#3013=ORIENTED_EDGE('',*,*,#2139,.T.);
#3014=ORIENTED_EDGE('',*,*,#2115,.T.);
#3015=ORIENTED_EDGE('',*,*,#2145,.T.);
#3016=ORIENTED_EDGE('',*,*,#2149,.T.);
#3017=ORIENTED_EDGE('',*,*,#2151,.T.);
#3018=ORIENTED_EDGE('',*,*,#2150,.F.);
#3019=ORIENTED_EDGE('',*,*,#2119,.T.);
#3020=ORIENTED_EDGE('',*,*,#2116,.T.);
#3021=ORIENTED_EDGE('',*,*,#2151,.F.);
#3022=ORIENTED_EDGE('',*,*,#2152,.T.);
#3023=ORIENTED_EDGE('',*,*,#2153,.T.);
#3024=ORIENTED_EDGE('',*,*,#2154,.T.);
#3025=ORIENTED_EDGE('',*,*,#2155,.T.);
#3026=ORIENTED_EDGE('',*,*,#2156,.T.);
#3027=ORIENTED_EDGE('',*,*,#2153,.F.);
#3028=ORIENTED_EDGE('',*,*,#2157,.T.);
#3029=ORIENTED_EDGE('',*,*,#2158,.T.);
#3030=ORIENTED_EDGE('',*,*,#2159,.T.);
#3031=ORIENTED_EDGE('',*,*,#2155,.F.);
#3032=ORIENTED_EDGE('',*,*,#2160,.T.);
#3033=ORIENTED_EDGE('',*,*,#2161,.T.);
#3034=ORIENTED_EDGE('',*,*,#2162,.T.);
#3035=ORIENTED_EDGE('',*,*,#2158,.F.);
#3036=ORIENTED_EDGE('',*,*,#2163,.T.);
#3037=ORIENTED_EDGE('',*,*,#2113,.T.);
#3038=ORIENTED_EDGE('',*,*,#2164,.T.);
#3039=ORIENTED_EDGE('',*,*,#2152,.F.);
#3040=ORIENTED_EDGE('',*,*,#2140,.T.);
#3041=ORIENTED_EDGE('',*,*,#2165,.T.);
#3042=ORIENTED_EDGE('',*,*,#2166,.T.);
#3043=ORIENTED_EDGE('',*,*,#2161,.F.);
#3044=ORIENTED_EDGE('',*,*,#2106,.T.);
#3045=ORIENTED_EDGE('',*,*,#2094,.T.);
#3046=ORIENTED_EDGE('',*,*,#2165,.F.);
#3047=ORIENTED_EDGE('',*,*,#2167,.T.);
#3048=ORIENTED_EDGE('',*,*,#2154,.F.);
#3049=ORIENTED_EDGE('',*,*,#2168,.T.);
#3050=ORIENTED_EDGE('',*,*,#2169,.T.);
#3051=ORIENTED_EDGE('',*,*,#2141,.T.);
#3052=ORIENTED_EDGE('',*,*,#2156,.F.);
#3053=ORIENTED_EDGE('',*,*,#2170,.F.);
#3054=ORIENTED_EDGE('',*,*,#2171,.T.);
#3055=ORIENTED_EDGE('',*,*,#2168,.F.);
#3056=ORIENTED_EDGE('',*,*,#2159,.F.);
#3057=ORIENTED_EDGE('',*,*,#2172,.F.);
#3058=ORIENTED_EDGE('',*,*,#2173,.T.);
#3059=ORIENTED_EDGE('',*,*,#2174,.T.);
#3060=ORIENTED_EDGE('',*,*,#2170,.T.);
#3061=ORIENTED_EDGE('',*,*,#2162,.F.);
#3062=ORIENTED_EDGE('',*,*,#2175,.F.);
#3063=ORIENTED_EDGE('',*,*,#2103,.F.);
#3064=ORIENTED_EDGE('',*,*,#2176,.F.);
#3065=ORIENTED_EDGE('',*,*,#2177,.T.);
#3066=ORIENTED_EDGE('',*,*,#2172,.T.);
#3067=ORIENTED_EDGE('',*,*,#2166,.F.);
#3068=ORIENTED_EDGE('',*,*,#2093,.T.);
#3069=ORIENTED_EDGE('',*,*,#2104,.T.);
#3070=ORIENTED_EDGE('',*,*,#2175,.T.);
#3071=ORIENTED_EDGE('',*,*,#2118,.T.);
#3072=ORIENTED_EDGE('',*,*,#2178,.T.);
#3073=ORIENTED_EDGE('',*,*,#2179,.T.);
#3074=ORIENTED_EDGE('',*,*,#2178,.F.);
#3075=ORIENTED_EDGE('',*,*,#2179,.F.);
#3076=ORIENTED_EDGE('',*,*,#2180,.T.);
#3077=ORIENTED_EDGE('',*,*,#2181,.F.);
#3078=ORIENTED_EDGE('',*,*,#2180,.F.);
#3079=ORIENTED_EDGE('',*,*,#2117,.T.);
#3080=ORIENTED_EDGE('',*,*,#2182,.T.);
#3081=ORIENTED_EDGE('',*,*,#2183,.T.);
#3082=ORIENTED_EDGE('',*,*,#2182,.F.);
#3083=ORIENTED_EDGE('',*,*,#2183,.F.);
#3084=ORIENTED_EDGE('',*,*,#2184,.T.);
#3085=ORIENTED_EDGE('',*,*,#2185,.F.);
#3086=ORIENTED_EDGE('',*,*,#2184,.F.);
#3087=ORIENTED_EDGE('',*,*,#2110,.T.);
#3088=ORIENTED_EDGE('',*,*,#2186,.T.);
#3089=ORIENTED_EDGE('',*,*,#2187,.T.);
#3090=ORIENTED_EDGE('',*,*,#2186,.F.);
#3091=ORIENTED_EDGE('',*,*,#2109,.T.);
#3092=ORIENTED_EDGE('',*,*,#2187,.F.);
#3093=ORIENTED_EDGE('',*,*,#2188,.T.);
#3094=ORIENTED_EDGE('',*,*,#2189,.F.);
#3095=ORIENTED_EDGE('',*,*,#2188,.F.);
#3096=ORIENTED_EDGE('',*,*,#2147,.F.);
#3097=ORIENTED_EDGE('',*,*,#2190,.T.);
#3098=ORIENTED_EDGE('',*,*,#2191,.T.);
#3099=ORIENTED_EDGE('',*,*,#2192,.T.);
#3100=ORIENTED_EDGE('',*,*,#2191,.F.);
#3101=ORIENTED_EDGE('',*,*,#2193,.T.);
#3102=ORIENTED_EDGE('',*,*,#2194,.T.);
#3103=ORIENTED_EDGE('',*,*,#2195,.T.);
#3104=ORIENTED_EDGE('',*,*,#2177,.F.);
#3105=ORIENTED_EDGE('',*,*,#2196,.T.);
#3106=ORIENTED_EDGE('',*,*,#2194,.F.);
#3107=ORIENTED_EDGE('',*,*,#2197,.T.);
#3108=ORIENTED_EDGE('',*,*,#2173,.F.);
#3109=ORIENTED_EDGE('',*,*,#2197,.F.);
#3110=ORIENTED_EDGE('',*,*,#2193,.F.);
#3111=ORIENTED_EDGE('',*,*,#2190,.F.);
#3112=ORIENTED_EDGE('',*,*,#2146,.F.);
#3113=ORIENTED_EDGE('',*,*,#2142,.F.);
#3114=ORIENTED_EDGE('',*,*,#2169,.F.);
#3115=ORIENTED_EDGE('',*,*,#2171,.F.);
#3116=ORIENTED_EDGE('',*,*,#2174,.F.);
#3117=ORIENTED_EDGE('',*,*,#2185,.T.);
#3118=ORIENTED_EDGE('',*,*,#2189,.T.);
#3119=ORIENTED_EDGE('',*,*,#2181,.T.);
#3120=ORIENTED_EDGE('',*,*,#2160,.F.);
#3121=ORIENTED_EDGE('',*,*,#2198,.T.);
#3122=ORIENTED_EDGE('',*,*,#2111,.T.);
#3123=ORIENTED_EDGE('',*,*,#2108,.T.);
#3124=ORIENTED_EDGE('',*,*,#2199,.T.);
#3125=ORIENTED_EDGE('',*,*,#2163,.F.);
#3126=ORIENTED_EDGE('',*,*,#2199,.F.);
#3127=ORIENTED_EDGE('',*,*,#2107,.T.);
#3128=ORIENTED_EDGE('',*,*,#2167,.F.);
#3129=ORIENTED_EDGE('',*,*,#2164,.F.);
#3130=ORIENTED_EDGE('',*,*,#2112,.T.);
#3131=ORIENTED_EDGE('',*,*,#2198,.F.);
#3132=ORIENTED_EDGE('',*,*,#2157,.F.);
#3133=ORIENTED_EDGE('',*,*,#2192,.F.);
#3134=ORIENTED_EDGE('',*,*,#2200,.T.);
#3135=ORIENTED_EDGE('',*,*,#2100,.T.);
#3136=ORIENTED_EDGE('',*,*,#2132,.T.);
#3137=ORIENTED_EDGE('',*,*,#2196,.F.);
#3138=ORIENTED_EDGE('',*,*,#2176,.T.);
#3139=ORIENTED_EDGE('',*,*,#2102,.T.);
#3140=ORIENTED_EDGE('',*,*,#2201,.T.);
#3141=ORIENTED_EDGE('',*,*,#2195,.F.);
#3142=ORIENTED_EDGE('',*,*,#2201,.F.);
#3143=ORIENTED_EDGE('',*,*,#2101,.F.);
#3144=ORIENTED_EDGE('',*,*,#2200,.F.);
#3145=ORIENTED_EDGE('',*,*,#2202,.T.);
#3146=ORIENTED_EDGE('',*,*,#2203,.T.);
#3147=ORIENTED_EDGE('',*,*,#2204,.T.);
#3148=ORIENTED_EDGE('',*,*,#2205,.T.);
#3149=ORIENTED_EDGE('',*,*,#2203,.F.);
#3150=ORIENTED_EDGE('',*,*,#2206,.F.);
#3151=ORIENTED_EDGE('',*,*,#2207,.T.);
#3152=ORIENTED_EDGE('',*,*,#2208,.F.);
#3153=ORIENTED_EDGE('',*,*,#2202,.F.);
#3154=ORIENTED_EDGE('',*,*,#2209,.T.);
#3155=ORIENTED_EDGE('',*,*,#2210,.T.);
#3156=ORIENTED_EDGE('',*,*,#2211,.F.);
#3157=ORIENTED_EDGE('',*,*,#2206,.T.);
#3158=ORIENTED_EDGE('',*,*,#2212,.T.);
#3159=ORIENTED_EDGE('',*,*,#2213,.T.);
#3160=ORIENTED_EDGE('',*,*,#2214,.T.);
#3161=ORIENTED_EDGE('',*,*,#2215,.T.);
#3162=ORIENTED_EDGE('',*,*,#2216,.T.);
#3163=ORIENTED_EDGE('',*,*,#2217,.T.);
#3164=ORIENTED_EDGE('',*,*,#2212,.F.);
#3165=ORIENTED_EDGE('',*,*,#2218,.T.);
#3166=ORIENTED_EDGE('',*,*,#2219,.T.);
#3167=ORIENTED_EDGE('',*,*,#2220,.T.);
#3168=ORIENTED_EDGE('',*,*,#2216,.F.);
#3169=ORIENTED_EDGE('',*,*,#2221,.T.);
#3170=ORIENTED_EDGE('',*,*,#2222,.T.);
#3171=ORIENTED_EDGE('',*,*,#2223,.T.);
#3172=ORIENTED_EDGE('',*,*,#2224,.T.);
#3173=ORIENTED_EDGE('',*,*,#2225,.T.);
#3174=ORIENTED_EDGE('',*,*,#2211,.T.);
#3175=ORIENTED_EDGE('',*,*,#2226,.T.);
#3176=ORIENTED_EDGE('',*,*,#2224,.F.);
#3177=ORIENTED_EDGE('',*,*,#2227,.T.);
#3178=ORIENTED_EDGE('',*,*,#2222,.F.);
#3179=ORIENTED_EDGE('',*,*,#2228,.T.);
#3180=ORIENTED_EDGE('',*,*,#2214,.F.);
#3181=ORIENTED_EDGE('',*,*,#2229,.T.);
#3182=ORIENTED_EDGE('',*,*,#2230,.T.);
#3183=ORIENTED_EDGE('',*,*,#2231,.T.);
#3184=ORIENTED_EDGE('',*,*,#2219,.F.);
#3185=ORIENTED_EDGE('',*,*,#2232,.T.);
#3186=ORIENTED_EDGE('',*,*,#2233,.T.);
#3187=ORIENTED_EDGE('',*,*,#2234,.T.);
#3188=ORIENTED_EDGE('',*,*,#2233,.F.);
#3189=ORIENTED_EDGE('',*,*,#2235,.F.);
#3190=ORIENTED_EDGE('',*,*,#2236,.F.);
#3191=ORIENTED_EDGE('',*,*,#2237,.F.);
#3192=ORIENTED_EDGE('',*,*,#2238,.F.);
#3193=ORIENTED_EDGE('',*,*,#2232,.F.);
#3194=ORIENTED_EDGE('',*,*,#2221,.F.);
#3195=ORIENTED_EDGE('',*,*,#2218,.F.);
#3196=ORIENTED_EDGE('',*,*,#2215,.F.);
#3197=ORIENTED_EDGE('',*,*,#2228,.F.);
#3198=ORIENTED_EDGE('',*,*,#2239,.T.);
#3199=ORIENTED_EDGE('',*,*,#2240,.T.);
#3200=ORIENTED_EDGE('',*,*,#2241,.T.);
#3201=ORIENTED_EDGE('',*,*,#2242,.T.);
#3202=ORIENTED_EDGE('',*,*,#2235,.T.);
#3203=ORIENTED_EDGE('',*,*,#2225,.F.);
#3204=ORIENTED_EDGE('',*,*,#2226,.F.);
#3205=ORIENTED_EDGE('',*,*,#2210,.F.);
#3206=ORIENTED_EDGE('',*,*,#2243,.T.);
#3207=ORIENTED_EDGE('',*,*,#2244,.F.);
#3208=ORIENTED_EDGE('',*,*,#2241,.F.);
#3209=ORIENTED_EDGE('',*,*,#2245,.T.);
#3210=ORIENTED_EDGE('',*,*,#2246,.T.);
#3211=ORIENTED_EDGE('',*,*,#2239,.F.);
#3212=ORIENTED_EDGE('',*,*,#2247,.T.);
#3213=ORIENTED_EDGE('',*,*,#2248,.T.);
#3214=ORIENTED_EDGE('',*,*,#2205,.F.);
#3215=ORIENTED_EDGE('',*,*,#2249,.F.);
#3216=ORIENTED_EDGE('',*,*,#2250,.F.);
#3217=ORIENTED_EDGE('',*,*,#2251,.T.);
#3218=ORIENTED_EDGE('',*,*,#2252,.F.);
#3219=ORIENTED_EDGE('',*,*,#2253,.F.);
#3220=ORIENTED_EDGE('',*,*,#2254,.F.);
#3221=ORIENTED_EDGE('',*,*,#2255,.F.);
#3222=ORIENTED_EDGE('',*,*,#2256,.F.);
#3223=ORIENTED_EDGE('',*,*,#2243,.F.);
#3224=ORIENTED_EDGE('',*,*,#2209,.F.);
#3225=ORIENTED_EDGE('',*,*,#2257,.T.);
#3226=ORIENTED_EDGE('',*,*,#2258,.T.);
#3227=ORIENTED_EDGE('',*,*,#2259,.T.);
#3228=ORIENTED_EDGE('',*,*,#2260,.T.);
#3229=ORIENTED_EDGE('',*,*,#2259,.F.);
#3230=ORIENTED_EDGE('',*,*,#2261,.T.);
#3231=ORIENTED_EDGE('',*,*,#2262,.T.);
#3232=ORIENTED_EDGE('',*,*,#2263,.T.);
#3233=ORIENTED_EDGE('',*,*,#2264,.T.);
#3234=ORIENTED_EDGE('',*,*,#2265,.T.);
#3235=ORIENTED_EDGE('',*,*,#2262,.F.);
#3236=ORIENTED_EDGE('',*,*,#2237,.T.);
#3237=ORIENTED_EDGE('',*,*,#2264,.F.);
#3238=ORIENTED_EDGE('',*,*,#2266,.T.);
#3239=ORIENTED_EDGE('',*,*,#2267,.T.);
#3240=ORIENTED_EDGE('',*,*,#2268,.T.);
#3241=ORIENTED_EDGE('',*,*,#2253,.T.);
#3242=ORIENTED_EDGE('',*,*,#2269,.T.);
#3243=ORIENTED_EDGE('',*,*,#2267,.F.);
#3244=ORIENTED_EDGE('',*,*,#2270,.T.);
#3245=ORIENTED_EDGE('',*,*,#2260,.F.);
#3246=ORIENTED_EDGE('',*,*,#2263,.F.);
#3247=ORIENTED_EDGE('',*,*,#2265,.F.);
#3248=ORIENTED_EDGE('',*,*,#2268,.F.);
#3249=ORIENTED_EDGE('',*,*,#2269,.F.);
#3250=ORIENTED_EDGE('',*,*,#2252,.T.);
#3251=ORIENTED_EDGE('',*,*,#2271,.T.);
#3252=ORIENTED_EDGE('',*,*,#2272,.T.);
#3253=ORIENTED_EDGE('',*,*,#2273,.T.);
#3254=ORIENTED_EDGE('',*,*,#2274,.T.);
#3255=ORIENTED_EDGE('',*,*,#2275,.T.);
#3256=ORIENTED_EDGE('',*,*,#2276,.T.);
#3257=ORIENTED_EDGE('',*,*,#2277,.T.);
#3258=ORIENTED_EDGE('',*,*,#2278,.F.);
#3259=ORIENTED_EDGE('',*,*,#2279,.T.);
#3260=ORIENTED_EDGE('',*,*,#2245,.F.);
#3261=ORIENTED_EDGE('',*,*,#2240,.F.);
#3262=ORIENTED_EDGE('',*,*,#2246,.F.);
#3263=ORIENTED_EDGE('',*,*,#2279,.F.);
#3264=ORIENTED_EDGE('',*,*,#2280,.F.);
#3265=ORIENTED_EDGE('',*,*,#2281,.T.);
#3266=ORIENTED_EDGE('',*,*,#2248,.F.);
#3267=ORIENTED_EDGE('',*,*,#2281,.F.);
#3268=ORIENTED_EDGE('',*,*,#2282,.F.);
#3269=ORIENTED_EDGE('',*,*,#2283,.T.);
#3270=ORIENTED_EDGE('',*,*,#2247,.F.);
#3271=ORIENTED_EDGE('',*,*,#2283,.F.);
#3272=ORIENTED_EDGE('',*,*,#2231,.F.);
#3273=ORIENTED_EDGE('',*,*,#2284,.T.);
#3274=ORIENTED_EDGE('',*,*,#2285,.T.);
#3275=ORIENTED_EDGE('',*,*,#2286,.T.);
#3276=ORIENTED_EDGE('',*,*,#2287,.T.);
#3277=ORIENTED_EDGE('',*,*,#2217,.F.);
#3278=ORIENTED_EDGE('',*,*,#2220,.F.);
#3279=ORIENTED_EDGE('',*,*,#2230,.F.);
#3280=ORIENTED_EDGE('',*,*,#2288,.T.);
#3281=ORIENTED_EDGE('',*,*,#2284,.F.);
#3282=ORIENTED_EDGE('',*,*,#2213,.F.);
#3283=ORIENTED_EDGE('',*,*,#2287,.F.);
#3284=ORIENTED_EDGE('',*,*,#2289,.F.);
#3285=ORIENTED_EDGE('',*,*,#2290,.T.);
#3286=ORIENTED_EDGE('',*,*,#2223,.F.);
#3287=ORIENTED_EDGE('',*,*,#2229,.F.);
#3288=ORIENTED_EDGE('',*,*,#2291,.F.);
#3289=ORIENTED_EDGE('',*,*,#2292,.F.);
#3290=ORIENTED_EDGE('',*,*,#2293,.T.);
#3291=ORIENTED_EDGE('',*,*,#2294,.F.);
#3292=ORIENTED_EDGE('',*,*,#2204,.F.);
#3293=ORIENTED_EDGE('',*,*,#2208,.T.);
#3294=ORIENTED_EDGE('',*,*,#2295,.F.);
#3295=ORIENTED_EDGE('',*,*,#2296,.T.);
#3296=ORIENTED_EDGE('',*,*,#2297,.T.);
#3297=ORIENTED_EDGE('',*,*,#2249,.T.);
#3298=ORIENTED_EDGE('',*,*,#2227,.F.);
#3299=ORIENTED_EDGE('',*,*,#2290,.F.);
#3300=ORIENTED_EDGE('',*,*,#2298,.F.);
#3301=ORIENTED_EDGE('',*,*,#2295,.T.);
#3302=ORIENTED_EDGE('',*,*,#2207,.F.);
#3303=ORIENTED_EDGE('',*,*,#2289,.T.);
#3304=ORIENTED_EDGE('',*,*,#2286,.F.);
#3305=ORIENTED_EDGE('',*,*,#2299,.T.);
#3306=ORIENTED_EDGE('',*,*,#2291,.T.);
#3307=ORIENTED_EDGE('',*,*,#2294,.T.);
#3308=ORIENTED_EDGE('',*,*,#2300,.T.);
#3309=ORIENTED_EDGE('',*,*,#2301,.T.);
#3310=ORIENTED_EDGE('',*,*,#2298,.T.);
#3311=ORIENTED_EDGE('',*,*,#2301,.F.);
#3312=ORIENTED_EDGE('',*,*,#2302,.T.);
#3313=ORIENTED_EDGE('',*,*,#2296,.F.);
#3314=ORIENTED_EDGE('',*,*,#2297,.F.);
#3315=ORIENTED_EDGE('',*,*,#2302,.F.);
#3316=ORIENTED_EDGE('',*,*,#2300,.F.);
#3317=ORIENTED_EDGE('',*,*,#2293,.F.);
#3318=ORIENTED_EDGE('',*,*,#2303,.F.);
#3319=ORIENTED_EDGE('',*,*,#2304,.F.);
#3320=ORIENTED_EDGE('',*,*,#2305,.T.);
#3321=ORIENTED_EDGE('',*,*,#2306,.T.);
#3322=ORIENTED_EDGE('',*,*,#2307,.F.);
#3323=ORIENTED_EDGE('',*,*,#2308,.T.);
#3324=ORIENTED_EDGE('',*,*,#2309,.F.);
#3325=ORIENTED_EDGE('',*,*,#2250,.T.);
#3326=ORIENTED_EDGE('',*,*,#2278,.T.);
#3327=ORIENTED_EDGE('',*,*,#2280,.T.);
#3328=ORIENTED_EDGE('',*,*,#2282,.T.);
#3329=ORIENTED_EDGE('',*,*,#2310,.F.);
#3330=ORIENTED_EDGE('',*,*,#2311,.F.);
#3331=ORIENTED_EDGE('',*,*,#2234,.F.);
#3332=ORIENTED_EDGE('',*,*,#2238,.T.);
#3333=ORIENTED_EDGE('',*,*,#2261,.F.);
#3334=ORIENTED_EDGE('',*,*,#2312,.T.);
#3335=ORIENTED_EDGE('',*,*,#2303,.T.);
#3336=ORIENTED_EDGE('',*,*,#2292,.T.);
#3337=ORIENTED_EDGE('',*,*,#2299,.F.);
#3338=ORIENTED_EDGE('',*,*,#2285,.F.);
#3339=ORIENTED_EDGE('',*,*,#2288,.F.);
#3340=ORIENTED_EDGE('',*,*,#2258,.F.);
#3341=ORIENTED_EDGE('',*,*,#2313,.F.);
#3342=ORIENTED_EDGE('',*,*,#2304,.T.);
#3343=ORIENTED_EDGE('',*,*,#2312,.F.);
#3344=ORIENTED_EDGE('',*,*,#2314,.T.);
#3345=ORIENTED_EDGE('',*,*,#2242,.F.);
#3346=ORIENTED_EDGE('',*,*,#2244,.T.);
#3347=ORIENTED_EDGE('',*,*,#2256,.T.);
#3348=ORIENTED_EDGE('',*,*,#2315,.T.);
#3349=ORIENTED_EDGE('',*,*,#2255,.T.);
#3350=ORIENTED_EDGE('',*,*,#2316,.T.);
#3351=ORIENTED_EDGE('',*,*,#2315,.F.);
#3352=ORIENTED_EDGE('',*,*,#2266,.F.);
#3353=ORIENTED_EDGE('',*,*,#2236,.T.);
#3354=ORIENTED_EDGE('',*,*,#2314,.F.);
#3355=ORIENTED_EDGE('',*,*,#2317,.T.);
#3356=ORIENTED_EDGE('',*,*,#2270,.F.);
#3357=ORIENTED_EDGE('',*,*,#2317,.F.);
#3358=ORIENTED_EDGE('',*,*,#2316,.F.);
#3359=ORIENTED_EDGE('',*,*,#2254,.T.);
#3360=ORIENTED_EDGE('',*,*,#2257,.F.);
#3361=ORIENTED_EDGE('',*,*,#2275,.F.);
#3362=ORIENTED_EDGE('',*,*,#2318,.F.);
#3363=ORIENTED_EDGE('',*,*,#2305,.F.);
#3364=ORIENTED_EDGE('',*,*,#2313,.T.);
#3365=ORIENTED_EDGE('',*,*,#2277,.F.);
#3366=ORIENTED_EDGE('',*,*,#2319,.T.);
#3367=ORIENTED_EDGE('',*,*,#2311,.T.);
#3368=ORIENTED_EDGE('',*,*,#2319,.F.);
#3369=ORIENTED_EDGE('',*,*,#2276,.F.);
#3370=ORIENTED_EDGE('',*,*,#2320,.T.);
#3371=ORIENTED_EDGE('',*,*,#2310,.T.);
#3372=ORIENTED_EDGE('',*,*,#2320,.F.);
#3373=ORIENTED_EDGE('',*,*,#2306,.F.);
#3374=ORIENTED_EDGE('',*,*,#2318,.T.);
#3375=ORIENTED_EDGE('',*,*,#2274,.F.);
#3376=ORIENTED_EDGE('',*,*,#2321,.F.);
#3377=ORIENTED_EDGE('',*,*,#2307,.T.);
#3378=ORIENTED_EDGE('',*,*,#2321,.T.);
#3379=ORIENTED_EDGE('',*,*,#2273,.F.);
#3380=ORIENTED_EDGE('',*,*,#2322,.F.);
#3381=ORIENTED_EDGE('',*,*,#2323,.F.);
#3382=ORIENTED_EDGE('',*,*,#2308,.F.);
#3383=ORIENTED_EDGE('',*,*,#2323,.T.);
#3384=ORIENTED_EDGE('',*,*,#2322,.T.);
#3385=ORIENTED_EDGE('',*,*,#2272,.F.);
#3386=ORIENTED_EDGE('',*,*,#2324,.F.);
#3387=ORIENTED_EDGE('',*,*,#2309,.T.);
#3388=ORIENTED_EDGE('',*,*,#2324,.T.);
#3389=ORIENTED_EDGE('',*,*,#2271,.F.);
#3390=ORIENTED_EDGE('',*,*,#2251,.F.);
#3391=B_SPLINE_SURFACE_WITH_KNOTS('',3,3,((#5099,#5100,#5101,#5102),(#5103,
#5104,#5105,#5106),(#5107,#5108,#5109,#5110),(#5111,#5112,#5113,#5114)),
 .UNSPECIFIED.,.F.,.F.,.F.,(4,4),(4,4),(0.,1.),(0.215510555033262,0.507223177963649),
 .UNSPECIFIED.);
#3392=B_SPLINE_SURFACE_WITH_KNOTS('',3,3,((#5337,#5338,#5339,#5340,#5341),
(#5342,#5343,#5344,#5345,#5346),(#5347,#5348,#5349,#5350,#5351),(#5352,
#5353,#5354,#5355,#5356)),.UNSPECIFIED.,.F.,.F.,.F.,(4,4),(4,1,4),(0.,1.),
(0.413471611612745,0.894039651200435,1.53479703731736),.UNSPECIFIED.);
#3393=B_SPLINE_SURFACE_WITH_KNOTS('',3,3,((#5386,#5387,#5388,#5389),(#5390,
#5391,#5392,#5393),(#5394,#5395,#5396,#5397),(#5398,#5399,#5400,#5401)),
 .UNSPECIFIED.,.F.,.F.,.F.,(4,4),(4,4),(0.,1.),(0.110401115340771,0.156606196538136),
 .UNSPECIFIED.);
#3394=B_SPLINE_SURFACE_WITH_KNOTS('',3,3,((#5497,#5498,#5499,#5500),(#5501,
#5502,#5503,#5504),(#5505,#5506,#5507,#5508),(#5509,#5510,#5511,#5512),
(#5513,#5514,#5515,#5516),(#5517,#5518,#5519,#5520),(#5521,#5522,#5523,
#5524)),.UNSPECIFIED.,.F.,.F.,.F.,(4,1,1,1,4),(4,4),(0.,0.285714285714286,
0.571428571428571,0.785714285714286,1.),(0.0831917743627346,0.61098921141833),
 .UNSPECIFIED.);
#3395=B_SPLINE_SURFACE_WITH_KNOTS('',3,3,((#5532,#5533,#5534,#5535),(#5536,
#5537,#5538,#5539),(#5540,#5541,#5542,#5543),(#5544,#5545,#5546,#5547),
(#5548,#5549,#5550,#5551),(#5552,#5553,#5554,#5555),(#5556,#5557,#5558,
#5559)),.UNSPECIFIED.,.F.,.F.,.F.,(4,1,1,1,4),(4,4),(0.,0.285714285714286,
0.571428571428571,0.785714285714286,1.),(4.82879302931908E-16,0.529266122554962),
 .UNSPECIFIED.);
#3396=B_SPLINE_SURFACE_WITH_KNOTS('',3,3,((#5687,#5688,#5689,#5690),(#5691,
#5692,#5693,#5694),(#5695,#5696,#5697,#5698),(#5699,#5700,#5701,#5702)),
 .UNSPECIFIED.,.F.,.F.,.F.,(4,4),(4,4),(0.,1.),(-0.519500589463928,-0.474150933473135),
 .UNSPECIFIED.);
#3397=B_SPLINE_SURFACE_WITH_KNOTS('',3,3,((#5717,#5718,#5719,#5720),(#5721,
#5722,#5723,#5724),(#5725,#5726,#5727,#5728),(#5729,#5730,#5731,#5732)),
 .UNSPECIFIED.,.F.,.F.,.F.,(4,4),(4,4),(0.,1.),(-0.542061559261345,-0.519500589463927),
 .UNSPECIFIED.);
#3398=B_SPLINE_SURFACE_WITH_KNOTS('',3,3,((#5744,#5745,#5746,#5747,#5748,
#5749),(#5750,#5751,#5752,#5753,#5754,#5755),(#5756,#5757,#5758,#5759,#5760,
#5761),(#5762,#5763,#5764,#5765,#5766,#5767)),.UNSPECIFIED.,.F.,.F.,.F.,
(4,4),(4,2,4),(0.,1.),(-0.66358544689318,-0.588543483014474,-0.542061559261344),
 .UNSPECIFIED.);
#3399=B_SPLINE_SURFACE_WITH_KNOTS('',3,3,((#5795,#5796,#5797,#5798),(#5799,
#5800,#5801,#5802),(#5803,#5804,#5805,#5806),(#5807,#5808,#5809,#5810)),
 .UNSPECIFIED.,.F.,.F.,.F.,(4,4),(4,4),(0.,1.),(-0.129125192994132,-0.12579707793159),
 .UNSPECIFIED.);
#3400=B_SPLINE_SURFACE_WITH_KNOTS('',3,3,((#5819,#5820,#5821,#5822,#5823,
#5824,#5825,#5826,#5827),(#5828,#5829,#5830,#5831,#5832,#5833,#5834,#5835,
#5836),(#5837,#5838,#5839,#5840,#5841,#5842,#5843,#5844,#5845),(#5846,#5847,
#5848,#5849,#5850,#5851,#5852,#5853,#5854)),.UNSPECIFIED.,.F.,.F.,.F.,(4,
4),(4,1,1,1,2,4),(0.,1.),(-1.00056342929365,-0.883609263682815,-0.825132180877397,
-0.766655098071979,-0.70817801526656,-0.663585446893178),.UNSPECIFIED.);
#3401=B_SPLINE_SURFACE_WITH_KNOTS('',3,3,((#6116,#6117,#6118,#6119,#6120),
(#6121,#6122,#6123,#6124,#6125),(#6126,#6127,#6128,#6129,#6130),(#6131,
#6132,#6133,#6134,#6135)),.UNSPECIFIED.,.F.,.F.,.F.,(4,4),(4,1,4),(0.717044014965406,
1.),(-1.64408657429132,-1.47313823674295,-1.34492698358166),
 .UNSPECIFIED.);
#3402=B_SPLINE_SURFACE_WITH_KNOTS('',3,3,((#6366,#6367,#6368,#6369),(#6370,
#6371,#6372,#6373),(#6374,#6375,#6376,#6377),(#6378,#6379,#6380,#6381)),
 .UNSPECIFIED.,.F.,.F.,.F.,(4,4),(4,4),(0.,1.),(0.215510555033262,0.507223177963649),
 .UNSPECIFIED.);
#3403=B_SPLINE_SURFACE_WITH_KNOTS('',3,3,((#6604,#6605,#6606,#6607,#6608),
(#6609,#6610,#6611,#6612,#6613),(#6614,#6615,#6616,#6617,#6618),(#6619,
#6620,#6621,#6622,#6623)),.UNSPECIFIED.,.F.,.F.,.F.,(4,4),(4,1,4),(0.,1.),
(0.413471611612745,0.894039651200435,1.53479703731736),.UNSPECIFIED.);
#3404=B_SPLINE_SURFACE_WITH_KNOTS('',3,3,((#6653,#6654,#6655,#6656),(#6657,
#6658,#6659,#6660),(#6661,#6662,#6663,#6664),(#6665,#6666,#6667,#6668)),
 .UNSPECIFIED.,.F.,.F.,.F.,(4,4),(4,4),(0.,1.),(0.110401115340771,0.156606196538136),
 .UNSPECIFIED.);
#3405=B_SPLINE_SURFACE_WITH_KNOTS('',3,3,((#6764,#6765,#6766,#6767),(#6768,
#6769,#6770,#6771),(#6772,#6773,#6774,#6775),(#6776,#6777,#6778,#6779),
(#6780,#6781,#6782,#6783),(#6784,#6785,#6786,#6787),(#6788,#6789,#6790,
#6791)),.UNSPECIFIED.,.F.,.F.,.F.,(4,1,1,1,4),(4,4),(0.,0.285714285714286,
0.571428571428571,0.785714285714286,1.),(0.0831917743627346,0.61098921141833),
 .UNSPECIFIED.);
#3406=B_SPLINE_SURFACE_WITH_KNOTS('',3,3,((#6799,#6800,#6801,#6802),(#6803,
#6804,#6805,#6806),(#6807,#6808,#6809,#6810),(#6811,#6812,#6813,#6814),
(#6815,#6816,#6817,#6818),(#6819,#6820,#6821,#6822),(#6823,#6824,#6825,
#6826)),.UNSPECIFIED.,.F.,.F.,.F.,(4,1,1,1,4),(4,4),(0.,0.285714285714286,
0.571428571428571,0.785714285714286,1.),(4.82879302931908E-16,0.529266122554962),
 .UNSPECIFIED.);
#3407=B_SPLINE_SURFACE_WITH_KNOTS('',3,3,((#6954,#6955,#6956,#6957),(#6958,
#6959,#6960,#6961),(#6962,#6963,#6964,#6965),(#6966,#6967,#6968,#6969)),
 .UNSPECIFIED.,.F.,.F.,.F.,(4,4),(4,4),(0.,1.),(-0.519500589463928,-0.474150933473135),
 .UNSPECIFIED.);
#3408=B_SPLINE_SURFACE_WITH_KNOTS('',3,3,((#6984,#6985,#6986,#6987),(#6988,
#6989,#6990,#6991),(#6992,#6993,#6994,#6995),(#6996,#6997,#6998,#6999)),
 .UNSPECIFIED.,.F.,.F.,.F.,(4,4),(4,4),(0.,1.),(-0.542061559261345,-0.519500589463927),
 .UNSPECIFIED.);
#3409=B_SPLINE_SURFACE_WITH_KNOTS('',3,3,((#7011,#7012,#7013,#7014,#7015,
#7016),(#7017,#7018,#7019,#7020,#7021,#7022),(#7023,#7024,#7025,#7026,#7027,
#7028),(#7029,#7030,#7031,#7032,#7033,#7034)),.UNSPECIFIED.,.F.,.F.,.F.,
(4,4),(4,2,4),(0.,1.),(-0.66358544689318,-0.588543483014474,-0.542061559261344),
 .UNSPECIFIED.);
#3410=B_SPLINE_SURFACE_WITH_KNOTS('',3,3,((#7062,#7063,#7064,#7065),(#7066,
#7067,#7068,#7069),(#7070,#7071,#7072,#7073),(#7074,#7075,#7076,#7077)),
 .UNSPECIFIED.,.F.,.F.,.F.,(4,4),(4,4),(0.,1.),(-0.129125192994132,-0.12579707793159),
 .UNSPECIFIED.);
#3411=B_SPLINE_SURFACE_WITH_KNOTS('',3,3,((#7086,#7087,#7088,#7089,#7090,
#7091,#7092,#7093,#7094),(#7095,#7096,#7097,#7098,#7099,#7100,#7101,#7102,
#7103),(#7104,#7105,#7106,#7107,#7108,#7109,#7110,#7111,#7112),(#7113,#7114,
#7115,#7116,#7117,#7118,#7119,#7120,#7121)),.UNSPECIFIED.,.F.,.F.,.F.,(4,
4),(4,1,1,1,2,4),(0.,1.),(-1.00056342929365,-0.883609263682815,-0.825132180877397,
-0.766655098071979,-0.70817801526656,-0.663585446893178),.UNSPECIFIED.);
#3412=B_SPLINE_SURFACE_WITH_KNOTS('',3,3,((#7383,#7384,#7385,#7386,#7387),
(#7388,#7389,#7390,#7391,#7392),(#7393,#7394,#7395,#7396,#7397),(#7398,
#7399,#7400,#7401,#7402)),.UNSPECIFIED.,.F.,.F.,.F.,(4,4),(4,1,4),(0.717044014965406,
1.),(-1.64408657429132,-1.47313823674295,-1.34492698358166),
 .UNSPECIFIED.);
#3413=ADVANCED_FACE('',(#908),#3391,.T.);
#3414=ADVANCED_FACE('',(#909),#828,.F.);
#3415=ADVANCED_FACE('',(#910),#172,.T.);
#3416=ADVANCED_FACE('',(#911,#143,#144),#173,.F.);
#3417=ADVANCED_FACE('',(#912),#174,.T.);
#3418=ADVANCED_FACE('',(#913),#175,.T.);
#3419=ADVANCED_FACE('',(#914),#3392,.T.);
#3420=ADVANCED_FACE('',(#915),#3393,.T.);
#3421=ADVANCED_FACE('',(#916),#829,.F.);
#3422=ADVANCED_FACE('',(#917),#830,.T.);
#3423=ADVANCED_FACE('',(#918),#831,.T.);
#3424=ADVANCED_FACE('',(#919),#176,.T.);
#3425=ADVANCED_FACE('',(#920),#177,.T.);
#3426=ADVANCED_FACE('',(#921),#89,.F.);
#3427=ADVANCED_FACE('',(#922),#83,.T.);
#3428=ADVANCED_FACE('',(#923),#832,.T.);
#3429=ADVANCED_FACE('',(#924),#833,.T.);
#3430=ADVANCED_FACE('',(#925),#178,.T.);
#3431=ADVANCED_FACE('',(#926),#84,.T.);
#3432=ADVANCED_FACE('',(#927),#73,.T.);
#3433=ADVANCED_FACE('',(#928),#74,.T.);
#3434=ADVANCED_FACE('',(#929),#75,.T.);
#3435=ADVANCED_FACE('',(#930),#3394,.F.);
#3436=ADVANCED_FACE('',(#931),#85,.T.);
#3437=ADVANCED_FACE('',(#932),#3395,.F.);
#3438=ADVANCED_FACE('',(#933),#834,.T.);
#3439=ADVANCED_FACE('',(#934),#835,.F.);
#3440=ADVANCED_FACE('',(#935),#836,.F.);
#3441=ADVANCED_FACE('',(#936),#837,.F.);
#3442=ADVANCED_FACE('',(#937),#838,.T.);
#3443=ADVANCED_FACE('',(#938),#90,.F.);
#3444=ADVANCED_FACE('',(#939),#839,.F.);
#3445=ADVANCED_FACE('',(#940),#91,.F.);
#3446=ADVANCED_FACE('',(#941),#840,.F.);
#3447=ADVANCED_FACE('',(#942),#92,.F.);
#3448=ADVANCED_FACE('',(#943),#841,.F.);
#3449=ADVANCED_FACE('',(#944),#93,.F.);
#3450=ADVANCED_FACE('',(#945),#94,.T.);
#3451=ADVANCED_FACE('',(#946),#95,.T.);
#3452=ADVANCED_FACE('',(#947,#145,#146,#147),#179,.T.);
#3453=ADVANCED_FACE('',(#948),#96,.F.);
#3454=ADVANCED_FACE('',(#949),#97,.F.);
#3455=ADVANCED_FACE('',(#950),#98,.F.);
#3456=ADVANCED_FACE('',(#951),#842,.F.);
#3457=ADVANCED_FACE('',(#952),#843,.T.);
#3458=ADVANCED_FACE('',(#953),#844,.T.);
#3459=ADVANCED_FACE('',(#954),#845,.T.);
#3460=ADVANCED_FACE('',(#955),#846,.T.);
#3461=ADVANCED_FACE('',(#956),#99,.T.);
#3462=ADVANCED_FACE('',(#957),#3396,.T.);
#3463=ADVANCED_FACE('',(#958),#3397,.T.);
#3464=ADVANCED_FACE('',(#959),#3398,.T.);
#3465=ADVANCED_FACE('',(#960),#100,.F.);
#3466=ADVANCED_FACE('',(#961),#101,.T.);
#3467=ADVANCED_FACE('',(#962),#3399,.T.);
#3468=ADVANCED_FACE('',(#963),#3400,.T.);
#3469=ADVANCED_FACE('',(#964),#847,.T.);
#3470=ADVANCED_FACE('',(#965),#76,.F.);
#3471=ADVANCED_FACE('',(#966,#148,#149),#180,.T.);
#3472=ADVANCED_FACE('',(#967),#181,.T.);
#3473=ADVANCED_FACE('',(#968),#102,.F.);
#3474=ADVANCED_FACE('',(#969),#103,.T.);
#3475=ADVANCED_FACE('',(#970),#104,.T.);
#3476=ADVANCED_FACE('',(#971),#105,.T.);
#3477=ADVANCED_FACE('',(#972),#106,.F.);
#3478=ADVANCED_FACE('',(#973,#150,#151),#182,.T.);
#3479=ADVANCED_FACE('',(#974),#848,.F.);
#3480=ADVANCED_FACE('',(#975),#849,.F.);
#3481=ADVANCED_FACE('',(#976),#850,.F.);
#3482=ADVANCED_FACE('',(#977),#851,.F.);
#3483=ADVANCED_FACE('',(#978),#3401,.T.);
#3484=ADVANCED_FACE('',(#979),#852,.F.);
#3485=ADVANCED_FACE('',(#980),#853,.T.);
#3486=ADVANCED_FACE('',(#981),#107,.T.);
#3487=ADVANCED_FACE('',(#982),#854,.T.);
#3488=ADVANCED_FACE('',(#983),#108,.F.);
#3489=ADVANCED_FACE('',(#984),#109,.T.);
#3490=ADVANCED_FACE('',(#985,#152,#153,#154,#155,#156),#183,.F.);
#3491=ADVANCED_FACE('',(#986),#855,.T.);
#3492=ADVANCED_FACE('',(#987),#856,.F.);
#3493=ADVANCED_FACE('',(#988),#77,.F.);
#3494=ADVANCED_FACE('',(#989),#61,.T.);
#3495=ADVANCED_FACE('',(#990),#857,.T.);
#3496=ADVANCED_FACE('',(#991),#858,.F.);
#3497=ADVANCED_FACE('',(#992),#859,.F.);
#3498=ADVANCED_FACE('',(#993),#860,.F.);
#3499=ADVANCED_FACE('',(#994),#861,.F.);
#3500=ADVANCED_FACE('',(#995),#184,.T.);
#3501=ADVANCED_FACE('',(#996),#862,.T.);
#3502=ADVANCED_FACE('',(#997),#863,.F.);
#3503=ADVANCED_FACE('',(#998),#864,.T.);
#3504=ADVANCED_FACE('',(#999),#110,.T.);
#3505=ADVANCED_FACE('',(#1000),#865,.T.);
#3506=ADVANCED_FACE('',(#1001),#185,.F.);
#3507=ADVANCED_FACE('',(#1002),#866,.T.);
#3508=ADVANCED_FACE('',(#1003),#186,.F.);
#3509=ADVANCED_FACE('',(#1004),#867,.T.);
#3510=ADVANCED_FACE('',(#1005),#187,.F.);
#3511=ADVANCED_FACE('',(#1006),#868,.T.);
#3512=ADVANCED_FACE('',(#1007),#188,.F.);
#3513=ADVANCED_FACE('',(#1008),#189,.F.);
#3514=ADVANCED_FACE('',(#1009),#190,.F.);
#3515=ADVANCED_FACE('',(#1010),#191,.F.);
#3516=ADVANCED_FACE('',(#1011),#192,.F.);
#3517=ADVANCED_FACE('',(#1012),#193,.F.);
#3518=ADVANCED_FACE('',(#1013),#194,.F.);
#3519=ADVANCED_FACE('',(#1014),#195,.F.);
#3520=ADVANCED_FACE('',(#1015),#196,.F.);
#3521=ADVANCED_FACE('',(#1016),#197,.T.);
#3522=ADVANCED_FACE('',(#1017,#157),#198,.T.);
#3523=ADVANCED_FACE('',(#1018),#869,.T.);
#3524=ADVANCED_FACE('',(#1019),#111,.T.);
#3525=ADVANCED_FACE('',(#1020),#870,.T.);
#3526=ADVANCED_FACE('',(#1021),#199,.T.);
#3527=ADVANCED_FACE('',(#1022),#3402,.T.);
#3528=ADVANCED_FACE('',(#1023),#871,.F.);
#3529=ADVANCED_FACE('',(#1024),#200,.T.);
#3530=ADVANCED_FACE('',(#1025,#158,#159),#201,.F.);
#3531=ADVANCED_FACE('',(#1026),#202,.T.);
#3532=ADVANCED_FACE('',(#1027),#203,.T.);
#3533=ADVANCED_FACE('',(#1028),#3403,.T.);
#3534=ADVANCED_FACE('',(#1029),#3404,.T.);
#3535=ADVANCED_FACE('',(#1030),#872,.F.);
#3536=ADVANCED_FACE('',(#1031),#873,.T.);
#3537=ADVANCED_FACE('',(#1032),#874,.T.);
#3538=ADVANCED_FACE('',(#1033),#204,.T.);
#3539=ADVANCED_FACE('',(#1034),#205,.T.);
#3540=ADVANCED_FACE('',(#1035),#112,.F.);
#3541=ADVANCED_FACE('',(#1036),#86,.T.);
#3542=ADVANCED_FACE('',(#1037),#875,.T.);
#3543=ADVANCED_FACE('',(#1038),#876,.T.);
#3544=ADVANCED_FACE('',(#1039),#206,.T.);
#3545=ADVANCED_FACE('',(#1040),#87,.T.);
#3546=ADVANCED_FACE('',(#1041),#78,.T.);
#3547=ADVANCED_FACE('',(#1042),#79,.T.);
#3548=ADVANCED_FACE('',(#1043),#80,.T.);
#3549=ADVANCED_FACE('',(#1044),#3405,.F.);
#3550=ADVANCED_FACE('',(#1045),#88,.T.);
#3551=ADVANCED_FACE('',(#1046),#3406,.F.);
#3552=ADVANCED_FACE('',(#1047),#877,.T.);
#3553=ADVANCED_FACE('',(#1048),#878,.F.);
#3554=ADVANCED_FACE('',(#1049),#879,.F.);
#3555=ADVANCED_FACE('',(#1050),#880,.F.);
#3556=ADVANCED_FACE('',(#1051),#881,.T.);
#3557=ADVANCED_FACE('',(#1052),#113,.F.);
#3558=ADVANCED_FACE('',(#1053),#882,.F.);
#3559=ADVANCED_FACE('',(#1054),#114,.F.);
#3560=ADVANCED_FACE('',(#1055),#883,.F.);
#3561=ADVANCED_FACE('',(#1056),#115,.F.);
#3562=ADVANCED_FACE('',(#1057),#884,.F.);
#3563=ADVANCED_FACE('',(#1058),#116,.F.);
#3564=ADVANCED_FACE('',(#1059),#117,.T.);
#3565=ADVANCED_FACE('',(#1060),#118,.T.);
#3566=ADVANCED_FACE('',(#1061,#160,#161,#162),#207,.T.);
#3567=ADVANCED_FACE('',(#1062),#119,.F.);
#3568=ADVANCED_FACE('',(#1063),#120,.F.);
#3569=ADVANCED_FACE('',(#1064),#121,.F.);
#3570=ADVANCED_FACE('',(#1065),#885,.F.);
#3571=ADVANCED_FACE('',(#1066),#886,.T.);
#3572=ADVANCED_FACE('',(#1067),#887,.T.);
#3573=ADVANCED_FACE('',(#1068),#888,.T.);
#3574=ADVANCED_FACE('',(#1069),#889,.T.);
#3575=ADVANCED_FACE('',(#1070),#122,.T.);
#3576=ADVANCED_FACE('',(#1071),#3407,.T.);
#3577=ADVANCED_FACE('',(#1072),#3408,.T.);
#3578=ADVANCED_FACE('',(#1073),#3409,.T.);
#3579=ADVANCED_FACE('',(#1074),#123,.F.);
#3580=ADVANCED_FACE('',(#1075),#124,.T.);
#3581=ADVANCED_FACE('',(#1076),#3410,.T.);
#3582=ADVANCED_FACE('',(#1077),#3411,.T.);
#3583=ADVANCED_FACE('',(#1078),#890,.T.);
#3584=ADVANCED_FACE('',(#1079),#81,.F.);
#3585=ADVANCED_FACE('',(#1080,#163,#164),#208,.T.);
#3586=ADVANCED_FACE('',(#1081),#209,.T.);
#3587=ADVANCED_FACE('',(#1082),#125,.F.);
#3588=ADVANCED_FACE('',(#1083),#126,.T.);
#3589=ADVANCED_FACE('',(#1084),#127,.T.);
#3590=ADVANCED_FACE('',(#1085),#128,.T.);
#3591=ADVANCED_FACE('',(#1086),#129,.F.);
#3592=ADVANCED_FACE('',(#1087,#165,#166),#210,.T.);
#3593=ADVANCED_FACE('',(#1088),#891,.F.);
#3594=ADVANCED_FACE('',(#1089),#892,.F.);
#3595=ADVANCED_FACE('',(#1090),#893,.F.);
#3596=ADVANCED_FACE('',(#1091),#894,.F.);
#3597=ADVANCED_FACE('',(#1092),#3412,.T.);
#3598=ADVANCED_FACE('',(#1093),#895,.F.);
#3599=ADVANCED_FACE('',(#1094),#896,.T.);
#3600=ADVANCED_FACE('',(#1095),#130,.T.);
#3601=ADVANCED_FACE('',(#1096),#897,.T.);
#3602=ADVANCED_FACE('',(#1097),#131,.F.);
#3603=ADVANCED_FACE('',(#1098),#132,.T.);
#3604=ADVANCED_FACE('',(#1099,#167,#168,#169,#170,#171),#211,.F.);
#3605=ADVANCED_FACE('',(#1100),#898,.T.);
#3606=ADVANCED_FACE('',(#1101),#899,.F.);
#3607=ADVANCED_FACE('',(#1102),#82,.F.);
#3608=ADVANCED_FACE('',(#1103),#62,.T.);
#3609=ADVANCED_FACE('',(#1104),#900,.T.);
#3610=ADVANCED_FACE('',(#1105),#901,.F.);
#3611=ADVANCED_FACE('',(#1106),#902,.F.);
#3612=ADVANCED_FACE('',(#1107),#903,.F.);
#3613=ADVANCED_FACE('',(#1108),#904,.F.);
#3614=ADVANCED_FACE('',(#1109),#212,.T.);
#3615=ADVANCED_FACE('',(#1110),#905,.T.);
#3616=ADVANCED_FACE('',(#1111),#906,.F.);
#3617=ADVANCED_FACE('',(#1112),#907,.T.);
#3618=CLOSED_SHELL('',(#3413,#3414,#3415,#3416,#3417,#3418,#3419,#3420,
#3421,#3422,#3423,#3424,#3425,#3426,#3427,#3428,#3429,#3430,#3431,#3432,
#3433,#3434,#3435,#3436,#3437,#3438,#3439,#3440,#3441,#3442,#3443,#3444,
#3445,#3446,#3447,#3448,#3449,#3450,#3451,#3452,#3453,#3454,#3455,#3456,
#3457,#3458));
#3619=CLOSED_SHELL('',(#3459,#3460,#3461,#3462,#3463,#3464,#3465,#3466,
#3467,#3468,#3469,#3470,#3471,#3472,#3473,#3474,#3475,#3476,#3477,#3478,
#3479,#3480,#3481,#3482,#3483,#3484,#3485,#3486,#3487,#3488,#3489,#3490,
#3491,#3492,#3493,#3494,#3495,#3496,#3497,#3498,#3499,#3500,#3501,#3502,
#3503));
#3620=CLOSED_SHELL('',(#3504,#3505,#3506,#3507,#3508,#3509,#3510,#3511,
#3512,#3513,#3514,#3515,#3516,#3517,#3518,#3519,#3520,#3521,#3522,#3523,
#3524,#3525,#3526));
#3621=CLOSED_SHELL('',(#3527,#3528,#3529,#3530,#3531,#3532,#3533,#3534,
#3535,#3536,#3537,#3538,#3539,#3540,#3541,#3542,#3543,#3544,#3545,#3546,
#3547,#3548,#3549,#3550,#3551,#3552,#3553,#3554,#3555,#3556,#3557,#3558,
#3559,#3560,#3561,#3562,#3563,#3564,#3565,#3566,#3567,#3568,#3569,#3570,
#3571,#3572));
#3622=CLOSED_SHELL('',(#3573,#3574,#3575,#3576,#3577,#3578,#3579,#3580,
#3581,#3582,#3583,#3584,#3585,#3586,#3587,#3588,#3589,#3590,#3591,#3592,
#3593,#3594,#3595,#3596,#3597,#3598,#3599,#3600,#3601,#3602,#3603,#3604,
#3605,#3606,#3607,#3608,#3609,#3610,#3611,#3612,#3613,#3614,#3615,#3616,
#3617));
#3623=AXIS2_PLACEMENT_3D('',#5097,#4047,#4048);
#3624=AXIS2_PLACEMENT_3D('',#5098,#4049,#4050);
#3625=AXIS2_PLACEMENT_3D('',#5125,#4051,#4052);
#3626=AXIS2_PLACEMENT_3D('',#5134,#4053,#4054);
#3627=AXIS2_PLACEMENT_3D('',#5145,#4055,#4056);
#3628=AXIS2_PLACEMENT_3D('',#5147,#4057,#4058);
#3629=AXIS2_PLACEMENT_3D('',#5155,#4060,#4061);
#3630=AXIS2_PLACEMENT_3D('',#5156,#4062,#4063);
#3631=AXIS2_PLACEMENT_3D('',#5171,#4065,#4066);
#3632=AXIS2_PLACEMENT_3D('',#5173,#4067,#4068);
#3633=AXIS2_PLACEMENT_3D('',#5175,#4069,#4070);
#3634=AXIS2_PLACEMENT_3D('',#5177,#4071,#4072);
#3635=AXIS2_PLACEMENT_3D('',#5179,#4073,#4074);
#3636=AXIS2_PLACEMENT_3D('',#5180,#4075,#4076);
#3637=AXIS2_PLACEMENT_3D('',#5181,#4077,#4078);
#3638=AXIS2_PLACEMENT_3D('',#5241,#4080,#4081);
#3639=AXIS2_PLACEMENT_3D('',#5243,#4082,#4083);
#3640=AXIS2_PLACEMENT_3D('',#5245,#4084,#4085);
#3641=AXIS2_PLACEMENT_3D('',#5246,#4086,#4087);
#3642=AXIS2_PLACEMENT_3D('',#5248,#4088,#4089);
#3643=AXIS2_PLACEMENT_3D('',#5250,#4090,#4091);
#3644=AXIS2_PLACEMENT_3D('',#5319,#4093,#4094);
#3645=AXIS2_PLACEMENT_3D('',#5322,#4096,#4097);
#3646=AXIS2_PLACEMENT_3D('',#5324,#4098,#4099);
#3647=AXIS2_PLACEMENT_3D('',#5325,#4100,#4101);
#3648=AXIS2_PLACEMENT_3D('',#5329,#4103,#4104);
#3649=AXIS2_PLACEMENT_3D('',#5333,#4107,#4108);
#3650=AXIS2_PLACEMENT_3D('',#5406,#4112,#4113);
#3651=AXIS2_PLACEMENT_3D('',#5410,#4115,#4116);
#3652=AXIS2_PLACEMENT_3D('',#5412,#4118,#4119);
#3653=AXIS2_PLACEMENT_3D('',#5416,#4121,#4122);
#3654=AXIS2_PLACEMENT_3D('',#5423,#4124,#4125);
#3655=AXIS2_PLACEMENT_3D('',#5440,#4127,#4128);
#3656=AXIS2_PLACEMENT_3D('',#5442,#4130,#4131);
#3657=AXIS2_PLACEMENT_3D('',#5460,#4135,#4136);
#3658=AXIS2_PLACEMENT_3D('',#5462,#4137,#4138);
#3659=AXIS2_PLACEMENT_3D('',#5464,#4140,#4141);
#3660=AXIS2_PLACEMENT_3D('',#5466,#4142,#4143);
#3661=AXIS2_PLACEMENT_3D('',#5467,#4144,#4145);
#3662=AXIS2_PLACEMENT_3D('',#5468,#4146,#4147);
#3663=AXIS2_PLACEMENT_3D('',#5470,#4149,#4150);
#3664=AXIS2_PLACEMENT_3D('',#5472,#4152,#4153);
#3665=AXIS2_PLACEMENT_3D('',#5473,#4154,#4155);
#3666=AXIS2_PLACEMENT_3D('',#5475,#4156,#4157);
#3667=AXIS2_PLACEMENT_3D('',#5477,#4158,#4159);
#3668=AXIS2_PLACEMENT_3D('',#5478,#4160,#4161);
#3669=AXIS2_PLACEMENT_3D('',#5479,#4162,#4163);
#3670=AXIS2_PLACEMENT_3D('',#5482,#4164,#4165);
#3671=AXIS2_PLACEMENT_3D('',#5483,#4166,#4167);
#3672=AXIS2_PLACEMENT_3D('',#5484,#4168,#4169);
#3673=AXIS2_PLACEMENT_3D('',#5485,#4170,#4171);
#3674=AXIS2_PLACEMENT_3D('',#5488,#4172,#4173);
#3675=AXIS2_PLACEMENT_3D('',#5489,#4174,#4175);
#3676=AXIS2_PLACEMENT_3D('',#5490,#4176,#4177);
#3677=AXIS2_PLACEMENT_3D('',#5491,#4178,#4179);
#3678=AXIS2_PLACEMENT_3D('',#5494,#4180,#4181);
#3679=AXIS2_PLACEMENT_3D('',#5495,#4182,#4183);
#3680=AXIS2_PLACEMENT_3D('',#5496,#4184,#4185);
#3681=AXIS2_PLACEMENT_3D('',#5529,#4186,#4187);
#3682=AXIS2_PLACEMENT_3D('',#5530,#4188,#4189);
#3683=AXIS2_PLACEMENT_3D('',#5531,#4190,#4191);
#3684=AXIS2_PLACEMENT_3D('',#5564,#4192,#4193);
#3685=AXIS2_PLACEMENT_3D('',#5567,#4195,#4196);
#3686=AXIS2_PLACEMENT_3D('',#5568,#4197,#4198);
#3687=AXIS2_PLACEMENT_3D('',#5571,#4200,#4201);
#3688=AXIS2_PLACEMENT_3D('',#5572,#4202,#4203);
#3689=AXIS2_PLACEMENT_3D('',#5582,#4205,#4206);
#3690=AXIS2_PLACEMENT_3D('',#5583,#4207,#4208);
#3691=AXIS2_PLACEMENT_3D('',#5595,#4211,#4212);
#3692=AXIS2_PLACEMENT_3D('',#5596,#4213,#4214);
#3693=AXIS2_PLACEMENT_3D('',#5599,#4216,#4217);
#3694=AXIS2_PLACEMENT_3D('',#5600,#4218,#4219);
#3695=AXIS2_PLACEMENT_3D('',#5603,#4221,#4222);
#3696=AXIS2_PLACEMENT_3D('',#5604,#4223,#4224);
#3697=AXIS2_PLACEMENT_3D('',#5607,#4226,#4227);
#3698=AXIS2_PLACEMENT_3D('',#5608,#4228,#4229);
#3699=AXIS2_PLACEMENT_3D('',#5611,#4231,#4232);
#3700=AXIS2_PLACEMENT_3D('',#5612,#4233,#4234);
#3701=AXIS2_PLACEMENT_3D('',#5615,#4236,#4237);
#3702=AXIS2_PLACEMENT_3D('',#5616,#4238,#4239);
#3703=AXIS2_PLACEMENT_3D('',#5619,#4241,#4242);
#3704=AXIS2_PLACEMENT_3D('',#5620,#4243,#4244);
#3705=AXIS2_PLACEMENT_3D('',#5622,#4245,#4246);
#3706=AXIS2_PLACEMENT_3D('',#5625,#4248,#4249);
#3707=AXIS2_PLACEMENT_3D('',#5626,#4250,#4251);
#3708=AXIS2_PLACEMENT_3D('',#5628,#4252,#4253);
#3709=AXIS2_PLACEMENT_3D('',#5631,#4255,#4256);
#3710=AXIS2_PLACEMENT_3D('',#5632,#4257,#4258);
#3711=AXIS2_PLACEMENT_3D('',#5633,#4259,#4260);
#3712=AXIS2_PLACEMENT_3D('',#5634,#4261,#4262);
#3713=AXIS2_PLACEMENT_3D('',#5635,#4263,#4264);
#3714=AXIS2_PLACEMENT_3D('',#5636,#4265,#4266);
#3715=AXIS2_PLACEMENT_3D('',#5639,#4269,#4270);
#3716=AXIS2_PLACEMENT_3D('',#5640,#4271,#4272);
#3717=AXIS2_PLACEMENT_3D('',#5641,#4273,#4274);
#3718=AXIS2_PLACEMENT_3D('',#5643,#4276,#4277);
#3719=AXIS2_PLACEMENT_3D('',#5645,#4279,#4280);
#3720=AXIS2_PLACEMENT_3D('',#5646,#4281,#4282);
#3721=AXIS2_PLACEMENT_3D('',#5673,#4285,#4286);
#3722=AXIS2_PLACEMENT_3D('',#5675,#4287,#4288);
#3723=AXIS2_PLACEMENT_3D('',#5678,#4290,#4291);
#3724=AXIS2_PLACEMENT_3D('',#5679,#4292,#4293);
#3725=AXIS2_PLACEMENT_3D('',#5685,#4294,#4295);
#3726=AXIS2_PLACEMENT_3D('',#5783,#4301,#4302);
#3727=AXIS2_PLACEMENT_3D('',#5788,#4304,#4305);
#3728=AXIS2_PLACEMENT_3D('',#5791,#4307,#4308);
#3729=AXIS2_PLACEMENT_3D('',#5792,#4309,#4310);
#3730=AXIS2_PLACEMENT_3D('',#5793,#4311,#4312);
#3731=AXIS2_PLACEMENT_3D('',#5794,#4313,#4314);
#3732=AXIS2_PLACEMENT_3D('',#5963,#4315,#4316);
#3733=AXIS2_PLACEMENT_3D('',#5965,#4317,#4318);
#3734=AXIS2_PLACEMENT_3D('',#5969,#4320,#4321);
#3735=AXIS2_PLACEMENT_3D('',#5971,#4323,#4324);
#3736=AXIS2_PLACEMENT_3D('',#5973,#4325,#4326);
#3737=AXIS2_PLACEMENT_3D('',#5988,#4327,#4328);
#3738=AXIS2_PLACEMENT_3D('',#5989,#4329,#4330);
#3739=AXIS2_PLACEMENT_3D('',#5990,#4331,#4332);
#3740=AXIS2_PLACEMENT_3D('',#5993,#4334,#4335);
#3741=AXIS2_PLACEMENT_3D('',#5995,#4336,#4337);
#3742=AXIS2_PLACEMENT_3D('',#5996,#4338,#4339);
#3743=AXIS2_PLACEMENT_3D('',#5998,#4340,#4341);
#3744=AXIS2_PLACEMENT_3D('',#6000,#4342,#4343);
#3745=AXIS2_PLACEMENT_3D('',#6001,#4344,#4345);
#3746=AXIS2_PLACEMENT_3D('',#6041,#4350,#4351);
#3747=AXIS2_PLACEMENT_3D('',#6051,#4352,#4353);
#3748=AXIS2_PLACEMENT_3D('',#6054,#4355,#4356);
#3749=AXIS2_PLACEMENT_3D('',#6055,#4357,#4358);
#3750=AXIS2_PLACEMENT_3D('',#6056,#4359,#4360);
#3751=AXIS2_PLACEMENT_3D('',#6059,#4362,#4363);
#3752=AXIS2_PLACEMENT_3D('',#6060,#4364,#4365);
#3753=AXIS2_PLACEMENT_3D('',#6063,#4367,#4368);
#3754=AXIS2_PLACEMENT_3D('',#6064,#4369,#4370);
#3755=AXIS2_PLACEMENT_3D('',#6066,#4371,#4372);
#3756=AXIS2_PLACEMENT_3D('',#6069,#4374,#4375);
#3757=AXIS2_PLACEMENT_3D('',#6070,#4376,#4377);
#3758=AXIS2_PLACEMENT_3D('',#6071,#4378,#4379);
#3759=AXIS2_PLACEMENT_3D('',#6072,#4380,#4381);
#3760=AXIS2_PLACEMENT_3D('',#6073,#4382,#4383);
#3761=AXIS2_PLACEMENT_3D('',#6075,#4384,#4385);
#3762=AXIS2_PLACEMENT_3D('',#6077,#4386,#4387);
#3763=AXIS2_PLACEMENT_3D('',#6079,#4388,#4389);
#3764=AXIS2_PLACEMENT_3D('',#6082,#4391,#4392);
#3765=AXIS2_PLACEMENT_3D('',#6084,#4393,#4394);
#3766=AXIS2_PLACEMENT_3D('',#6086,#4395,#4396);
#3767=AXIS2_PLACEMENT_3D('',#6087,#4397,#4398);
#3768=AXIS2_PLACEMENT_3D('',#6089,#4399,#4400);
#3769=AXIS2_PLACEMENT_3D('',#6091,#4402,#4403);
#3770=AXIS2_PLACEMENT_3D('',#6093,#4404,#4405);
#3771=AXIS2_PLACEMENT_3D('',#6095,#4407,#4408);
#3772=AXIS2_PLACEMENT_3D('',#6097,#4409,#4410);
#3773=AXIS2_PLACEMENT_3D('',#6099,#4412,#4413);
#3774=AXIS2_PLACEMENT_3D('',#6101,#4414,#4415);
#3775=AXIS2_PLACEMENT_3D('',#6141,#4418,#4419);
#3776=AXIS2_PLACEMENT_3D('',#6143,#4420,#4421);
#3777=AXIS2_PLACEMENT_3D('',#6145,#4423,#4424);
#3778=AXIS2_PLACEMENT_3D('',#6155,#4426,#4427);
#3779=AXIS2_PLACEMENT_3D('',#6162,#4428,#4429);
#3780=AXIS2_PLACEMENT_3D('',#6175,#4430,#4431);
#3781=AXIS2_PLACEMENT_3D('',#6176,#4432,#4433);
#3782=AXIS2_PLACEMENT_3D('',#6177,#4434,#4435);
#3783=AXIS2_PLACEMENT_3D('',#6178,#4436,#4437);
#3784=AXIS2_PLACEMENT_3D('',#6186,#4438,#4439);
#3785=AXIS2_PLACEMENT_3D('',#6188,#4441,#4442);
#3786=AXIS2_PLACEMENT_3D('',#6189,#4443,#4444);
#3787=AXIS2_PLACEMENT_3D('',#6190,#4445,#4446);
#3788=AXIS2_PLACEMENT_3D('',#6192,#4447,#4448);
#3789=AXIS2_PLACEMENT_3D('',#6194,#4449,#4450);
#3790=AXIS2_PLACEMENT_3D('',#6196,#4451,#4452);
#3791=AXIS2_PLACEMENT_3D('',#6200,#4454,#4455);
#3792=AXIS2_PLACEMENT_3D('',#6202,#4456,#4457);
#3793=AXIS2_PLACEMENT_3D('',#6203,#4458,#4459);
#3794=AXIS2_PLACEMENT_3D('',#6205,#4460,#4461);
#3795=AXIS2_PLACEMENT_3D('',#6207,#4462,#4463);
#3796=AXIS2_PLACEMENT_3D('',#6208,#4464,#4465);
#3797=AXIS2_PLACEMENT_3D('',#6210,#4467,#4468);
#3798=AXIS2_PLACEMENT_3D('',#6212,#4470,#4471);
#3799=AXIS2_PLACEMENT_3D('',#6214,#4472,#4473);
#3800=AXIS2_PLACEMENT_3D('',#6215,#4474,#4475);
#3801=AXIS2_PLACEMENT_3D('',#6225,#4476,#4477);
#3802=AXIS2_PLACEMENT_3D('',#6226,#4478,#4479);
#3803=AXIS2_PLACEMENT_3D('',#6228,#4481,#4482);
#3804=AXIS2_PLACEMENT_3D('',#6229,#4483,#4484);
#3805=AXIS2_PLACEMENT_3D('',#6231,#4486,#4487);
#3806=AXIS2_PLACEMENT_3D('',#6233,#4489,#4490);
#3807=AXIS2_PLACEMENT_3D('',#6235,#4492,#4493);
#3808=AXIS2_PLACEMENT_3D('',#6237,#4495,#4496);
#3809=AXIS2_PLACEMENT_3D('',#6241,#4499,#4500);
#3810=AXIS2_PLACEMENT_3D('',#6243,#4502,#4503);
#3811=AXIS2_PLACEMENT_3D('',#6244,#4504,#4505);
#3812=AXIS2_PLACEMENT_3D('',#6245,#4506,#4507);
#3813=AXIS2_PLACEMENT_3D('',#6246,#4508,#4509);
#3814=AXIS2_PLACEMENT_3D('',#6248,#4510,#4511);
#3815=AXIS2_PLACEMENT_3D('',#6251,#4513,#4514);
#3816=AXIS2_PLACEMENT_3D('',#6252,#4515,#4516);
#3817=AXIS2_PLACEMENT_3D('',#6255,#4517,#4518);
#3818=AXIS2_PLACEMENT_3D('',#6259,#4520,#4521);
#3819=AXIS2_PLACEMENT_3D('',#6262,#4523,#4524);
#3820=AXIS2_PLACEMENT_3D('',#6263,#4525,#4526);
#3821=AXIS2_PLACEMENT_3D('',#6267,#4529,#4530);
#3822=AXIS2_PLACEMENT_3D('',#6270,#4531,#4532);
#3823=AXIS2_PLACEMENT_3D('',#6274,#4534,#4535);
#3824=AXIS2_PLACEMENT_3D('',#6277,#4537,#4538);
#3825=AXIS2_PLACEMENT_3D('',#6278,#4539,#4540);
#3826=AXIS2_PLACEMENT_3D('',#6282,#4543,#4544);
#3827=AXIS2_PLACEMENT_3D('',#6285,#4545,#4546);
#3828=AXIS2_PLACEMENT_3D('',#6289,#4548,#4549);
#3829=AXIS2_PLACEMENT_3D('',#6292,#4551,#4552);
#3830=AXIS2_PLACEMENT_3D('',#6293,#4553,#4554);
#3831=AXIS2_PLACEMENT_3D('',#6297,#4557,#4558);
#3832=AXIS2_PLACEMENT_3D('',#6300,#4559,#4560);
#3833=AXIS2_PLACEMENT_3D('',#6304,#4562,#4563);
#3834=AXIS2_PLACEMENT_3D('',#6307,#4565,#4566);
#3835=AXIS2_PLACEMENT_3D('',#6308,#4567,#4568);
#3836=AXIS2_PLACEMENT_3D('',#6312,#4571,#4572);
#3837=AXIS2_PLACEMENT_3D('',#6321,#4578,#4579);
#3838=AXIS2_PLACEMENT_3D('',#6325,#4582,#4583);
#3839=AXIS2_PLACEMENT_3D('',#6330,#4587,#4588);
#3840=AXIS2_PLACEMENT_3D('',#6334,#4591,#4592);
#3841=AXIS2_PLACEMENT_3D('',#6339,#4596,#4597);
#3842=AXIS2_PLACEMENT_3D('',#6343,#4600,#4601);
#3843=AXIS2_PLACEMENT_3D('',#6346,#4604,#4605);
#3844=AXIS2_PLACEMENT_3D('',#6348,#4607,#4608);
#3845=AXIS2_PLACEMENT_3D('',#6349,#4609,#4610);
#3846=AXIS2_PLACEMENT_3D('',#6351,#4611,#4612);
#3847=AXIS2_PLACEMENT_3D('',#6352,#4613,#4614);
#3848=AXIS2_PLACEMENT_3D('',#6354,#4615,#4616);
#3849=AXIS2_PLACEMENT_3D('',#6356,#4618,#4619);
#3850=AXIS2_PLACEMENT_3D('',#6358,#4620,#4621);
#3851=AXIS2_PLACEMENT_3D('',#6360,#4623,#4624);
#3852=AXIS2_PLACEMENT_3D('',#6362,#4626,#4627);
#3853=AXIS2_PLACEMENT_3D('',#6363,#4628,#4629);
#3854=AXIS2_PLACEMENT_3D('',#6364,#4630,#4631);
#3855=AXIS2_PLACEMENT_3D('',#6365,#4632,#4633);
#3856=AXIS2_PLACEMENT_3D('',#6392,#4634,#4635);
#3857=AXIS2_PLACEMENT_3D('',#6401,#4636,#4637);
#3858=AXIS2_PLACEMENT_3D('',#6412,#4638,#4639);
#3859=AXIS2_PLACEMENT_3D('',#6414,#4640,#4641);
#3860=AXIS2_PLACEMENT_3D('',#6422,#4643,#4644);
#3861=AXIS2_PLACEMENT_3D('',#6423,#4645,#4646);
#3862=AXIS2_PLACEMENT_3D('',#6438,#4648,#4649);
#3863=AXIS2_PLACEMENT_3D('',#6440,#4650,#4651);
#3864=AXIS2_PLACEMENT_3D('',#6442,#4652,#4653);
#3865=AXIS2_PLACEMENT_3D('',#6444,#4654,#4655);
#3866=AXIS2_PLACEMENT_3D('',#6446,#4656,#4657);
#3867=AXIS2_PLACEMENT_3D('',#6447,#4658,#4659);
#3868=AXIS2_PLACEMENT_3D('',#6448,#4660,#4661);
#3869=AXIS2_PLACEMENT_3D('',#6508,#4663,#4664);
#3870=AXIS2_PLACEMENT_3D('',#6510,#4665,#4666);
#3871=AXIS2_PLACEMENT_3D('',#6512,#4667,#4668);
#3872=AXIS2_PLACEMENT_3D('',#6513,#4669,#4670);
#3873=AXIS2_PLACEMENT_3D('',#6515,#4671,#4672);
#3874=AXIS2_PLACEMENT_3D('',#6517,#4673,#4674);
#3875=AXIS2_PLACEMENT_3D('',#6586,#4676,#4677);
#3876=AXIS2_PLACEMENT_3D('',#6589,#4679,#4680);
#3877=AXIS2_PLACEMENT_3D('',#6591,#4681,#4682);
#3878=AXIS2_PLACEMENT_3D('',#6592,#4683,#4684);
#3879=AXIS2_PLACEMENT_3D('',#6596,#4686,#4687);
#3880=AXIS2_PLACEMENT_3D('',#6600,#4690,#4691);
#3881=AXIS2_PLACEMENT_3D('',#6673,#4695,#4696);
#3882=AXIS2_PLACEMENT_3D('',#6677,#4698,#4699);
#3883=AXIS2_PLACEMENT_3D('',#6679,#4701,#4702);
#3884=AXIS2_PLACEMENT_3D('',#6683,#4704,#4705);
#3885=AXIS2_PLACEMENT_3D('',#6690,#4707,#4708);
#3886=AXIS2_PLACEMENT_3D('',#6707,#4710,#4711);
#3887=AXIS2_PLACEMENT_3D('',#6709,#4713,#4714);
#3888=AXIS2_PLACEMENT_3D('',#6727,#4718,#4719);
#3889=AXIS2_PLACEMENT_3D('',#6729,#4720,#4721);
#3890=AXIS2_PLACEMENT_3D('',#6731,#4723,#4724);
#3891=AXIS2_PLACEMENT_3D('',#6733,#4725,#4726);
#3892=AXIS2_PLACEMENT_3D('',#6734,#4727,#4728);
#3893=AXIS2_PLACEMENT_3D('',#6735,#4729,#4730);
#3894=AXIS2_PLACEMENT_3D('',#6737,#4732,#4733);
#3895=AXIS2_PLACEMENT_3D('',#6739,#4735,#4736);
#3896=AXIS2_PLACEMENT_3D('',#6740,#4737,#4738);
#3897=AXIS2_PLACEMENT_3D('',#6742,#4739,#4740);
#3898=AXIS2_PLACEMENT_3D('',#6744,#4741,#4742);
#3899=AXIS2_PLACEMENT_3D('',#6745,#4743,#4744);
#3900=AXIS2_PLACEMENT_3D('',#6746,#4745,#4746);
#3901=AXIS2_PLACEMENT_3D('',#6749,#4747,#4748);
#3902=AXIS2_PLACEMENT_3D('',#6750,#4749,#4750);
#3903=AXIS2_PLACEMENT_3D('',#6751,#4751,#4752);
#3904=AXIS2_PLACEMENT_3D('',#6752,#4753,#4754);
#3905=AXIS2_PLACEMENT_3D('',#6755,#4755,#4756);
#3906=AXIS2_PLACEMENT_3D('',#6756,#4757,#4758);
#3907=AXIS2_PLACEMENT_3D('',#6757,#4759,#4760);
#3908=AXIS2_PLACEMENT_3D('',#6758,#4761,#4762);
#3909=AXIS2_PLACEMENT_3D('',#6761,#4763,#4764);
#3910=AXIS2_PLACEMENT_3D('',#6762,#4765,#4766);
#3911=AXIS2_PLACEMENT_3D('',#6763,#4767,#4768);
#3912=AXIS2_PLACEMENT_3D('',#6796,#4769,#4770);
#3913=AXIS2_PLACEMENT_3D('',#6797,#4771,#4772);
#3914=AXIS2_PLACEMENT_3D('',#6798,#4773,#4774);
#3915=AXIS2_PLACEMENT_3D('',#6831,#4775,#4776);
#3916=AXIS2_PLACEMENT_3D('',#6834,#4778,#4779);
#3917=AXIS2_PLACEMENT_3D('',#6835,#4780,#4781);
#3918=AXIS2_PLACEMENT_3D('',#6838,#4783,#4784);
#3919=AXIS2_PLACEMENT_3D('',#6839,#4785,#4786);
#3920=AXIS2_PLACEMENT_3D('',#6849,#4788,#4789);
#3921=AXIS2_PLACEMENT_3D('',#6850,#4790,#4791);
#3922=AXIS2_PLACEMENT_3D('',#6862,#4794,#4795);
#3923=AXIS2_PLACEMENT_3D('',#6863,#4796,#4797);
#3924=AXIS2_PLACEMENT_3D('',#6866,#4799,#4800);
#3925=AXIS2_PLACEMENT_3D('',#6867,#4801,#4802);
#3926=AXIS2_PLACEMENT_3D('',#6870,#4804,#4805);
#3927=AXIS2_PLACEMENT_3D('',#6871,#4806,#4807);
#3928=AXIS2_PLACEMENT_3D('',#6874,#4809,#4810);
#3929=AXIS2_PLACEMENT_3D('',#6875,#4811,#4812);
#3930=AXIS2_PLACEMENT_3D('',#6878,#4814,#4815);
#3931=AXIS2_PLACEMENT_3D('',#6879,#4816,#4817);
#3932=AXIS2_PLACEMENT_3D('',#6882,#4819,#4820);
#3933=AXIS2_PLACEMENT_3D('',#6883,#4821,#4822);
#3934=AXIS2_PLACEMENT_3D('',#6886,#4824,#4825);
#3935=AXIS2_PLACEMENT_3D('',#6887,#4826,#4827);
#3936=AXIS2_PLACEMENT_3D('',#6889,#4828,#4829);
#3937=AXIS2_PLACEMENT_3D('',#6892,#4831,#4832);
#3938=AXIS2_PLACEMENT_3D('',#6893,#4833,#4834);
#3939=AXIS2_PLACEMENT_3D('',#6895,#4835,#4836);
#3940=AXIS2_PLACEMENT_3D('',#6898,#4838,#4839);
#3941=AXIS2_PLACEMENT_3D('',#6899,#4840,#4841);
#3942=AXIS2_PLACEMENT_3D('',#6900,#4842,#4843);
#3943=AXIS2_PLACEMENT_3D('',#6901,#4844,#4845);
#3944=AXIS2_PLACEMENT_3D('',#6902,#4846,#4847);
#3945=AXIS2_PLACEMENT_3D('',#6903,#4848,#4849);
#3946=AXIS2_PLACEMENT_3D('',#6906,#4852,#4853);
#3947=AXIS2_PLACEMENT_3D('',#6907,#4854,#4855);
#3948=AXIS2_PLACEMENT_3D('',#6908,#4856,#4857);
#3949=AXIS2_PLACEMENT_3D('',#6910,#4859,#4860);
#3950=AXIS2_PLACEMENT_3D('',#6912,#4862,#4863);
#3951=AXIS2_PLACEMENT_3D('',#6913,#4864,#4865);
#3952=AXIS2_PLACEMENT_3D('',#6940,#4868,#4869);
#3953=AXIS2_PLACEMENT_3D('',#6942,#4870,#4871);
#3954=AXIS2_PLACEMENT_3D('',#6945,#4873,#4874);
#3955=AXIS2_PLACEMENT_3D('',#6946,#4875,#4876);
#3956=AXIS2_PLACEMENT_3D('',#6952,#4877,#4878);
#3957=AXIS2_PLACEMENT_3D('',#7050,#4884,#4885);
#3958=AXIS2_PLACEMENT_3D('',#7055,#4887,#4888);
#3959=AXIS2_PLACEMENT_3D('',#7058,#4890,#4891);
#3960=AXIS2_PLACEMENT_3D('',#7059,#4892,#4893);
#3961=AXIS2_PLACEMENT_3D('',#7060,#4894,#4895);
#3962=AXIS2_PLACEMENT_3D('',#7061,#4896,#4897);
#3963=AXIS2_PLACEMENT_3D('',#7230,#4898,#4899);
#3964=AXIS2_PLACEMENT_3D('',#7232,#4900,#4901);
#3965=AXIS2_PLACEMENT_3D('',#7236,#4903,#4904);
#3966=AXIS2_PLACEMENT_3D('',#7238,#4906,#4907);
#3967=AXIS2_PLACEMENT_3D('',#7240,#4908,#4909);
#3968=AXIS2_PLACEMENT_3D('',#7255,#4910,#4911);
#3969=AXIS2_PLACEMENT_3D('',#7256,#4912,#4913);
#3970=AXIS2_PLACEMENT_3D('',#7257,#4914,#4915);
#3971=AXIS2_PLACEMENT_3D('',#7260,#4917,#4918);
#3972=AXIS2_PLACEMENT_3D('',#7262,#4919,#4920);
#3973=AXIS2_PLACEMENT_3D('',#7263,#4921,#4922);
#3974=AXIS2_PLACEMENT_3D('',#7265,#4923,#4924);
#3975=AXIS2_PLACEMENT_3D('',#7267,#4925,#4926);
#3976=AXIS2_PLACEMENT_3D('',#7268,#4927,#4928);
#3977=AXIS2_PLACEMENT_3D('',#7308,#4933,#4934);
#3978=AXIS2_PLACEMENT_3D('',#7318,#4935,#4936);
#3979=AXIS2_PLACEMENT_3D('',#7321,#4938,#4939);
#3980=AXIS2_PLACEMENT_3D('',#7322,#4940,#4941);
#3981=AXIS2_PLACEMENT_3D('',#7323,#4942,#4943);
#3982=AXIS2_PLACEMENT_3D('',#7326,#4945,#4946);
#3983=AXIS2_PLACEMENT_3D('',#7327,#4947,#4948);
#3984=AXIS2_PLACEMENT_3D('',#7330,#4950,#4951);
#3985=AXIS2_PLACEMENT_3D('',#7331,#4952,#4953);
#3986=AXIS2_PLACEMENT_3D('',#7333,#4954,#4955);
#3987=AXIS2_PLACEMENT_3D('',#7336,#4957,#4958);
#3988=AXIS2_PLACEMENT_3D('',#7337,#4959,#4960);
#3989=AXIS2_PLACEMENT_3D('',#7338,#4961,#4962);
#3990=AXIS2_PLACEMENT_3D('',#7339,#4963,#4964);
#3991=AXIS2_PLACEMENT_3D('',#7340,#4965,#4966);
#3992=AXIS2_PLACEMENT_3D('',#7342,#4967,#4968);
#3993=AXIS2_PLACEMENT_3D('',#7344,#4969,#4970);
#3994=AXIS2_PLACEMENT_3D('',#7346,#4971,#4972);
#3995=AXIS2_PLACEMENT_3D('',#7349,#4974,#4975);
#3996=AXIS2_PLACEMENT_3D('',#7351,#4976,#4977);
#3997=AXIS2_PLACEMENT_3D('',#7353,#4978,#4979);
#3998=AXIS2_PLACEMENT_3D('',#7354,#4980,#4981);
#3999=AXIS2_PLACEMENT_3D('',#7356,#4982,#4983);
#4000=AXIS2_PLACEMENT_3D('',#7358,#4985,#4986);
#4001=AXIS2_PLACEMENT_3D('',#7360,#4987,#4988);
#4002=AXIS2_PLACEMENT_3D('',#7362,#4990,#4991);
#4003=AXIS2_PLACEMENT_3D('',#7364,#4992,#4993);
#4004=AXIS2_PLACEMENT_3D('',#7366,#4995,#4996);
#4005=AXIS2_PLACEMENT_3D('',#7368,#4997,#4998);
#4006=AXIS2_PLACEMENT_3D('',#7408,#5001,#5002);
#4007=AXIS2_PLACEMENT_3D('',#7410,#5003,#5004);
#4008=AXIS2_PLACEMENT_3D('',#7412,#5006,#5007);
#4009=AXIS2_PLACEMENT_3D('',#7422,#5009,#5010);
#4010=AXIS2_PLACEMENT_3D('',#7429,#5011,#5012);
#4011=AXIS2_PLACEMENT_3D('',#7442,#5013,#5014);
#4012=AXIS2_PLACEMENT_3D('',#7443,#5015,#5016);
#4013=AXIS2_PLACEMENT_3D('',#7444,#5017,#5018);
#4014=AXIS2_PLACEMENT_3D('',#7445,#5019,#5020);
#4015=AXIS2_PLACEMENT_3D('',#7453,#5021,#5022);
#4016=AXIS2_PLACEMENT_3D('',#7455,#5024,#5025);
#4017=AXIS2_PLACEMENT_3D('',#7456,#5026,#5027);
#4018=AXIS2_PLACEMENT_3D('',#7457,#5028,#5029);
#4019=AXIS2_PLACEMENT_3D('',#7459,#5030,#5031);
#4020=AXIS2_PLACEMENT_3D('',#7461,#5032,#5033);
#4021=AXIS2_PLACEMENT_3D('',#7463,#5034,#5035);
#4022=AXIS2_PLACEMENT_3D('',#7467,#5037,#5038);
#4023=AXIS2_PLACEMENT_3D('',#7469,#5039,#5040);
#4024=AXIS2_PLACEMENT_3D('',#7470,#5041,#5042);
#4025=AXIS2_PLACEMENT_3D('',#7472,#5043,#5044);
#4026=AXIS2_PLACEMENT_3D('',#7474,#5045,#5046);
#4027=AXIS2_PLACEMENT_3D('',#7475,#5047,#5048);
#4028=AXIS2_PLACEMENT_3D('',#7477,#5050,#5051);
#4029=AXIS2_PLACEMENT_3D('',#7479,#5053,#5054);
#4030=AXIS2_PLACEMENT_3D('',#7481,#5055,#5056);
#4031=AXIS2_PLACEMENT_3D('',#7482,#5057,#5058);
#4032=AXIS2_PLACEMENT_3D('',#7492,#5059,#5060);
#4033=AXIS2_PLACEMENT_3D('',#7493,#5061,#5062);
#4034=AXIS2_PLACEMENT_3D('',#7495,#5064,#5065);
#4035=AXIS2_PLACEMENT_3D('',#7496,#5066,#5067);
#4036=AXIS2_PLACEMENT_3D('',#7498,#5069,#5070);
#4037=AXIS2_PLACEMENT_3D('',#7500,#5072,#5073);
#4038=AXIS2_PLACEMENT_3D('',#7502,#5075,#5076);
#4039=AXIS2_PLACEMENT_3D('',#7504,#5078,#5079);
#4040=AXIS2_PLACEMENT_3D('',#7508,#5082,#5083);
#4041=AXIS2_PLACEMENT_3D('',#7510,#5085,#5086);
#4042=AXIS2_PLACEMENT_3D('',#7511,#5087,#5088);
#4043=AXIS2_PLACEMENT_3D('',#7512,#5089,#5090);
#4044=AXIS2_PLACEMENT_3D('',#7513,#5091,#5092);
#4045=AXIS2_PLACEMENT_3D('',#7514,#5093,#5094);
#4046=AXIS2_PLACEMENT_3D('',#7515,#5095,#5096);
#4047=DIRECTION('axis',(0.,0.,1.));
#4048=DIRECTION('refdir',(1.,0.,0.));
#4049=DIRECTION('axis',(0.,0.,1.));
#4050=DIRECTION('refdir',(1.,0.,0.));
#4051=DIRECTION('center_axis',(-0.726058723748779,0.656948508205376,0.20311914541723));
#4052=DIRECTION('ref_axis',(0.150616167735475,-0.136279702273321,0.979154029131767));
#4053=DIRECTION('center_axis',(0.730251052455939,-0.660741788280375,-0.17364817766693));
#4054=DIRECTION('ref_axis',(0.128762963238734,-0.11650660455539,0.984807753012208));
#4055=DIRECTION('center_axis',(0.,0.,-1.));
#4056=DIRECTION('ref_axis',(0.938913470755837,-0.344153300773403,0.));
#4057=DIRECTION('center_axis',(3.56763372655523E-33,5.25624890131973E-33,
-1.));
#4058=DIRECTION('ref_axis',(0.938913470755837,-0.344153300773404,1.54074395550979E-33));
#4059=DIRECTION('',(0.,0.,1.));
#4060=DIRECTION('center_axis',(0.,0.,1.));
#4061=DIRECTION('ref_axis',(0.938913470755837,-0.344153300773403,0.));
#4062=DIRECTION('center_axis',(0.,0.,1.));
#4063=DIRECTION('ref_axis',(1.,0.,0.));
#4064=DIRECTION('',(-0.977639395876634,0.210288401082824,0.));
#4065=DIRECTION('center_axis',(0.,0.,-1.));
#4066=DIRECTION('ref_axis',(1.,0.,0.));
#4067=DIRECTION('center_axis',(0.,0.,1.));
#4068=DIRECTION('ref_axis',(0.283779269586174,0.958889631893649,0.));
#4069=DIRECTION('center_axis',(2.95706837552348E-34,-1.08389634254324E-34,
1.));
#4070=DIRECTION('ref_axis',(0.938913383122687,-0.344153539852651,-3.14945783570745E-34));
#4071=DIRECTION('center_axis',(0.,0.,-1.));
#4072=DIRECTION('ref_axis',(-0.97231474532591,0.233675065040777,0.));
#4073=DIRECTION('center_axis',(0.,0.,-1.));
#4074=DIRECTION('ref_axis',(-0.903768933617269,-0.428020694158945,0.));
#4075=DIRECTION('center_axis',(0.,0.,-1.));
#4076=DIRECTION('ref_axis',(-0.850824420302167,-0.525450098313324,0.));
#4077=DIRECTION('center_axis',(-1.0651354305295E-18,3.66284774375853E-17,
1.));
#4078=DIRECTION('ref_axis',(1.,0.,1.0651354305295E-18));
#4079=DIRECTION('',(0.670934795404869,0.741516352021334,-2.64459785474532E-17));
#4080=DIRECTION('center_axis',(1.0651354305295E-18,-3.66284774375853E-17,
-1.));
#4081=DIRECTION('ref_axis',(-0.903768933617269,-0.428020694158945,1.47151100266129E-17));
#4082=DIRECTION('center_axis',(1.0651354305295E-18,-3.66284774375853E-17,
-1.));
#4083=DIRECTION('ref_axis',(-0.369792853325297,-0.929114226362688,3.36381600072319E-17));
#4084=DIRECTION('center_axis',(1.0651354305295E-18,-3.66284774375853E-17,
-1.));
#4085=DIRECTION('ref_axis',(1.,3.90142890851226E-35,1.0651354305295E-18));
#4086=DIRECTION('center_axis',(1.0651354305295E-18,-3.66284774375853E-17,
-1.));
#4087=DIRECTION('ref_axis',(1.,3.90142890851226E-35,1.0651354305295E-18));
#4088=DIRECTION('center_axis',(1.0651354305295E-18,-3.66284774375853E-17,
-1.));
#4089=DIRECTION('ref_axis',(-0.369792853325297,-0.929114226362688,3.36381600072319E-17));
#4090=DIRECTION('center_axis',(1.0651354305295E-18,-3.66284774375853E-17,
-1.));
#4091=DIRECTION('ref_axis',(-0.0474025683720527,-0.998875866417711,3.65368119809585E-17));
#4092=DIRECTION('',(-0.614531436988693,-0.788892332928019,0.));
#4093=DIRECTION('center_axis',(-1.0651354305295E-18,3.66284774375853E-17,
1.));
#4094=DIRECTION('ref_axis',(-0.614531436988692,-0.788892332928019,3.00754621804313E-17));
#4095=DIRECTION('',(0.977639395876634,-0.210288401082824,8.74386231327778E-18));
#4096=DIRECTION('center_axis',(1.0651354305295E-18,-3.66284774375853E-17,
-1.));
#4097=DIRECTION('ref_axis',(1.,3.90142890851226E-35,1.0651354305295E-18));
#4098=DIRECTION('center_axis',(1.0651354305295E-18,-3.66284774375853E-17,
-1.));
#4099=DIRECTION('ref_axis',(1.,3.90142890851226E-35,1.0651354305295E-18));
#4100=DIRECTION('center_axis',(-0.730251052455939,0.660741788280375,0.17364817766693));
#4101=DIRECTION('ref_axis',(0.670934795404869,0.741516352021334,2.77555756156289E-17));
#4102=DIRECTION('',(0.257688024891283,0.0309947663224507,0.965730918159011));
#4103=DIRECTION('center_axis',(-0.730251052455939,0.660741788280375,0.17364817766693));
#4104=DIRECTION('ref_axis',(-0.679589683864383,-0.676537210348718,-0.283646372440549));
#4105=DIRECTION('',(0.44461716512568,0.266661601157223,0.85510652374068));
#4106=DIRECTION('',(0.649142473883744,0.591853426613573,0.47783215673065));
#4107=DIRECTION('center_axis',(-0.116829975990904,-0.543147346976324,0.831469612302546));
#4108=DIRECTION('ref_axis',(0.990272246882998,0.,0.139143368700409));
#4109=DIRECTION('',(0.977639395876634,-0.210288401082824,0.));
#4110=DIRECTION('',(0.174848415320058,0.812877449461238,0.555570233019605));
#4111=DIRECTION('',(-0.174606738402865,-0.811753883567421,-0.557286389047431));
#4112=DIRECTION('center_axis',(0.,0.,1.));
#4113=DIRECTION('ref_axis',(1.,0.,0.));
#4114=DIRECTION('',(0.,0.,1.));
#4115=DIRECTION('center_axis',(-1.0651354305295E-18,3.66284774375853E-17,
1.));
#4116=DIRECTION('ref_axis',(-1.,0.,0.));
#4117=DIRECTION('',(0.,0.,-1.));
#4118=DIRECTION('center_axis',(0.25681218148471,0.329677456321139,0.908493411222496));
#4119=DIRECTION('ref_axis',(0.355121095231362,-0.906451026916158,0.228550964829118));
#4120=DIRECTION('',(-0.25681218148471,-0.329677456321139,-0.908493411222496));
#4121=DIRECTION('center_axis',(-0.256812181484712,-0.329677456321139,-0.908493411222496));
#4122=DIRECTION('ref_axis',(-0.194281149684946,-0.903221028027121,0.38268343236509));
#4123=DIRECTION('',(0.25681218148471,0.329677456321139,0.908493411222496));
#4124=DIRECTION('center_axis',(0.,0.,1.));
#4125=DIRECTION('ref_axis',(0.927694452810602,0.373340330294543,0.));
#4126=DIRECTION('',(0.,0.,-1.));
#4127=DIRECTION('center_axis',(-0.194281149684946,-0.903221028027121,0.38268343236509));
#4128=DIRECTION('ref_axis',(-0.977639395876634,0.210288401082824,-3.41008375269327E-18));
#4129=DIRECTION('',(-0.977639395876634,0.210288401082824,-2.12431978877153E-17));
#4130=DIRECTION('center_axis',(0.788892332928019,-0.614531436988693,0.));
#4131=DIRECTION('ref_axis',(-0.614531436988693,-0.788892332928019,0.));
#4132=DIRECTION('',(0.,0.,-1.));
#4133=DIRECTION('',(0.614531436988693,0.788892332928019,-2.82413658106272E-17));
#4134=DIRECTION('',(0.0594266341244463,0.0762877425152082,0.995313345383539));
#4135=DIRECTION('center_axis',(-1.0651354305295E-18,3.66284774375853E-17,
1.));
#4136=DIRECTION('ref_axis',(-1.,-1.92032949390946E-35,-5.24272267986483E-19));
#4137=DIRECTION('center_axis',(1.0651354305295E-18,-3.66284774375853E-17,
-1.));
#4138=DIRECTION('ref_axis',(-1.,-3.90142890851226E-35,-1.0651354305295E-18));
#4139=DIRECTION('',(-0.126909947479984,-0.42882847996679,0.894427190999916));
#4140=DIRECTION('center_axis',(0.,0.,1.));
#4141=DIRECTION('ref_axis',(1.,0.,0.));
#4142=DIRECTION('center_axis',(0.977639395876634,-0.210288401082824,1.01531574141649E-15));
#4143=DIRECTION('ref_axis',(-0.2094881902289,-0.973919182817919,0.08715574274766));
#4144=DIRECTION('center_axis',(0.0594266341244475,0.0762877425152096,0.995313345383539));
#4145=DIRECTION('ref_axis',(0.788892332928019,-0.614531436988693,0.));
#4146=DIRECTION('center_axis',(0.977639395876634,-0.210288401082824,0.));
#4147=DIRECTION('ref_axis',(-0.204261970765512,-0.949622274321796,0.237685892326174));
#4148=DIRECTION('',(0.977639395876634,-0.210288401082824,2.41905780816898E-18));
#4149=DIRECTION('center_axis',(0.0594266341244463,0.0762877425152082,0.995313345383539));
#4150=DIRECTION('ref_axis',(0.342221340727735,-0.938208170652155,0.0514779804581316));
#4151=DIRECTION('',(-0.0594266341244463,-0.0762877425152082,-0.995313345383539));
#4152=DIRECTION('center_axis',(-0.2094881902289,-0.973919182817919,0.08715574274766));
#4153=DIRECTION('ref_axis',(0.,-0.0891335104206024,-0.996019687215117));
#4154=DIRECTION('center_axis',(0.,0.,1.));
#4155=DIRECTION('ref_axis',(1.,0.,0.));
#4156=DIRECTION('center_axis',(0.170357908228437,0.218693527402964,0.960807641609953));
#4157=DIRECTION('ref_axis',(0.788892332928021,-0.614531436988691,0.));
#4158=DIRECTION('center_axis',(0.98977754420591,0.142619819750685,4.86496387008133E-15));
#4159=DIRECTION('ref_axis',(-0.139850239218043,0.970556733081131,-0.196116135138184));
#4160=DIRECTION('center_axis',(0.,0.,-1.));
#4161=DIRECTION('ref_axis',(-0.788892332928021,0.614531436988691,0.));
#4162=DIRECTION('center_axis',(0.,0.,1.));
#4163=DIRECTION('ref_axis',(1.,0.,0.));
#4164=DIRECTION('center_axis',(0.998875866417711,-0.047402568372059,1.71379409059681E-15));
#4165=DIRECTION('ref_axis',(0.0464820425237589,0.979478372023232,-0.196116135138185));
#4166=DIRECTION('center_axis',(0.,0.,1.));
#4167=DIRECTION('ref_axis',(0.0478254754999098,-0.998855707243648,0.));
#4168=DIRECTION('center_axis',(6.20300157588145E-17,2.97001356393969E-18,
-1.));
#4169=DIRECTION('ref_axis',(0.0478254754999098,-0.998855707243648,0.));
#4170=DIRECTION('center_axis',(0.,0.,1.));
#4171=DIRECTION('ref_axis',(1.,0.,0.));
#4172=DIRECTION('center_axis',(0.929114226362687,-0.369792853325298,-2.47670887931416E-14));
#4173=DIRECTION('ref_axis',(0.36261172597939,0.911071455880772,-0.196116135138182));
#4174=DIRECTION('center_axis',(0.,0.,1.));
#4175=DIRECTION('ref_axis',(-0.211493916170416,-0.977379313993754,0.));
#4176=DIRECTION('center_axis',(0.,0.,-1.));
#4177=DIRECTION('ref_axis',(-0.211493916170416,-0.977379313993754,0.));
#4178=DIRECTION('center_axis',(0.,0.,1.));
#4179=DIRECTION('ref_axis',(1.,0.,0.));
#4180=DIRECTION('center_axis',(0.525450098313326,-0.850824420302165,3.71506331897117E-14));
#4181=DIRECTION('ref_axis',(0.834301984954236,0.515246212445936,-0.196116135138185));
#4182=DIRECTION('center_axis',(0.,0.,1.));
#4183=DIRECTION('ref_axis',(-0.642816314539306,-0.766020355971108,0.));
#4184=DIRECTION('center_axis',(9.51413790958502E-17,-7.98391716275592E-17,
-1.));
#4185=DIRECTION('ref_axis',(-0.642816314539306,-0.766020355971109,0.));
#4186=DIRECTION('center_axis',(0.,0.,1.));
#4187=DIRECTION('ref_axis',(1.,0.,0.));
#4188=DIRECTION('center_axis',(0.0442302723869122,0.292026225741967,0.955387024447936));
#4189=DIRECTION('ref_axis',(0.834301984954233,0.515246212445942,-0.196116135138185));
#4190=DIRECTION('center_axis',(0.,0.,-1.));
#4191=DIRECTION('ref_axis',(-0.850824420302167,-0.525450098313324,0.));
#4192=DIRECTION('center_axis',(0.,0.,1.));
#4193=DIRECTION('ref_axis',(-0.788892332928021,0.614531436988691,0.));
#4194=DIRECTION('',(0.,0.,1.));
#4195=DIRECTION('center_axis',(1.0651354305295E-18,-3.66284774375853E-17,
-1.));
#4196=DIRECTION('ref_axis',(-0.788892332928021,0.614531436988691,0.));
#4197=DIRECTION('center_axis',(0.,0.,-1.));
#4198=DIRECTION('ref_axis',(-0.0474025683720527,-0.998875866417711,0.));
#4199=DIRECTION('',(0.,0.,-1.));
#4200=DIRECTION('center_axis',(1.0651354305295E-18,-3.66284774375853E-17,
-1.));
#4201=DIRECTION('ref_axis',(-0.0474025683720527,-0.998875866417711,0.));
#4202=DIRECTION('center_axis',(0.,0.,-1.));
#4203=DIRECTION('ref_axis',(-0.369792853325297,-0.929114226362688,0.));
#4204=DIRECTION('',(0.,0.,-1.));
#4205=DIRECTION('center_axis',(1.0651354305295E-18,-3.66284774375853E-17,
-1.));
#4206=DIRECTION('ref_axis',(-0.369792853325297,-0.929114226362688,0.));
#4207=DIRECTION('center_axis',(0.,0.,-1.));
#4208=DIRECTION('ref_axis',(-0.903768933617269,-0.428020694158945,0.));
#4209=DIRECTION('',(0.,0.,-1.));
#4210=DIRECTION('',(0.,0.,1.));
#4211=DIRECTION('center_axis',(0.,0.,1.));
#4212=DIRECTION('ref_axis',(-0.850824420302167,-0.525450098313324,0.));
#4213=DIRECTION('center_axis',(0.,0.,-1.));
#4214=DIRECTION('ref_axis',(1.,2.49968740101177E-35,6.82443709343699E-19));
#4215=DIRECTION('',(0.707106781186547,-8.65956056235493E-17,0.707106781186548));
#4216=DIRECTION('center_axis',(-1.0651354305295E-18,3.66284774375853E-17,
1.));
#4217=DIRECTION('ref_axis',(1.,0.,0.));
#4218=DIRECTION('center_axis',(0.,0.,1.));
#4219=DIRECTION('ref_axis',(1.,0.,0.));
#4220=DIRECTION('',(0.,0.,1.));
#4221=DIRECTION('center_axis',(1.0651354305295E-18,-3.66284774375853E-17,
-1.));
#4222=DIRECTION('ref_axis',(1.,0.,0.));
#4223=DIRECTION('center_axis',(0.,0.,-1.));
#4224=DIRECTION('ref_axis',(1.,2.49968740101177E-35,6.82443709343699E-19));
#4225=DIRECTION('',(0.707106781186548,-8.65956056235493E-17,0.707106781186547));
#4226=DIRECTION('center_axis',(-1.0651354305295E-18,3.66284774375853E-17,
1.));
#4227=DIRECTION('ref_axis',(1.,0.,0.));
#4228=DIRECTION('center_axis',(0.,0.,1.));
#4229=DIRECTION('ref_axis',(1.,0.,0.));
#4230=DIRECTION('',(0.,0.,1.));
#4231=DIRECTION('center_axis',(1.0651354305295E-18,-3.66284774375853E-17,
-1.));
#4232=DIRECTION('ref_axis',(1.,0.,0.));
#4233=DIRECTION('center_axis',(0.,0.,-1.));
#4234=DIRECTION('ref_axis',(1.,2.49968740101177E-35,6.82443709343699E-19));
#4235=DIRECTION('',(0.707106781186548,-8.65956056235494E-17,0.707106781186547));
#4236=DIRECTION('center_axis',(-1.0651354305295E-18,3.66284774375853E-17,
1.));
#4237=DIRECTION('ref_axis',(1.,0.,0.));
#4238=DIRECTION('center_axis',(0.,0.,1.));
#4239=DIRECTION('ref_axis',(1.,0.,0.));
#4240=DIRECTION('',(0.,0.,1.));
#4241=DIRECTION('center_axis',(1.0651354305295E-18,-3.66284774375853E-17,
-1.));
#4242=DIRECTION('ref_axis',(1.,0.,0.));
#4243=DIRECTION('center_axis',(0.,0.,1.));
#4244=DIRECTION('ref_axis',(-0.283779269586175,-0.958889631893649,1.16068012974883E-17));
#4245=DIRECTION('center_axis',(1.0651354305295E-18,-3.66284774375853E-17,
-1.));
#4246=DIRECTION('ref_axis',(-0.283779269586175,-0.958889631893649,3.4820403892465E-17));
#4247=DIRECTION('',(-0.42513625743309,0.138777385102133,0.894427190999916));
#4248=DIRECTION('center_axis',(-1.0651354305295E-18,3.66284774375853E-17,
1.));
#4249=DIRECTION('ref_axis',(-0.283779269586174,-0.958889631893649,0.));
#4250=DIRECTION('center_axis',(0.,0.,-1.));
#4251=DIRECTION('ref_axis',(0.938913383122687,-0.344153539852651,6.95412159650388E-18));
#4252=DIRECTION('center_axis',(-1.0651354305295E-18,3.66284774375853E-17,
1.));
#4253=DIRECTION('ref_axis',(0.938913383122687,-0.34415353985265,1.36058900801202E-17));
#4254=DIRECTION('',(-0.434832373214828,0.104502666015573,0.894427190999915));
#4255=DIRECTION('center_axis',(1.0651354305295E-18,-3.66284774375853E-17,
-1.));
#4256=DIRECTION('ref_axis',(0.938913383122687,-0.344153539852651,0.));
#4257=DIRECTION('center_axis',(0.,0.,-1.));
#4258=DIRECTION('ref_axis',(0.97231474532591,-0.233675065040776,5.75688523946716E-18));
#4259=DIRECTION('center_axis',(1.0651354305295E-18,-3.66284774375853E-17,
-1.));
#4260=DIRECTION('ref_axis',(0.97231474532591,-0.233675065040777,0.));
#4261=DIRECTION('center_axis',(-1.0651354305295E-18,3.66284774375853E-17,
1.));
#4262=DIRECTION('ref_axis',(0.97231474532591,-0.233675065040776,9.59480873244526E-18));
#4263=DIRECTION('center_axis',(-1.0651354305295E-18,3.66284774375853E-17,
1.));
#4264=DIRECTION('ref_axis',(1.,0.,1.0651354305295E-18));
#4265=DIRECTION('center_axis',(1.06513543052944E-18,-3.66284774375853E-17,
-1.));
#4266=DIRECTION('ref_axis',(-0.369792853325297,-0.929114226362688,1.69409573949466E-17));
#4267=DIRECTION('',(-0.00929640850474958,-0.195895674404645,-0.98058067569092));
#4268=DIRECTION('',(0.0725223451958785,0.182214291176156,0.98058067569092));
#4269=DIRECTION('center_axis',(0.,0.,-1.));
#4270=DIRECTION('ref_axis',(-0.903768933617269,-0.428020694158945,8.10074238839907E-18));
#4271=DIRECTION('center_axis',(0.,0.,-1.));
#4272=DIRECTION('ref_axis',(-0.0474025683720527,-0.998875866417711,2.01136995248988E-17));
#4273=DIRECTION('center_axis',(0.,0.,-1.));
#4274=DIRECTION('ref_axis',(0.283779269586174,0.958889631893649,0.));
#4275=DIRECTION('',(0.,0.,1.));
#4276=DIRECTION('center_axis',(0.,0.,1.));
#4277=DIRECTION('ref_axis',(-0.97231474532591,0.233675065040777,0.));
#4278=DIRECTION('',(0.,0.,-1.));
#4279=DIRECTION('center_axis',(0.,0.,1.));
#4280=DIRECTION('ref_axis',(0.938913383122687,-0.344153539852651,0.));
#4281=DIRECTION('center_axis',(0.,0.,1.));
#4282=DIRECTION('ref_axis',(0.380264346328401,-0.924877844318608,0.));
#4283=DIRECTION('',(0.,0.,-1.));
#4284=DIRECTION('',(0.,0.,1.));
#4285=DIRECTION('center_axis',(0.,0.,1.));
#4286=DIRECTION('ref_axis',(1.,0.,0.));
#4287=DIRECTION('center_axis',(0.,0.,1.));
#4288=DIRECTION('ref_axis',(-1.,0.,0.));
#4289=DIRECTION('',(0.,0.,-1.));
#4290=DIRECTION('center_axis',(0.,0.,-1.));
#4291=DIRECTION('ref_axis',(-1.,0.,0.));
#4292=DIRECTION('center_axis',(0.,0.,-1.));
#4293=DIRECTION('ref_axis',(-1.,0.,0.));
#4294=DIRECTION('center_axis',(0.,0.,-1.));
#4295=DIRECTION('ref_axis',(-1.,0.,0.));
#4296=DIRECTION('',(0.20066224588455,0.678037361121473,0.707106781186546));
#4297=DIRECTION('',(-0.660261831491735,0.251331840430491,-0.707733438422265));
#4298=DIRECTION('',(0.68837567516888,-0.155533729893626,0.708483019345676));
#4299=DIRECTION('',(-0.650842091999881,0.29907541003666,-0.69782409702777));
#4300=DIRECTION('',(-0.737541545913361,0.482578225142206,-0.472388319786093));
#4301=DIRECTION('center_axis',(0.,0.,1.));
#4302=DIRECTION('ref_axis',(0.938913383122687,-0.344153539852651,0.));
#4303=DIRECTION('',(-0.689198228293992,0.158132229847112,-0.707106781186549));
#4304=DIRECTION('center_axis',(0.,0.,-1.));
#4305=DIRECTION('ref_axis',(0.938913383122687,-0.344153539852651,0.));
#4306=DIRECTION('',(0.672199444704125,-0.219426312322527,0.707106781186549));
#4307=DIRECTION('center_axis',(0.,0.,1.));
#4308=DIRECTION('ref_axis',(0.938913383122687,-0.344153539852651,0.));
#4309=DIRECTION('center_axis',(0.,0.,-1.));
#4310=DIRECTION('ref_axis',(-0.283779269586174,-0.958889631893649,0.));
#4311=DIRECTION('center_axis',(0.,0.,-1.));
#4312=DIRECTION('ref_axis',(-0.283779269586174,-0.958889631893649,0.));
#4313=DIRECTION('center_axis',(0.,0.,1.));
#4314=DIRECTION('ref_axis',(-0.283779269586174,-0.958889631893649,0.));
#4315=DIRECTION('center_axis',(0.,0.,1.));
#4316=DIRECTION('ref_axis',(-0.369792853325297,-0.929114226362688,0.));
#4317=DIRECTION('center_axis',(0.,0.,-1.));
#4318=DIRECTION('ref_axis',(-0.204630140180482,-0.978839366663252,0.));
#4319=DIRECTION('',(0.,0.,-1.));
#4320=DIRECTION('center_axis',(-1.0651354305295E-18,3.66284774375853E-17,
1.));
#4321=DIRECTION('ref_axis',(-0.369792853325297,-0.929114226362688,0.));
#4322=DIRECTION('',(0.,0.,1.));
#4323=DIRECTION('center_axis',(0.,0.,1.));
#4324=DIRECTION('ref_axis',(1.,0.,0.));
#4325=DIRECTION('center_axis',(0.,0.,1.));
#4326=DIRECTION('ref_axis',(-0.204630140180482,-0.978839366663252,0.));
#4327=DIRECTION('center_axis',(0.,0.,1.));
#4328=DIRECTION('ref_axis',(-0.204630140180482,-0.978839366663252,0.));
#4329=DIRECTION('center_axis',(0.998955614588612,-0.0456911378922445,0.));
#4330=DIRECTION('ref_axis',(0.,0.,-1.));
#4331=DIRECTION('center_axis',(0.,0.,1.));
#4332=DIRECTION('ref_axis',(1.,0.,0.));
#4333=DIRECTION('',(0.614531436988693,0.788892332928019,0.));
#4334=DIRECTION('center_axis',(0.,0.,1.));
#4335=DIRECTION('ref_axis',(0.313463470000884,-0.949600259569786,0.));
#4336=DIRECTION('center_axis',(0.,0.,-1.));
#4337=DIRECTION('ref_axis',(1.,0.,0.));
#4338=DIRECTION('center_axis',(0.,0.,-1.));
#4339=DIRECTION('ref_axis',(1.,0.,0.));
#4340=DIRECTION('center_axis',(0.,0.,-1.));
#4341=DIRECTION('ref_axis',(1.,0.,0.));
#4342=DIRECTION('center_axis',(0.,0.,-1.));
#4343=DIRECTION('ref_axis',(1.,0.,0.));
#4344=DIRECTION('center_axis',(0.788892332928019,-0.614531436988693,0.));
#4345=DIRECTION('ref_axis',(0.614531436988693,0.788892332928019,0.));
#4346=DIRECTION('',(-0.614531436988693,-0.788892332928019,0.));
#4347=DIRECTION('',(0.,0.,1.));
#4348=DIRECTION('',(0.614531436988693,0.788892332928019,0.));
#4349=DIRECTION('',(0.,0.,1.));
#4350=DIRECTION('center_axis',(0.,0.,1.));
#4351=DIRECTION('ref_axis',(0.903768933617269,0.428020694158945,-8.65594707447818E-18));
#4352=DIRECTION('center_axis',(1.0651354305295E-18,-3.66284774375853E-17,
-1.));
#4353=DIRECTION('ref_axis',(0.903768933617269,0.428020694158945,0.));
#4354=DIRECTION('',(0.637550693850246,0.305825297794461,0.707106781186547));
#4355=DIRECTION('center_axis',(-1.0651354305295E-18,3.66284774375853E-17,
1.));
#4356=DIRECTION('ref_axis',(0.903768933617269,0.428020694158945,-1.47151100266129E-17));
#4357=DIRECTION('center_axis',(0.,0.,-1.));
#4358=DIRECTION('ref_axis',(-0.682261678064624,-0.731108064956504,1.03858633536923E-17));
#4359=DIRECTION('center_axis',(-1.0651354305295E-18,3.66284774375853E-17,
1.));
#4360=DIRECTION('ref_axis',(-0.682261678064624,-0.731108064956504,0.));
#4361=DIRECTION('',(0.261080379783836,0.65714308585872,0.707106781186552));
#4362=DIRECTION('center_axis',(1.0651354305295E-18,-3.66284774375853E-17,
-1.));
#4363=DIRECTION('ref_axis',(-0.682261678064624,-0.731108064956504,2.60526741754968E-17));
#4364=DIRECTION('center_axis',(1.06513543052945E-18,-3.66284774375855E-17,
-1.));
#4365=DIRECTION('ref_axis',(-0.369792853325297,-0.929114226362688,1.66326157020236E-17));
#4366=DIRECTION('',(0.0323085134437332,0.706368289179981,0.70710678118655));
#4367=DIRECTION('center_axis',(1.0651354305295E-18,-3.66284774375853E-17,
-1.));
#4368=DIRECTION('ref_axis',(-0.369792853325297,-0.929114226362688,3.36381600072319E-17));
#4369=DIRECTION('center_axis',(0.,0.,-1.));
#4370=DIRECTION('ref_axis',(0.313463470000884,-0.949600259569786,1.39990626424735E-17));
#4371=DIRECTION('center_axis',(-1.0651354305295E-18,3.66284774375853E-17,
1.));
#4372=DIRECTION('ref_axis',(0.313463470000884,-0.949600259569786,0.));
#4373=DIRECTION('',(-0.446481509546677,0.548319488649566,0.707106781186546));
#4374=DIRECTION('center_axis',(1.0651354305295E-18,-3.66284774375853E-17,
-1.));
#4375=DIRECTION('ref_axis',(0.313463470000884,-0.949600259569786,3.51162927304518E-17));
#4376=DIRECTION('center_axis',(0.,0.,1.));
#4377=DIRECTION('ref_axis',(-0.029067147857415,0.999577461188194,-2.16331817558024E-17));
#4378=DIRECTION('center_axis',(-1.0651354305295E-18,3.66284774375853E-17,
1.));
#4379=DIRECTION('ref_axis',(-0.029067147857415,0.999577461188194,-3.6643960933298E-17));
#4380=DIRECTION('center_axis',(1.0651354305295E-18,-3.66284774375853E-17,
-1.));
#4381=DIRECTION('ref_axis',(-0.029067147857415,0.999577461188194,0.));
#4382=DIRECTION('center_axis',(-1.0651354305295E-18,3.66284774375853E-17,
1.));
#4383=DIRECTION('ref_axis',(1.,0.,1.0651354305295E-18));
#4384=DIRECTION('center_axis',(0.,0.,1.));
#4385=DIRECTION('ref_axis',(0.788892332928507,-0.614531436988066,0.));
#4386=DIRECTION('center_axis',(0.,0.,-1.));
#4387=DIRECTION('ref_axis',(-0.446094027235851,-0.89498609981636,0.));
#4388=DIRECTION('center_axis',(0.,0.,1.));
#4389=DIRECTION('ref_axis',(0.446096838351949,0.894984698647075,0.));
#4390=DIRECTION('',(-0.00729334432006768,-0.99997340321062,0.));
#4391=DIRECTION('center_axis',(0.,0.,-1.));
#4392=DIRECTION('ref_axis',(0.938913470755837,-0.344153300773403,0.));
#4393=DIRECTION('center_axis',(0.,0.,-1.));
#4394=DIRECTION('ref_axis',(1.,0.,0.));
#4395=DIRECTION('center_axis',(0.,0.,-1.));
#4396=DIRECTION('ref_axis',(1.,0.,0.));
#4397=DIRECTION('center_axis',(0.,0.,1.));
#4398=DIRECTION('ref_axis',(1.,0.,0.));
#4399=DIRECTION('center_axis',(0.,0.,1.));
#4400=DIRECTION('ref_axis',(1.,0.,0.));
#4401=DIRECTION('',(0.,0.,1.));
#4402=DIRECTION('center_axis',(0.,0.,1.));
#4403=DIRECTION('ref_axis',(1.,0.,0.));
#4404=DIRECTION('center_axis',(0.,0.,1.));
#4405=DIRECTION('ref_axis',(1.,0.,0.));
#4406=DIRECTION('',(0.,0.,1.));
#4407=DIRECTION('center_axis',(0.,0.,1.));
#4408=DIRECTION('ref_axis',(1.,0.,0.));
#4409=DIRECTION('center_axis',(0.,0.,1.));
#4410=DIRECTION('ref_axis',(1.,0.,0.));
#4411=DIRECTION('',(0.,0.,1.));
#4412=DIRECTION('center_axis',(0.,0.,1.));
#4413=DIRECTION('ref_axis',(-0.978025931907871,0.208483276345467,0.));
#4414=DIRECTION('center_axis',(6.61232928970538E-16,-4.48216927102874E-16,
1.));
#4415=DIRECTION('ref_axis',(0.978025933265594,-0.208483269976189,-7.40148683083439E-16));
#4416=DIRECTION('',(0.,0.,-1.));
#4417=DIRECTION('',(0.,0.,1.));
#4418=DIRECTION('center_axis',(0.,0.,1.));
#4419=DIRECTION('ref_axis',(0.938913383122687,-0.344153539852651,0.));
#4420=DIRECTION('center_axis',(0.,0.,1.));
#4421=DIRECTION('ref_axis',(0.938913383122687,-0.344153539852651,0.));
#4422=DIRECTION('',(0.,0.,1.));
#4423=DIRECTION('center_axis',(0.,0.,1.));
#4424=DIRECTION('ref_axis',(-0.369792853325297,-0.929114226362688,0.));
#4425=DIRECTION('',(0.,0.,1.));
#4426=DIRECTION('center_axis',(0.,0.,-1.));
#4427=DIRECTION('ref_axis',(-0.369792853325297,-0.929114226362688,0.));
#4428=DIRECTION('center_axis',(0.,0.,1.));
#4429=DIRECTION('ref_axis',(-1.,0.,0.));
#4430=DIRECTION('center_axis',(0.,0.,1.));
#4431=DIRECTION('ref_axis',(-1.,0.,0.));
#4432=DIRECTION('center_axis',(0.,0.,-1.));
#4433=DIRECTION('ref_axis',(0.283779269586174,0.958889631893649,0.));
#4434=DIRECTION('center_axis',(0.,0.,-1.));
#4435=DIRECTION('ref_axis',(0.283779269586174,0.958889631893649,0.));
#4436=DIRECTION('center_axis',(0.,0.,-1.));
#4437=DIRECTION('ref_axis',(0.938913383122687,-0.344153539852651,0.));
#4438=DIRECTION('center_axis',(0.,0.,-1.));
#4439=DIRECTION('ref_axis',(0.938913383122687,-0.34415353985265,0.));
#4440=DIRECTION('',(-0.425136257433092,0.138777385102134,0.894427190999915));
#4441=DIRECTION('center_axis',(0.,0.,1.));
#4442=DIRECTION('ref_axis',(-0.283779269586174,-0.958889631893649,0.));
#4443=DIRECTION('center_axis',(0.,0.,1.));
#4444=DIRECTION('ref_axis',(-0.283779269586174,-0.958889631893649,0.));
#4445=DIRECTION('center_axis',(0.,0.,1.));
#4446=DIRECTION('ref_axis',(1.,0.,0.));
#4447=DIRECTION('center_axis',(0.,0.,1.));
#4448=DIRECTION('ref_axis',(-0.682261678064624,-0.731108064956504,0.));
#4449=DIRECTION('center_axis',(0.,0.,1.));
#4450=DIRECTION('ref_axis',(0.903768933617269,0.428020694158945,0.));
#4451=DIRECTION('center_axis',(0.,0.,1.));
#4452=DIRECTION('ref_axis',(0.938913470755837,-0.344153300773403,0.));
#4453=DIRECTION('',(0.00729334432006768,0.99997340321062,0.));
#4454=DIRECTION('center_axis',(0.,0.,1.));
#4455=DIRECTION('ref_axis',(0.446096838351949,0.894984698647075,0.));
#4456=DIRECTION('center_axis',(0.,0.,1.));
#4457=DIRECTION('ref_axis',(-0.446094027235851,-0.89498609981636,0.));
#4458=DIRECTION('center_axis',(0.,0.,1.));
#4459=DIRECTION('ref_axis',(0.788892332928507,-0.614531436988066,0.));
#4460=DIRECTION('center_axis',(0.,0.,-1.));
#4461=DIRECTION('ref_axis',(1.,0.,0.));
#4462=DIRECTION('center_axis',(0.,0.,-1.));
#4463=DIRECTION('ref_axis',(1.,0.,0.));
#4464=DIRECTION('center_axis',(0.,0.,-1.));
#4465=DIRECTION('ref_axis',(-0.682261678064624,-0.731108064956504,0.));
#4466=DIRECTION('',(0.,0.,-1.));
#4467=DIRECTION('center_axis',(0.,0.,1.));
#4468=DIRECTION('ref_axis',(0.903768933617269,0.428020694158945,0.));
#4469=DIRECTION('',(0.,0.,-1.));
#4470=DIRECTION('center_axis',(0.,0.,1.));
#4471=DIRECTION('ref_axis',(1.,0.,0.));
#4472=DIRECTION('center_axis',(0.,0.,-1.));
#4473=DIRECTION('ref_axis',(0.313463470000884,-0.949600259569786,0.));
#4474=DIRECTION('center_axis',(0.775440857361695,0.631420206149724,0.));
#4475=DIRECTION('ref_axis',(0.,0.,-1.));
#4476=DIRECTION('center_axis',(0.,0.,1.));
#4477=DIRECTION('ref_axis',(-0.464486043919465,0.885580439601082,0.));
#4478=DIRECTION('center_axis',(0.,0.,-1.));
#4479=DIRECTION('ref_axis',(0.313463470000884,-0.949600259569786,0.));
#4480=DIRECTION('',(0.,0.,1.));
#4481=DIRECTION('center_axis',(0.,0.,1.));
#4482=DIRECTION('ref_axis',(-0.029067147857415,0.999577461188194,0.));
#4483=DIRECTION('center_axis',(0.,0.,1.));
#4484=DIRECTION('ref_axis',(0.938913470755837,-0.344153300773403,0.));
#4485=DIRECTION('',(0.,0.,1.));
#4486=DIRECTION('center_axis',(0.,0.,1.));
#4487=DIRECTION('ref_axis',(1.,0.,0.));
#4488=DIRECTION('',(0.,0.,-1.));
#4489=DIRECTION('center_axis',(0.,0.,1.));
#4490=DIRECTION('ref_axis',(1.,0.,0.));
#4491=DIRECTION('',(0.,0.,-1.));
#4492=DIRECTION('center_axis',(-0.99997340321062,0.00729334432006768,0.));
#4493=DIRECTION('ref_axis',(-0.00729334432006768,-0.99997340321062,0.));
#4494=DIRECTION('',(0.,0.,1.));
#4495=DIRECTION('center_axis',(0.,0.,1.));
#4496=DIRECTION('ref_axis',(0.446096838351949,0.894984698647075,0.));
#4497=DIRECTION('',(0.,0.,1.));
#4498=DIRECTION('',(0.,0.,1.));
#4499=DIRECTION('center_axis',(0.,0.,1.));
#4500=DIRECTION('ref_axis',(-0.446094027235851,-0.89498609981636,0.));
#4501=DIRECTION('',(0.,0.,1.));
#4502=DIRECTION('center_axis',(0.,0.,1.));
#4503=DIRECTION('ref_axis',(0.788892332928507,-0.614531436988066,0.));
#4504=DIRECTION('axis',(0.,0.,1.));
#4505=DIRECTION('refdir',(1.,0.,0.));
#4506=DIRECTION('axis',(0.,0.,1.));
#4507=DIRECTION('refdir',(1.,0.,0.));
#4508=DIRECTION('center_axis',(-1.236743934394E-16,0.,1.));
#4509=DIRECTION('ref_axis',(-1.,0.,0.));
#4510=DIRECTION('center_axis',(-1.236743934394E-16,0.,1.));
#4511=DIRECTION('ref_axis',(-1.,0.,0.));
#4512=DIRECTION('',(-0.120717655081745,1.47836489896433E-17,-0.992686883035917));
#4513=DIRECTION('center_axis',(1.236743934394E-16,0.,-1.));
#4514=DIRECTION('ref_axis',(-1.,0.,0.));
#4515=DIRECTION('center_axis',(0.0695873743166942,0.0695873743166593,-0.995145815783507));
#4516=DIRECTION('ref_axis',(0.703674354610113,0.70367435460976,0.0984114085285775));
#4517=DIRECTION('center_axis',(-0.829037572555042,-8.05263849533092E-15,
-0.559192903470747));
#4518=DIRECTION('ref_axis',(0.557387673955987,0.0802878070663172,-0.826361209737253));
#4519=DIRECTION('',(0.0695873743166942,0.0695873743166593,-0.995145815783507));
#4520=DIRECTION('center_axis',(-1.236743934394E-16,0.,1.));
#4521=DIRECTION('ref_axis',(0.707106781186725,0.70710678118637,9.43953854254014E-17));
#4522=DIRECTION('',(-0.0695873743166941,-0.0695873743166593,0.995145815783507));
#4523=DIRECTION('center_axis',(1.85275021049226E-13,-0.829037572555042,
-0.559192903470747));
#4524=DIRECTION('ref_axis',(0.0802878070662485,0.557387673956003,-0.826361209737249));
#4525=DIRECTION('center_axis',(-7.52544381353556E-14,-0.997564050259824,
-0.0697564737441253));
#4526=DIRECTION('ref_axis',(-1.,7.54410333516784E-14,-4.04930263759057E-17));
#4527=DIRECTION('',(-0.558255612233293,-0.0578747847332785,0.827647981150264));
#4528=DIRECTION('',(-1.,7.54468499594902E-14,-1.236743934394E-16));
#4529=DIRECTION('center_axis',(-0.0695873743166699,0.0695873743167053,-0.995145815783505));
#4530=DIRECTION('ref_axis',(-0.703674354609757,0.703674354610114,0.0984114085285929));
#4531=DIRECTION('center_axis',(1.85275021049226E-13,-0.829037572555042,
-0.559192903470747));
#4532=DIRECTION('ref_axis',(-0.0802878070664301,0.55738767395597,-0.826361209737253));
#4533=DIRECTION('',(-0.0695873743166699,0.0695873743167053,-0.995145815783505));
#4534=DIRECTION('center_axis',(-1.236743934394E-16,0.,1.));
#4535=DIRECTION('ref_axis',(-0.707106781186368,0.707106781186727,-9.43953854254012E-17));
#4536=DIRECTION('',(0.0695873743166699,-0.0695873743167053,0.995145815783505));
#4537=DIRECTION('center_axis',(0.829037572555042,-3.72434530408742E-14,
-0.559192903470747));
#4538=DIRECTION('ref_axis',(-0.557387673955982,0.0802878070663879,-0.826361209737249));
#4539=DIRECTION('center_axis',(0.997564050259824,7.86637544860267E-14,-0.0697564737441253));
#4540=DIRECTION('ref_axis',(7.88558433571639E-14,-1.,3.19311174495592E-30));
#4541=DIRECTION('',(0.0578747847333647,-0.558255612233281,0.827647981150266));
#4542=DIRECTION('',(7.88558433571639E-14,-1.,9.75244859634955E-30));
#4543=DIRECTION('center_axis',(-0.0695873743166759,-0.0695873743166812,
-0.995145815783507));
#4544=DIRECTION('ref_axis',(-0.70367435460991,-0.703674354609963,0.0984114085285801));
#4545=DIRECTION('center_axis',(0.829037572555042,-3.72434530408742E-14,
-0.559192903470747));
#4546=DIRECTION('ref_axis',(-0.55738767395599,-0.0802878070663174,-0.826361209737251));
#4547=DIRECTION('',(-0.0695873743166759,-0.0695873743166811,-0.995145815783507));
#4548=DIRECTION('center_axis',(-1.236743934394E-16,0.,1.));
#4549=DIRECTION('ref_axis',(-0.707106781186521,-0.707106781186574,-9.43953854254013E-17));
#4550=DIRECTION('',(0.0695873743166759,0.0695873743166812,0.995145815783507));
#4551=DIRECTION('center_axis',(2.22015184184163E-13,0.829037572555042,-0.559192903470747));
#4552=DIRECTION('ref_axis',(-0.0802878070664592,-0.557387673955966,-0.826361209737253));
#4553=DIRECTION('center_axis',(-2.38268167868033E-13,0.997564050259824,
-0.0697564737441253));
#4554=DIRECTION('ref_axis',(1.,2.38852825998195E-13,4.04930263759057E-17));
#4555=DIRECTION('',(0.558255612233289,0.0578747847334533,0.827647981150255));
#4556=DIRECTION('',(1.,2.38858642606007E-13,1.236743934394E-16));
#4557=DIRECTION('center_axis',(0.0695873743166791,-0.0695873743166647,-0.995145815783508));
#4558=DIRECTION('ref_axis',(0.70367435461001,-0.703674354609864,0.0984114085285707));
#4559=DIRECTION('center_axis',(2.22015184184163E-13,0.829037572555042,-0.559192903470747));
#4560=DIRECTION('ref_axis',(0.0802878070662098,-0.557387673956007,-0.82636120973725));
#4561=DIRECTION('',(0.0695873743166791,-0.0695873743166647,-0.995145815783508));
#4562=DIRECTION('center_axis',(-1.236743934394E-16,0.,1.));
#4563=DIRECTION('ref_axis',(0.707106781186621,-0.707106781186474,9.43953854254015E-17));
#4564=DIRECTION('',(-0.0695873743166791,0.0695873743166647,0.995145815783508));
#4565=DIRECTION('center_axis',(-0.829037572555042,-8.05263849533092E-15,
-0.559192903470747));
#4566=DIRECTION('ref_axis',(0.557387673955988,-0.0802878070663147,-0.826361209737252));
#4567=DIRECTION('center_axis',(-0.997564050259824,-2.08031827736272E-13,
-0.0697564737441253));
#4568=DIRECTION('ref_axis',(-2.08539820257244E-13,1.,-8.44440844210321E-30));
#4569=DIRECTION('',(-0.057874784733436,0.558255612233298,0.82764798115025));
#4570=DIRECTION('',(-2.08539820257244E-13,1.,-2.57910357782761E-29));
#4571=DIRECTION('center_axis',(2.22015184184163E-13,0.829037572555042,-0.559192903470747));
#4572=DIRECTION('ref_axis',(1.,-2.67761908585308E-13,5.45455203467915E-17));
#4573=DIRECTION('',(-1.,2.67771387112175E-13,-4.04930263759057E-17));
#4574=DIRECTION('',(0.488067010791442,0.488067010791289,0.723589100218046));
#4575=DIRECTION('',(-0.0578747847334119,-0.558255612233278,-0.827647981150265));
#4576=DIRECTION('',(1.,-2.67715280571648E-13,1.236743934394E-16));
#4577=DIRECTION('',(-0.488067010791367,0.488067010791493,0.72358910021796));
#4578=DIRECTION('center_axis',(-4.95829138830484E-17,0.997564050259824,
-0.0697564737441254));
#4579=DIRECTION('ref_axis',(1.,5.25355385457299E-17,4.04930263759057E-17));
#4580=DIRECTION('',(1.,5.8352146357583E-17,1.236743934394E-16));
#4581=DIRECTION('',(0.558255612233292,-0.0578747847333204,-0.827647981150262));
#4582=DIRECTION('center_axis',(-0.829037572555042,-8.05263849533092E-15,
-0.559192903470747));
#4583=DIRECTION('ref_axis',(-9.71323708588164E-15,1.,-3.40623696310124E-31));
#4584=DIRECTION('',(9.71323708588164E-15,-1.,3.9331836551403E-31));
#4585=DIRECTION('',(-9.71323708588164E-15,1.,-1.20127870492949E-30));
#4586=DIRECTION('',(-0.488067010791365,-0.488067010791479,0.723589100217971));
#4587=DIRECTION('center_axis',(-0.997564050259824,4.2447506959318E-13,-0.0697564737441253));
#4588=DIRECTION('ref_axis',(4.25511594451125E-13,1.,1.72302522173631E-29));
#4589=DIRECTION('',(4.25511594451125E-13,1.,5.26248883451746E-29));
#4590=DIRECTION('',(0.0578747847335568,0.558255612233293,-0.827647981150245));
#4591=DIRECTION('center_axis',(1.85275021049226E-13,-0.829037572555042,
-0.559192903470747));
#4592=DIRECTION('ref_axis',(-1.,-2.23445264380986E-13,-5.45455203468293E-17));
#4593=DIRECTION('',(1.,2.23454742907852E-13,4.04930263759057E-17));
#4594=DIRECTION('',(-1.,-2.23398636367325E-13,-1.236743934394E-16));
#4595=DIRECTION('',(0.488067010791404,-0.488067010791316,0.723589100218054));
#4596=DIRECTION('center_axis',(-5.86333008253835E-13,-0.997564050259824,
-0.0697564737441253));
#4597=DIRECTION('ref_axis',(-1.,5.87767605249858E-13,-4.04930263759057E-17));
#4598=DIRECTION('',(-1.,5.8777342185767E-13,-1.236743934394E-16));
#4599=DIRECTION('',(-0.558255612233279,0.0578747847336475,-0.827647981150247));
#4600=DIRECTION('center_axis',(0.829037572555042,-3.72434530408742E-14,
-0.559192903470747));
#4601=DIRECTION('ref_axis',(-4.49237215221649E-14,-1.,-1.575384595433E-30));
#4602=DIRECTION('',(4.49237215221649E-14,1.,1.81909744050086E-30));
#4603=DIRECTION('',(-4.49237215221649E-14,-1.,-5.55591401029424E-30));
#4604=DIRECTION('center_axis',(0.997564050259824,-1.63144748644281E-13,
-0.0697564737441253));
#4605=DIRECTION('ref_axis',(-1.63543131492949E-13,-1.,-6.62235633714219E-30));
#4606=DIRECTION('',(-1.63543131492949E-13,-1.,-2.02260975885704E-29));
#4607=DIRECTION('center_axis',(-4.04930263759057E-17,0.,1.));
#4608=DIRECTION('ref_axis',(1.,0.,4.04930263759057E-17));
#4609=DIRECTION('center_axis',(-1.236743934394E-16,0.,1.));
#4610=DIRECTION('ref_axis',(1.,0.,1.236743934394E-16));
#4611=DIRECTION('center_axis',(1.236743934394E-16,0.,-1.));
#4612=DIRECTION('ref_axis',(1.,0.,1.236743934394E-16));
#4613=DIRECTION('center_axis',(1.236743934394E-16,0.,-1.));
#4614=DIRECTION('ref_axis',(-1.,0.,0.));
#4615=DIRECTION('center_axis',(1.236743934394E-16,0.,-1.));
#4616=DIRECTION('ref_axis',(1.,0.,1.236743934394E-16));
#4617=DIRECTION('',(-1.236743934394E-16,0.,1.));
#4618=DIRECTION('center_axis',(-1.236743934394E-16,0.,1.));
#4619=DIRECTION('ref_axis',(-1.,0.,0.));
#4620=DIRECTION('center_axis',(-1.236743934394E-16,0.,1.));
#4621=DIRECTION('ref_axis',(-1.,0.,0.));
#4622=DIRECTION('',(0.642787609686523,-7.87187788734179E-17,0.766044443118991));
#4623=DIRECTION('center_axis',(1.236743934394E-16,0.,-1.));
#4624=DIRECTION('ref_axis',(-1.,0.,0.));
#4625=DIRECTION('',(-1.236743934394E-16,0.,1.));
#4626=DIRECTION('center_axis',(1.236743934394E-16,0.,-1.));
#4627=DIRECTION('ref_axis',(-1.,0.,-1.236743934394E-16));
#4628=DIRECTION('',(0.,0.,-1.));
#4629=DIRECTION('',(1.,0.,0.));
#4630=DIRECTION('',(0.,0.,-1.));
#4631=DIRECTION('',(1.,0.,0.));
#4632=DIRECTION('',(0.,0.,-1.));
#4633=DIRECTION('',(1.,0.,0.));
#4634=DIRECTION('center_axis',(-0.726058723748779,0.656948508205376,0.20311914541723));
#4635=DIRECTION('ref_axis',(0.150616167735475,-0.136279702273321,0.979154029131767));
#4636=DIRECTION('center_axis',(0.730251052455939,-0.660741788280375,-0.17364817766693));
#4637=DIRECTION('ref_axis',(0.128762963238734,-0.11650660455539,0.984807753012208));
#4638=DIRECTION('center_axis',(0.,0.,-1.));
#4639=DIRECTION('ref_axis',(0.938913470755837,-0.344153300773403,0.));
#4640=DIRECTION('center_axis',(3.56763372655523E-33,5.25624890131973E-33,
-1.));
#4641=DIRECTION('ref_axis',(0.938913470755837,-0.344153300773404,1.54074395550979E-33));
#4642=DIRECTION('',(0.,0.,1.));
#4643=DIRECTION('center_axis',(0.,0.,1.));
#4644=DIRECTION('ref_axis',(0.938913470755837,-0.344153300773403,0.));
#4645=DIRECTION('center_axis',(0.,0.,1.));
#4646=DIRECTION('ref_axis',(1.,0.,0.));
#4647=DIRECTION('',(-0.977639395876634,0.210288401082824,0.));
#4648=DIRECTION('center_axis',(0.,0.,-1.));
#4649=DIRECTION('ref_axis',(1.,0.,0.));
#4650=DIRECTION('center_axis',(0.,0.,1.));
#4651=DIRECTION('ref_axis',(0.283779269586174,0.958889631893649,0.));
#4652=DIRECTION('center_axis',(2.95706837552348E-34,-1.08389634254324E-34,
1.));
#4653=DIRECTION('ref_axis',(0.938913383122687,-0.344153539852651,-3.14945783570745E-34));
#4654=DIRECTION('center_axis',(0.,0.,-1.));
#4655=DIRECTION('ref_axis',(-0.97231474532591,0.233675065040777,0.));
#4656=DIRECTION('center_axis',(0.,0.,-1.));
#4657=DIRECTION('ref_axis',(-0.903768933617269,-0.428020694158945,0.));
#4658=DIRECTION('center_axis',(0.,0.,-1.));
#4659=DIRECTION('ref_axis',(-0.850824420302167,-0.525450098313324,0.));
#4660=DIRECTION('center_axis',(-1.0651354305295E-18,3.66284774375853E-17,
1.));
#4661=DIRECTION('ref_axis',(1.,0.,1.0651354305295E-18));
#4662=DIRECTION('',(0.670934795404869,0.741516352021334,-2.64459785474532E-17));
#4663=DIRECTION('center_axis',(1.0651354305295E-18,-3.66284774375853E-17,
-1.));
#4664=DIRECTION('ref_axis',(-0.903768933617269,-0.428020694158945,1.47151100266129E-17));
#4665=DIRECTION('center_axis',(1.0651354305295E-18,-3.66284774375853E-17,
-1.));
#4666=DIRECTION('ref_axis',(-0.369792853325297,-0.929114226362688,3.36381600072319E-17));
#4667=DIRECTION('center_axis',(1.0651354305295E-18,-3.66284774375853E-17,
-1.));
#4668=DIRECTION('ref_axis',(1.,3.90142890851226E-35,1.0651354305295E-18));
#4669=DIRECTION('center_axis',(1.0651354305295E-18,-3.66284774375853E-17,
-1.));
#4670=DIRECTION('ref_axis',(1.,3.90142890851226E-35,1.0651354305295E-18));
#4671=DIRECTION('center_axis',(1.0651354305295E-18,-3.66284774375853E-17,
-1.));
#4672=DIRECTION('ref_axis',(-0.369792853325297,-0.929114226362688,3.36381600072319E-17));
#4673=DIRECTION('center_axis',(1.0651354305295E-18,-3.66284774375853E-17,
-1.));
#4674=DIRECTION('ref_axis',(-0.0474025683720527,-0.998875866417711,3.65368119809585E-17));
#4675=DIRECTION('',(-0.614531436988693,-0.788892332928019,0.));
#4676=DIRECTION('center_axis',(-1.0651354305295E-18,3.66284774375853E-17,
1.));
#4677=DIRECTION('ref_axis',(-0.614531436988692,-0.788892332928019,3.00754621804313E-17));
#4678=DIRECTION('',(0.977639395876634,-0.210288401082824,8.74386231327778E-18));
#4679=DIRECTION('center_axis',(1.0651354305295E-18,-3.66284774375853E-17,
-1.));
#4680=DIRECTION('ref_axis',(1.,3.90142890851226E-35,1.0651354305295E-18));
#4681=DIRECTION('center_axis',(1.0651354305295E-18,-3.66284774375853E-17,
-1.));
#4682=DIRECTION('ref_axis',(1.,3.90142890851226E-35,1.0651354305295E-18));
#4683=DIRECTION('center_axis',(-0.730251052455939,0.660741788280375,0.17364817766693));
#4684=DIRECTION('ref_axis',(0.670934795404869,0.741516352021334,2.77555756156289E-17));
#4685=DIRECTION('',(0.257688024891283,0.0309947663224507,0.965730918159011));
#4686=DIRECTION('center_axis',(-0.730251052455939,0.660741788280375,0.17364817766693));
#4687=DIRECTION('ref_axis',(-0.679589683864383,-0.676537210348718,-0.283646372440549));
#4688=DIRECTION('',(0.44461716512568,0.266661601157223,0.85510652374068));
#4689=DIRECTION('',(0.649142473883744,0.591853426613573,0.47783215673065));
#4690=DIRECTION('center_axis',(-0.116829975990904,-0.543147346976324,0.831469612302546));
#4691=DIRECTION('ref_axis',(0.990272246882998,0.,0.139143368700409));
#4692=DIRECTION('',(0.977639395876634,-0.210288401082824,0.));
#4693=DIRECTION('',(0.174848415320058,0.812877449461238,0.555570233019605));
#4694=DIRECTION('',(-0.174606738402865,-0.811753883567421,-0.557286389047431));
#4695=DIRECTION('center_axis',(0.,0.,1.));
#4696=DIRECTION('ref_axis',(1.,0.,0.));
#4697=DIRECTION('',(0.,0.,1.));
#4698=DIRECTION('center_axis',(-1.0651354305295E-18,3.66284774375853E-17,
1.));
#4699=DIRECTION('ref_axis',(-1.,0.,0.));
#4700=DIRECTION('',(0.,0.,-1.));
#4701=DIRECTION('center_axis',(0.25681218148471,0.329677456321139,0.908493411222496));
#4702=DIRECTION('ref_axis',(0.355121095231362,-0.906451026916158,0.228550964829118));
#4703=DIRECTION('',(-0.25681218148471,-0.329677456321139,-0.908493411222496));
#4704=DIRECTION('center_axis',(-0.256812181484712,-0.329677456321139,-0.908493411222496));
#4705=DIRECTION('ref_axis',(-0.194281149684946,-0.903221028027121,0.38268343236509));
#4706=DIRECTION('',(0.25681218148471,0.329677456321139,0.908493411222496));
#4707=DIRECTION('center_axis',(0.,0.,1.));
#4708=DIRECTION('ref_axis',(0.927694452810602,0.373340330294543,0.));
#4709=DIRECTION('',(0.,0.,-1.));
#4710=DIRECTION('center_axis',(-0.194281149684946,-0.903221028027121,0.38268343236509));
#4711=DIRECTION('ref_axis',(-0.977639395876634,0.210288401082824,-3.41008375269327E-18));
#4712=DIRECTION('',(-0.977639395876634,0.210288401082824,-2.12431978877153E-17));
#4713=DIRECTION('center_axis',(0.788892332928019,-0.614531436988693,0.));
#4714=DIRECTION('ref_axis',(-0.614531436988693,-0.788892332928019,0.));
#4715=DIRECTION('',(0.,0.,-1.));
#4716=DIRECTION('',(0.614531436988693,0.788892332928019,-2.82413658106272E-17));
#4717=DIRECTION('',(0.0594266341244463,0.0762877425152082,0.995313345383539));
#4718=DIRECTION('center_axis',(-1.0651354305295E-18,3.66284774375853E-17,
1.));
#4719=DIRECTION('ref_axis',(-1.,-1.92032949390946E-35,-5.24272267986483E-19));
#4720=DIRECTION('center_axis',(1.0651354305295E-18,-3.66284774375853E-17,
-1.));
#4721=DIRECTION('ref_axis',(-1.,-3.90142890851226E-35,-1.0651354305295E-18));
#4722=DIRECTION('',(-0.126909947479984,-0.42882847996679,0.894427190999916));
#4723=DIRECTION('center_axis',(0.,0.,1.));
#4724=DIRECTION('ref_axis',(1.,0.,0.));
#4725=DIRECTION('center_axis',(0.977639395876634,-0.210288401082824,1.01531574141649E-15));
#4726=DIRECTION('ref_axis',(-0.2094881902289,-0.973919182817919,0.08715574274766));
#4727=DIRECTION('center_axis',(0.0594266341244475,0.0762877425152096,0.995313345383539));
#4728=DIRECTION('ref_axis',(0.788892332928019,-0.614531436988693,0.));
#4729=DIRECTION('center_axis',(0.977639395876634,-0.210288401082824,0.));
#4730=DIRECTION('ref_axis',(-0.204261970765512,-0.949622274321796,0.237685892326174));
#4731=DIRECTION('',(0.977639395876634,-0.210288401082824,2.41905780816898E-18));
#4732=DIRECTION('center_axis',(0.0594266341244463,0.0762877425152082,0.995313345383539));
#4733=DIRECTION('ref_axis',(0.342221340727735,-0.938208170652155,0.0514779804581316));
#4734=DIRECTION('',(-0.0594266341244463,-0.0762877425152082,-0.995313345383539));
#4735=DIRECTION('center_axis',(-0.2094881902289,-0.973919182817919,0.08715574274766));
#4736=DIRECTION('ref_axis',(0.,-0.0891335104206024,-0.996019687215117));
#4737=DIRECTION('center_axis',(0.,0.,1.));
#4738=DIRECTION('ref_axis',(1.,0.,0.));
#4739=DIRECTION('center_axis',(0.170357908228437,0.218693527402964,0.960807641609953));
#4740=DIRECTION('ref_axis',(0.788892332928021,-0.614531436988691,0.));
#4741=DIRECTION('center_axis',(0.98977754420591,0.142619819750685,4.86496387008133E-15));
#4742=DIRECTION('ref_axis',(-0.139850239218043,0.970556733081131,-0.196116135138184));
#4743=DIRECTION('center_axis',(0.,0.,-1.));
#4744=DIRECTION('ref_axis',(-0.788892332928021,0.614531436988691,0.));
#4745=DIRECTION('center_axis',(0.,0.,1.));
#4746=DIRECTION('ref_axis',(1.,0.,0.));
#4747=DIRECTION('center_axis',(0.998875866417711,-0.047402568372059,1.71379409059681E-15));
#4748=DIRECTION('ref_axis',(0.0464820425237589,0.979478372023232,-0.196116135138185));
#4749=DIRECTION('center_axis',(0.,0.,1.));
#4750=DIRECTION('ref_axis',(0.0478254754999098,-0.998855707243648,0.));
#4751=DIRECTION('center_axis',(6.20300157588145E-17,2.97001356393969E-18,
-1.));
#4752=DIRECTION('ref_axis',(0.0478254754999098,-0.998855707243648,0.));
#4753=DIRECTION('center_axis',(0.,0.,1.));
#4754=DIRECTION('ref_axis',(1.,0.,0.));
#4755=DIRECTION('center_axis',(0.929114226362687,-0.369792853325298,-2.47670887931416E-14));
#4756=DIRECTION('ref_axis',(0.36261172597939,0.911071455880772,-0.196116135138182));
#4757=DIRECTION('center_axis',(0.,0.,1.));
#4758=DIRECTION('ref_axis',(-0.211493916170416,-0.977379313993754,0.));
#4759=DIRECTION('center_axis',(0.,0.,-1.));
#4760=DIRECTION('ref_axis',(-0.211493916170416,-0.977379313993754,0.));
#4761=DIRECTION('center_axis',(0.,0.,1.));
#4762=DIRECTION('ref_axis',(1.,0.,0.));
#4763=DIRECTION('center_axis',(0.525450098313326,-0.850824420302165,3.71506331897117E-14));
#4764=DIRECTION('ref_axis',(0.834301984954236,0.515246212445936,-0.196116135138185));
#4765=DIRECTION('center_axis',(0.,0.,1.));
#4766=DIRECTION('ref_axis',(-0.642816314539306,-0.766020355971108,0.));
#4767=DIRECTION('center_axis',(9.51413790958502E-17,-7.98391716275592E-17,
-1.));
#4768=DIRECTION('ref_axis',(-0.642816314539306,-0.766020355971109,0.));
#4769=DIRECTION('center_axis',(0.,0.,1.));
#4770=DIRECTION('ref_axis',(1.,0.,0.));
#4771=DIRECTION('center_axis',(0.0442302723869122,0.292026225741967,0.955387024447936));
#4772=DIRECTION('ref_axis',(0.834301984954233,0.515246212445942,-0.196116135138185));
#4773=DIRECTION('center_axis',(0.,0.,-1.));
#4774=DIRECTION('ref_axis',(-0.850824420302167,-0.525450098313324,0.));
#4775=DIRECTION('center_axis',(0.,0.,1.));
#4776=DIRECTION('ref_axis',(-0.788892332928021,0.614531436988691,0.));
#4777=DIRECTION('',(0.,0.,1.));
#4778=DIRECTION('center_axis',(1.0651354305295E-18,-3.66284774375853E-17,
-1.));
#4779=DIRECTION('ref_axis',(-0.788892332928021,0.614531436988691,0.));
#4780=DIRECTION('center_axis',(0.,0.,-1.));
#4781=DIRECTION('ref_axis',(-0.0474025683720527,-0.998875866417711,0.));
#4782=DIRECTION('',(0.,0.,-1.));
#4783=DIRECTION('center_axis',(1.0651354305295E-18,-3.66284774375853E-17,
-1.));
#4784=DIRECTION('ref_axis',(-0.0474025683720527,-0.998875866417711,0.));
#4785=DIRECTION('center_axis',(0.,0.,-1.));
#4786=DIRECTION('ref_axis',(-0.369792853325297,-0.929114226362688,0.));
#4787=DIRECTION('',(0.,0.,-1.));
#4788=DIRECTION('center_axis',(1.0651354305295E-18,-3.66284774375853E-17,
-1.));
#4789=DIRECTION('ref_axis',(-0.369792853325297,-0.929114226362688,0.));
#4790=DIRECTION('center_axis',(0.,0.,-1.));
#4791=DIRECTION('ref_axis',(-0.903768933617269,-0.428020694158945,0.));
#4792=DIRECTION('',(0.,0.,-1.));
#4793=DIRECTION('',(0.,0.,1.));
#4794=DIRECTION('center_axis',(0.,0.,1.));
#4795=DIRECTION('ref_axis',(-0.850824420302167,-0.525450098313324,0.));
#4796=DIRECTION('center_axis',(0.,0.,-1.));
#4797=DIRECTION('ref_axis',(1.,2.49968740101177E-35,6.82443709343699E-19));
#4798=DIRECTION('',(0.707106781186547,-8.65956056235493E-17,0.707106781186548));
#4799=DIRECTION('center_axis',(-1.0651354305295E-18,3.66284774375853E-17,
1.));
#4800=DIRECTION('ref_axis',(1.,0.,0.));
#4801=DIRECTION('center_axis',(0.,0.,1.));
#4802=DIRECTION('ref_axis',(1.,0.,0.));
#4803=DIRECTION('',(0.,0.,1.));
#4804=DIRECTION('center_axis',(1.0651354305295E-18,-3.66284774375853E-17,
-1.));
#4805=DIRECTION('ref_axis',(1.,0.,0.));
#4806=DIRECTION('center_axis',(0.,0.,-1.));
#4807=DIRECTION('ref_axis',(1.,2.49968740101177E-35,6.82443709343699E-19));
#4808=DIRECTION('',(0.707106781186548,-8.65956056235493E-17,0.707106781186547));
#4809=DIRECTION('center_axis',(-1.0651354305295E-18,3.66284774375853E-17,
1.));
#4810=DIRECTION('ref_axis',(1.,0.,0.));
#4811=DIRECTION('center_axis',(0.,0.,1.));
#4812=DIRECTION('ref_axis',(1.,0.,0.));
#4813=DIRECTION('',(0.,0.,1.));
#4814=DIRECTION('center_axis',(1.0651354305295E-18,-3.66284774375853E-17,
-1.));
#4815=DIRECTION('ref_axis',(1.,0.,0.));
#4816=DIRECTION('center_axis',(0.,0.,-1.));
#4817=DIRECTION('ref_axis',(1.,2.49968740101177E-35,6.82443709343699E-19));
#4818=DIRECTION('',(0.707106781186548,-8.65956056235494E-17,0.707106781186547));
#4819=DIRECTION('center_axis',(-1.0651354305295E-18,3.66284774375853E-17,
1.));
#4820=DIRECTION('ref_axis',(1.,0.,0.));
#4821=DIRECTION('center_axis',(0.,0.,1.));
#4822=DIRECTION('ref_axis',(1.,0.,0.));
#4823=DIRECTION('',(0.,0.,1.));
#4824=DIRECTION('center_axis',(1.0651354305295E-18,-3.66284774375853E-17,
-1.));
#4825=DIRECTION('ref_axis',(1.,0.,0.));
#4826=DIRECTION('center_axis',(0.,0.,1.));
#4827=DIRECTION('ref_axis',(-0.283779269586175,-0.958889631893649,1.16068012974883E-17));
#4828=DIRECTION('center_axis',(1.0651354305295E-18,-3.66284774375853E-17,
-1.));
#4829=DIRECTION('ref_axis',(-0.283779269586175,-0.958889631893649,3.4820403892465E-17));
#4830=DIRECTION('',(-0.42513625743309,0.138777385102133,0.894427190999916));
#4831=DIRECTION('center_axis',(-1.0651354305295E-18,3.66284774375853E-17,
1.));
#4832=DIRECTION('ref_axis',(-0.283779269586174,-0.958889631893649,0.));
#4833=DIRECTION('center_axis',(0.,0.,-1.));
#4834=DIRECTION('ref_axis',(0.938913383122687,-0.344153539852651,6.95412159650388E-18));
#4835=DIRECTION('center_axis',(-1.0651354305295E-18,3.66284774375853E-17,
1.));
#4836=DIRECTION('ref_axis',(0.938913383122687,-0.34415353985265,1.36058900801202E-17));
#4837=DIRECTION('',(-0.434832373214828,0.104502666015573,0.894427190999915));
#4838=DIRECTION('center_axis',(1.0651354305295E-18,-3.66284774375853E-17,
-1.));
#4839=DIRECTION('ref_axis',(0.938913383122687,-0.344153539852651,0.));
#4840=DIRECTION('center_axis',(0.,0.,-1.));
#4841=DIRECTION('ref_axis',(0.97231474532591,-0.233675065040776,5.75688523946716E-18));
#4842=DIRECTION('center_axis',(1.0651354305295E-18,-3.66284774375853E-17,
-1.));
#4843=DIRECTION('ref_axis',(0.97231474532591,-0.233675065040777,0.));
#4844=DIRECTION('center_axis',(-1.0651354305295E-18,3.66284774375853E-17,
1.));
#4845=DIRECTION('ref_axis',(0.97231474532591,-0.233675065040776,9.59480873244526E-18));
#4846=DIRECTION('center_axis',(-1.0651354305295E-18,3.66284774375853E-17,
1.));
#4847=DIRECTION('ref_axis',(1.,0.,1.0651354305295E-18));
#4848=DIRECTION('center_axis',(1.06513543052944E-18,-3.66284774375853E-17,
-1.));
#4849=DIRECTION('ref_axis',(-0.369792853325297,-0.929114226362688,1.69409573949466E-17));
#4850=DIRECTION('',(-0.00929640850474958,-0.195895674404645,-0.98058067569092));
#4851=DIRECTION('',(0.0725223451958785,0.182214291176156,0.98058067569092));
#4852=DIRECTION('center_axis',(0.,0.,-1.));
#4853=DIRECTION('ref_axis',(-0.903768933617269,-0.428020694158945,8.10074238839907E-18));
#4854=DIRECTION('center_axis',(0.,0.,-1.));
#4855=DIRECTION('ref_axis',(-0.0474025683720527,-0.998875866417711,2.01136995248988E-17));
#4856=DIRECTION('center_axis',(0.,0.,-1.));
#4857=DIRECTION('ref_axis',(0.283779269586174,0.958889631893649,0.));
#4858=DIRECTION('',(0.,0.,1.));
#4859=DIRECTION('center_axis',(0.,0.,1.));
#4860=DIRECTION('ref_axis',(-0.97231474532591,0.233675065040777,0.));
#4861=DIRECTION('',(0.,0.,-1.));
#4862=DIRECTION('center_axis',(0.,0.,1.));
#4863=DIRECTION('ref_axis',(0.938913383122687,-0.344153539852651,0.));
#4864=DIRECTION('center_axis',(0.,0.,1.));
#4865=DIRECTION('ref_axis',(0.380264346328401,-0.924877844318608,0.));
#4866=DIRECTION('',(0.,0.,-1.));
#4867=DIRECTION('',(0.,0.,1.));
#4868=DIRECTION('center_axis',(0.,0.,1.));
#4869=DIRECTION('ref_axis',(1.,0.,0.));
#4870=DIRECTION('center_axis',(0.,0.,1.));
#4871=DIRECTION('ref_axis',(-1.,0.,0.));
#4872=DIRECTION('',(0.,0.,-1.));
#4873=DIRECTION('center_axis',(0.,0.,-1.));
#4874=DIRECTION('ref_axis',(-1.,0.,0.));
#4875=DIRECTION('center_axis',(0.,0.,-1.));
#4876=DIRECTION('ref_axis',(-1.,0.,0.));
#4877=DIRECTION('center_axis',(0.,0.,-1.));
#4878=DIRECTION('ref_axis',(-1.,0.,0.));
#4879=DIRECTION('',(0.20066224588455,0.678037361121473,0.707106781186546));
#4880=DIRECTION('',(-0.660261831491735,0.251331840430491,-0.707733438422265));
#4881=DIRECTION('',(0.68837567516888,-0.155533729893626,0.708483019345676));
#4882=DIRECTION('',(-0.650842091999881,0.29907541003666,-0.69782409702777));
#4883=DIRECTION('',(-0.737541545913361,0.482578225142206,-0.472388319786093));
#4884=DIRECTION('center_axis',(0.,0.,1.));
#4885=DIRECTION('ref_axis',(0.938913383122687,-0.344153539852651,0.));
#4886=DIRECTION('',(-0.689198228293992,0.158132229847112,-0.707106781186549));
#4887=DIRECTION('center_axis',(0.,0.,-1.));
#4888=DIRECTION('ref_axis',(0.938913383122687,-0.344153539852651,0.));
#4889=DIRECTION('',(0.672199444704125,-0.219426312322527,0.707106781186549));
#4890=DIRECTION('center_axis',(0.,0.,1.));
#4891=DIRECTION('ref_axis',(0.938913383122687,-0.344153539852651,0.));
#4892=DIRECTION('center_axis',(0.,0.,-1.));
#4893=DIRECTION('ref_axis',(-0.283779269586174,-0.958889631893649,0.));
#4894=DIRECTION('center_axis',(0.,0.,-1.));
#4895=DIRECTION('ref_axis',(-0.283779269586174,-0.958889631893649,0.));
#4896=DIRECTION('center_axis',(0.,0.,1.));
#4897=DIRECTION('ref_axis',(-0.283779269586174,-0.958889631893649,0.));
#4898=DIRECTION('center_axis',(0.,0.,1.));
#4899=DIRECTION('ref_axis',(-0.369792853325297,-0.929114226362688,0.));
#4900=DIRECTION('center_axis',(0.,0.,-1.));
#4901=DIRECTION('ref_axis',(-0.204630140180482,-0.978839366663252,0.));
#4902=DIRECTION('',(0.,0.,-1.));
#4903=DIRECTION('center_axis',(-1.0651354305295E-18,3.66284774375853E-17,
1.));
#4904=DIRECTION('ref_axis',(-0.369792853325297,-0.929114226362688,0.));
#4905=DIRECTION('',(0.,0.,1.));
#4906=DIRECTION('center_axis',(0.,0.,1.));
#4907=DIRECTION('ref_axis',(1.,0.,0.));
#4908=DIRECTION('center_axis',(0.,0.,1.));
#4909=DIRECTION('ref_axis',(-0.204630140180482,-0.978839366663252,0.));
#4910=DIRECTION('center_axis',(0.,0.,1.));
#4911=DIRECTION('ref_axis',(-0.204630140180482,-0.978839366663252,0.));
#4912=DIRECTION('center_axis',(0.998955614588612,-0.0456911378922445,0.));
#4913=DIRECTION('ref_axis',(0.,0.,-1.));
#4914=DIRECTION('center_axis',(0.,0.,1.));
#4915=DIRECTION('ref_axis',(1.,0.,0.));
#4916=DIRECTION('',(0.614531436988693,0.788892332928019,0.));
#4917=DIRECTION('center_axis',(0.,0.,1.));
#4918=DIRECTION('ref_axis',(0.313463470000884,-0.949600259569786,0.));
#4919=DIRECTION('center_axis',(0.,0.,-1.));
#4920=DIRECTION('ref_axis',(1.,0.,0.));
#4921=DIRECTION('center_axis',(0.,0.,-1.));
#4922=DIRECTION('ref_axis',(1.,0.,0.));
#4923=DIRECTION('center_axis',(0.,0.,-1.));
#4924=DIRECTION('ref_axis',(1.,0.,0.));
#4925=DIRECTION('center_axis',(0.,0.,-1.));
#4926=DIRECTION('ref_axis',(1.,0.,0.));
#4927=DIRECTION('center_axis',(0.788892332928019,-0.614531436988693,0.));
#4928=DIRECTION('ref_axis',(0.614531436988693,0.788892332928019,0.));
#4929=DIRECTION('',(-0.614531436988693,-0.788892332928019,0.));
#4930=DIRECTION('',(0.,0.,1.));
#4931=DIRECTION('',(0.614531436988693,0.788892332928019,0.));
#4932=DIRECTION('',(0.,0.,1.));
#4933=DIRECTION('center_axis',(0.,0.,1.));
#4934=DIRECTION('ref_axis',(0.903768933617269,0.428020694158945,-8.65594707447818E-18));
#4935=DIRECTION('center_axis',(1.0651354305295E-18,-3.66284774375853E-17,
-1.));
#4936=DIRECTION('ref_axis',(0.903768933617269,0.428020694158945,0.));
#4937=DIRECTION('',(0.637550693850246,0.305825297794461,0.707106781186547));
#4938=DIRECTION('center_axis',(-1.0651354305295E-18,3.66284774375853E-17,
1.));
#4939=DIRECTION('ref_axis',(0.903768933617269,0.428020694158945,-1.47151100266129E-17));
#4940=DIRECTION('center_axis',(0.,0.,-1.));
#4941=DIRECTION('ref_axis',(-0.682261678064624,-0.731108064956504,1.03858633536923E-17));
#4942=DIRECTION('center_axis',(-1.0651354305295E-18,3.66284774375853E-17,
1.));
#4943=DIRECTION('ref_axis',(-0.682261678064624,-0.731108064956504,0.));
#4944=DIRECTION('',(0.261080379783836,0.65714308585872,0.707106781186552));
#4945=DIRECTION('center_axis',(1.0651354305295E-18,-3.66284774375853E-17,
-1.));
#4946=DIRECTION('ref_axis',(-0.682261678064624,-0.731108064956504,2.60526741754968E-17));
#4947=DIRECTION('center_axis',(1.06513543052945E-18,-3.66284774375855E-17,
-1.));
#4948=DIRECTION('ref_axis',(-0.369792853325297,-0.929114226362688,1.66326157020236E-17));
#4949=DIRECTION('',(0.0323085134437332,0.706368289179981,0.70710678118655));
#4950=DIRECTION('center_axis',(1.0651354305295E-18,-3.66284774375853E-17,
-1.));
#4951=DIRECTION('ref_axis',(-0.369792853325297,-0.929114226362688,3.36381600072319E-17));
#4952=DIRECTION('center_axis',(0.,0.,-1.));
#4953=DIRECTION('ref_axis',(0.313463470000884,-0.949600259569786,1.39990626424735E-17));
#4954=DIRECTION('center_axis',(-1.0651354305295E-18,3.66284774375853E-17,
1.));
#4955=DIRECTION('ref_axis',(0.313463470000884,-0.949600259569786,0.));
#4956=DIRECTION('',(-0.446481509546677,0.548319488649566,0.707106781186546));
#4957=DIRECTION('center_axis',(1.0651354305295E-18,-3.66284774375853E-17,
-1.));
#4958=DIRECTION('ref_axis',(0.313463470000884,-0.949600259569786,3.51162927304518E-17));
#4959=DIRECTION('center_axis',(0.,0.,1.));
#4960=DIRECTION('ref_axis',(-0.029067147857415,0.999577461188194,-2.16331817558024E-17));
#4961=DIRECTION('center_axis',(-1.0651354305295E-18,3.66284774375853E-17,
1.));
#4962=DIRECTION('ref_axis',(-0.029067147857415,0.999577461188194,-3.6643960933298E-17));
#4963=DIRECTION('center_axis',(1.0651354305295E-18,-3.66284774375853E-17,
-1.));
#4964=DIRECTION('ref_axis',(-0.029067147857415,0.999577461188194,0.));
#4965=DIRECTION('center_axis',(-1.0651354305295E-18,3.66284774375853E-17,
1.));
#4966=DIRECTION('ref_axis',(1.,0.,1.0651354305295E-18));
#4967=DIRECTION('center_axis',(0.,0.,1.));
#4968=DIRECTION('ref_axis',(0.788892332928507,-0.614531436988066,0.));
#4969=DIRECTION('center_axis',(0.,0.,-1.));
#4970=DIRECTION('ref_axis',(-0.446094027235851,-0.89498609981636,0.));
#4971=DIRECTION('center_axis',(0.,0.,1.));
#4972=DIRECTION('ref_axis',(0.446096838351949,0.894984698647075,0.));
#4973=DIRECTION('',(-0.00729334432006768,-0.99997340321062,0.));
#4974=DIRECTION('center_axis',(0.,0.,-1.));
#4975=DIRECTION('ref_axis',(0.938913470755837,-0.344153300773403,0.));
#4976=DIRECTION('center_axis',(0.,0.,-1.));
#4977=DIRECTION('ref_axis',(1.,0.,0.));
#4978=DIRECTION('center_axis',(0.,0.,-1.));
#4979=DIRECTION('ref_axis',(1.,0.,0.));
#4980=DIRECTION('center_axis',(0.,0.,1.));
#4981=DIRECTION('ref_axis',(1.,0.,0.));
#4982=DIRECTION('center_axis',(0.,0.,1.));
#4983=DIRECTION('ref_axis',(1.,0.,0.));
#4984=DIRECTION('',(0.,0.,1.));
#4985=DIRECTION('center_axis',(0.,0.,1.));
#4986=DIRECTION('ref_axis',(1.,0.,0.));
#4987=DIRECTION('center_axis',(0.,0.,1.));
#4988=DIRECTION('ref_axis',(1.,0.,0.));
#4989=DIRECTION('',(0.,0.,1.));
#4990=DIRECTION('center_axis',(0.,0.,1.));
#4991=DIRECTION('ref_axis',(1.,0.,0.));
#4992=DIRECTION('center_axis',(0.,0.,1.));
#4993=DIRECTION('ref_axis',(1.,0.,0.));
#4994=DIRECTION('',(0.,0.,1.));
#4995=DIRECTION('center_axis',(0.,0.,1.));
#4996=DIRECTION('ref_axis',(-0.978025931907871,0.208483276345467,0.));
#4997=DIRECTION('center_axis',(6.61232928970538E-16,-4.48216927102874E-16,
1.));
#4998=DIRECTION('ref_axis',(0.978025933265594,-0.208483269976189,-7.40148683083439E-16));
#4999=DIRECTION('',(0.,0.,-1.));
#5000=DIRECTION('',(0.,0.,1.));
#5001=DIRECTION('center_axis',(0.,0.,1.));
#5002=DIRECTION('ref_axis',(0.938913383122687,-0.344153539852651,0.));
#5003=DIRECTION('center_axis',(0.,0.,1.));
#5004=DIRECTION('ref_axis',(0.938913383122687,-0.344153539852651,0.));
#5005=DIRECTION('',(0.,0.,1.));
#5006=DIRECTION('center_axis',(0.,0.,1.));
#5007=DIRECTION('ref_axis',(-0.369792853325297,-0.929114226362688,0.));
#5008=DIRECTION('',(0.,0.,1.));
#5009=DIRECTION('center_axis',(0.,0.,-1.));
#5010=DIRECTION('ref_axis',(-0.369792853325297,-0.929114226362688,0.));
#5011=DIRECTION('center_axis',(0.,0.,1.));
#5012=DIRECTION('ref_axis',(-1.,0.,0.));
#5013=DIRECTION('center_axis',(0.,0.,1.));
#5014=DIRECTION('ref_axis',(-1.,0.,0.));
#5015=DIRECTION('center_axis',(0.,0.,-1.));
#5016=DIRECTION('ref_axis',(0.283779269586174,0.958889631893649,0.));
#5017=DIRECTION('center_axis',(0.,0.,-1.));
#5018=DIRECTION('ref_axis',(0.283779269586174,0.958889631893649,0.));
#5019=DIRECTION('center_axis',(0.,0.,-1.));
#5020=DIRECTION('ref_axis',(0.938913383122687,-0.344153539852651,0.));
#5021=DIRECTION('center_axis',(0.,0.,-1.));
#5022=DIRECTION('ref_axis',(0.938913383122687,-0.34415353985265,0.));
#5023=DIRECTION('',(-0.425136257433092,0.138777385102134,0.894427190999915));
#5024=DIRECTION('center_axis',(0.,0.,1.));
#5025=DIRECTION('ref_axis',(-0.283779269586174,-0.958889631893649,0.));
#5026=DIRECTION('center_axis',(0.,0.,1.));
#5027=DIRECTION('ref_axis',(-0.283779269586174,-0.958889631893649,0.));
#5028=DIRECTION('center_axis',(0.,0.,1.));
#5029=DIRECTION('ref_axis',(1.,0.,0.));
#5030=DIRECTION('center_axis',(0.,0.,1.));
#5031=DIRECTION('ref_axis',(-0.682261678064624,-0.731108064956504,0.));
#5032=DIRECTION('center_axis',(0.,0.,1.));
#5033=DIRECTION('ref_axis',(0.903768933617269,0.428020694158945,0.));
#5034=DIRECTION('center_axis',(0.,0.,1.));
#5035=DIRECTION('ref_axis',(0.938913470755837,-0.344153300773403,0.));
#5036=DIRECTION('',(0.00729334432006768,0.99997340321062,0.));
#5037=DIRECTION('center_axis',(0.,0.,1.));
#5038=DIRECTION('ref_axis',(0.446096838351949,0.894984698647075,0.));
#5039=DIRECTION('center_axis',(0.,0.,1.));
#5040=DIRECTION('ref_axis',(-0.446094027235851,-0.89498609981636,0.));
#5041=DIRECTION('center_axis',(0.,0.,1.));
#5042=DIRECTION('ref_axis',(0.788892332928507,-0.614531436988066,0.));
#5043=DIRECTION('center_axis',(0.,0.,-1.));
#5044=DIRECTION('ref_axis',(1.,0.,0.));
#5045=DIRECTION('center_axis',(0.,0.,-1.));
#5046=DIRECTION('ref_axis',(1.,0.,0.));
#5047=DIRECTION('center_axis',(0.,0.,-1.));
#5048=DIRECTION('ref_axis',(-0.682261678064624,-0.731108064956504,0.));
#5049=DIRECTION('',(0.,0.,-1.));
#5050=DIRECTION('center_axis',(0.,0.,1.));
#5051=DIRECTION('ref_axis',(0.903768933617269,0.428020694158945,0.));
#5052=DIRECTION('',(0.,0.,-1.));
#5053=DIRECTION('center_axis',(0.,0.,1.));
#5054=DIRECTION('ref_axis',(1.,0.,0.));
#5055=DIRECTION('center_axis',(0.,0.,-1.));
#5056=DIRECTION('ref_axis',(0.313463470000884,-0.949600259569786,0.));
#5057=DIRECTION('center_axis',(0.775440857361695,0.631420206149724,0.));
#5058=DIRECTION('ref_axis',(0.,0.,-1.));
#5059=DIRECTION('center_axis',(0.,0.,1.));
#5060=DIRECTION('ref_axis',(-0.464486043919465,0.885580439601082,0.));
#5061=DIRECTION('center_axis',(0.,0.,-1.));
#5062=DIRECTION('ref_axis',(0.313463470000884,-0.949600259569786,0.));
#5063=DIRECTION('',(0.,0.,1.));
#5064=DIRECTION('center_axis',(0.,0.,1.));
#5065=DIRECTION('ref_axis',(-0.029067147857415,0.999577461188194,0.));
#5066=DIRECTION('center_axis',(0.,0.,1.));
#5067=DIRECTION('ref_axis',(0.938913470755837,-0.344153300773403,0.));
#5068=DIRECTION('',(0.,0.,1.));
#5069=DIRECTION('center_axis',(0.,0.,1.));
#5070=DIRECTION('ref_axis',(1.,0.,0.));
#5071=DIRECTION('',(0.,0.,-1.));
#5072=DIRECTION('center_axis',(0.,0.,1.));
#5073=DIRECTION('ref_axis',(1.,0.,0.));
#5074=DIRECTION('',(0.,0.,-1.));
#5075=DIRECTION('center_axis',(-0.99997340321062,0.00729334432006768,0.));
#5076=DIRECTION('ref_axis',(-0.00729334432006768,-0.99997340321062,0.));
#5077=DIRECTION('',(0.,0.,1.));
#5078=DIRECTION('center_axis',(0.,0.,1.));
#5079=DIRECTION('ref_axis',(0.446096838351949,0.894984698647075,0.));
#5080=DIRECTION('',(0.,0.,1.));
#5081=DIRECTION('',(0.,0.,1.));
#5082=DIRECTION('center_axis',(0.,0.,1.));
#5083=DIRECTION('ref_axis',(-0.446094027235851,-0.89498609981636,0.));
#5084=DIRECTION('',(0.,0.,1.));
#5085=DIRECTION('center_axis',(0.,0.,1.));
#5086=DIRECTION('ref_axis',(0.788892332928507,-0.614531436988066,0.));
#5087=DIRECTION('',(0.,0.,-1.));
#5088=DIRECTION('',(1.,0.,0.));
#5089=DIRECTION('',(0.,0.,-1.));
#5090=DIRECTION('',(1.,0.,0.));
#5091=DIRECTION('',(0.,0.,-1.));
#5092=DIRECTION('',(1.,0.,0.));
#5093=DIRECTION('',(0.,0.,1.));
#5094=DIRECTION('',(1.,0.,0.));
#5095=DIRECTION('',(0.,0.,1.));
#5096=DIRECTION('',(-1.,1.22464679914735E-16,0.));
#5097=CARTESIAN_POINT('',(0.,0.,0.));
#5098=CARTESIAN_POINT('',(0.,0.,0.));
#5099=CARTESIAN_POINT('Ctrl Pts',(-36.3870470299071,-80.8075432353779,17.7183871993333));
#5100=CARTESIAN_POINT('Ctrl Pts',(-34.3337924368295,-77.2211117118251,12.7064494839151));
#5101=CARTESIAN_POINT('Ctrl Pts',(-32.8075663479463,-73.333525447229,4.33226144227617));
#5102=CARTESIAN_POINT('Ctrl Pts',(-31.8724884288279,-69.3081093467116,-7.05236133249219));
#5103=CARTESIAN_POINT('Ctrl Pts',(-35.9684371099805,-80.4560646772736,18.1413905648606));
#5104=CARTESIAN_POINT('Ctrl Pts',(-33.7519599346826,-76.6878541098456,13.1233738118698));
#5105=CARTESIAN_POINT('Ctrl Pts',(-32.0644279499376,-72.6173397650879,4.73913768523152));
#5106=CARTESIAN_POINT('Ctrl Pts',(-30.9664179440598,-68.4097584171874,-6.66029890869495));
#5107=CARTESIAN_POINT('Ctrl Pts',(-35.6200774601798,-80.0410934936832,18.5810482203044));
#5108=CARTESIAN_POINT('Ctrl Pts',(-33.2788917655415,-76.0563799630718,13.5660444220411));
#5109=CARTESIAN_POINT('Ctrl Pts',(-31.4934903608354,-71.7453495662999,5.18681863960281));
#5110=CARTESIAN_POINT('Ctrl Pts',(-30.3277844706156,-67.2717223661746,-6.20545373687069));
#5111=CARTESIAN_POINT('Ctrl Pts',(-35.3551301916957,-79.5783085867485,19.0207485318254));
#5112=CARTESIAN_POINT('Ctrl Pts',(-32.9395365527905,-75.3589773825855,14.0088108164072));
#5113=CARTESIAN_POINT('Ctrl Pts',(-31.1439764482293,-70.7853464830789,5.63462277476829));
#5114=CARTESIAN_POINT('Ctrl Pts',(-30.0438847786825,-66.0495628354302,-5.75000000000007));
#5115=CARTESIAN_POINT('',(-35.1118030531232,-79.1483756697554,18.5));
#5116=CARTESIAN_POINT('',(-35.5049297274115,-79.8007638556875,18.5));
#5117=CARTESIAN_POINT('Ctrl Pts',(-35.5049878495097,-79.8007231350446,18.499997054921));
#5118=CARTESIAN_POINT('Ctrl Pts',(-35.3836346539069,-79.613216554613,18.4999816275224));
#5119=CARTESIAN_POINT('Ctrl Pts',(-35.267513643979,-79.422350542479,18.4999618852153));
#5120=CARTESIAN_POINT('Ctrl Pts',(-35.1569310495812,-79.2282735693096,18.4999371524273));
#5121=CARTESIAN_POINT('Ctrl Pts',(-35.1417891973488,-79.2016989997271,18.4999337658164));
#5122=CARTESIAN_POINT('Ctrl Pts',(-35.1267512098024,-79.1750641606638,18.499930247137));
#5123=CARTESIAN_POINT('Ctrl Pts',(-35.1118178990841,-79.1483693701138,18.4999265574915));
#5124=CARTESIAN_POINT('',(-30.0438847786825,-66.0495628354302,-5.74999999999999));
#5125=CARTESIAN_POINT('Origin',(-78.7471284032706,-54.736116829949,-216.43307616475));
#5126=CARTESIAN_POINT('',(-31.9831645544255,-69.7726993494862,-5.74999999999999));
#5127=CARTESIAN_POINT('Ctrl Pts',(-30.0438847786825,-66.0495628354302,-5.74999999999999));
#5128=CARTESIAN_POINT('Ctrl Pts',(-30.2061869835329,-66.7482574524199,-5.74999999999999));
#5129=CARTESIAN_POINT('Ctrl Pts',(-30.4568687663819,-67.4245170768405,-5.74999999999394));
#5130=CARTESIAN_POINT('Ctrl Pts',(-31.114080908713,-68.6784102399343,-5.74999999999394));
#5131=CARTESIAN_POINT('Ctrl Pts',(-31.514652966171,-69.2549008895144,-5.75));
#5132=CARTESIAN_POINT('Ctrl Pts',(-31.9831645544255,-69.7726993494862,-5.75));
#5133=CARTESIAN_POINT('',(-36.3870470299071,-80.8075432353779,17.7183871993333));
#5134=CARTESIAN_POINT('Origin',(-73.2702455098925,-59.6916802420143,-217.735437497242));
#5135=CARTESIAN_POINT('Ctrl Pts',(-36.3870470299071,-80.8075432353779,17.7183871993333));
#5136=CARTESIAN_POINT('Ctrl Pts',(-36.2541728516051,-80.6863956585356,17.8161955507295));
#5137=CARTESIAN_POINT('Ctrl Pts',(-36.1276178181319,-80.5604113374793,17.91626543178));
#5138=CARTESIAN_POINT('Ctrl Pts',(-36.0076655415542,-80.429908697831,18.018362845594));
#5139=CARTESIAN_POINT('Ctrl Pts',(-35.9213134997547,-80.3359615905699,18.0918614101634));
#5140=CARTESIAN_POINT('Ctrl Pts',(-35.8383838247932,-80.2396720972994,18.1664109261129));
#5141=CARTESIAN_POINT('Ctrl Pts',(-35.758994526004,-80.1411474757881,18.2419247411441));
#5142=CARTESIAN_POINT('Ctrl Pts',(-35.6696806393026,-80.0303061279343,18.3268786634354));
#5143=CARTESIAN_POINT('Ctrl Pts',(-35.5849597037008,-79.9167755624511,18.412946803412));
#5144=CARTESIAN_POINT('Ctrl Pts',(-35.5049878495097,-79.8007231350446,18.499997054921));
#5145=CARTESIAN_POINT('Origin',(-78.7471284032706,-54.736116829949,0.));
#5146=CARTESIAN_POINT('',(-29.3109489354113,-62.2237172263726,18.5));
#5147=CARTESIAN_POINT('Origin',(-78.7471284032706,-54.736116829949,18.5));
#5148=CARTESIAN_POINT('',(-29.3109489354113,-62.2237172263726,-0.650980486407222));
#5149=CARTESIAN_POINT('',(-29.3109489354113,-62.2237172263726,-3.60135929943472E-15));
#5150=CARTESIAN_POINT('',(-29.537931061651,-63.593593731892,-5.75000000000002));
#5151=CARTESIAN_POINT('Ctrl Pts',(-29.537931061651,-63.593593731892,-5.75000000000002));
#5152=CARTESIAN_POINT('Ctrl Pts',(-29.4619650216359,-63.1715516655398,-4.0408937712495));
#5153=CARTESIAN_POINT('Ctrl Pts',(-29.3874508464106,-62.7288139197807,-2.33649377297016));
#5154=CARTESIAN_POINT('Ctrl Pts',(-29.3109489354113,-62.2237172263726,-0.650980486407219));
#5155=CARTESIAN_POINT('Origin',(-78.7471284032706,-54.736116829949,-5.75));
#5156=CARTESIAN_POINT('Origin',(-27.2187429415108,-83.3374228840467,18.5));
#5157=CARTESIAN_POINT('',(-21.0288882528645,-82.9145332358192,18.5));
#5158=CARTESIAN_POINT('',(-24.4831464153755,-82.171528781431,18.5));
#5159=CARTESIAN_POINT('',(-20.5771691761823,-83.0116971622881,18.5));
#5160=CARTESIAN_POINT('Ctrl Pts',(-20.5771691761823,-83.0116971622881,18.5));
#5161=CARTESIAN_POINT('Ctrl Pts',(-20.7277422017431,-82.9793091867985,18.5));
#5162=CARTESIAN_POINT('Ctrl Pts',(-20.8783152273038,-82.9469212113088,18.5));
#5163=CARTESIAN_POINT('Ctrl Pts',(-21.0288882528646,-82.9145332358192,18.5));
#5164=CARTESIAN_POINT('',(-12.888961279358,-80.4743727974231,18.5));
#5165=CARTESIAN_POINT('Ctrl Pts',(-12.8898236277578,-80.4735225452118,18.5));
#5166=CARTESIAN_POINT('Ctrl Pts',(-14.0120432512489,-81.6090795919462,18.5));
#5167=CARTESIAN_POINT('Ctrl Pts',(-16.6310141061455,-83.1762383210085,18.5));
#5168=CARTESIAN_POINT('Ctrl Pts',(-19.4012913122025,-83.2646262861839,18.5));
#5169=CARTESIAN_POINT('Ctrl Pts',(-20.5771691761823,-83.0116971622881,18.5));
#5170=CARTESIAN_POINT('',(-23.1280104712732,-78.1495049993324,18.5));
#5171=CARTESIAN_POINT('Origin',(0.,0.,18.5));
#5172=CARTESIAN_POINT('',(-26.4622819799436,-71.803478505724,18.5));
#5173=CARTESIAN_POINT('Origin',(-21.7091141233424,-73.3550568398641,18.5));
#5174=CARTESIAN_POINT('',(-25.2698174096154,-67.5882454073672,18.5));
#5175=CARTESIAN_POINT('Origin',(-78.7471284032706,-54.736116829949,18.5));
#5176=CARTESIAN_POINT('',(-26.7207250617421,-62.7637304611647,18.5));
#5177=CARTESIAN_POINT('Origin',(-30.1313911362449,-66.4198700821633,18.5));
#5178=CARTESIAN_POINT('',(-27.4714009257668,-61.8480191359855,18.5));
#5179=CARTESIAN_POINT('Origin',(-23.6852322554853,-59.5097661985303,18.5));
#5180=CARTESIAN_POINT('Origin',(-28.3222253460689,-62.3734692342989,18.5));
#5181=CARTESIAN_POINT('Origin',(-21.6944460141542,-76.1201646438138,-5.75));
#5182=CARTESIAN_POINT('',(-49.0962228571174,-88.6860313922566,-5.75));
#5183=CARTESIAN_POINT('',(-38.285001019748,-76.7374816484594,-5.75));
#5184=CARTESIAN_POINT('',(-27.8038288628081,-63.0790325076392,-5.75000000000002));
#5185=CARTESIAN_POINT('Ctrl Pts',(-27.8038302178933,-63.0790447657312,-5.74999280911013));
#5186=CARTESIAN_POINT('Ctrl Pts',(-27.8328807697566,-63.0455226333529,-5.74999193750745));
#5187=CARTESIAN_POINT('Ctrl Pts',(-27.8641126832822,-63.0141168497273,-5.74996959147778));
#5188=CARTESIAN_POINT('Ctrl Pts',(-27.8972558716428,-62.9849498351885,-5.7499477663345));
#5189=CARTESIAN_POINT('Ctrl Pts',(-27.9304662827007,-62.95572366263,-5.74992589692435));
#5190=CARTESIAN_POINT('Ctrl Pts',(-27.9655967214169,-62.9287447976592,-5.74990464230423));
#5191=CARTESIAN_POINT('Ctrl Pts',(-28.0024065334304,-62.9041760395513,-5.74989483097259));
#5192=CARTESIAN_POINT('Ctrl Pts',(-28.0369558021394,-62.8811160840861,-5.74988562216888));
#5193=CARTESIAN_POINT('Ctrl Pts',(-28.0729854590193,-62.8601792652077,-5.74988646086527));
#5194=CARTESIAN_POINT('Ctrl Pts',(-28.1103096400571,-62.8415385590494,-5.74989614757726));
#5195=CARTESIAN_POINT('Ctrl Pts',(-28.1502537283921,-62.8215894002812,-5.74990651423151));
#5196=CARTESIAN_POINT('Ctrl Pts',(-28.1913728456061,-62.8044234527756,-5.74992801697513));
#5197=CARTESIAN_POINT('Ctrl Pts',(-28.2333984416861,-62.7901735210896,-5.7499473373837));
#5198=CARTESIAN_POINT('Ctrl Pts',(-28.2703364387433,-62.7776486794745,-5.74996431887264));
#5199=CARTESIAN_POINT('Ctrl Pts',(-28.3079756780819,-62.7673769042215,-5.74997948984366));
#5200=CARTESIAN_POINT('Ctrl Pts',(-28.3461459714975,-62.7594783249515,-5.7499759386598));
#5201=CARTESIAN_POINT('Ctrl Pts',(-28.3881650363042,-62.7507833193717,-5.74997202940442));
#5202=CARTESIAN_POINT('Ctrl Pts',(-28.4308284632064,-62.7449636281201,-5.74994553847207));
#5203=CARTESIAN_POINT('Ctrl Pts',(-28.4738719784256,-62.7420064371747,-5.74991984472145));
#5204=CARTESIAN_POINT('Ctrl Pts',(-28.5177261402924,-62.738993552894,-5.74989366707558));
#5205=CARTESIAN_POINT('Ctrl Pts',(-28.5616362829042,-62.7389746808801,-5.74986830046997));
#5206=CARTESIAN_POINT('Ctrl Pts',(-28.6053172909567,-62.7418471442197,-5.74985592251199));
#5207=CARTESIAN_POINT('Ctrl Pts',(-28.6497590733702,-62.7447696360856,-5.74984332897214));
#5208=CARTESIAN_POINT('Ctrl Pts',(-28.6939648132098,-62.7506850799622,-5.74984412349956));
#5209=CARTESIAN_POINT('Ctrl Pts',(-28.7376411755204,-62.7595369867573,-5.74985817231559));
#5210=CARTESIAN_POINT('Ctrl Pts',(-28.7746161070772,-62.7670307117513,-5.74987006556823));
#5211=CARTESIAN_POINT('Ctrl Pts',(-28.8112121485954,-62.7766298472956,-5.74989120904438));
#5212=CARTESIAN_POINT('Ctrl Pts',(-28.8472457837334,-62.7883280308808,-5.7499149354535));
#5213=CARTESIAN_POINT('Ctrl Pts',(-28.88978934615,-62.8021396377757,-5.74994294833544));
#5214=CARTESIAN_POINT('Ctrl Pts',(-28.9312428590946,-62.8187767025276,-5.74997341933912));
#5215=CARTESIAN_POINT('Ctrl Pts',(-28.9713321337319,-62.8381497442072,-5.74998674574727));
#5216=CARTESIAN_POINT('Ctrl Pts',(-29.0113211731055,-62.8574743474465,-5.75000003883539));
#5217=CARTESIAN_POINT('Ctrl Pts',(-29.0499540404019,-62.8795211250937,-5.74999626289526));
#5218=CARTESIAN_POINT('Ctrl Pts',(-29.0870337314541,-62.9040514313462,-5.74999068096441));
#5219=CARTESIAN_POINT('Ctrl Pts',(-29.1202932008537,-62.9260544455844,-5.74998567412501));
#5220=CARTESIAN_POINT('Ctrl Pts',(-29.1523033252522,-62.9500566925582,-5.74997893073431));
#5221=CARTESIAN_POINT('Ctrl Pts',(-29.182905221883,-62.9759166221266,-5.74997451614245));
#5222=CARTESIAN_POINT('Ctrl Pts',(-29.2174565294683,-63.0051139752004,-5.74996953181344));
#5223=CARTESIAN_POINT('Ctrl Pts',(-29.2500070937851,-63.0365045350321,-5.74996717891526));
#5224=CARTESIAN_POINT('Ctrl Pts',(-29.2803655607173,-63.069842546675,-5.74996855602716));
#5225=CARTESIAN_POINT('Ctrl Pts',(-29.3026495973976,-63.0943136596582,-5.74996956686911));
#5226=CARTESIAN_POINT('Ctrl Pts',(-29.3237522611514,-63.1198352138447,-5.74997230628769));
#5227=CARTESIAN_POINT('Ctrl Pts',(-29.3435883410901,-63.1463246889579,-5.74997388414913));
#5228=CARTESIAN_POINT('Ctrl Pts',(-29.3691128962047,-63.1804106610643,-5.74997591450046));
#5229=CARTESIAN_POINT('Ctrl Pts',(-29.3925417090038,-63.2160988567599,-5.74997607880107));
#5230=CARTESIAN_POINT('Ctrl Pts',(-29.4137836744338,-63.2531627035019,-5.74997678407338));
#5231=CARTESIAN_POINT('Ctrl Pts',(-29.4364409040871,-63.2926959609228,-5.74997753633506));
#5232=CARTESIAN_POINT('Ctrl Pts',(-29.4565003606685,-63.3336017261987,-5.74997893134428));
#5233=CARTESIAN_POINT('Ctrl Pts',(-29.4738816021886,-63.3755885950865,-5.74998245715604));
#5234=CARTESIAN_POINT('Ctrl Pts',(-29.4912877058308,-63.4176355219775,-5.74998598801112));
#5235=CARTESIAN_POINT('Ctrl Pts',(-29.5060083966432,-63.460767639722,-5.74999138514154));
#5236=CARTESIAN_POINT('Ctrl Pts',(-29.5179183729012,-63.5047176781205,-5.7499953838895));
#5237=CARTESIAN_POINT('Ctrl Pts',(-29.5258548349154,-63.534004706299,-5.74999804853891));
#5238=CARTESIAN_POINT('Ctrl Pts',(-29.5325422765622,-63.5636554332316,-5.75000000000001));
#5239=CARTESIAN_POINT('Ctrl Pts',(-29.537931061651,-63.593593731892,-5.75000000000001));
#5240=CARTESIAN_POINT('',(-25.7006033060807,-64.5734387321379,-5.75));
#5241=CARTESIAN_POINT('Origin',(-23.6852322554853,-59.5097661985303,-5.75));
#5242=CARTESIAN_POINT('',(-20.342865278865,-66.4561346471162,-5.75));
#5243=CARTESIAN_POINT('Origin',(-1.18282828756012E-14,-4.39161326676203E-15,
-5.75));
#5244=CARTESIAN_POINT('',(-24.1465148730606,-69.2696674613017,-5.75));
#5245=CARTESIAN_POINT('Origin',(-21.2041148730606,-69.2696674613017,-5.75));
#5246=CARTESIAN_POINT('Origin',(-21.2041148730606,-69.2696674613017,-5.75));
#5247=CARTESIAN_POINT('',(-3.29447850185414,-69.4218727159569,-5.75));
#5248=CARTESIAN_POINT('Origin',(-1.18282828756012E-14,-4.39161326676203E-15,
-5.75));
#5249=CARTESIAN_POINT('',(-3.06149161987133,-69.4279402543662,-5.75000000000001));
#5250=CARTESIAN_POINT('Origin',(-3.03613450422995,-63.9779992440545,-5.75));
#5251=CARTESIAN_POINT('',(-2.30755098424761,-71.0620534907837,-5.75000000000001));
#5252=CARTESIAN_POINT('Ctrl Pts',(-2.30755098424761,-71.0620534907837,-5.75));
#5253=CARTESIAN_POINT('Ctrl Pts',(-2.27959253669403,-71.0261623978501,-5.75));
#5254=CARTESIAN_POINT('Ctrl Pts',(-2.25406928107589,-70.9885472712065,-5.7499953219542));
#5255=CARTESIAN_POINT('Ctrl Pts',(-2.23105994325739,-70.9495002681522,-5.74999012328736));
#5256=CARTESIAN_POINT('Ctrl Pts',(-2.20758119588517,-70.9096566738868,-5.74998481856341));
#5257=CARTESIAN_POINT('Ctrl Pts',(-2.18671939703422,-70.8683211978528,-5.74997925937562));
#5258=CARTESIAN_POINT('Ctrl Pts',(-2.1686045833823,-70.8257747543434,-5.74997622060614));
#5259=CARTESIAN_POINT('Ctrl Pts',(-2.15048976973038,-70.783228310834,-5.74997318183665));
#5260=CARTESIAN_POINT('Ctrl Pts',(-2.13512145638182,-70.7394697951862,-5.74997295778313));
#5261=CARTESIAN_POINT('Ctrl Pts',(-2.12268347111251,-70.6947668687359,-5.74997231127676));
#5262=CARTESIAN_POINT('Ctrl Pts',(-2.11609305437662,-70.6710804831804,-5.74997196871754));
#5263=CARTESIAN_POINT('Ctrl Pts',(-2.11034646407409,-70.6472012599954,-5.749971452662));
#5264=CARTESIAN_POINT('Ctrl Pts',(-2.10546214887964,-70.6231715268541,-5.74997021353688));
#5265=CARTESIAN_POINT('Ctrl Pts',(-2.09644962605364,-70.5788319398667,-5.74996792710716));
#5266=CARTESIAN_POINT('Ctrl Pts',(-2.09036985956556,-70.5339799612115,-5.7499636535555));
#5267=CARTESIAN_POINT('Ctrl Pts',(-2.08722328102191,-70.488919129087,-5.74996419547058));
#5268=CARTESIAN_POINT('Ctrl Pts',(-2.084130310261,-70.444625991544,-5.74996472815314));
#5269=CARTESIAN_POINT('Ctrl Pts',(-2.0838715854222,-70.4001299604419,-5.74997010596259));
#5270=CARTESIAN_POINT('Ctrl Pts',(-2.08649593486778,-70.3557242496527,-5.74997815453127));
#5271=CARTESIAN_POINT('Ctrl Pts',(-2.08775857607074,-70.3343595338435,-5.74998202690217));
#5272=CARTESIAN_POINT('Ctrl Pts',(-2.08968930653828,-70.313015900194,-5.74998637059428));
#5273=CARTESIAN_POINT('Ctrl Pts',(-2.09229752540398,-70.291727555008,-5.74999001073846));
#5274=CARTESIAN_POINT('Ctrl Pts',(-2.09772925821887,-70.2473936209805,-5.74999759150204));
#5275=CARTESIAN_POINT('Ctrl Pts',(-2.10606077537635,-70.2035885785457,-5.75000381239122));
#5276=CARTESIAN_POINT('Ctrl Pts',(-2.11730127595089,-70.1606094459539,-5.74999556346669));
#5277=CARTESIAN_POINT('Ctrl Pts',(-2.11868930184855,-70.1553021957384,-5.74999454485362));
#5278=CARTESIAN_POINT('Ctrl Pts',(-2.12012174804506,-70.1500075516466,-5.74999329340498));
#5279=CARTESIAN_POINT('Ctrl Pts',(-2.12159868503369,-70.1447260859849,-5.74999177362694));
#5280=CARTESIAN_POINT('Ctrl Pts',(-2.13362217367503,-70.1017305872719,-5.74997940137672));
#5281=CARTESIAN_POINT('Ctrl Pts',(-2.14859057395653,-70.0596064767126,-5.74995019400859));
#5282=CARTESIAN_POINT('Ctrl Pts',(-2.16635796794339,-70.0186062855475,-5.74992484125478));
#5283=CARTESIAN_POINT('Ctrl Pts',(-2.18077696276752,-69.9853328890867,-5.74990426641831));
#5284=CARTESIAN_POINT('Ctrl Pts',(-2.19704042252006,-69.9527998174618,-5.74988604789674));
#5285=CARTESIAN_POINT('Ctrl Pts',(-2.2150892934006,-69.9211576773627,-5.74987526503417));
#5286=CARTESIAN_POINT('Ctrl Pts',(-2.23725034920688,-69.8823063144598,-5.7498620254459));
#5287=CARTESIAN_POINT('Ctrl Pts',(-2.26193580627691,-69.8450887181172,-5.74986153068541));
#5288=CARTESIAN_POINT('Ctrl Pts',(-2.28895901413716,-69.8097405322862,-5.74987355937181));
#5289=CARTESIAN_POINT('Ctrl Pts',(-2.31552074158773,-69.7749959940814,-5.74988538264207));
#5290=CARTESIAN_POINT('Ctrl Pts',(-2.34434180203553,-69.7420567191902,-5.74990935710996));
#5291=CARTESIAN_POINT('Ctrl Pts',(-2.37528335130849,-69.7111748719353,-5.74993392783956));
#5292=CARTESIAN_POINT('Ctrl Pts',(-2.40267034172877,-69.6838407249775,-5.74995567588877));
#5293=CARTESIAN_POINT('Ctrl Pts',(-2.43171940909786,-69.6581184198989,-5.7499777735995));
#5294=CARTESIAN_POINT('Ctrl Pts',(-2.46235338361276,-69.6342099191254,-5.74998403641521));
#5295=CARTESIAN_POINT('Ctrl Pts',(-2.46525301834714,-69.6319468788119,-5.7499846292171));
#5296=CARTESIAN_POINT('Ctrl Pts',(-2.46816513309777,-69.6297014625019,-5.74998507390079));
#5297=CARTESIAN_POINT('Ctrl Pts',(-2.47108962204807,-69.6274737943205,-5.74998535332374));
#5298=CARTESIAN_POINT('Ctrl Pts',(-2.50585440133399,-69.6009924521228,-5.74998867495616));
#5299=CARTESIAN_POINT('Ctrl Pts',(-2.54236474100788,-69.5770161160031,-5.74996969378348));
#5300=CARTESIAN_POINT('Ctrl Pts',(-2.58032151636734,-69.5555915626101,-5.74995090286784));
#5301=CARTESIAN_POINT('Ctrl Pts',(-2.61898822917074,-69.5337662878035,-5.74993176048993));
#5302=CARTESIAN_POINT('Ctrl Pts',(-2.65915698887453,-69.5145886080389,-5.74991276865357));
#5303=CARTESIAN_POINT('Ctrl Pts',(-2.70054112866855,-69.4981504632101,-5.74990496770621));
#5304=CARTESIAN_POINT('Ctrl Pts',(-2.71496377123339,-69.4924216625518,-5.74990224902519));
#5305=CARTESIAN_POINT('Ctrl Pts',(-2.72953421796956,-69.4870260075631,-5.74990078127295));
#5306=CARTESIAN_POINT('Ctrl Pts',(-2.74424080605647,-69.4819687604255,-5.74990069404695));
#5307=CARTESIAN_POINT('Ctrl Pts',(-2.78623036614067,-69.4675295457491,-5.74990044500338));
#5308=CARTESIAN_POINT('Ctrl Pts',(-2.82906172956831,-69.4559371688177,-5.74991177026456));
#5309=CARTESIAN_POINT('Ctrl Pts',(-2.87244061171106,-69.4472385362274,-5.74992979473261));
#5310=CARTESIAN_POINT('Ctrl Pts',(-2.91586925516581,-69.4385299251557,-5.74994783987711));
#5311=CARTESIAN_POINT('Ctrl Pts',(-2.95984775198819,-69.4327213084786,-5.74997251270406));
#5312=CARTESIAN_POINT('Ctrl Pts',(-3.00410010776626,-69.4299058428307,-5.74998692838032));
#5313=CARTESIAN_POINT('Ctrl Pts',(-3.02318791767663,-69.4286914199565,-5.74999314643771));
#5314=CARTESIAN_POINT('Ctrl Pts',(-3.04232682808845,-69.4280345014394,-5.74999731255769));
#5315=CARTESIAN_POINT('Ctrl Pts',(-3.06149503136672,-69.4279454941911,-5.74999744407239));
#5316=CARTESIAN_POINT('',(-16.8981268129684,-89.7924108191013,-5.75));
#5317=CARTESIAN_POINT('',(6.16411979771903,-60.1867170560314,-5.75));
#5318=CARTESIAN_POINT('',(-26.9339696511881,-93.4530905049764,-5.75));
#5319=CARTESIAN_POINT('Origin',(-24.7870501422486,-83.6470964492143,-5.75));
#5320=CARTESIAN_POINT('',(-22.8131879151383,-94.3394629303718,-5.75));
#5321=CARTESIAN_POINT('',(-18.5402010539675,-73.8073003130063,-5.75));
#5322=CARTESIAN_POINT('Origin',(-15.5978010539675,-73.8073003130063,-5.75));
#5323=CARTESIAN_POINT('',(-11.5123633336225,-72.1854607674537,-5.75));
#5324=CARTESIAN_POINT('Origin',(-8.56996333362245,-72.1854607674537,-5.75));
#5325=CARTESIAN_POINT('Origin',(-45.2959464074027,-86.0225689612716,0.0968505745471665));
#5326=CARTESIAN_POINT('',(-48.6886665250266,-88.6370104364644,-4.22261140304222));
#5327=CARTESIAN_POINT('',(-47.1899591492578,-88.4567456185036,1.39405646758747));
#5328=CARTESIAN_POINT('',(-47.5401659660603,-88.1443591463791,-1.26733450686793));
#5329=CARTESIAN_POINT('Origin',(-41.1443449629228,-80.0699828619896,-5.09416883051882));
#5330=CARTESIAN_POINT('',(-38.462975851871,-82.7002642267104,16.1903011687218));
#5331=CARTESIAN_POINT('',(-44.3435714106305,-86.2271839015583,4.88049124639379));
#5332=CARTESIAN_POINT('',(-39.8095778097321,-83.9280239483572,15.1990708245836));
#5333=CARTESIAN_POINT('Origin',(-22.4716659101678,-84.372079739974,17.3451505843609));
#5334=CARTESIAN_POINT('',(-21.755793973354,-86.2939477245843,16.1903011687218));
#5335=CARTESIAN_POINT('',(-22.8351187704125,-86.0617869843566,16.1903011687218));
#5336=CARTESIAN_POINT('',(-21.755793973354,-86.2939477245843,16.1903011687218));
#5337=CARTESIAN_POINT('Ctrl Pts',(-20.5771691761823,-83.0116971622881,18.5));
#5338=CARTESIAN_POINT('Ctrl Pts',(-19.4012913122025,-83.2646262861839,18.5));
#5339=CARTESIAN_POINT('Ctrl Pts',(-16.3875192515623,-83.1684694180697,18.5));
#5340=CARTESIAN_POINT('Ctrl Pts',(-13.5528207666519,-81.3221628282624,18.5));
#5341=CARTESIAN_POINT('Ctrl Pts',(-12.3588926502415,-79.8887531815979,18.5));
#5342=CARTESIAN_POINT('Ctrl Pts',(-20.8188017225543,-84.1350567743394,17.7287896190277));
#5343=CARTESIAN_POINT('Ctrl Pts',(-19.446196173907,-84.4050338019981,17.7186767128459));
#5344=CARTESIAN_POINT('Ctrl Pts',(-15.9955215903272,-84.1859501736227,17.6852033335697));
#5345=CARTESIAN_POINT('Ctrl Pts',(-12.9623814517182,-82.0230153162656,17.6661777195334));
#5346=CARTESIAN_POINT('Ctrl Pts',(-11.722945364501,-80.4184519643341,17.6666860255236));
#5347=CARTESIAN_POINT('Ctrl Pts',(-21.0604342689264,-85.2584163863906,16.9575792380554));
#5348=CARTESIAN_POINT('Ctrl Pts',(-19.4911010356115,-85.5454413178123,16.9373534256918));
#5349=CARTESIAN_POINT('Ctrl Pts',(-15.6035239290921,-85.2034309291756,16.8704066671395));
#5350=CARTESIAN_POINT('Ctrl Pts',(-12.3719421367845,-82.7238678042688,16.8323554390668));
#5351=CARTESIAN_POINT('Ctrl Pts',(-11.0869980787604,-80.9481507470703,16.8333720510473));
#5352=CARTESIAN_POINT('Ctrl Pts',(-21.3020668152984,-86.3817759984419,16.1863688570832));
#5353=CARTESIAN_POINT('Ctrl Pts',(-19.5360058973159,-86.6858488336266,16.1560301385376));
#5354=CARTESIAN_POINT('Ctrl Pts',(-15.211526267857,-86.2209116847285,16.0556100007092));
#5355=CARTESIAN_POINT('Ctrl Pts',(-11.7815028218508,-83.424720292272,15.9985331586003));
#5356=CARTESIAN_POINT('Ctrl Pts',(-10.4510507930198,-81.4778495298065,16.0000580765709));
#5357=CARTESIAN_POINT('',(-11.6785638728259,-80.6589185761148,17.4831660697148));
#5358=CARTESIAN_POINT('Ctrl Pts',(-11.6785638728259,-80.6589185761148,17.4831660697148));
#5359=CARTESIAN_POINT('Ctrl Pts',(-12.073773399194,-80.6016963894265,17.8298021748827));
#5360=CARTESIAN_POINT('Ctrl Pts',(-12.4791642046531,-80.5400068427092,18.1721383653622));
#5361=CARTESIAN_POINT('Ctrl Pts',(-12.8889612793635,-80.4743727974258,18.5));
#5362=CARTESIAN_POINT('',(-21.3020668152984,-86.3817759984419,16.1863688570832));
#5363=CARTESIAN_POINT('',(-20.5771691761823,-83.0116971622881,18.5));
#5364=CARTESIAN_POINT('',(-11.0033409282191,-82.223079145831,16.0010033139357));
#5365=CARTESIAN_POINT('Ctrl Pts',(-21.3020668152984,-86.3817759984419,16.1863688570832));
#5366=CARTESIAN_POINT('Ctrl Pts',(-19.5360058973159,-86.6858488336266,16.1560301385376));
#5367=CARTESIAN_POINT('Ctrl Pts',(-15.5344901505658,-86.2556344536372,16.063109649313));
#5368=CARTESIAN_POINT('Ctrl Pts',(-12.2988185901025,-83.8293720366227,16.0073002133242));
#5369=CARTESIAN_POINT('Ctrl Pts',(-11.0042074995393,-82.2223804090077,16.0011650215181));
#5370=CARTESIAN_POINT('Ctrl Pts',(-11.003340928219,-82.2230791458309,16.0010033139358));
#5371=CARTESIAN_POINT('Ctrl Pts',(-10.9840581257294,-82.1956050670389,16.0030153294688));
#5372=CARTESIAN_POINT('Ctrl Pts',(-10.9662605863084,-82.1673054466201,16.0065417953254));
#5373=CARTESIAN_POINT('Ctrl Pts',(-10.9148103990131,-82.0757041221136,16.0223557297844));
#5374=CARTESIAN_POINT('Ctrl Pts',(-10.8872317301004,-82.0108218626552,16.0398924293845));
#5375=CARTESIAN_POINT('Ctrl Pts',(-10.8418565566694,-81.8646743081592,16.0918132342486));
#5376=CARTESIAN_POINT('Ctrl Pts',(-10.8280401585819,-81.7843626431788,16.1286009029695));
#5377=CARTESIAN_POINT('Ctrl Pts',(-10.8174582639652,-81.6014019631488,16.2286565174241));
#5378=CARTESIAN_POINT('Ctrl Pts',(-10.8282010714822,-81.5012287587391,16.2963175982201));
#5379=CARTESIAN_POINT('Ctrl Pts',(-10.8832466335333,-81.2784258260276,16.4721970846131));
#5380=CARTESIAN_POINT('Ctrl Pts',(-10.9397362707483,-81.1618943941657,16.5867886023504));
#5381=CARTESIAN_POINT('Ctrl Pts',(-11.0894137106181,-80.95493197533,16.8312337691974));
#5382=CARTESIAN_POINT('Ctrl Pts',(-11.1869699914956,-80.8651648966296,16.9643047266576));
#5383=CARTESIAN_POINT('Ctrl Pts',(-11.410043800769,-80.727797723753,17.2273466159002));
#5384=CARTESIAN_POINT('Ctrl Pts',(-11.5390802680862,-80.679114336434,17.3608257660129));
#5385=CARTESIAN_POINT('Ctrl Pts',(-11.6785638728259,-80.6589185761149,17.4831660697148));
#5386=CARTESIAN_POINT('Ctrl Pts',(-21.0288882528646,-82.9145332358192,18.5));
#5387=CARTESIAN_POINT('Ctrl Pts',(-20.8783152273038,-82.9469212113088,18.5));
#5388=CARTESIAN_POINT('Ctrl Pts',(-20.7277422017431,-82.9793091867985,18.5));
#5389=CARTESIAN_POINT('Ctrl Pts',(-20.5771691761823,-83.0116971622881,18.5));
#5390=CARTESIAN_POINT('Ctrl Pts',(-21.2711901596944,-84.0410047320742,17.7301003895739));
#5391=CARTESIAN_POINT('Ctrl Pts',(-21.1206171341336,-84.0733927075639,17.7301003895739));
#5392=CARTESIAN_POINT('Ctrl Pts',(-20.9698215892783,-84.1047461817324,17.7296595139751));
#5393=CARTESIAN_POINT('Ctrl Pts',(-20.8188017225543,-84.1350567743394,17.7287896190277));
#5394=CARTESIAN_POINT('Ctrl Pts',(-21.5134920665242,-85.1674762283292,16.9602007791479));
#5395=CARTESIAN_POINT('Ctrl Pts',(-21.3629190409634,-85.1998642038189,16.9602007791479));
#5396=CARTESIAN_POINT('Ctrl Pts',(-21.2119009768135,-85.2301831766663,16.9593190279502));
#5397=CARTESIAN_POINT('Ctrl Pts',(-21.0604342689264,-85.2584163863906,16.9575792380554));
#5398=CARTESIAN_POINT('Ctrl Pts',(-21.755793973354,-86.2939477245843,16.1903011687218));
#5399=CARTESIAN_POINT('Ctrl Pts',(-21.6052209477932,-86.3263357000739,16.1903011687218));
#5400=CARTESIAN_POINT('Ctrl Pts',(-21.4539803643487,-86.3556201716001,16.1889785419253));
#5401=CARTESIAN_POINT('Ctrl Pts',(-21.3020668152984,-86.3817759984419,16.1863688570832));
#5402=CARTESIAN_POINT('Ctrl Pts',(-21.755793973354,-86.2939477245843,16.1903011687218));
#5403=CARTESIAN_POINT('Ctrl Pts',(-21.6052209477932,-86.3263357000739,16.1903011687218));
#5404=CARTESIAN_POINT('Ctrl Pts',(-21.4539803643487,-86.3556201716001,16.1889785419253));
#5405=CARTESIAN_POINT('Ctrl Pts',(-21.3020668152984,-86.3817759984419,16.1863688570832));
#5406=CARTESIAN_POINT('Origin',(0.,0.,0.));
#5407=CARTESIAN_POINT('',(-11.6785638728259,-80.6589185761149,4.9));
#5408=CARTESIAN_POINT('',(-11.6785638728259,-80.6589185761148,0.));
#5409=CARTESIAN_POINT('',(-23.1280104712732,-78.1495049993324,4.9));
#5410=CARTESIAN_POINT('Origin',(0.,0.,4.9));
#5411=CARTESIAN_POINT('',(-23.1280104712732,-78.1495049993324,0.));
#5412=CARTESIAN_POINT('Origin',(-22.3041513069878,-80.459725166516,3.55076000362503));
#5413=CARTESIAN_POINT('',(-26.6907042831388,-92.6290392638448,-1.26733450686793));
#5414=CARTESIAN_POINT('',(-24.2469628038373,-89.4919354467872,7.37759432727593));
#5415=CARTESIAN_POINT('',(-16.8589694570092,-89.7421433534606,-5.09416883051884));
#5416=CARTESIAN_POINT('Origin',(-24.7478927862893,-83.5968289835736,-5.09416883051883));
#5417=CARTESIAN_POINT('',(-11.0329668021411,-82.2631299956326,15.5157765198636));
#5418=CARTESIAN_POINT('',(-14.4152279777076,-86.6050395364029,3.55076000362503));
#5419=CARTESIAN_POINT('Ctrl Pts',(-11.0329668021412,-82.2631299956326,15.5157765198636));
#5420=CARTESIAN_POINT('Ctrl Pts',(-11.0228969747048,-82.2502030578385,15.675394969366));
#5421=CARTESIAN_POINT('Ctrl Pts',(-11.0130045049313,-82.2368477807661,15.8372420074971));
#5422=CARTESIAN_POINT('Ctrl Pts',(-11.003340928219,-82.223079145831,16.0010033139357));
#5423=CARTESIAN_POINT('Origin',(-11.8218591350692,-81.6485985586439,0.));
#5424=CARTESIAN_POINT('',(-11.0329668021411,-82.2631299956326,7.89938449446725));
#5425=CARTESIAN_POINT('',(-11.0329668021411,-82.2631299956326,0.));
#5426=CARTESIAN_POINT('Ctrl Pts',(-11.6785638728259,-80.6589185761149,4.90000000000002));
#5427=CARTESIAN_POINT('Ctrl Pts',(-11.6164742907398,-80.6679084951843,4.90000000000002));
#5428=CARTESIAN_POINT('Ctrl Pts',(-11.557689357174,-80.6823846568302,4.91195212758701));
#5429=CARTESIAN_POINT('Ctrl Pts',(-11.447864056077,-80.7193585262076,4.95416503499686));
#5430=CARTESIAN_POINT('Ctrl Pts',(-11.3968383361882,-80.741868216389,4.98445342163949));
#5431=CARTESIAN_POINT('Ctrl Pts',(-11.2567991949145,-80.816782766604,5.09384822121947));
#5432=CARTESIAN_POINT('Ctrl Pts',(-11.1810073949139,-80.8766989019838,5.19177735012994));
#5433=CARTESIAN_POINT('Ctrl Pts',(-10.9879539300366,-81.0652023998578,5.51270202516787));
#5434=CARTESIAN_POINT('Ctrl Pts',(-10.9095524111655,-81.2115287078929,5.78199059084342));
#5435=CARTESIAN_POINT('Ctrl Pts',(-10.8206733757955,-81.5038209063288,6.33790044733728));
#5436=CARTESIAN_POINT('Ctrl Pts',(-10.8132643994051,-81.6496304103812,6.62509017297011));
#5437=CARTESIAN_POINT('Ctrl Pts',(-10.85147160959,-81.9381283583996,7.20712404456516));
#5438=CARTESIAN_POINT('Ctrl Pts',(-10.9152021543055,-82.1119520050928,7.56840331209431));
#5439=CARTESIAN_POINT('Ctrl Pts',(-11.0329668021412,-82.2631299956326,7.89938449446724));
#5440=CARTESIAN_POINT('Origin',(-19.5336219334788,-93.8170054151317,-0.437692688060098));
#5441=CARTESIAN_POINT('',(-21.1194520756982,-93.827405168158,-1.26733450686793));
#5442=CARTESIAN_POINT('Origin',(1.08619048844742,-66.7054063502108,0.));
#5443=CARTESIAN_POINT('',(-1.4699641536713,-69.9868182968919,-0.650980486407217));
#5444=CARTESIAN_POINT('Ctrl Pts',(-1.46996415367131,-69.9868182968919,-0.650980486407217));
#5445=CARTESIAN_POINT('Ctrl Pts',(-1.76967904482171,-70.371571241105,-2.34135318889111));
#5446=CARTESIAN_POINT('Ctrl Pts',(-2.0436321670683,-70.7232530342791,-4.04377061105155));
#5447=CARTESIAN_POINT('Ctrl Pts',(-2.30755098424761,-71.0620534907837,-5.75000000000001));
#5448=CARTESIAN_POINT('',(-1.4699641536713,-69.9868182968919,-0.100000000000002));
#5449=CARTESIAN_POINT('',(-1.4699641536713,-69.9868182968919,-2.33696672679497E-15));
#5450=CARTESIAN_POINT('',(-8.16174779933969,-78.5772605329301,-0.100000000000002));
#5451=CARTESIAN_POINT('',(-5.4974838795107,-75.1570654822926,-0.100000000000002));
#5452=CARTESIAN_POINT('',(-9.96240336626578,-80.8888157854213,4.89999999999996));
#5453=CARTESIAN_POINT('Ctrl Pts',(-8.16174779933971,-78.5772605329301,-0.0999999999999766));
#5454=CARTESIAN_POINT('Ctrl Pts',(-9.0480517855525,-79.7150353924117,2.3465068650714));
#5455=CARTESIAN_POINT('Ctrl Pts',(-9.96240336626578,-80.8888157854213,4.89999999999996));
#5456=CARTESIAN_POINT('Ctrl Pts',(-11.0329668021411,-82.2631299956326,7.89938449446725));
#5457=CARTESIAN_POINT('Ctrl Pts',(-10.4928050881893,-81.5697082941067,6.3812433031827));
#5458=CARTESIAN_POINT('Ctrl Pts',(-9.96240336626578,-80.8888157854213,4.89999999999996));
#5459=CARTESIAN_POINT('',(-16.6191340942825,-89.4342595456814,-1.07726057492356));
#5460=CARTESIAN_POINT('Origin',(2.66283857632375E-18,-9.15711935939635E-17,
2.4));
#5461=CARTESIAN_POINT('',(-22.4185622973078,-75.7522809195983,-0.100000000000001));
#5462=CARTESIAN_POINT('Origin',(5.32567715264751E-18,-1.83142387187927E-16,
-0.100000000000004));
#5463=CARTESIAN_POINT('',(-22.4185622973078,-75.7522809195983,-0.100000000000001));
#5464=CARTESIAN_POINT('Origin',(-24.7478927862893,-83.5968289835736,-5.09416883051882));
#5465=CARTESIAN_POINT('',(-26.8427746885783,-93.3360208117528,-4.22261140304222));
#5466=CARTESIAN_POINT('Origin',(-24.7478927862893,-83.5968289835736,-5.09416883051882));
#5467=CARTESIAN_POINT('Origin',(-24.7478927862893,-83.5968289835736,-5.09416883051884));
#5468=CARTESIAN_POINT('Origin',(-19.1766405788488,-84.7951948878868,-5.09416883051882));
#5469=CARTESIAN_POINT('',(-21.2715224811378,-94.5343867160659,-4.22261140304222));
#5470=CARTESIAN_POINT('Origin',(-24.5080574235627,-83.2889451757945,-1.07726057492356));
#5471=CARTESIAN_POINT('',(-26.6029393258517,-93.0281370039737,-0.205703147446963));
#5472=CARTESIAN_POINT('Origin',(-22.785032957817,-94.2085693797771,-4.21966055613079));
#5473=CARTESIAN_POINT('Origin',(-2.25885648659932,-69.3722868599032,-0.650980486407217));
#5474=CARTESIAN_POINT('',(-2.39870672581736,-68.4017301268221,-0.8470966215454));
#5475=CARTESIAN_POINT('Origin',(-2.25885648659932,-69.3722868599032,-0.650980486407217));
#5476=CARTESIAN_POINT('',(-2.40147630635001,-68.3825093156973,-0.650980486407217));
#5477=CARTESIAN_POINT('Origin',(-2.25885648659932,-69.3722868599032,-0.650980486407217));
#5478=CARTESIAN_POINT('Origin',(-2.25885648659932,-69.3722868599032,-0.650980486407217));
#5479=CARTESIAN_POINT('Origin',(-3.03613450422995,-63.9779992440545,-0.65098048640722));
#5480=CARTESIAN_POINT('',(-3.24799645933039,-68.4423943439336,-0.847096621545405));
#5481=CARTESIAN_POINT('',(-3.24707593348209,-68.4229968495391,-0.65098048640722));
#5482=CARTESIAN_POINT('Origin',(-3.29447850185415,-69.4218727159569,-0.65098048640722));
#5483=CARTESIAN_POINT('Origin',(-3.03613450422995,-63.9779992440545,-0.65098048640722));
#5484=CARTESIAN_POINT('Origin',(-3.03613450422995,-63.9779992440545,-0.847096621545405));
#5485=CARTESIAN_POINT('Origin',(-1.18336085527539E-14,-4.20847087957411E-15,
-0.650980486407133));
#5486=CARTESIAN_POINT('',(-25.3379915801013,-63.6623672762571,-0.847096621545316));
#5487=CARTESIAN_POINT('',(-25.3308104527554,-63.6443245057752,-0.650980486407133));
#5488=CARTESIAN_POINT('Origin',(-25.7006033060807,-64.5734387321379,-0.650980486407133));
#5489=CARTESIAN_POINT('Origin',(-1.18336085527539E-14,-4.20847087957411E-15,
-0.650980486407133));
#5490=CARTESIAN_POINT('Origin',(-9.99200722162641E-15,0.,-0.847096621545316));
#5491=CARTESIAN_POINT('Origin',(-23.6852322554853,-59.5097661985303,-0.650980486407222));
#5492=CARTESIAN_POINT('',(-27.4879233611147,-61.8582230218529,-0.847096621545406));
#5493=CARTESIAN_POINT('',(-27.4714009257668,-61.8480191359855,-0.650980486407222));
#5494=CARTESIAN_POINT('Origin',(-28.3222253460689,-62.3734692342989,-0.650980486407222));
#5495=CARTESIAN_POINT('Origin',(-23.6852322554853,-59.5097661985303,-0.650980486407222));
#5496=CARTESIAN_POINT('Origin',(-23.6852322554853,-59.5097661985303,-0.847096621545406));
#5497=CARTESIAN_POINT('Ctrl Pts',(-3.08730275318972,-69.4669839812917,-5.94611613513819));
#5498=CARTESIAN_POINT('Ctrl Pts',(-2.86290205992015,-69.1278151373167,-4.23988674618973));
#5499=CARTESIAN_POINT('Ctrl Pts',(-2.63582080305116,-68.7774627443474,-2.53746932402928));
#5500=CARTESIAN_POINT('Ctrl Pts',(-2.39870672581736,-68.4017301268221,-0.847096621545402));
#5501=CARTESIAN_POINT('Ctrl Pts',(-2.87935704575864,-69.4750359344482,-5.97668223608298));
#5502=CARTESIAN_POINT('Ctrl Pts',(-2.65138892784077,-69.1280817898188,-4.27349438196981));
#5503=CARTESIAN_POINT('Ctrl Pts',(-2.42019886082962,-68.7683538058289,-2.57481983700495));
#5504=CARTESIAN_POINT('Ctrl Pts',(-2.17987072849889,-68.3790795799186,-0.891053360562817));
#5505=CARTESIAN_POINT('Ctrl Pts',(-2.46512945151945,-69.6258320843846,-6.01081167533319));
#5506=CARTESIAN_POINT('Ctrl Pts',(-2.22451602536182,-69.2684270551554,-4.31270513502721));
#5507=CARTESIAN_POINT('Ctrl Pts',(-1.97888557923031,-68.8954793477063,-2.6203104381909));
#5508=CARTESIAN_POINT('Ctrl Pts',(-1.72079662552309,-68.4862843068264,-0.948049081299712));
#5509=CARTESIAN_POINT('Ctrl Pts',(-2.11875282328607,-70.1228486492904,-5.96569808770124));
#5510=CARTESIAN_POINT('Ctrl Pts',(-1.86027524193957,-69.7674726180088,-4.26856331744192));
#5511=CARTESIAN_POINT('Ctrl Pts',(-1.59313938843916,-69.3964215321565,-2.57738915263431));
#5512=CARTESIAN_POINT('Ctrl Pts',(-1.30515269935698,-68.9873748974144,-0.907690285953705));
#5513=CARTESIAN_POINT('Ctrl Pts',(-2.08600101589228,-70.6534415721495,-5.86540600076189));
#5514=CARTESIAN_POINT('Ctrl Pts',(-1.81979435002884,-70.3072486073447,-4.16455160105762));
#5515=CARTESIAN_POINT('Ctrl Pts',(-1.54325750839016,-69.9467867786363,-2.46881505497295));
#5516=CARTESIAN_POINT('Ctrl Pts',(-1.24095151956104,-69.55114710188,-0.79075100645108));
#5517=CARTESIAN_POINT('Ctrl Pts',(-2.21354044932492,-70.9413693634128,-5.78850536572097));
#5518=CARTESIAN_POINT('Ctrl Pts',(-1.94811074577003,-70.600639568953,-4.08408112869973));
#5519=CARTESIAN_POINT('Ctrl Pts',(-1.67246044440737,-70.2467594459016,-2.38386307470028));
#5520=CARTESIAN_POINT('Ctrl Pts',(-1.37061265574364,-69.8592778160271,-0.697626234288871));
#5521=CARTESIAN_POINT('Ctrl Pts',(-2.30755098424761,-71.0620534907837,-5.75000000000001));
#5522=CARTESIAN_POINT('Ctrl Pts',(-2.0436321670683,-70.7232530342791,-4.04377061105155));
#5523=CARTESIAN_POINT('Ctrl Pts',(-1.76967904482171,-70.371571241105,-2.34135318889111));
#5524=CARTESIAN_POINT('Ctrl Pts',(-1.46996415367131,-69.9868182968919,-0.650980486407217));
#5525=CARTESIAN_POINT('Ctrl Pts',(-3.06149515338725,-69.4279456789175,-5.7499983707964));
#5526=CARTESIAN_POINT('Ctrl Pts',(-2.84548498537488,-69.1009286610098,-4.10943988150392));
#5527=CARTESIAN_POINT('Ctrl Pts',(-2.6267351990275,-68.7630656329593,-2.47269857230362));
#5528=CARTESIAN_POINT('Ctrl Pts',(-2.39870672581736,-68.4017301268221,-0.847096621545402));
#5529=CARTESIAN_POINT('Origin',(-28.3222253460689,-62.3734692342989,-0.650980486407222));
#5530=CARTESIAN_POINT('Origin',(-28.3222253460689,-62.3734692342989,-0.650980486407222));
#5531=CARTESIAN_POINT('Origin',(-28.3222253460689,-62.3734692342989,-0.650980486407222));
#5532=CARTESIAN_POINT('Ctrl Pts',(-27.4879233611147,-61.8582230218529,-0.84709662154541));
#5533=CARTESIAN_POINT('Ctrl Pts',(-27.6035202267818,-62.3125954196486,-2.53260990810834));
#5534=CARTESIAN_POINT('Ctrl Pts',(-27.7111356690273,-62.7255804603149,-4.23700990638768));
#5535=CARTESIAN_POINT('Ctrl Pts',(-27.8158620626388,-63.1249382596608,-5.94611613513821));
#5536=CARTESIAN_POINT('Ctrl Pts',(-27.6143384538882,-61.6728654386772,-0.897901060163694));
#5537=CARTESIAN_POINT('Ctrl Pts',(-27.7390944078904,-62.1400108760722,-2.57362141881476));
#5538=CARTESIAN_POINT('Ctrl Pts',(-27.8508593554518,-62.5634049040452,-4.27319865902044));
#5539=CARTESIAN_POINT('Ctrl Pts',(-27.9588448231328,-62.9713481582538,-5.97831942463028));
#5540=CARTESIAN_POINT('Ctrl Pts',(-28.0049363577741,-61.387917512028,-0.966916039624841));
#5541=CARTESIAN_POINT('Ctrl Pts',(-28.1318232460634,-61.8849233074888,-2.62528787261688));
#5542=CARTESIAN_POINT('Ctrl Pts',(-28.242175838685,-62.3295618456236,-4.31677727514275));
#5543=CARTESIAN_POINT('Ctrl Pts',(-28.3479114545856,-62.7549068596751,-6.01519677618073));
#5544=CARTESIAN_POINT('Ctrl Pts',(-28.6741915546066,-61.4095896752714,-0.929308055877461));
#5545=CARTESIAN_POINT('Ctrl Pts',(-28.7755198292208,-61.9290416474538,-2.58360800732531));
#5546=CARTESIAN_POINT('Ctrl Pts',(-28.8667124211833,-62.3869080159948,-4.27349966628711));
#5547=CARTESIAN_POINT('Ctrl Pts',(-28.9562380067888,-62.8224239549532,-5.97061127493888));
#5548=CARTESIAN_POINT('Ctrl Pts',(-29.1465513298548,-61.7490496219144,-0.803679587559172));
#5549=CARTESIAN_POINT('Ctrl Pts',(-29.2260442818179,-62.2667112615194,-2.47054478729162));
#5550=CARTESIAN_POINT('Ctrl Pts',(-29.3023957587949,-62.7206580043928,-4.16632145083258));
#5551=CARTESIAN_POINT('Ctrl Pts',(-29.3795998311108,-63.1523063231121,-5.86832795175545));
#5552=CARTESIAN_POINT('Ctrl Pts',(-29.2862646645687,-62.0607416429011,-0.701938826123488));
#5553=CARTESIAN_POINT('Ctrl Pts',(-29.3616832650041,-62.5700894042437,-2.38120134093935));
#5554=CARTESIAN_POINT('Ctrl Pts',(-29.4354180116417,-63.0165153334079,-4.08274948959134));
#5555=CARTESIAN_POINT('Ctrl Pts',(-29.5106051931759,-63.4417802900726,-5.78947703513253));
#5556=CARTESIAN_POINT('Ctrl Pts',(-29.3109489354113,-62.2237172263726,-0.650980486407219));
#5557=CARTESIAN_POINT('Ctrl Pts',(-29.3874508464106,-62.7288139197807,-2.33649377297016));
#5558=CARTESIAN_POINT('Ctrl Pts',(-29.4619650216359,-63.1715516655398,-4.0408937712495));
#5559=CARTESIAN_POINT('Ctrl Pts',(-29.537931061651,-63.593593731892,-5.75000000000002));
#5560=CARTESIAN_POINT('Ctrl Pts',(-27.4879233611147,-61.8582230218529,-0.84709662154541));
#5561=CARTESIAN_POINT('Ctrl Pts',(-27.5990981721232,-62.2952138101488,-2.46813210554859));
#5562=CARTESIAN_POINT('Ctrl Pts',(-27.7028905243043,-62.6939231486531,-4.10663695112615));
#5563=CARTESIAN_POINT('Ctrl Pts',(-27.8038304508372,-63.079045654497,-5.74999660157028));
#5564=CARTESIAN_POINT('Origin',(-2.25885648659932,-69.3722868599032,-2.33696672679497E-15));
#5565=CARTESIAN_POINT('',(-2.40147630635001,-68.3825093156973,-0.100000000000002));
#5566=CARTESIAN_POINT('',(-2.40147630635001,-68.3825093156973,-2.33696672679497E-15));
#5567=CARTESIAN_POINT('Origin',(-2.25885648659932,-69.3722868599032,-0.100000000000002));
#5568=CARTESIAN_POINT('Origin',(-3.03613450422995,-63.9779992440545,-2.33696672679497E-15));
#5569=CARTESIAN_POINT('',(-3.24707593348209,-68.4229968495391,-0.100000000000002));
#5570=CARTESIAN_POINT('',(-3.24707593348209,-68.4229968495391,-2.1510571102114E-15));
#5571=CARTESIAN_POINT('Origin',(-3.03613450422995,-63.9779992440545,-0.100000000000002));
#5572=CARTESIAN_POINT('Origin',(-1.18336085527539E-14,-4.20847087957411E-15,
-2.15105711021141E-15));
#5573=CARTESIAN_POINT('',(-25.330810474881,-63.6443244969691,3.80960271554665));
#5574=CARTESIAN_POINT('',(-25.3308104527554,-63.6443245057752,-2.15105711021141E-15));
#5575=CARTESIAN_POINT('',(-22.862578066504,-64.5720723234345,-0.0999999999999995));
#5576=CARTESIAN_POINT('Ctrl Pts',(-25.330810474881,-63.6443244969691,3.80960271554665));
#5577=CARTESIAN_POINT('Ctrl Pts',(-24.7336477773056,-63.8819987159118,3.01357998995457));
#5578=CARTESIAN_POINT('Ctrl Pts',(-24.1705507838483,-64.0962592349362,2.12248261826179));
#5579=CARTESIAN_POINT('Ctrl Pts',(-23.3919872333449,-64.3828121013598,0.823408859954251));
#5580=CARTESIAN_POINT('Ctrl Pts',(-23.1266758986354,-64.4785650673245,0.365838740165887));
#5581=CARTESIAN_POINT('Ctrl Pts',(-22.862578066504,-64.5720723234345,-0.100000000000009));
#5582=CARTESIAN_POINT('Origin',(-1.18336085527539E-14,-4.20847087957411E-15,
-0.100000000000002));
#5583=CARTESIAN_POINT('Origin',(-23.6852322554853,-59.5097661985303,-3.60135929943472E-15));
#5584=CARTESIAN_POINT('',(-27.4714009257668,-61.8480191359855,-3.60135929943472E-15));
#5585=CARTESIAN_POINT('',(-26.7207250617421,-62.7637304611647,4.9));
#5586=CARTESIAN_POINT('',(-26.7207250617421,-62.7637304611647,-0.100000000000002));
#5587=CARTESIAN_POINT('Ctrl Pts',(-26.7207250617421,-62.7637304611647,4.89999999999998));
#5588=CARTESIAN_POINT('Ctrl Pts',(-26.5821427569795,-62.8930083373885,4.89999999999997));
#5589=CARTESIAN_POINT('Ctrl Pts',(-26.44513312765,-63.0045336855086,4.8548100080754));
#5590=CARTESIAN_POINT('Ctrl Pts',(-26.1751198693495,-63.2017727339707,4.70555590689189));
#5591=CARTESIAN_POINT('Ctrl Pts',(-26.0421341467188,-63.2873363932267,4.60126125177887));
#5592=CARTESIAN_POINT('Ctrl Pts',(-25.707362478823,-63.4808451545029,4.28619576819746));
#5593=CARTESIAN_POINT('Ctrl Pts',(-25.5105669659814,-63.5727803693507,4.04921957699334));
#5594=CARTESIAN_POINT('Ctrl Pts',(-25.3308104748768,-63.6443244969708,3.80960271554114));
#5595=CARTESIAN_POINT('Origin',(-28.3222253460689,-62.3734692342989,-3.60135929943472E-15));
#5596=CARTESIAN_POINT('Origin',(-8.56996333362245,-72.1854607674537,-5.1038));
#5597=CARTESIAN_POINT('',(-10.2199633336225,-72.1854607674537,-4.4576));
#5598=CARTESIAN_POINT('',(-10.8661633336225,-72.1854607674537,-5.1038));
#5599=CARTESIAN_POINT('Origin',(-8.56996333362245,-72.1854607674537,-4.4576));
#5600=CARTESIAN_POINT('Origin',(-8.56996333362245,-72.1854607674537,-5.75));
#5601=CARTESIAN_POINT('',(-10.2199633336225,-72.1854607674537,-0.100000000000002));
#5602=CARTESIAN_POINT('',(-10.2199633336225,-72.1854607674537,-5.75));
#5603=CARTESIAN_POINT('Origin',(-8.56996333362245,-72.1854607674537,-0.100000000000002));
#5604=CARTESIAN_POINT('Origin',(-15.5978010539675,-73.8073003130063,-5.1038));
#5605=CARTESIAN_POINT('',(-17.2478010539675,-73.8073003130063,-4.4576));
#5606=CARTESIAN_POINT('',(-17.8940010539675,-73.8073003130063,-5.1038));
#5607=CARTESIAN_POINT('Origin',(-15.5978010539675,-73.8073003130063,-4.4576));
#5608=CARTESIAN_POINT('Origin',(-15.5978010539675,-73.8073003130063,-5.75));
#5609=CARTESIAN_POINT('',(-17.2478010539675,-73.8073003130063,-0.100000000000002));
#5610=CARTESIAN_POINT('',(-17.2478010539675,-73.8073003130063,-5.75));
#5611=CARTESIAN_POINT('Origin',(-15.5978010539675,-73.8073003130063,-0.100000000000002));
#5612=CARTESIAN_POINT('Origin',(-21.2041148730606,-69.2696674613017,-5.1038));
#5613=CARTESIAN_POINT('',(-22.8541148730606,-69.2696674613017,-4.4576));
#5614=CARTESIAN_POINT('',(-23.5003148730606,-69.2696674613017,-5.1038));
#5615=CARTESIAN_POINT('Origin',(-21.2041148730606,-69.2696674613017,-4.4576));
#5616=CARTESIAN_POINT('Origin',(-21.2041148730606,-69.2696674613017,-5.75));
#5617=CARTESIAN_POINT('',(-22.8541148730606,-69.2696674613017,-0.100000000000002));
#5618=CARTESIAN_POINT('',(-22.8541148730606,-69.2696674613017,-5.75));
#5619=CARTESIAN_POINT('Origin',(-21.2041148730606,-69.2696674613017,-0.100000000000002));
#5620=CARTESIAN_POINT('Origin',(-21.7091141233424,-73.3550568398641,2.4));
#5621=CARTESIAN_POINT('',(-24.085698051643,-72.579267672794,-0.100000000000002));
#5622=CARTESIAN_POINT('Origin',(-21.7091141233424,-73.3550568398641,-0.100000000000002));
#5623=CARTESIAN_POINT('',(-26.4622819799436,-71.803478505724,4.9));
#5624=CARTESIAN_POINT('',(-24.085698051643,-72.579267672794,-0.100000000000002));
#5625=CARTESIAN_POINT('Origin',(-21.7091141233424,-73.3550568398641,4.9));
#5626=CARTESIAN_POINT('Origin',(-78.7471284032706,-54.736116829949,2.4));
#5627=CARTESIAN_POINT('',(-22.8390305463006,-68.1724330699691,-0.100000000000002));
#5628=CARTESIAN_POINT('Origin',(-78.7471284032706,-54.736116829949,-0.100000000000002));
#5629=CARTESIAN_POINT('',(-25.2698174096154,-67.5882454073672,4.9));
#5630=CARTESIAN_POINT('',(-22.8390305463006,-68.1724330699691,-0.100000000000002));
#5631=CARTESIAN_POINT('Origin',(-78.7471284032706,-54.736116829949,4.9));
#5632=CARTESIAN_POINT('Origin',(-30.1313911362449,-66.4198700821633,2.4));
#5633=CARTESIAN_POINT('Origin',(-30.1313911362449,-66.4198700821633,4.9));
#5634=CARTESIAN_POINT('Origin',(-30.1313911362449,-66.4198700821633,-0.100000000000002));
#5635=CARTESIAN_POINT('Origin',(-21.6944460141542,-76.1201646438138,-0.100000000000002));
#5636=CARTESIAN_POINT('Origin',(-1.18309457141776E-14,-4.30004207316807E-15,
-3.25));
#5637=CARTESIAN_POINT('',(-3.24707593348209,-68.4229968495391,-0.749999999999999));
#5638=CARTESIAN_POINT('',(-25.7006033060807,-64.5734387321379,-5.75));
#5639=CARTESIAN_POINT('Origin',(-23.6852322554853,-59.5097661985303,-3.25));
#5640=CARTESIAN_POINT('Origin',(-3.03613450422995,-63.9779992440545,-3.25));
#5641=CARTESIAN_POINT('Origin',(-21.7091141233424,-73.3550568398641,0.));
#5642=CARTESIAN_POINT('',(-26.4622819799436,-71.803478505724,0.));
#5643=CARTESIAN_POINT('Origin',(-30.1313911362449,-66.4198700821633,-0.100000000000002));
#5644=CARTESIAN_POINT('',(-25.2698174096154,-67.5882454073672,-0.100000000000002));
#5645=CARTESIAN_POINT('Origin',(-78.7471284032706,-54.736116829949,-0.100000000000002));
#5646=CARTESIAN_POINT('Origin',(-10.3301212848148,-79.7336101919449,0.));
#5647=CARTESIAN_POINT('',(-9.54122895188682,-80.3481416289336,12.0373377453476));
#5648=CARTESIAN_POINT('',(-10.4586053803971,-80.7253217614964,11.55));
#5649=CARTESIAN_POINT('Ctrl Pts',(-9.54122895188675,-80.3481416289335,12.0373377453475));
#5650=CARTESIAN_POINT('Ctrl Pts',(-9.59121405733461,-80.4123089995104,11.9677238164842));
#5651=CARTESIAN_POINT('Ctrl Pts',(-9.64976313782183,-80.471121167782,11.9023853009587));
#5652=CARTESIAN_POINT('Ctrl Pts',(-9.80436339899893,-80.5917965955114,11.7640607335814));
#5653=CARTESIAN_POINT('Ctrl Pts',(-9.9190546899563,-80.6550842152317,11.6873699833017));
#5654=CARTESIAN_POINT('Ctrl Pts',(-10.1126146086644,-80.7119830373846,11.6069893885781));
#5655=CARTESIAN_POINT('Ctrl Pts',(-10.1806944619541,-80.72482576425,11.5857609728555));
#5656=CARTESIAN_POINT('Ctrl Pts',(-10.3192249437544,-80.7359583874809,11.5572683178212));
#5657=CARTESIAN_POINT('Ctrl Pts',(-10.3896744093722,-80.7342523152398,11.55));
#5658=CARTESIAN_POINT('Ctrl Pts',(-10.4586053803971,-80.7253217614964,11.55));
#5659=CARTESIAN_POINT('',(-10.4586053803971,-80.7253217614964,5.));
#5660=CARTESIAN_POINT('',(-10.4586053803971,-80.7253217614964,0.));
#5661=CARTESIAN_POINT('',(-9.5412289518868,-80.3481416289336,4.0253245093053));
#5662=CARTESIAN_POINT('Ctrl Pts',(-10.4586053803971,-80.7253217614964,5.));
#5663=CARTESIAN_POINT('Ctrl Pts',(-10.400707214114,-80.7328229279234,5.));
#5664=CARTESIAN_POINT('Ctrl Pts',(-10.3385067251989,-80.7353134897841,4.98909292590302));
#5665=CARTESIAN_POINT('Ctrl Pts',(-10.2206777673481,-80.7293520785991,4.94749975828929));
#5666=CARTESIAN_POINT('Ctrl Pts',(-10.1649345568308,-80.7210697514405,4.9171151991325));
#5667=CARTESIAN_POINT('Ctrl Pts',(-9.94903364195772,-80.6740755368059,4.77014875397562));
#5668=CARTESIAN_POINT('Ctrl Pts',(-9.809177230575,-80.5955541000592,4.58049263432862));
#5669=CARTESIAN_POINT('Ctrl Pts',(-9.64771193052527,-80.4695200688188,4.2915588692008));
#5670=CARTESIAN_POINT('Ctrl Pts',(-9.58998810329164,-80.4107352057436,4.1611376107048));
#5671=CARTESIAN_POINT('Ctrl Pts',(-9.54122895188682,-80.3481416289336,4.0253245093053));
#5672=CARTESIAN_POINT('',(-9.54122895188681,-80.3481416289336,0.));
#5673=CARTESIAN_POINT('Origin',(0.,0.,0.));
#5674=CARTESIAN_POINT('',(-23.0996325443146,-78.053616036143,11.55));
#5675=CARTESIAN_POINT('Origin',(0.,0.,11.55));
#5676=CARTESIAN_POINT('',(-23.0996325443146,-78.053616036143,5.));
#5677=CARTESIAN_POINT('',(-23.0996325443146,-78.053616036143,0.));
#5678=CARTESIAN_POINT('Origin',(0.,0.,5.));
#5679=CARTESIAN_POINT('Origin',(0.,0.,12.3));
#5680=CARTESIAN_POINT('',(-8.81241322380879,-79.4125391432162,13.05));
#5681=CARTESIAN_POINT('Ctrl Pts',(-9.54122895188681,-80.3481416289336,12.0373377453476));
#5682=CARTESIAN_POINT('Ctrl Pts',(-9.17452635507241,-79.8773945691749,12.5480420493576));
#5683=CARTESIAN_POINT('Ctrl Pts',(-8.81241322380879,-79.4125391432162,13.05));
#5684=CARTESIAN_POINT('',(-22.6739636399354,-76.6152815883025,13.05));
#5685=CARTESIAN_POINT('Origin',(0.,0.,13.05));
#5686=CARTESIAN_POINT('',(-23.0996325443146,-78.053616036143,11.55));
#5687=CARTESIAN_POINT('Ctrl Pts',(-23.4401751739865,-66.7632089583813,13.1193855657743));
#5688=CARTESIAN_POINT('Ctrl Pts',(-23.4717202483794,-66.9094917198422,13.0868863278103));
#5689=CARTESIAN_POINT('Ctrl Pts',(-23.5046899814295,-67.0589196994267,13.0654662925545));
#5690=CARTESIAN_POINT('Ctrl Pts',(-23.5388000552048,-67.2100573525441,13.0558445661035));
#5691=CARTESIAN_POINT('Ctrl Pts',(-23.9127499674876,-66.5833210912885,12.6128335169477));
#5692=CARTESIAN_POINT('Ctrl Pts',(-23.9491949666302,-66.7531567439993,12.5801605563661));
#5693=CARTESIAN_POINT('Ctrl Pts',(-23.9872119708551,-66.9258551125037,12.5603108617028));
#5694=CARTESIAN_POINT('Ctrl Pts',(-24.0265025319925,-67.0998643459789,12.5538963774023));
#5695=CARTESIAN_POINT('Ctrl Pts',(-24.3853247609886,-66.4034332241957,12.106281468121));
#5696=CARTESIAN_POINT('Ctrl Pts',(-24.4266696848811,-66.5968217681564,12.0734347849219));
#5697=CARTESIAN_POINT('Ctrl Pts',(-24.4697339602808,-66.7927905255808,12.0551554308511));
#5698=CARTESIAN_POINT('Ctrl Pts',(-24.5142050087803,-66.9896713394138,12.0519481887012));
#5699=CARTESIAN_POINT('Ctrl Pts',(-24.8578995544896,-66.2235453571029,11.5997294192944));
#5700=CARTESIAN_POINT('Ctrl Pts',(-24.9041444031319,-66.4404867923135,11.5667090134776));
#5701=CARTESIAN_POINT('Ctrl Pts',(-24.9522559497064,-66.6597259386578,11.5499999999995));
#5702=CARTESIAN_POINT('Ctrl Pts',(-25.0019074855681,-66.8794783328487,11.55));
#5703=CARTESIAN_POINT('',(-23.4401751739865,-66.7632089583813,13.1193855657743));
#5704=CARTESIAN_POINT('',(-24.857899554488,-66.2235453570952,11.5997294192416));
#5705=CARTESIAN_POINT('',(-23.4401751739865,-66.7632089583813,13.1193855657743));
#5706=CARTESIAN_POINT('',(-25.0019074855681,-66.8794783328486,11.55));
#5707=CARTESIAN_POINT('Ctrl Pts',(-24.8578995544896,-66.2235453571029,11.5997294192944));
#5708=CARTESIAN_POINT('Ctrl Pts',(-24.9041444031319,-66.4404867923135,11.5667090134776));
#5709=CARTESIAN_POINT('Ctrl Pts',(-24.9522559497064,-66.6597259386578,11.5499999999995));
#5710=CARTESIAN_POINT('Ctrl Pts',(-25.0019074855681,-66.8794783328487,11.55));
#5711=CARTESIAN_POINT('',(-23.5388000552048,-67.210057352544,13.0558445661035));
#5712=CARTESIAN_POINT('',(-25.0019074855681,-66.8794783328486,11.55));
#5713=CARTESIAN_POINT('Ctrl Pts',(-23.5388000552048,-67.2100573525441,13.0558445661035));
#5714=CARTESIAN_POINT('Ctrl Pts',(-23.5046899814295,-67.0589196994267,13.0654662925545));
#5715=CARTESIAN_POINT('Ctrl Pts',(-23.4717202483794,-66.9094917198422,13.0868863278103));
#5716=CARTESIAN_POINT('Ctrl Pts',(-23.4401751739865,-66.7632089583813,13.1193855657743));
#5717=CARTESIAN_POINT('Ctrl Pts',(-23.3941767304795,-66.5473815574572,13.1760151298019));
#5718=CARTESIAN_POINT('Ctrl Pts',(-23.4091398604762,-66.6184374178871,13.1544621799484));
#5719=CARTESIAN_POINT('Ctrl Pts',(-23.4244818361853,-66.6904348459631,13.1355535897676));
#5720=CARTESIAN_POINT('Ctrl Pts',(-23.4401751739865,-66.7632089583813,13.1193855657743));
#5721=CARTESIAN_POINT('Ctrl Pts',(-23.8651246775662,-66.330971229803,12.6710711042657));
#5722=CARTESIAN_POINT('Ctrl Pts',(-23.8787484223695,-66.4146354501207,12.6485055231472));
#5723=CARTESIAN_POINT('Ctrl Pts',(-23.8946189694204,-66.4988296668757,12.6290879660889));
#5724=CARTESIAN_POINT('Ctrl Pts',(-23.9127499674876,-66.5833210912885,12.6128335169477));
#5725=CARTESIAN_POINT('Ctrl Pts',(-24.3360726246528,-66.1145609021488,12.1661270787295));
#5726=CARTESIAN_POINT('Ctrl Pts',(-24.3483569842628,-66.2108334823543,12.1425488663461));
#5727=CARTESIAN_POINT('Ctrl Pts',(-24.3647561026556,-66.3072244877883,12.1226223424102));
#5728=CARTESIAN_POINT('Ctrl Pts',(-24.3853247609886,-66.4034332241957,12.106281468121));
#5729=CARTESIAN_POINT('Ctrl Pts',(-24.8070205717395,-65.8981505744945,11.6611830531933));
#5730=CARTESIAN_POINT('Ctrl Pts',(-24.8179655461561,-66.0070315145879,11.6365922095449));
#5731=CARTESIAN_POINT('Ctrl Pts',(-24.8348932358907,-66.1156193087009,11.6161567187314));
#5732=CARTESIAN_POINT('Ctrl Pts',(-24.8578995544896,-66.2235453571029,11.5997294192944));
#5733=CARTESIAN_POINT('',(-23.3941767304795,-66.5473815574572,13.1760151298019));
#5734=CARTESIAN_POINT('',(-24.8070205717395,-65.8981505744945,11.6611830531933));
#5735=CARTESIAN_POINT('',(-23.3941767304795,-66.5473815574572,13.1760151298019));
#5736=CARTESIAN_POINT('Ctrl Pts',(-24.8070205717395,-65.8981505744945,11.6611830531933));
#5737=CARTESIAN_POINT('Ctrl Pts',(-24.8179655461561,-66.0070315145879,11.6365922095449));
#5738=CARTESIAN_POINT('Ctrl Pts',(-24.8348932358907,-66.1156193087009,11.6161567187314));
#5739=CARTESIAN_POINT('Ctrl Pts',(-24.8578995544896,-66.2235453571029,11.5997294192944));
#5740=CARTESIAN_POINT('Ctrl Pts',(-23.4401751739865,-66.7632089583813,13.1193855657743));
#5741=CARTESIAN_POINT('Ctrl Pts',(-23.4244818361853,-66.6904348459631,13.1355535897676));
#5742=CARTESIAN_POINT('Ctrl Pts',(-23.4091398604762,-66.6184374178871,13.1544621799484));
#5743=CARTESIAN_POINT('Ctrl Pts',(-23.3941767304795,-66.5473815574572,13.1760151298019));
#5744=CARTESIAN_POINT('Ctrl Pts',(-23.1893313500769,-65.5104151572845,13.7336201754628));
#5745=CARTESIAN_POINT('Ctrl Pts',(-23.2233023677247,-65.695335300468,13.580822551724));
#5746=CARTESIAN_POINT('Ctrl Pts',(-23.2624233978767,-65.9002553784869,13.4485494152345));
#5747=CARTESIAN_POINT('Ctrl Pts',(-23.3341353001525,-66.2586031486987,13.2760490638348));
#5748=CARTESIAN_POINT('Ctrl Pts',(-23.3633484871079,-66.4009865613036,13.2204202498275));
#5749=CARTESIAN_POINT('Ctrl Pts',(-23.3941767304795,-66.5473815574572,13.1760151298019));
#5750=CARTESIAN_POINT('Ctrl Pts',(-23.829589111279,-65.091490344511,13.3235411911397));
#5751=CARTESIAN_POINT('Ctrl Pts',(-23.8060922709979,-65.3058831241203,13.128707855558));
#5752=CARTESIAN_POINT('Ctrl Pts',(-23.7945466152036,-65.5565844073445,12.9711497889482));
#5753=CARTESIAN_POINT('Ctrl Pts',(-23.8186982831096,-65.9883351352802,12.7774468886835));
#5754=CARTESIAN_POINT('Ctrl Pts',(-23.836955906195,-66.1586714441766,12.7175274952528));
#5755=CARTESIAN_POINT('Ctrl Pts',(-23.8651246775662,-66.330971229803,12.6710711042657));
#5756=CARTESIAN_POINT('Ctrl Pts',(-24.469846872481,-64.6725655317375,12.9134622068166));
#5757=CARTESIAN_POINT('Ctrl Pts',(-24.3903198407618,-64.9163656408531,12.6780432046654));
#5758=CARTESIAN_POINT('Ctrl Pts',(-24.3270946484588,-65.212731575506,12.4940307562746));
#5759=CARTESIAN_POINT('Ctrl Pts',(-24.3031440205675,-65.7181376133365,12.2787825229826));
#5760=CARTESIAN_POINT('Ctrl Pts',(-24.3108634364442,-65.9161404254188,12.2147398408196));
#5761=CARTESIAN_POINT('Ctrl Pts',(-24.3360726246528,-66.1145609021488,12.1661270787295));
#5762=CARTESIAN_POINT('Ctrl Pts',(-25.1101046336831,-64.2536407189641,12.5033832224935));
#5763=CARTESIAN_POINT('Ctrl Pts',(-24.9731097440349,-64.5269134645054,12.2259285084994));
#5764=CARTESIAN_POINT('Ctrl Pts',(-24.8592178657857,-64.8690606043636,12.0166311299883));
#5765=CARTESIAN_POINT('Ctrl Pts',(-24.7877070035246,-65.4478695999181,11.7801803478313));
#5766=CARTESIAN_POINT('Ctrl Pts',(-24.7844708555312,-65.6738253082918,11.7118470862448));
#5767=CARTESIAN_POINT('Ctrl Pts',(-24.8070205717395,-65.8981505744945,11.6611830531933));
#5768=CARTESIAN_POINT('',(-23.1893313500769,-65.5104151572845,13.7336201754628));
#5769=CARTESIAN_POINT('',(-25.1101046336831,-64.2536407189641,12.5033832224935));
#5770=CARTESIAN_POINT('',(-23.1893313500769,-65.5104151572845,13.7336201754628));
#5771=CARTESIAN_POINT('Ctrl Pts',(-25.1101046336831,-64.2536407189641,12.5033832224935));
#5772=CARTESIAN_POINT('Ctrl Pts',(-24.9731097440349,-64.5269134645054,12.2259285084994));
#5773=CARTESIAN_POINT('Ctrl Pts',(-24.8592178657857,-64.8690606043636,12.0166311299883));
#5774=CARTESIAN_POINT('Ctrl Pts',(-24.7877070035246,-65.4478695999181,11.7801803478313));
#5775=CARTESIAN_POINT('Ctrl Pts',(-24.7844708555312,-65.6738253082918,11.7118470862448));
#5776=CARTESIAN_POINT('Ctrl Pts',(-24.8070205717395,-65.8981505744945,11.6611830531933));
#5777=CARTESIAN_POINT('Ctrl Pts',(-23.3941767304795,-66.5473815574572,13.1760151298019));
#5778=CARTESIAN_POINT('Ctrl Pts',(-23.3633484871079,-66.4009865613036,13.2204202498275));
#5779=CARTESIAN_POINT('Ctrl Pts',(-23.3341353001525,-66.2586031486987,13.2760490638348));
#5780=CARTESIAN_POINT('Ctrl Pts',(-23.2624233978767,-65.9002553784869,13.4485494152345));
#5781=CARTESIAN_POINT('Ctrl Pts',(-23.2233023677247,-65.695335300468,13.580822551724));
#5782=CARTESIAN_POINT('Ctrl Pts',(-23.1893313500769,-65.5104151572845,13.7336201754628));
#5783=CARTESIAN_POINT('Origin',(-78.7471284032706,-54.736116829949,12.3));
#5784=CARTESIAN_POINT('',(-23.5806093430236,-67.3937301460686,13.05));
#5785=CARTESIAN_POINT('',(-25.0426195654489,-67.0582810299215,11.55));
#5786=CARTESIAN_POINT('',(-23.5806093430236,-67.3937301460686,13.05));
#5787=CARTESIAN_POINT('',(-26.3672186228115,-71.8345100724068,11.55));
#5788=CARTESIAN_POINT('Origin',(-78.7471284032706,-54.736116829949,11.55));
#5789=CARTESIAN_POINT('',(-24.9412682658312,-72.2999835726488,13.05));
#5790=CARTESIAN_POINT('',(-26.3672186228115,-71.8345100724068,11.55));
#5791=CARTESIAN_POINT('Origin',(-78.7471284032706,-54.736116829949,13.05));
#5792=CARTESIAN_POINT('Origin',(-21.7091141233424,-73.3550568398641,12.3));
#5793=CARTESIAN_POINT('Origin',(-21.7091141233424,-73.3550568398641,13.05));
#5794=CARTESIAN_POINT('Origin',(-21.7091141233424,-73.3550568398641,11.55));
#5795=CARTESIAN_POINT('Ctrl Pts',(-23.5388000552055,-67.2100573525475,13.0558445661033));
#5796=CARTESIAN_POINT('Ctrl Pts',(-23.5526234719905,-67.2713072573322,13.0519452741875));
#5797=CARTESIAN_POINT('Ctrl Pts',(-23.5665673451792,-67.3325299717245,13.05));
#5798=CARTESIAN_POINT('Ctrl Pts',(-23.5806093430236,-67.3937301460686,13.05));
#5799=CARTESIAN_POINT('Ctrl Pts',(-24.026502531993,-67.0998643459812,12.5538963774022));
#5800=CARTESIAN_POINT('Ctrl Pts',(-24.0402086436639,-67.1605720913128,12.5512968494583));
#5801=CARTESIAN_POINT('Ctrl Pts',(-24.054028131905,-67.221254237258,12.55));
#5802=CARTESIAN_POINT('Ctrl Pts',(-24.067946083832,-67.2819137740196,12.55));
#5803=CARTESIAN_POINT('Ctrl Pts',(-24.5142050087806,-66.9896713394149,12.0519481887011));
#5804=CARTESIAN_POINT('Ctrl Pts',(-24.5277938153372,-67.0498369252933,12.0506484247292));
#5805=CARTESIAN_POINT('Ctrl Pts',(-24.5414889186307,-67.1099785027915,12.05));
#5806=CARTESIAN_POINT('Ctrl Pts',(-24.5552828246404,-67.1700974019706,12.05));
#5807=CARTESIAN_POINT('Ctrl Pts',(-25.0019074855681,-66.8794783328486,11.55));
#5808=CARTESIAN_POINT('Ctrl Pts',(-25.0153789870106,-66.9391017592739,11.55));
#5809=CARTESIAN_POINT('Ctrl Pts',(-25.0289497053565,-66.998702768325,11.55));
#5810=CARTESIAN_POINT('Ctrl Pts',(-25.0426195654489,-67.0582810299215,11.55));
#5811=CARTESIAN_POINT('Ctrl Pts',(-23.5806093430236,-67.3937301460686,13.05));
#5812=CARTESIAN_POINT('Ctrl Pts',(-23.5665673451792,-67.3325299717245,13.05));
#5813=CARTESIAN_POINT('Ctrl Pts',(-23.5526234719905,-67.2713072573322,13.0519452741875));
#5814=CARTESIAN_POINT('Ctrl Pts',(-23.5388000552055,-67.2100573525475,13.0558445661033));
#5815=CARTESIAN_POINT('Ctrl Pts',(-25.0019074855681,-66.8794783328486,11.55));
#5816=CARTESIAN_POINT('Ctrl Pts',(-25.0153789870106,-66.9391017592739,11.55));
#5817=CARTESIAN_POINT('Ctrl Pts',(-25.0289497053565,-66.998702768325,11.55));
#5818=CARTESIAN_POINT('Ctrl Pts',(-25.0426195654489,-67.0582810299215,11.55));
#5819=CARTESIAN_POINT('Ctrl Pts',(-23.0118588395096,-64.4498212423438,16.5057740320799));
#5820=CARTESIAN_POINT('Ctrl Pts',(-23.0037753950819,-64.3957268436049,16.1566558200691));
#5821=CARTESIAN_POINT('Ctrl Pts',(-23.0055176324885,-64.4084926411715,15.6227870633975));
#5822=CARTESIAN_POINT('Ctrl Pts',(-23.0362941501079,-64.6118988213558,14.9402248713479));
#5823=CARTESIAN_POINT('Ctrl Pts',(-23.0751213839284,-64.8565439924493,14.455715607688));
#5824=CARTESIAN_POINT('Ctrl Pts',(-23.1123144482493,-65.0775723546132,14.163711748527));
#5825=CARTESIAN_POINT('Ctrl Pts',(-23.1507661010302,-65.2976889788758,13.9224527570257));
#5826=CARTESIAN_POINT('Ctrl Pts',(-23.1691445792506,-65.4005291188293,13.824417885593));
#5827=CARTESIAN_POINT('Ctrl Pts',(-23.1893313500769,-65.5104151572845,13.7336201754628));
#5828=CARTESIAN_POINT('Ctrl Pts',(-23.941681052729,-64.0844479520472,16.5412900475412));
#5829=CARTESIAN_POINT('Ctrl Pts',(-23.9398626089837,-64.0452486048468,16.1618983083193));
#5830=CARTESIAN_POINT('Ctrl Pts',(-23.9421512074802,-64.052618821481,15.5976441103751));
#5831=CARTESIAN_POINT('Ctrl Pts',(-23.9421373164249,-64.2067087028863,14.8356299510487));
#5832=CARTESIAN_POINT('Ctrl Pts',(-23.9271859742541,-64.4083837123313,14.2571528820403));
#5833=CARTESIAN_POINT('Ctrl Pts',(-23.8956723688634,-64.618574889415,13.8807865326877));
#5834=CARTESIAN_POINT('Ctrl Pts',(-23.8599718236849,-64.8498709007918,13.5667957144051));
#5835=CARTESIAN_POINT('Ctrl Pts',(-23.843444812651,-64.963933220644,13.4390378321284));
#5836=CARTESIAN_POINT('Ctrl Pts',(-23.829589111279,-65.091490344511,13.3235411911397));
#5837=CARTESIAN_POINT('Ctrl Pts',(-24.8715032659483,-63.7190746617507,16.5768060630024));
#5838=CARTESIAN_POINT('Ctrl Pts',(-24.8790891042386,-63.6918946920579,16.1671750596095));
#5839=CARTESIAN_POINT('Ctrl Pts',(-24.878941464408,-63.6965982466817,15.5724382823007));
#5840=CARTESIAN_POINT('Ctrl Pts',(-24.8482768359092,-63.8010926957836,14.7308530787387));
#5841=CARTESIAN_POINT('Ctrl Pts',(-24.7793831880109,-63.9599677776995,14.0583946720938));
#5842=CARTESIAN_POINT('Ctrl Pts',(-24.6781796369493,-64.1599154544882,13.5973393224583));
#5843=CARTESIAN_POINT('Ctrl Pts',(-24.5698573097812,-64.4017167762111,13.2114613926785));
#5844=CARTESIAN_POINT('Ctrl Pts',(-24.5172115712533,-64.5278483618281,13.0536366036912));
#5845=CARTESIAN_POINT('Ctrl Pts',(-24.469846872481,-64.6725655317375,12.9134622068166));
#5846=CARTESIAN_POINT('Ctrl Pts',(-25.8013254791677,-63.3537013714541,16.6123220784636));
#5847=CARTESIAN_POINT('Ctrl Pts',(-25.8151763181404,-63.3414164532998,16.1724175478597));
#5848=CARTESIAN_POINT('Ctrl Pts',(-25.8155750393998,-63.3407244269912,15.5472953292784));
#5849=CARTESIAN_POINT('Ctrl Pts',(-25.7541200022263,-63.3959025773142,14.6262581584395));
#5850=CARTESIAN_POINT('Ctrl Pts',(-25.6314477783366,-63.5118074975816,13.8598319464461));
#5851=CARTESIAN_POINT('Ctrl Pts',(-25.4615375575634,-63.7009179892901,13.314414106619));
#5852=CARTESIAN_POINT('Ctrl Pts',(-25.2790630324359,-63.9538986981272,12.8558043500579));
#5853=CARTESIAN_POINT('Ctrl Pts',(-25.1915118046537,-64.0912524636428,12.6682565502266));
#5854=CARTESIAN_POINT('Ctrl Pts',(-25.1101046336831,-64.2536407189641,12.5033832224935));
#5855=CARTESIAN_POINT('',(-25.3683913285976,-63.5199805017449,15.6307948955014));
#5856=CARTESIAN_POINT('',(-25.3852525391165,-63.8070970117858,13.1245796469162));
#5857=CARTESIAN_POINT('Ctrl Pts',(-25.3683913285976,-63.5199805017449,15.6307948955014));
#5858=CARTESIAN_POINT('Ctrl Pts',(-25.3585147838333,-63.524223639563,15.6155178789806));
#5859=CARTESIAN_POINT('Ctrl Pts',(-25.3514538659466,-63.5274465898892,15.5988904686437));
#5860=CARTESIAN_POINT('Ctrl Pts',(-25.3435083190391,-63.5314353218099,15.5698372456476));
#5861=CARTESIAN_POINT('Ctrl Pts',(-25.3413573038136,-63.5326419629375,15.5583504990202));
#5862=CARTESIAN_POINT('Ctrl Pts',(-25.338464909663,-63.5345317729362,15.5354325060335));
#5863=CARTESIAN_POINT('Ctrl Pts',(-25.3376866740627,-63.5352312535352,15.5239265479126));
#5864=CARTESIAN_POINT('Ctrl Pts',(-25.3369304562795,-63.5365308614933,15.4955849607686));
#5865=CARTESIAN_POINT('Ctrl Pts',(-25.3375002551287,-63.5369454243077,15.478361205417));
#5866=CARTESIAN_POINT('Ctrl Pts',(-25.3414415997519,-63.5376076329439,15.4208730198838));
#5867=CARTESIAN_POINT('Ctrl Pts',(-25.3480783823274,-63.536877977533,15.3756081048039));
#5868=CARTESIAN_POINT('Ctrl Pts',(-25.3835002084997,-63.5318375082841,15.17709327088));
#5869=CARTESIAN_POINT('Ctrl Pts',(-25.4331493032944,-63.5224703206189,14.974288951224));
#5870=CARTESIAN_POINT('Ctrl Pts',(-25.5192295724189,-63.523257018985,14.4499266704413));
#5871=CARTESIAN_POINT('Ctrl Pts',(-25.5600142460648,-63.533466279986,14.0594022788491));
#5872=CARTESIAN_POINT('Ctrl Pts',(-25.5014912563843,-63.6434816490128,13.5538776773596));
#5873=CARTESIAN_POINT('Ctrl Pts',(-25.4798436294043,-63.6766210457411,13.4366494348864));
#5874=CARTESIAN_POINT('Ctrl Pts',(-25.4398270002775,-63.7328863152626,13.2872002806877));
#5875=CARTESIAN_POINT('Ctrl Pts',(-25.4290309381582,-63.7477801855191,13.2508167387272));
#5876=CARTESIAN_POINT('Ctrl Pts',(-25.4072858564409,-63.7774172135023,13.1843620076196));
#5877=CARTESIAN_POINT('Ctrl Pts',(-25.3965831088538,-63.7918711122715,13.1541717045815));
#5878=CARTESIAN_POINT('Ctrl Pts',(-25.3852525379798,-63.8070970133131,13.1245796439517));
#5879=CARTESIAN_POINT('Ctrl Pts',(-25.385413329551,-63.8069975988499,13.1245118512395));
#5880=CARTESIAN_POINT('Ctrl Pts',(-25.3764298405179,-63.819097215096,13.1009905957165));
#5881=CARTESIAN_POINT('Ctrl Pts',(-25.3672944727985,-63.8315755831112,13.077554752518));
#5882=CARTESIAN_POINT('Ctrl Pts',(-25.2790630324359,-63.9538986981272,12.8558043500579));
#5883=CARTESIAN_POINT('Ctrl Pts',(-25.1915118046537,-64.0912524636428,12.6682565502266));
#5884=CARTESIAN_POINT('Ctrl Pts',(-25.1101046336831,-64.2536407189641,12.5033832224935));
#5885=CARTESIAN_POINT('',(-23.0065778863348,-64.4147271257656,16.0500000011724));
#5886=CARTESIAN_POINT('Ctrl Pts',(-23.1893313500769,-65.5104151572845,13.7336201754628));
#5887=CARTESIAN_POINT('Ctrl Pts',(-23.1691445792506,-65.4005291188293,13.824417885593));
#5888=CARTESIAN_POINT('Ctrl Pts',(-23.1507661010302,-65.2976889788758,13.9224527570257));
#5889=CARTESIAN_POINT('Ctrl Pts',(-23.1123144482493,-65.0775723546132,14.163711748527));
#5890=CARTESIAN_POINT('Ctrl Pts',(-23.0751213839284,-64.8565439924493,14.455715607688));
#5891=CARTESIAN_POINT('Ctrl Pts',(-23.0362941501079,-64.6118988213558,14.9402248713479));
#5892=CARTESIAN_POINT('Ctrl Pts',(-23.012177707425,-64.4525099799537,15.4750797950139));
#5893=CARTESIAN_POINT('Ctrl Pts',(-23.0065574064471,-64.4147313561319,15.8504034164624));
#5894=CARTESIAN_POINT('Ctrl Pts',(-23.0065778863348,-64.4147271257656,16.0500000011724));
#5895=CARTESIAN_POINT('',(-25.2548815148245,-63.5669014477034,16.5514215721495));
#5896=CARTESIAN_POINT('Ctrl Pts',(-23.0066349625102,-64.4147090942097,16.05));
#5897=CARTESIAN_POINT('Ctrl Pts',(-23.0066349625102,-64.4147090942097,16.0525242358051));
#5898=CARTESIAN_POINT('Ctrl Pts',(-23.0067763837358,-64.4146585841071,16.0550402634629));
#5899=CARTESIAN_POINT('Ctrl Pts',(-23.0074841318828,-64.4144057965083,16.0613776651012));
#5900=CARTESIAN_POINT('Ctrl Pts',(-23.0082299231295,-64.4141394182296,16.0651419796745));
#5901=CARTESIAN_POINT('Ctrl Pts',(-23.0119785972764,-64.4128003533545,16.0785968960526));
#5902=CARTESIAN_POINT('Ctrl Pts',(-23.0166128625932,-64.4111447466326,16.0876540933276));
#5903=CARTESIAN_POINT('Ctrl Pts',(-23.0296533931304,-64.4064835802584,16.1069137783169));
#5904=CARTESIAN_POINT('Ctrl Pts',(-23.0390829971284,-64.4031114244591,16.1169051233197));
#5905=CARTESIAN_POINT('Ctrl Pts',(-23.0689398310464,-64.3924255843876,16.1438115217326));
#5906=CARTESIAN_POINT('Ctrl Pts',(-23.0938630672824,-64.3834924372501,16.15982722679));
#5907=CARTESIAN_POINT('Ctrl Pts',(-23.1775332676754,-64.3534464826608,16.2068955866994));
#5908=CARTESIAN_POINT('Ctrl Pts',(-23.2556997950087,-64.325260832806,16.2374338762243));
#5909=CARTESIAN_POINT('Ctrl Pts',(-23.5905830289387,-64.2037343595681,16.3502509930299));
#5910=CARTESIAN_POINT('Ctrl Pts',(-23.9675252005403,-64.064290811082,16.4301188867097));
#5911=CARTESIAN_POINT('Ctrl Pts',(-24.6629006780516,-63.8001911460095,16.5457171793515));
#5912=CARTESIAN_POINT('Ctrl Pts',(-25.0111802993634,-63.6637229881799,16.5827995703647));
#5913=CARTESIAN_POINT('Ctrl Pts',(-25.2548815148245,-63.5669014477033,16.5514215721496));
#5914=CARTESIAN_POINT('Ctrl Pts',(-25.2549229225637,-63.5668630625125,16.5514304693728));
#5915=CARTESIAN_POINT('Ctrl Pts',(-25.2696614529953,-63.5610057616288,16.5495344152682));
#5916=CARTESIAN_POINT('Ctrl Pts',(-25.2838231047607,-63.5552843374035,16.5450802367028));
#5917=CARTESIAN_POINT('Ctrl Pts',(-25.2973177218187,-63.5497557827584,16.5381486694756));
#5918=CARTESIAN_POINT('Ctrl Pts',(-25.3162617083413,-63.5419946981544,16.5284180105345));
#5919=CARTESIAN_POINT('Ctrl Pts',(-25.3327916854305,-63.5350675254915,16.5143769393471));
#5920=CARTESIAN_POINT('Ctrl Pts',(-25.347147341221,-63.5289702466542,16.4978804800139));
#5921=CARTESIAN_POINT('Ctrl Pts',(-25.3634266145504,-63.5220559495851,16.4791735414822));
#5922=CARTESIAN_POINT('Ctrl Pts',(-25.3770408868134,-63.5161535587129,16.4571726127163));
#5923=CARTESIAN_POINT('Ctrl Pts',(-25.3884148624723,-63.5111695518468,16.4341177692481));
#5924=CARTESIAN_POINT('Ctrl Pts',(-25.3930537081041,-63.5091368379415,16.4247149128396));
#5925=CARTESIAN_POINT('Ctrl Pts',(-25.3973200637579,-63.5072563236778,16.415136700305));
#5926=CARTESIAN_POINT('Ctrl Pts',(-25.401243679744,-63.5055193545679,16.4055344679459));
#5927=CARTESIAN_POINT('Ctrl Pts',(-25.412636802512,-63.5004756646696,16.3776521745457));
#5928=CARTESIAN_POINT('Ctrl Pts',(-25.4218547398359,-63.4963278234011,16.3478289113755));
#5929=CARTESIAN_POINT('Ctrl Pts',(-25.4292757275334,-63.4929611993014,16.3176856531216));
#5930=CARTESIAN_POINT('Ctrl Pts',(-25.4335563348772,-63.4910192481175,16.3002982839591));
#5931=CARTESIAN_POINT('Ctrl Pts',(-25.437239468792,-63.489336522076,16.2828039734599));
#5932=CARTESIAN_POINT('Ctrl Pts',(-25.440401816505,-63.4878852917997,16.2655100761749));
#5933=CARTESIAN_POINT('Ctrl Pts',(-25.44709990132,-63.4848114794428,16.2288803310267));
#5934=CARTESIAN_POINT('Ctrl Pts',(-25.4518193549648,-63.4826125774177,16.1911698234633));
#5935=CARTESIAN_POINT('Ctrl Pts',(-25.4548276567585,-63.4811968873462,16.1536971789247));
#5936=CARTESIAN_POINT('Ctrl Pts',(-25.4555590674986,-63.480852689525,16.144586425897));
#5937=CARTESIAN_POINT('Ctrl Pts',(-25.4561894756882,-63.4805546240976,16.1354896352643));
#5938=CARTESIAN_POINT('Ctrl Pts',(-25.4567230179798,-63.480301050037,16.1264255945059));
#5939=CARTESIAN_POINT('Ctrl Pts',(-25.4591011560299,-63.4791708038851,16.0860247855059));
#5940=CARTESIAN_POINT('Ctrl Pts',(-25.4596291867636,-63.478890557981,16.0449365349916));
#5941=CARTESIAN_POINT('Ctrl Pts',(-25.4583125670845,-63.479463873983,16.0043994761669));
#5942=CARTESIAN_POINT('Ctrl Pts',(-25.4581274844051,-63.4795444673871,15.9987010139739));
#5943=CARTESIAN_POINT('Ctrl Pts',(-25.4579060077243,-63.4796418670957,15.9930134412616));
#5944=CARTESIAN_POINT('Ctrl Pts',(-25.4576482099685,-63.4797560223722,15.9873402004859));
#5945=CARTESIAN_POINT('Ctrl Pts',(-25.4559489253209,-63.4805084816326,15.9499447975559));
#5946=CARTESIAN_POINT('Ctrl Pts',(-25.4526193785229,-63.482013949422,15.9120137740267));
#5947=CARTESIAN_POINT('Ctrl Pts',(-25.447398717941,-63.4843756371476,15.8747671268908));
#5948=CARTESIAN_POINT('Ctrl Pts',(-25.4461622460998,-63.4849349840588,15.8659455554358));
#5949=CARTESIAN_POINT('Ctrl Pts',(-25.4448198434316,-63.4855421998802,15.8571624418444));
#5950=CARTESIAN_POINT('Ctrl Pts',(-25.4433683235516,-63.4861983535474,15.8484341413853));
#5951=CARTESIAN_POINT('Ctrl Pts',(-25.4384282109104,-63.4884315114052,15.8187281841842));
#5952=CARTESIAN_POINT('Ctrl Pts',(-25.4320222777407,-63.4913246912813,15.7884532610366));
#5953=CARTESIAN_POINT('Ctrl Pts',(-25.4237934542673,-63.4950078382493,15.7590260293862));
#5954=CARTESIAN_POINT('Ctrl Pts',(-25.4189580822247,-63.4971721070461,15.7417341754934));
#5955=CARTESIAN_POINT('Ctrl Pts',(-25.4134938794772,-63.4996084487398,15.7247353941037));
#5956=CARTESIAN_POINT('Ctrl Pts',(-25.407333097176,-63.502337009479,15.7083203808943));
#5957=CARTESIAN_POINT('Ctrl Pts',(-25.3988260519213,-63.5061047111367,15.6856538990414));
#5958=CARTESIAN_POINT('Ctrl Pts',(-25.3885371913305,-63.5106324921335,15.6629028033297));
#5959=CARTESIAN_POINT('Ctrl Pts',(-25.3761010206832,-63.5160233505378,15.6419084392022));
#5960=CARTESIAN_POINT('Ctrl Pts',(-25.3739553585377,-63.5169534568492,15.638286197786));
#5961=CARTESIAN_POINT('Ctrl Pts',(-25.3717458349054,-63.5179091481703,15.6347162818769));
#5962=CARTESIAN_POINT('Ctrl Pts',(-25.3694706409524,-63.5188908190046,15.631208178811));
#5963=CARTESIAN_POINT('Origin',(-1.18336085527539E-14,-4.20847087957411E-15,
-2.15105711021141E-15));
#5964=CARTESIAN_POINT('',(-3.12527383182623,-68.328564037787,16.05));
#5965=CARTESIAN_POINT('Origin',(-1.18336085527539E-14,-4.20847087957411E-15,
16.05));
#5966=CARTESIAN_POINT('',(-3.12527383182623,-68.328564037787,20.5));
#5967=CARTESIAN_POINT('',(-3.12527383182623,-68.328564037787,-2.02646764303819E-15));
#5968=CARTESIAN_POINT('',(-25.2548815148245,-63.5669014477034,20.5));
#5969=CARTESIAN_POINT('Origin',(-1.18336085527539E-14,-4.20847087957411E-15,
20.5));
#5970=CARTESIAN_POINT('',(-25.2548815148245,-63.5669014477034,-2.15105711021141E-15));
#5971=CARTESIAN_POINT('Origin',(-1.18336085527539E-14,-4.20847087957411E-15,
16.05));
#5972=CARTESIAN_POINT('',(-21.5529123594295,-68.0693173817408,13.05));
#5973=CARTESIAN_POINT('Origin',(-1.18336085527539E-14,-4.20847087957411E-15,
13.05));
#5974=CARTESIAN_POINT('',(-20.2431670887008,-68.4702430710477,13.05));
#5975=CARTESIAN_POINT('Ctrl Pts',(-21.5529123594297,-68.0693173817404,13.05));
#5976=CARTESIAN_POINT('Ctrl Pts',(-21.4952850627555,-68.0525720533829,13.05));
#5977=CARTESIAN_POINT('Ctrl Pts',(-21.4363925459681,-68.0399594464161,13.050552458502));
#5978=CARTESIAN_POINT('Ctrl Pts',(-21.2403533158146,-68.0126339867705,13.0530688791022));
#5979=CARTESIAN_POINT('Ctrl Pts',(-21.1018202874409,-68.0162659406829,13.0557144166078));
#5980=CARTESIAN_POINT('Ctrl Pts',(-20.8364418876285,-68.0676346380786,13.057660542451));
#5981=CARTESIAN_POINT('Ctrl Pts',(-20.7112055934529,-68.1133377512897,13.05705431396));
#5982=CARTESIAN_POINT('Ctrl Pts',(-20.4708088278695,-68.2473507309038,13.0535362968699));
#5983=CARTESIAN_POINT('Ctrl Pts',(-20.3590523067674,-68.3376255418916,13.0505180928946));
#5984=CARTESIAN_POINT('Ctrl Pts',(-20.2575709798712,-68.4531628815006,13.0500192659343));
#5985=CARTESIAN_POINT('Ctrl Pts',(-20.2503091170439,-68.4616579985926,13.05));
#5986=CARTESIAN_POINT('Ctrl Pts',(-20.2431670887005,-68.4702430710474,13.05));
#5987=CARTESIAN_POINT('',(-3.26234724550296,-71.3254308815528,13.05));
#5988=CARTESIAN_POINT('Origin',(-1.18336085527539E-14,-4.20847087957411E-15,
13.05));
#5989=CARTESIAN_POINT('Origin',(-3.26234724550296,-71.3254308815528,16.05));
#5990=CARTESIAN_POINT('Origin',(-13.2600918098551,-65.4610197259073,13.05));
#5991=CARTESIAN_POINT('',(-2.5098942881682,-71.3218076245421,13.05));
#5992=CARTESIAN_POINT('',(6.16411979771903,-60.1867170560314,13.05));
#5993=CARTESIAN_POINT('Origin',(-2.92194826820913,-63.8832115529419,13.05));
#5994=CARTESIAN_POINT('',(-22.4541148730606,-69.2696674613017,13.05));
#5995=CARTESIAN_POINT('Origin',(-21.2041148730606,-69.2696674613017,13.05));
#5996=CARTESIAN_POINT('Origin',(-21.2041148730606,-69.2696674613017,13.05));
#5997=CARTESIAN_POINT('',(-9.81996333362245,-72.1854607674537,13.05));
#5998=CARTESIAN_POINT('Origin',(-8.56996333362245,-72.1854607674537,13.05));
#5999=CARTESIAN_POINT('',(-16.8478010539675,-73.8073003130063,13.05));
#6000=CARTESIAN_POINT('Origin',(-15.5978010539675,-73.8073003130063,13.05));
#6001=CARTESIAN_POINT('Origin',(-9.89077186075816,-80.7968602855237,0.));
#6002=CARTESIAN_POINT('',(-8.08927522966398,-78.4842253338768,0.));
#6003=CARTESIAN_POINT('Ctrl Pts',(-8.08927522966396,-78.4842253338768,-5.55111512312578E-16));
#6004=CARTESIAN_POINT('Ctrl Pts',(-8.80610922183453,-79.4044465078766,1.97773164597857));
#6005=CARTESIAN_POINT('Ctrl Pts',(-9.54122895188681,-80.3481416289336,4.0253245093053));
#6006=CARTESIAN_POINT('',(6.16411979771903,-60.1867170560314,0.));
#6007=CARTESIAN_POINT('',(6.16411979771903,-60.1867170560314,0.));
#6008=CARTESIAN_POINT('',(6.16411979771903,-60.1867170560314,22.));
#6009=CARTESIAN_POINT('',(6.16411979771903,-60.1867170560314,0.));
#6010=CARTESIAN_POINT('',(2.35180904669567,-65.0806940622504,22.));
#6011=CARTESIAN_POINT('',(6.16411979771903,-60.1867170560314,22.));
#6012=CARTESIAN_POINT('',(1.08619048844742,-66.7054063502108,20.5));
#6013=CARTESIAN_POINT('Ctrl Pts',(1.08619048844742,-66.7054063502108,20.5));
#6014=CARTESIAN_POINT('Ctrl Pts',(1.60463664483827,-66.0398615575523,20.9944891353234));
#6015=CARTESIAN_POINT('Ctrl Pts',(2.35180904669568,-65.0806940622504,22.));
#6016=CARTESIAN_POINT('',(1.08619048844742,-66.7054063502108,16.05));
#6017=CARTESIAN_POINT('',(1.08619048844742,-66.7054063502108,0.));
#6018=CARTESIAN_POINT('',(0.250079398241803,-67.7787470921775,14.2856938784902));
#6019=CARTESIAN_POINT('Ctrl Pts',(0.25007939824296,-67.778747092176,14.2856938784908));
#6020=CARTESIAN_POINT('Ctrl Pts',(0.314756264601146,-67.6957194699638,14.3180737450966));
#6021=CARTESIAN_POINT('Ctrl Pts',(0.376686795790548,-67.6162174001122,14.3583530863484));
#6022=CARTESIAN_POINT('Ctrl Pts',(0.505187598959638,-67.4512570867849,14.4602095081285));
#6023=CARTESIAN_POINT('Ctrl Pts',(0.586868382876415,-67.3464010284923,14.5427842755215));
#6024=CARTESIAN_POINT('Ctrl Pts',(0.745306362274222,-67.1430094692191,14.7440975265329));
#6025=CARTESIAN_POINT('Ctrl Pts',(0.843709291503319,-67.016686694282,14.9175290079568));
#6026=CARTESIAN_POINT('Ctrl Pts',(0.964661713692668,-66.8614164627348,15.2216370323698));
#6027=CARTESIAN_POINT('Ctrl Pts',(1.01549766069444,-66.7961568414804,15.4022356279365));
#6028=CARTESIAN_POINT('Ctrl Pts',(1.07011208645116,-66.7260466743621,15.7104109597452));
#6029=CARTESIAN_POINT('Ctrl Pts',(1.08619048844743,-66.7054063502108,15.8948018160418));
#6030=CARTESIAN_POINT('Ctrl Pts',(1.08619048844743,-66.7054063502108,16.05));
#6031=CARTESIAN_POINT('Ctrl Pts',(-2.50989428816819,-71.321807624542,13.05));
#6032=CARTESIAN_POINT('Ctrl Pts',(-2.29682358138332,-71.0482824038018,13.05));
#6033=CARTESIAN_POINT('Ctrl Pts',(-2.0644592922358,-70.7499894359872,13.0865378632371));
#6034=CARTESIAN_POINT('Ctrl Pts',(-1.60615431036489,-70.1616496626595,13.2242354297922));
#6035=CARTESIAN_POINT('Ctrl Pts',(-1.38010846652171,-69.871467871518,13.3244667835616));
#6036=CARTESIAN_POINT('Ctrl Pts',(-0.840141001733656,-69.1782955334368,
13.6068088749565));
#6037=CARTESIAN_POINT('Ctrl Pts',(-0.483408387649732,-68.7203472378456,
13.8498908777619));
#6038=CARTESIAN_POINT('Ctrl Pts',(-0.00176494629068538,-68.1020471880465,
14.1485066977346));
#6039=CARTESIAN_POINT('Ctrl Pts',(0.12415104586986,-67.940405073698,14.2226490298253));
#6040=CARTESIAN_POINT('Ctrl Pts',(0.2500793982418,-67.7787470921775,14.2856938784902));
#6041=CARTESIAN_POINT('Origin',(-30.7798183843137,-62.8697286476462,21.25));
#6042=CARTESIAN_POINT('',(-28.8706543718954,-58.2485715659526,22.));
#6043=CARTESIAN_POINT('',(-29.0093881487661,-59.850527299432,20.5));
#6044=CARTESIAN_POINT('Ctrl Pts',(-28.8706543718954,-58.2485715659526,22.));
#6045=CARTESIAN_POINT('Ctrl Pts',(-28.8785352852423,-58.3604796756458,21.8935618180491));
#6046=CARTESIAN_POINT('Ctrl Pts',(-28.8867837371195,-58.4722318722373,21.787502412648));
#6047=CARTESIAN_POINT('Ctrl Pts',(-28.9281546270627,-59.0082428926573,21.2801776706319));
#6048=CARTESIAN_POINT('Ctrl Pts',(-28.9661098835113,-59.4296453368382,20.8849567252146));
#6049=CARTESIAN_POINT('Ctrl Pts',(-29.0093881487661,-59.850527299432,20.5));
#6050=CARTESIAN_POINT('',(-27.6241034515119,-61.3559706541442,20.5));
#6051=CARTESIAN_POINT('Origin',(-30.7798183843137,-62.8697286476462,20.5));
#6052=CARTESIAN_POINT('',(-26.2716541945968,-60.7072172283576,22.));
#6053=CARTESIAN_POINT('',(-27.6241034515119,-61.3559706541442,20.5));
#6054=CARTESIAN_POINT('Origin',(-30.7798183843137,-62.8697286476462,22.));
#6055=CARTESIAN_POINT('Origin',(-23.6118373227307,-59.4313354910094,21.25));
#6056=CARTESIAN_POINT('Origin',(-23.6118373227307,-59.4313354910094,20.5));
#6057=CARTESIAN_POINT('',(-24.7010463938848,-62.1728904510417,22.));
#6058=CARTESIAN_POINT('',(-25.2548815148245,-63.5669014477034,20.5));
#6059=CARTESIAN_POINT('Origin',(-23.6118373227307,-59.4313354910094,22.));
#6060=CARTESIAN_POINT('Origin',(-1.18344074043268E-14,-4.18099952149592E-15,
21.25));
#6061=CARTESIAN_POINT('',(-3.05673712498787,-66.8301306159041,22.));
#6062=CARTESIAN_POINT('',(-3.12527383182623,-68.328564037787,20.5));
#6063=CARTESIAN_POINT('Origin',(-1.18352062558997E-14,-4.15352816341773E-15,
22.));
#6064=CARTESIAN_POINT('Origin',(-2.92194826820913,-63.8832115529419,21.25));
#6065=CARTESIAN_POINT('',(-0.112128350889753,-67.3339233681438,20.5));
#6066=CARTESIAN_POINT('Origin',(-2.92194826820913,-63.8832115529419,20.5));
#6067=CARTESIAN_POINT('',(-1.05925866011434,-66.1707620821013,22.));
#6068=CARTESIAN_POINT('',(-0.112128350889753,-67.3339233681438,20.5));
#6069=CARTESIAN_POINT('Origin',(-2.92194826820913,-63.8832115529419,22.));
#6070=CARTESIAN_POINT('Origin',(2.0347003500193,-69.9704222831736,21.25));
#6071=CARTESIAN_POINT('Origin',(2.0347003500193,-69.9704222831736,22.));
#6072=CARTESIAN_POINT('Origin',(2.0347003500193,-69.9704222831736,20.5));
#6073=CARTESIAN_POINT('Origin',(-11.16444553494,-59.2765892051356,22.));
#6074=CARTESIAN_POINT('',(4.01365693570142,-56.1567498885398,22.));
#6075=CARTESIAN_POINT('Origin',(4.19188896546916,-58.6503884636169,22.));
#6076=CARTESIAN_POINT('',(-25.1150937333853,-50.3877174196708,22.));
#6077=CARTESIAN_POINT('Origin',(-1.54971750602027E-13,3.77110514080374E-12,
22.));
#6078=CARTESIAN_POINT('',(-28.7302693372575,-52.6069458054674,22.));
#6079=CARTESIAN_POINT('Origin',(-26.2303358292546,-52.6251791662673,22.));
#6080=CARTESIAN_POINT('',(-28.7484582419904,-55.1007840459566,22.));
#6081=CARTESIAN_POINT('',(-28.7484582419904,-55.1007840459566,22.));
#6082=CARTESIAN_POINT('Origin',(-78.7471284032706,-54.736116829949,22.));
#6083=CARTESIAN_POINT('',(-23.8614174712156,-58.3200334357106,22.));
#6084=CARTESIAN_POINT('Origin',(-22.6114174712156,-58.3200334357106,22.));
#6085=CARTESIAN_POINT('',(-4.77202772026112,-62.4507631717797,22.));
#6086=CARTESIAN_POINT('Origin',(-3.52202772026112,-62.4507631717797,22.));
#6087=CARTESIAN_POINT('Origin',(-21.2041148730606,-69.2696674613017,-5.75));
#6088=CARTESIAN_POINT('',(-22.4541148730606,-69.2696674613017,0.));
#6089=CARTESIAN_POINT('Origin',(-21.2041148730606,-69.2696674613017,0.));
#6090=CARTESIAN_POINT('',(-22.4541148730606,-69.2696674613017,-5.75));
#6091=CARTESIAN_POINT('Origin',(-15.5978010539675,-73.8073003130063,-5.75));
#6092=CARTESIAN_POINT('',(-16.8478010539675,-73.8073003130063,0.));
#6093=CARTESIAN_POINT('Origin',(-15.5978010539675,-73.8073003130063,0.));
#6094=CARTESIAN_POINT('',(-16.8478010539675,-73.8073003130063,-5.75));
#6095=CARTESIAN_POINT('Origin',(-8.56996333362245,-72.1854607674537,-5.75));
#6096=CARTESIAN_POINT('',(-9.81996333362245,-72.1854607674537,0.));
#6097=CARTESIAN_POINT('Origin',(-8.56996333362245,-72.1854607674537,0.));
#6098=CARTESIAN_POINT('',(-9.81996333362245,-72.1854607674537,-5.75));
#6099=CARTESIAN_POINT('Origin',(-27.7919773501361,-65.5980955277044,-0.100000000000002));
#6100=CARTESIAN_POINT('',(-26.1086994867346,-63.1148364525005,13.1245796469123));
#6101=CARTESIAN_POINT('Origin',(-27.7919773501361,-65.5980955277044,13.1245796469123));
#6102=CARTESIAN_POINT('',(-26.1086994867346,-63.1148364525005,8.39780225090128));
#6103=CARTESIAN_POINT('',(-26.1086994867346,-63.1148364525005,-0.100000000000002));
#6104=CARTESIAN_POINT('',(-24.8578995544124,-66.2235453567408,4.80000000000004));
#6105=CARTESIAN_POINT('Ctrl Pts',(-26.1086994867415,-63.1148364524958,8.39780225091643));
#6106=CARTESIAN_POINT('Ctrl Pts',(-25.8167594935897,-63.3127280590615,7.75896585828158));
#6107=CARTESIAN_POINT('Ctrl Pts',(-25.5455609768468,-63.5715230408062,7.140967334948));
#6108=CARTESIAN_POINT('Ctrl Pts',(-25.1137065953257,-64.1971339201521,6.07827930121495));
#6109=CARTESIAN_POINT('Ctrl Pts',(-24.8992415882392,-64.6430870623092,5.50126325302536));
#6110=CARTESIAN_POINT('Ctrl Pts',(-24.8014636763426,-65.3159877088147,5.05368366873159));
#6111=CARTESIAN_POINT('Ctrl Pts',(-24.7883532252286,-65.4902685092642,4.96057388318329));
#6112=CARTESIAN_POINT('Ctrl Pts',(-24.7974683157434,-65.8555841755091,4.83328986827166));
#6113=CARTESIAN_POINT('Ctrl Pts',(-24.8202471951428,-66.046912561973,4.80000000000004));
#6114=CARTESIAN_POINT('Ctrl Pts',(-24.8578995544125,-66.2235453567408,4.80000000000004));
#6115=CARTESIAN_POINT('',(-24.8578995544125,-66.2235453567408,-0.100000000000002));
#6116=CARTESIAN_POINT('Ctrl Pts',(-25.0033491124075,-63.8071397264407,14.9217330217272));
#6117=CARTESIAN_POINT('Ctrl Pts',(-25.1425943142444,-63.8073430930716,14.6172836011647));
#6118=CARTESIAN_POINT('Ctrl Pts',(-25.356117647326,-63.763475173716,14.1022756359259));
#6119=CARTESIAN_POINT('Ctrl Pts',(-25.401540025297,-63.7852100600515,13.4078541066334));
#6120=CARTESIAN_POINT('Ctrl Pts',(-25.3852525361508,-63.807097015771,13.1245796439517));
#6121=CARTESIAN_POINT('Ctrl Pts',(-25.1055822221219,-63.6768901247787,15.1519428929325));
#6122=CARTESIAN_POINT('Ctrl Pts',(-25.2788213995513,-63.6335269211082,14.8460981564615));
#6123=CARTESIAN_POINT('Ctrl Pts',(-25.5371104801245,-63.5386790806611,14.249631005218));
#6124=CARTESIAN_POINT('Ctrl Pts',(-25.5987615221601,-63.5253144902157,13.4540690119012));
#6125=CARTESIAN_POINT('Ctrl Pts',(-25.585447598558,-63.5380770131733,13.1245796449012));
#6126=CARTESIAN_POINT('Ctrl Pts',(-25.2286918901523,-63.5799734515038,15.3917035799195));
#6127=CARTESIAN_POINT('Ctrl Pts',(-25.444649542971,-63.4978676921932,15.0865743528408));
#6128=CARTESIAN_POINT('Ctrl Pts',(-25.7547852233804,-63.3456104978912,14.4045100153331));
#6129=CARTESIAN_POINT('Ctrl Pts',(-25.8386607976542,-63.2978968130487,13.5030038920037));
#6130=CARTESIAN_POINT('Ctrl Pts',(-25.8311246019866,-63.3029906662907,13.1245796459066));
#6131=CARTESIAN_POINT('Ctrl Pts',(-25.3677872875368,-63.5202399555863,15.6314900102012));
#6132=CARTESIAN_POINT('Ctrl Pts',(-25.6324271057839,-63.4065923310054,15.3270892705407));
#6133=CARTESIAN_POINT('Ctrl Pts',(-25.9986969368653,-63.1935112215436,14.5594165027274));
#6134=CARTESIAN_POINT('Ctrl Pts',(-26.1086994861009,-63.1148364529299,13.5519504907831));
#6135=CARTESIAN_POINT('Ctrl Pts',(-26.1086994867346,-63.1148364525004,13.1245796469122));
#6136=CARTESIAN_POINT('Ctrl Pts',(-25.3683913163823,-63.5199805044787,15.6307948849796));
#6137=CARTESIAN_POINT('Ctrl Pts',(-25.6327455822797,-63.4064070513676,15.326421621955));
#6138=CARTESIAN_POINT('Ctrl Pts',(-25.998744768482,-63.1934770119603,14.5589784335332));
#6139=CARTESIAN_POINT('Ctrl Pts',(-26.1086994861009,-63.1148364529299,13.5519504907831));
#6140=CARTESIAN_POINT('Ctrl Pts',(-26.1086994867346,-63.1148364525004,13.1245796469122));
#6141=CARTESIAN_POINT('Origin',(-78.7471284032706,-54.736116829949,-0.100000000000002));
#6142=CARTESIAN_POINT('',(-26.3672186228116,-71.8345100724068,4.80000000000001));
#6143=CARTESIAN_POINT('Origin',(-78.7471284032706,-54.736116829949,4.80000000000004));
#6144=CARTESIAN_POINT('',(-26.3672186228115,-71.8345100724068,0.));
#6145=CARTESIAN_POINT('Origin',(-1.18336085527539E-14,-4.20847087957411E-15,
-2.15105711021141E-15));
#6146=CARTESIAN_POINT('',(-25.2548815148245,-63.5669014477034,6.56747288644044));
#6147=CARTESIAN_POINT('',(-24.413621168096,-63.8947188854586,4.79999999988662));
#6148=CARTESIAN_POINT('Ctrl Pts',(-25.2548815148245,-63.5669014477034,6.56747288644044));
#6149=CARTESIAN_POINT('Ctrl Pts',(-24.9749076566023,-63.6781339673892,5.97876757467602));
#6150=CARTESIAN_POINT('Ctrl Pts',(-24.6944482465953,-63.7874172801237,5.38951189846915));
#6151=CARTESIAN_POINT('Ctrl Pts',(-24.4136211680732,-63.8947188854577,4.79999999989733));
#6152=CARTESIAN_POINT('',(-25.2548815148245,-63.5669014477034,0.));
#6153=CARTESIAN_POINT('',(-25.2548815148245,-63.5669014477034,-2.15105711021141E-15));
#6154=CARTESIAN_POINT('',(-22.1212507860357,-64.7241088285592,0.));
#6155=CARTESIAN_POINT('Origin',(-1.18336085527539E-14,-4.20847087957411E-15,
0.));
#6156=CARTESIAN_POINT('Ctrl Pts',(-24.4136211680732,-63.8947188854577,4.79999999989733));
#6157=CARTESIAN_POINT('Ctrl Pts',(-24.0535274534337,-64.0323075889931,4.04409166478209));
#6158=CARTESIAN_POINT('Ctrl Pts',(-23.6918537989537,-64.1670053234459,3.28571612806106));
#6159=CARTESIAN_POINT('Ctrl Pts',(-22.9270735922568,-64.4444927750917,1.68406315586713));
#6160=CARTESIAN_POINT('Ctrl Pts',(-22.5238279052772,-64.5865169856332,0.840714744750232));
#6161=CARTESIAN_POINT('Ctrl Pts',(-22.1212507860357,-64.7241088285592,8.32667268468867E-16));
#6162=CARTESIAN_POINT('Origin',(0.,0.,2.5));
#6163=CARTESIAN_POINT('',(-24.0430106882571,-77.6635283581963,4.80000000000001));
#6164=CARTESIAN_POINT('Ctrl Pts',(-24.0430106882571,-77.6635283581963,4.80000000000001));
#6165=CARTESIAN_POINT('Ctrl Pts',(-24.010452917059,-77.6811648842908,4.81443857327381));
#6166=CARTESIAN_POINT('Ctrl Pts',(-23.9774617899947,-77.69855836757,4.82820520642543));
#6167=CARTESIAN_POINT('Ctrl Pts',(-23.6773054201544,-77.8523994537001,4.94549138719607));
#6168=CARTESIAN_POINT('Ctrl Pts',(-23.3837143779776,-77.9695432371699,5.00000000000002));
#6169=CARTESIAN_POINT('Ctrl Pts',(-23.0996325443146,-78.053616036143,5.00000000000002));
#6170=CARTESIAN_POINT('',(-23.0709390341304,-75.4515856167612,0.));
#6171=CARTESIAN_POINT('Ctrl Pts',(-24.0430106882572,-77.6635283581963,4.80000000000001));
#6172=CARTESIAN_POINT('Ctrl Pts',(-23.742316975089,-76.9490061073783,3.25702579954355));
#6173=CARTESIAN_POINT('Ctrl Pts',(-23.3986358423343,-76.1542000613364,1.53545366297074));
#6174=CARTESIAN_POINT('Ctrl Pts',(-23.0709390341303,-75.4515856167612,7.7715611723761E-15));
#6175=CARTESIAN_POINT('Origin',(0.,0.,0.));
#6176=CARTESIAN_POINT('Origin',(-21.7091141233424,-73.3550568398641,0.));
#6177=CARTESIAN_POINT('Origin',(-21.7091141233424,-73.3550568398641,4.8));
#6178=CARTESIAN_POINT('Origin',(-78.7471284032706,-54.736116829949,2.5));
#6179=CARTESIAN_POINT('Ctrl Pts',(-26.1086994867346,-63.1148364525004,8.39780225090127));
#6180=CARTESIAN_POINT('Ctrl Pts',(-26.0851710389477,-63.1307852174583,8.3463162295919));
#6181=CARTESIAN_POINT('Ctrl Pts',(-26.0615616677344,-63.1464598467081,8.2947483929479));
#6182=CARTESIAN_POINT('Ctrl Pts',(-25.7832124231165,-63.3274759567182,7.68788257980491));
#6183=CARTESIAN_POINT('Ctrl Pts',(-25.5198132292917,-63.4616451129441,7.1245488525755));
#6184=CARTESIAN_POINT('Ctrl Pts',(-25.2548815148245,-63.5669014477034,6.56747288644044));
#6185=CARTESIAN_POINT('',(-24.085698051643,-72.5792676727941,0.));
#6186=CARTESIAN_POINT('Origin',(-78.7471284032706,-54.736116829949,0.));
#6187=CARTESIAN_POINT('',(-24.085698051643,-72.5792676727941,0.));
#6188=CARTESIAN_POINT('Origin',(-21.7091141233424,-73.3550568398641,2.5));
#6189=CARTESIAN_POINT('Origin',(-21.7091141233424,-73.3550568398641,0.));
#6190=CARTESIAN_POINT('Origin',(-13.2600918098551,-65.4610197259073,0.));
#6191=CARTESIAN_POINT('',(-27.6241034515119,-61.3559706541442,0.));
#6192=CARTESIAN_POINT('Origin',(-23.6118373227307,-59.4313354910094,0.));
#6193=CARTESIAN_POINT('',(-29.0093881487661,-59.850527299432,0.));
#6194=CARTESIAN_POINT('Origin',(-30.7798183843137,-62.8697286476462,0.));
#6195=CARTESIAN_POINT('',(-28.7484582419904,-55.1007840459566,0.));
#6196=CARTESIAN_POINT('Origin',(-78.7471284032706,-54.736116829949,0.));
#6197=CARTESIAN_POINT('',(-28.7302693372575,-52.6069458054674,0.));
#6198=CARTESIAN_POINT('',(-28.7484582419904,-55.1007840459566,0.));
#6199=CARTESIAN_POINT('',(-25.1150937333853,-50.3877174196708,0.));
#6200=CARTESIAN_POINT('Origin',(-26.2303358292546,-52.6251791662673,0.));
#6201=CARTESIAN_POINT('',(4.01365693570142,-56.1567498885398,0.));
#6202=CARTESIAN_POINT('Origin',(-1.54971750602027E-13,3.77110514080374E-12,
0.));
#6203=CARTESIAN_POINT('Origin',(4.19188896546916,-58.6503884636169,0.));
#6204=CARTESIAN_POINT('',(-23.8614174712156,-58.3200334357106,-3.53560710762393E-15));
#6205=CARTESIAN_POINT('Origin',(-22.6114174712156,-58.3200334357106,-3.53560710762393E-15));
#6206=CARTESIAN_POINT('',(-4.77202772026112,-62.4507631717797,-2.36671910544162E-15));
#6207=CARTESIAN_POINT('Origin',(-3.52202772026112,-62.4507631717797,-2.36671910544162E-15));
#6208=CARTESIAN_POINT('Origin',(-23.6118373227307,-59.4313354910094,-2.15105711021141E-15));
#6209=CARTESIAN_POINT('',(-27.6241034515119,-61.3559706541442,-2.15105711021141E-15));
#6210=CARTESIAN_POINT('Origin',(-30.7798183843137,-62.8697286476462,-4.03577740863878E-15));
#6211=CARTESIAN_POINT('',(-29.0093881487661,-59.850527299432,-4.03577740863878E-15));
#6212=CARTESIAN_POINT('Origin',(-2.92194826820913,-63.8832115529419,16.05));
#6213=CARTESIAN_POINT('',(-0.112128350889753,-67.3339233681438,16.05));
#6214=CARTESIAN_POINT('Origin',(-2.92194826820913,-63.8832115529419,16.05));
#6215=CARTESIAN_POINT('Origin',(1.78213226755942,-69.6602459402289,16.05));
#6216=CARTESIAN_POINT('Ctrl Pts',(-0.112128350889756,-67.3339233681438,
16.05));
#6217=CARTESIAN_POINT('Ctrl Pts',(0.42322001324202,-66.8980038892656,16.05));
#6218=CARTESIAN_POINT('Ctrl Pts',(1.08619048844742,-66.7054063502108,16.05));
#6219=CARTESIAN_POINT('Ctrl Pts',(-0.112128350889756,-67.3339233681438,
15.0745914109152));
#6220=CARTESIAN_POINT('Ctrl Pts',(0.42322001324202,-66.8980038892656,15.0745914109152));
#6221=CARTESIAN_POINT('Ctrl Pts',(1.08619048844742,-66.7054063502108,15.0745914109152));
#6222=CARTESIAN_POINT('Ctrl Pts',(0.250079398241801,-67.7787470921775,14.2856938784902));
#6223=CARTESIAN_POINT('Ctrl Pts',(0.695105080414218,-67.4163748940768,14.2856938784902));
#6224=CARTESIAN_POINT('Ctrl Pts',(1.24622077956639,-67.2562719462671,14.2856938784902));
#6225=CARTESIAN_POINT('Origin',(2.0347003500193,-69.9704222831736,16.05));
#6226=CARTESIAN_POINT('Origin',(-2.92194826820913,-63.8832115529419,-2.02646764303819E-15));
#6227=CARTESIAN_POINT('',(-0.112128350889753,-67.3339233681438,-2.02646764303819E-15));
#6228=CARTESIAN_POINT('Origin',(2.0347003500193,-69.9704222831736,-2.02646764303819E-15));
#6229=CARTESIAN_POINT('Origin',(-78.7471284032706,-54.736116829949,0.));
#6230=CARTESIAN_POINT('',(-28.7484582419904,-55.1007840459566,0.));
#6231=CARTESIAN_POINT('Origin',(-3.52202772026112,-62.4507631717797,-2.36671910544162E-15));
#6232=CARTESIAN_POINT('',(-4.77202772026112,-62.4507631717797,-2.36671910544162E-15));
#6233=CARTESIAN_POINT('Origin',(-22.6114174712156,-58.3200334357106,-3.53560710762393E-15));
#6234=CARTESIAN_POINT('',(-23.8614174712156,-58.3200334357106,-3.53560710762393E-15));
#6235=CARTESIAN_POINT('Origin',(-28.7302693372575,-52.6069458054674,0.));
#6236=CARTESIAN_POINT('',(-28.7302693372575,-52.6069458054674,0.));
#6237=CARTESIAN_POINT('Origin',(-26.2303358292546,-52.6251791662673,0.));
#6238=CARTESIAN_POINT('',(-25.1150937333853,-50.3877174196708,13.05));
#6239=CARTESIAN_POINT('',(-25.1150937333853,-50.3877174196708,0.));
#6240=CARTESIAN_POINT('',(-25.1150937333853,-50.3877174196708,0.));
#6241=CARTESIAN_POINT('Origin',(-1.54971750602027E-13,3.77110514080374E-12,
0.));
#6242=CARTESIAN_POINT('',(4.01365693570142,-56.1567498885398,0.));
#6243=CARTESIAN_POINT('Origin',(4.19188896546916,-58.6503884636169,0.));
#6244=CARTESIAN_POINT('',(0.,0.,0.));
#6245=CARTESIAN_POINT('',(0.,0.,0.));
#6246=CARTESIAN_POINT('Origin',(-4.59999995217345E-7,0.,-14.2306491416872));
#6247=CARTESIAN_POINT('',(1.38048954,1.69061265975493E-16,-13.3868141165733));
#6248=CARTESIAN_POINT('Origin',(-4.59999995321705E-7,0.,-13.3868141165733));
#6249=CARTESIAN_POINT('',(1.10489954,-1.35311224837791E-16,-15.6530491416872));
#6250=CARTESIAN_POINT('',(1.27787331000001,-1.56494402214486E-16,-14.2306491416872));
#6251=CARTESIAN_POINT('Origin',(-4.5999999504143E-7,0.,-15.6530491416872));
#6252=CARTESIAN_POINT('Origin',(-0.685675658343288,-0.685675658343913,3.37920683826961));
#6253=CARTESIAN_POINT('',(-0.584672225518566,-0.128585941740485,1.96668311445796));
#6254=CARTESIAN_POINT('',(-0.224719637834258,-0.22471963783436,1.43303145744205));
#6255=CARTESIAN_POINT('Origin',(-0.587160320215813,-0.587160320216488,1.97037186654207));
#6256=CARTESIAN_POINT('',(-0.684686289072014,-0.228600005293883,3.3969508583128));
#6257=CARTESIAN_POINT('',(-0.685675658343253,-0.229589374565122,3.41109949806543));
#6258=CARTESIAN_POINT('',(-0.228600005293257,-0.684686289072869,3.3969508583128));
#6259=CARTESIAN_POINT('Origin',(-0.68691644109597,-0.686916441096595,3.3969508583128));
#6260=CARTESIAN_POINT('',(-0.128585941739904,-0.584672225519566,1.96668311445933));
#6261=CARTESIAN_POINT('',(-0.229589374564496,-0.685675658344107,3.41109949806543));
#6262=CARTESIAN_POINT('Origin',(-0.58716032021587,-0.587160320216545,1.97037186654288));
#6263=CARTESIAN_POINT('Origin',(-1.54940000011365,-0.228600005293818,3.3969508583128));
#6264=CARTESIAN_POINT('',(-1.54940000011365,-0.228600005293818,3.3969508583128));
#6265=CARTESIAN_POINT('',(-1.54201418005701,-0.227834311700256,3.38600092977636));
#6266=CARTESIAN_POINT('',(-1.98755023005683,-0.228600005293785,3.3969508583128));
#6267=CARTESIAN_POINT('Origin',(0.68567565834378,-0.685675658343244,3.37920683826963));
#6268=CARTESIAN_POINT('',(0.128585941740333,-0.584672225518573,1.96668311445794));
#6269=CARTESIAN_POINT('',(0.22471963783418,-0.224719637834203,1.43303145744197));
#6270=CARTESIAN_POINT('Origin',(0.58716032021634,-0.587160320215754,1.9703718665421));
#6271=CARTESIAN_POINT('',(0.228600005293749,-0.68468628907204,3.3969508583128));
#6272=CARTESIAN_POINT('',(0.229589374564988,-0.68567565834328,3.41109949806545));
#6273=CARTESIAN_POINT('',(0.684686289072808,-0.228600005293212,3.3969508583128));
#6274=CARTESIAN_POINT('Origin',(0.686916441096461,-0.686916441095925,3.3969508583128));
#6275=CARTESIAN_POINT('',(0.584672225519493,-0.128585941739845,1.96668311445937));
#6276=CARTESIAN_POINT('',(0.685675658344048,-0.229589374564453,3.41109949806545));
#6277=CARTESIAN_POINT('Origin',(0.587160320216403,-0.587160320215817,1.970371866543));
#6278=CARTESIAN_POINT('Origin',(0.228600005293817,-1.54940000011365,3.3969508583128));
#6279=CARTESIAN_POINT('',(0.228600005293817,-1.54940000011365,3.3969508583128));
#6280=CARTESIAN_POINT('',(0.227834311700254,-1.54201418005701,3.38600092977636));
#6281=CARTESIAN_POINT('',(0.228600005293756,-0.774700000056721,3.3969508583128));
#6282=CARTESIAN_POINT('Origin',(0.685675658343494,0.685675658343643,3.37920683826963));
#6283=CARTESIAN_POINT('',(0.584672225518985,0.128585941740226,1.96668311445859));
#6284=CARTESIAN_POINT('',(0.22471963783434,0.224719637834221,1.43303145744217));
#6285=CARTESIAN_POINT('Origin',(0.587160320216068,0.58716032021621,1.97037186654242));
#6286=CARTESIAN_POINT('',(0.684686289072363,0.228600005293611,3.3969508583128));
#6287=CARTESIAN_POINT('',(0.685675658343603,0.229589374564852,3.41109949806545));
#6288=CARTESIAN_POINT('',(0.228600005293462,0.684686289072477,3.3969508583128));
#6289=CARTESIAN_POINT('Origin',(0.686916441096174,0.686916441096324,3.3969508583128));
#6290=CARTESIAN_POINT('',(0.128585941740107,0.584672225519114,1.96668311445892));
#6291=CARTESIAN_POINT('',(0.229589374564702,0.685675658343718,3.41109949806545));
#6292=CARTESIAN_POINT('Origin',(0.587160320216112,0.587160320216254,1.97037186654304));
#6293=CARTESIAN_POINT('Origin',(1.54940000011365,0.228600005293818,3.3969508583128));
#6294=CARTESIAN_POINT('',(1.54940000011365,0.228600005293818,3.3969508583128));
#6295=CARTESIAN_POINT('',(1.54201418005697,0.22783431170025,3.38600092977631));
#6296=CARTESIAN_POINT('',(-0.438150229943201,0.228600005293343,3.3969508583128));
#6297=CARTESIAN_POINT('Origin',(-0.685675658343662,0.685675658343367,3.37920683826962));
#6298=CARTESIAN_POINT('',(-0.128585941740237,0.584672225518849,1.96668311445842));
#6299=CARTESIAN_POINT('',(-0.224719637834232,0.224719637834226,1.43303145744201));
#6300=CARTESIAN_POINT('Origin',(-0.587160320216211,0.587160320215936,1.97037186654211));
#6301=CARTESIAN_POINT('',(-0.228600005293632,0.684686289072223,3.3969508583128));
#6302=CARTESIAN_POINT('',(-0.229589374564871,0.685675658343462,3.41109949806543));
#6303=CARTESIAN_POINT('',(-0.684686289072423,0.228600005293336,3.3969508583128));
#6304=CARTESIAN_POINT('Origin',(-0.686916441096344,0.686916441096048,3.3969508583128));
#6305=CARTESIAN_POINT('',(-0.584672225519046,0.12858594173998,1.96668311445867));
#6306=CARTESIAN_POINT('',(-0.685675658343662,0.229589374564575,3.41109949806543));
#6307=CARTESIAN_POINT('Origin',(-0.587160320216254,0.587160320215978,1.97037186654271));
#6308=CARTESIAN_POINT('Origin',(-0.228600005293812,1.54940000011365,3.3969508583128));
#6309=CARTESIAN_POINT('',(-0.228600005293812,1.54940000011365,3.3969508583128));
#6310=CARTESIAN_POINT('',(-0.227834311700244,1.54201418005696,3.38600092977629));
#6311=CARTESIAN_POINT('',(-0.228600005293651,0.774700000057055,3.3969508583128));
#6312=CARTESIAN_POINT('Origin',(0.228600005293604,1.54940000011353,3.3969508583128));
#6313=CARTESIAN_POINT('',(-0.161666177562048,0.161666177562027,1.3395508583128));
#6314=CARTESIAN_POINT('',(0.16166617756204,0.16166617756194,1.3395508583128));
#6315=CARTESIAN_POINT('',(0.114300002646636,0.161666177561953,1.3395508583128));
#6316=CARTESIAN_POINT('',(1.1803183448455,1.18031834484508,2.8497648020181));
#6317=CARTESIAN_POINT('',(0.228600005293604,1.54940000011353,3.3969508583128));
#6318=CARTESIAN_POINT('',(0.207263192374355,1.34358678431999,3.0918202177732));
#6319=CARTESIAN_POINT('',(-1.09855022735299,1.54940000011389,3.3969508583128));
#6320=CARTESIAN_POINT('',(-1.18031834484526,1.18031834484551,2.84976480201779));
#6321=CARTESIAN_POINT('Origin',(-0.228600005293537,0.228600005293337,3.3969508583128));
#6322=CARTESIAN_POINT('',(-1.54940000011366,0.228600005293336,3.3969508583128));
#6323=CARTESIAN_POINT('',(-1.32715023264677,0.228600005293336,3.3969508583128));
#6324=CARTESIAN_POINT('',(-1.34358678432,0.207263192374109,3.09182021777303));
#6325=CARTESIAN_POINT('Origin',(-1.54940000011366,0.228600005293336,3.3969508583128));
#6326=CARTESIAN_POINT('',(-0.161666177562045,-0.161666177562131,1.3395508583128));
#6327=CARTESIAN_POINT('',(-0.161666177562048,0.114300002646649,1.3395508583128));
#6328=CARTESIAN_POINT('',(-1.54940000011366,0.114300002646672,3.3969508583128));
#6329=CARTESIAN_POINT('',(-1.18031834484532,-1.18031834484564,2.8497648020179));
#6330=CARTESIAN_POINT('Origin',(-0.228600005293063,-0.228600005293588,3.3969508583128));
#6331=CARTESIAN_POINT('',(-0.228600005293625,-1.54940000011375,3.3969508583128));
#6332=CARTESIAN_POINT('',(-0.228600005293014,-0.114300002647262,3.3969508583128));
#6333=CARTESIAN_POINT('',(-0.207263192374309,-1.34358678432008,3.09182021777301));
#6334=CARTESIAN_POINT('Origin',(-0.228600005293625,-1.54940000011375,3.3969508583128));
#6335=CARTESIAN_POINT('',(0.161666177562025,-0.161666177562059,1.3395508583128));
#6336=CARTESIAN_POINT('',(-0.114300002646951,-0.161666177562121,1.3395508583128));
#6337=CARTESIAN_POINT('',(-1.32715023264664,-1.549400000114,3.3969508583128));
#6338=CARTESIAN_POINT('',(1.18031834484542,-1.18031834484528,2.84976480201814));
#6339=CARTESIAN_POINT('Origin',(0.228600005294032,-0.228600005292944,3.3969508583128));
#6340=CARTESIAN_POINT('',(1.54940000011363,-0.22860000529372,3.3969508583128));
#6341=CARTESIAN_POINT('',(-1.09855022735305,-0.228600005292164,3.3969508583128));
#6342=CARTESIAN_POINT('',(1.34358678432005,-0.20726319237438,3.09182021777314));
#6343=CARTESIAN_POINT('Origin',(1.54940000011363,-0.22860000529372,3.3969508583128));
#6344=CARTESIAN_POINT('',(0.161666177562028,-0.114300002646858,1.3395508583128));
#6345=CARTESIAN_POINT('',(1.54940000011364,-0.114300002646949,3.3969508583128));
#6346=CARTESIAN_POINT('Origin',(0.228600005293388,0.228600005294151,3.3969508583128));
#6347=CARTESIAN_POINT('',(0.228600005293369,0.114300002646858,3.3969508583128));
#6348=CARTESIAN_POINT('Origin',(-2.84372144345107E-15,-5.10702591327572E-14,
1.3395508583128));
#6349=CARTESIAN_POINT('Origin',(-2.42570046,0.,3.3969508583128));
#6350=CARTESIAN_POINT('',(2.42569954000002,-2.97062574069175E-16,3.3969508583128));
#6351=CARTESIAN_POINT('Origin',(-4.59999997397427E-7,0.,3.3969508583128));
#6352=CARTESIAN_POINT('Origin',(-4.59999997366131E-7,0.,3.14389404803769));
#6353=CARTESIAN_POINT('',(2.42569954000002,-2.97062574069175E-16,2.89083723776258));
#6354=CARTESIAN_POINT('Origin',(-4.59999997334834E-7,0.,2.89083723776258));
#6355=CARTESIAN_POINT('',(2.42569954000002,-2.97062574069175E-16,3.14389404803769));
#6356=CARTESIAN_POINT('Origin',(-4.59999997260896E-7,0.,2.29299404803769));
#6357=CARTESIAN_POINT('',(1.38048954,1.69061265975493E-16,1.6452044652471));
#6358=CARTESIAN_POINT('Origin',(-4.59999997180781E-7,0.,1.6452044652471));
#6359=CARTESIAN_POINT('',(1.92404954000005,-2.35628167389952E-16,2.29299404803769));
#6360=CARTESIAN_POINT('Origin',(-4.59999996114194E-7,0.,-6.9789491416872));
#6361=CARTESIAN_POINT('',(1.38048954,-1.69061265975493E-16,-6.9789491416872));
#6362=CARTESIAN_POINT('Origin',(-4.59999995039428E-7,0.,-15.6530491416872));
#6363=CARTESIAN_POINT('',(-15.5978010539675,-73.8073003130063,-2.4908));
#6364=CARTESIAN_POINT('',(-21.2041148730606,-69.2696674613017,-2.4908));
#6365=CARTESIAN_POINT('',(-8.56996333362245,-72.1854607674537,-2.4908));
#6366=CARTESIAN_POINT('Ctrl Pts',(-36.3870470299071,-80.8075432353779,17.7183871993333));
#6367=CARTESIAN_POINT('Ctrl Pts',(-34.3337924368295,-77.2211117118251,12.7064494839151));
#6368=CARTESIAN_POINT('Ctrl Pts',(-32.8075663479463,-73.333525447229,4.33226144227617));
#6369=CARTESIAN_POINT('Ctrl Pts',(-31.8724884288279,-69.3081093467116,-7.05236133249219));
#6370=CARTESIAN_POINT('Ctrl Pts',(-35.9684371099805,-80.4560646772736,18.1413905648606));
#6371=CARTESIAN_POINT('Ctrl Pts',(-33.7519599346826,-76.6878541098456,13.1233738118698));
#6372=CARTESIAN_POINT('Ctrl Pts',(-32.0644279499376,-72.6173397650879,4.73913768523152));
#6373=CARTESIAN_POINT('Ctrl Pts',(-30.9664179440598,-68.4097584171874,-6.66029890869495));
#6374=CARTESIAN_POINT('Ctrl Pts',(-35.6200774601798,-80.0410934936832,18.5810482203044));
#6375=CARTESIAN_POINT('Ctrl Pts',(-33.2788917655415,-76.0563799630718,13.5660444220411));
#6376=CARTESIAN_POINT('Ctrl Pts',(-31.4934903608354,-71.7453495662999,5.18681863960281));
#6377=CARTESIAN_POINT('Ctrl Pts',(-30.3277844706156,-67.2717223661746,-6.20545373687069));
#6378=CARTESIAN_POINT('Ctrl Pts',(-35.3551301916957,-79.5783085867485,19.0207485318254));
#6379=CARTESIAN_POINT('Ctrl Pts',(-32.9395365527905,-75.3589773825855,14.0088108164072));
#6380=CARTESIAN_POINT('Ctrl Pts',(-31.1439764482293,-70.7853464830789,5.63462277476829));
#6381=CARTESIAN_POINT('Ctrl Pts',(-30.0438847786825,-66.0495628354302,-5.75000000000007));
#6382=CARTESIAN_POINT('',(-35.1118030531232,-79.1483756697554,18.5));
#6383=CARTESIAN_POINT('',(-35.5049297274115,-79.8007638556875,18.5));
#6384=CARTESIAN_POINT('Ctrl Pts',(-35.5049878495097,-79.8007231350446,18.499997054921));
#6385=CARTESIAN_POINT('Ctrl Pts',(-35.3836346539069,-79.613216554613,18.4999816275224));
#6386=CARTESIAN_POINT('Ctrl Pts',(-35.267513643979,-79.422350542479,18.4999618852153));
#6387=CARTESIAN_POINT('Ctrl Pts',(-35.1569310495812,-79.2282735693096,18.4999371524273));
#6388=CARTESIAN_POINT('Ctrl Pts',(-35.1417891973488,-79.2016989997271,18.4999337658164));
#6389=CARTESIAN_POINT('Ctrl Pts',(-35.1267512098024,-79.1750641606638,18.499930247137));
#6390=CARTESIAN_POINT('Ctrl Pts',(-35.1118178990841,-79.1483693701138,18.4999265574915));
#6391=CARTESIAN_POINT('',(-30.0438847786825,-66.0495628354302,-5.74999999999999));
#6392=CARTESIAN_POINT('Origin',(-78.7471284032706,-54.736116829949,-216.43307616475));
#6393=CARTESIAN_POINT('',(-31.9831645544255,-69.7726993494862,-5.74999999999999));
#6394=CARTESIAN_POINT('Ctrl Pts',(-30.0438847786825,-66.0495628354302,-5.74999999999999));
#6395=CARTESIAN_POINT('Ctrl Pts',(-30.2061869835329,-66.7482574524199,-5.74999999999999));
#6396=CARTESIAN_POINT('Ctrl Pts',(-30.4568687663819,-67.4245170768405,-5.74999999999394));
#6397=CARTESIAN_POINT('Ctrl Pts',(-31.114080908713,-68.6784102399343,-5.74999999999394));
#6398=CARTESIAN_POINT('Ctrl Pts',(-31.514652966171,-69.2549008895144,-5.75));
#6399=CARTESIAN_POINT('Ctrl Pts',(-31.9831645544255,-69.7726993494862,-5.75));
#6400=CARTESIAN_POINT('',(-36.3870470299071,-80.8075432353779,17.7183871993333));
#6401=CARTESIAN_POINT('Origin',(-73.2702455098925,-59.6916802420143,-217.735437497242));
#6402=CARTESIAN_POINT('Ctrl Pts',(-36.3870470299071,-80.8075432353779,17.7183871993333));
#6403=CARTESIAN_POINT('Ctrl Pts',(-36.2541728516051,-80.6863956585356,17.8161955507295));
#6404=CARTESIAN_POINT('Ctrl Pts',(-36.1276178181319,-80.5604113374793,17.91626543178));
#6405=CARTESIAN_POINT('Ctrl Pts',(-36.0076655415542,-80.429908697831,18.018362845594));
#6406=CARTESIAN_POINT('Ctrl Pts',(-35.9213134997547,-80.3359615905699,18.0918614101634));
#6407=CARTESIAN_POINT('Ctrl Pts',(-35.8383838247932,-80.2396720972994,18.1664109261129));
#6408=CARTESIAN_POINT('Ctrl Pts',(-35.758994526004,-80.1411474757881,18.2419247411441));
#6409=CARTESIAN_POINT('Ctrl Pts',(-35.6696806393026,-80.0303061279343,18.3268786634354));
#6410=CARTESIAN_POINT('Ctrl Pts',(-35.5849597037008,-79.9167755624511,18.412946803412));
#6411=CARTESIAN_POINT('Ctrl Pts',(-35.5049878495097,-79.8007231350446,18.499997054921));
#6412=CARTESIAN_POINT('Origin',(-78.7471284032706,-54.736116829949,0.));
#6413=CARTESIAN_POINT('',(-29.3109489354113,-62.2237172263726,18.5));
#6414=CARTESIAN_POINT('Origin',(-78.7471284032706,-54.736116829949,18.5));
#6415=CARTESIAN_POINT('',(-29.3109489354113,-62.2237172263726,-0.650980486407222));
#6416=CARTESIAN_POINT('',(-29.3109489354113,-62.2237172263726,-3.60135929943472E-15));
#6417=CARTESIAN_POINT('',(-29.537931061651,-63.593593731892,-5.75000000000002));
#6418=CARTESIAN_POINT('Ctrl Pts',(-29.537931061651,-63.593593731892,-5.75000000000002));
#6419=CARTESIAN_POINT('Ctrl Pts',(-29.4619650216359,-63.1715516655398,-4.0408937712495));
#6420=CARTESIAN_POINT('Ctrl Pts',(-29.3874508464106,-62.7288139197807,-2.33649377297016));
#6421=CARTESIAN_POINT('Ctrl Pts',(-29.3109489354113,-62.2237172263726,-0.650980486407219));
#6422=CARTESIAN_POINT('Origin',(-78.7471284032706,-54.736116829949,-5.75));
#6423=CARTESIAN_POINT('Origin',(-27.2187429415108,-83.3374228840467,18.5));
#6424=CARTESIAN_POINT('',(-21.0288882528645,-82.9145332358192,18.5));
#6425=CARTESIAN_POINT('',(-24.4831464153755,-82.171528781431,18.5));
#6426=CARTESIAN_POINT('',(-20.5771691761823,-83.0116971622881,18.5));
#6427=CARTESIAN_POINT('Ctrl Pts',(-20.5771691761823,-83.0116971622881,18.5));
#6428=CARTESIAN_POINT('Ctrl Pts',(-20.7277422017431,-82.9793091867985,18.5));
#6429=CARTESIAN_POINT('Ctrl Pts',(-20.8783152273038,-82.9469212113088,18.5));
#6430=CARTESIAN_POINT('Ctrl Pts',(-21.0288882528646,-82.9145332358192,18.5));
#6431=CARTESIAN_POINT('',(-12.888961279358,-80.4743727974231,18.5));
#6432=CARTESIAN_POINT('Ctrl Pts',(-12.8898236277578,-80.4735225452118,18.5));
#6433=CARTESIAN_POINT('Ctrl Pts',(-14.0120432512489,-81.6090795919462,18.5));
#6434=CARTESIAN_POINT('Ctrl Pts',(-16.6310141061455,-83.1762383210085,18.5));
#6435=CARTESIAN_POINT('Ctrl Pts',(-19.4012913122025,-83.2646262861839,18.5));
#6436=CARTESIAN_POINT('Ctrl Pts',(-20.5771691761823,-83.0116971622881,18.5));
#6437=CARTESIAN_POINT('',(-23.1280104712732,-78.1495049993324,18.5));
#6438=CARTESIAN_POINT('Origin',(0.,0.,18.5));
#6439=CARTESIAN_POINT('',(-26.4622819799436,-71.803478505724,18.5));
#6440=CARTESIAN_POINT('Origin',(-21.7091141233424,-73.3550568398641,18.5));
#6441=CARTESIAN_POINT('',(-25.2698174096154,-67.5882454073672,18.5));
#6442=CARTESIAN_POINT('Origin',(-78.7471284032706,-54.736116829949,18.5));
#6443=CARTESIAN_POINT('',(-26.7207250617421,-62.7637304611647,18.5));
#6444=CARTESIAN_POINT('Origin',(-30.1313911362449,-66.4198700821633,18.5));
#6445=CARTESIAN_POINT('',(-27.4714009257668,-61.8480191359855,18.5));
#6446=CARTESIAN_POINT('Origin',(-23.6852322554853,-59.5097661985303,18.5));
#6447=CARTESIAN_POINT('Origin',(-28.3222253460689,-62.3734692342989,18.5));
#6448=CARTESIAN_POINT('Origin',(-21.6944460141542,-76.1201646438138,-5.75));
#6449=CARTESIAN_POINT('',(-49.0962228571174,-88.6860313922566,-5.75));
#6450=CARTESIAN_POINT('',(-38.285001019748,-76.7374816484594,-5.75));
#6451=CARTESIAN_POINT('',(-27.8038288628081,-63.0790325076392,-5.75000000000002));
#6452=CARTESIAN_POINT('Ctrl Pts',(-27.8038302178933,-63.0790447657312,-5.74999280911013));
#6453=CARTESIAN_POINT('Ctrl Pts',(-27.8328807697566,-63.0455226333529,-5.74999193750745));
#6454=CARTESIAN_POINT('Ctrl Pts',(-27.8641126832822,-63.0141168497273,-5.74996959147778));
#6455=CARTESIAN_POINT('Ctrl Pts',(-27.8972558716428,-62.9849498351885,-5.7499477663345));
#6456=CARTESIAN_POINT('Ctrl Pts',(-27.9304662827007,-62.95572366263,-5.74992589692435));
#6457=CARTESIAN_POINT('Ctrl Pts',(-27.9655967214169,-62.9287447976592,-5.74990464230423));
#6458=CARTESIAN_POINT('Ctrl Pts',(-28.0024065334304,-62.9041760395513,-5.74989483097259));
#6459=CARTESIAN_POINT('Ctrl Pts',(-28.0369558021394,-62.8811160840861,-5.74988562216888));
#6460=CARTESIAN_POINT('Ctrl Pts',(-28.0729854590193,-62.8601792652077,-5.74988646086527));
#6461=CARTESIAN_POINT('Ctrl Pts',(-28.1103096400571,-62.8415385590494,-5.74989614757726));
#6462=CARTESIAN_POINT('Ctrl Pts',(-28.1502537283921,-62.8215894002812,-5.74990651423151));
#6463=CARTESIAN_POINT('Ctrl Pts',(-28.1913728456061,-62.8044234527756,-5.74992801697513));
#6464=CARTESIAN_POINT('Ctrl Pts',(-28.2333984416861,-62.7901735210896,-5.7499473373837));
#6465=CARTESIAN_POINT('Ctrl Pts',(-28.2703364387433,-62.7776486794745,-5.74996431887264));
#6466=CARTESIAN_POINT('Ctrl Pts',(-28.3079756780819,-62.7673769042215,-5.74997948984366));
#6467=CARTESIAN_POINT('Ctrl Pts',(-28.3461459714975,-62.7594783249515,-5.7499759386598));
#6468=CARTESIAN_POINT('Ctrl Pts',(-28.3881650363042,-62.7507833193717,-5.74997202940442));
#6469=CARTESIAN_POINT('Ctrl Pts',(-28.4308284632064,-62.7449636281201,-5.74994553847207));
#6470=CARTESIAN_POINT('Ctrl Pts',(-28.4738719784256,-62.7420064371747,-5.74991984472145));
#6471=CARTESIAN_POINT('Ctrl Pts',(-28.5177261402924,-62.738993552894,-5.74989366707558));
#6472=CARTESIAN_POINT('Ctrl Pts',(-28.5616362829042,-62.7389746808801,-5.74986830046997));
#6473=CARTESIAN_POINT('Ctrl Pts',(-28.6053172909567,-62.7418471442197,-5.74985592251199));
#6474=CARTESIAN_POINT('Ctrl Pts',(-28.6497590733702,-62.7447696360856,-5.74984332897214));
#6475=CARTESIAN_POINT('Ctrl Pts',(-28.6939648132098,-62.7506850799622,-5.74984412349956));
#6476=CARTESIAN_POINT('Ctrl Pts',(-28.7376411755204,-62.7595369867573,-5.74985817231559));
#6477=CARTESIAN_POINT('Ctrl Pts',(-28.7746161070772,-62.7670307117513,-5.74987006556823));
#6478=CARTESIAN_POINT('Ctrl Pts',(-28.8112121485954,-62.7766298472956,-5.74989120904438));
#6479=CARTESIAN_POINT('Ctrl Pts',(-28.8472457837334,-62.7883280308808,-5.7499149354535));
#6480=CARTESIAN_POINT('Ctrl Pts',(-28.88978934615,-62.8021396377757,-5.74994294833544));
#6481=CARTESIAN_POINT('Ctrl Pts',(-28.9312428590946,-62.8187767025276,-5.74997341933912));
#6482=CARTESIAN_POINT('Ctrl Pts',(-28.9713321337319,-62.8381497442072,-5.74998674574727));
#6483=CARTESIAN_POINT('Ctrl Pts',(-29.0113211731055,-62.8574743474465,-5.75000003883539));
#6484=CARTESIAN_POINT('Ctrl Pts',(-29.0499540404019,-62.8795211250937,-5.74999626289526));
#6485=CARTESIAN_POINT('Ctrl Pts',(-29.0870337314541,-62.9040514313462,-5.74999068096441));
#6486=CARTESIAN_POINT('Ctrl Pts',(-29.1202932008537,-62.9260544455844,-5.74998567412501));
#6487=CARTESIAN_POINT('Ctrl Pts',(-29.1523033252522,-62.9500566925582,-5.74997893073431));
#6488=CARTESIAN_POINT('Ctrl Pts',(-29.182905221883,-62.9759166221266,-5.74997451614245));
#6489=CARTESIAN_POINT('Ctrl Pts',(-29.2174565294683,-63.0051139752004,-5.74996953181344));
#6490=CARTESIAN_POINT('Ctrl Pts',(-29.2500070937851,-63.0365045350321,-5.74996717891526));
#6491=CARTESIAN_POINT('Ctrl Pts',(-29.2803655607173,-63.069842546675,-5.74996855602716));
#6492=CARTESIAN_POINT('Ctrl Pts',(-29.3026495973976,-63.0943136596582,-5.74996956686911));
#6493=CARTESIAN_POINT('Ctrl Pts',(-29.3237522611514,-63.1198352138447,-5.74997230628769));
#6494=CARTESIAN_POINT('Ctrl Pts',(-29.3435883410901,-63.1463246889579,-5.74997388414913));
#6495=CARTESIAN_POINT('Ctrl Pts',(-29.3691128962047,-63.1804106610643,-5.74997591450046));
#6496=CARTESIAN_POINT('Ctrl Pts',(-29.3925417090038,-63.2160988567599,-5.74997607880107));
#6497=CARTESIAN_POINT('Ctrl Pts',(-29.4137836744338,-63.2531627035019,-5.74997678407338));
#6498=CARTESIAN_POINT('Ctrl Pts',(-29.4364409040871,-63.2926959609228,-5.74997753633506));
#6499=CARTESIAN_POINT('Ctrl Pts',(-29.4565003606685,-63.3336017261987,-5.74997893134428));
#6500=CARTESIAN_POINT('Ctrl Pts',(-29.4738816021886,-63.3755885950865,-5.74998245715604));
#6501=CARTESIAN_POINT('Ctrl Pts',(-29.4912877058308,-63.4176355219775,-5.74998598801112));
#6502=CARTESIAN_POINT('Ctrl Pts',(-29.5060083966432,-63.460767639722,-5.74999138514154));
#6503=CARTESIAN_POINT('Ctrl Pts',(-29.5179183729012,-63.5047176781205,-5.7499953838895));
#6504=CARTESIAN_POINT('Ctrl Pts',(-29.5258548349154,-63.534004706299,-5.74999804853891));
#6505=CARTESIAN_POINT('Ctrl Pts',(-29.5325422765622,-63.5636554332316,-5.75000000000001));
#6506=CARTESIAN_POINT('Ctrl Pts',(-29.537931061651,-63.593593731892,-5.75000000000001));
#6507=CARTESIAN_POINT('',(-25.7006033060807,-64.5734387321379,-5.75));
#6508=CARTESIAN_POINT('Origin',(-23.6852322554853,-59.5097661985303,-5.75));
#6509=CARTESIAN_POINT('',(-20.342865278865,-66.4561346471162,-5.75));
#6510=CARTESIAN_POINT('Origin',(-1.18282828756012E-14,-4.39161326676203E-15,
-5.75));
#6511=CARTESIAN_POINT('',(-24.1465148730606,-69.2696674613017,-5.75));
#6512=CARTESIAN_POINT('Origin',(-21.2041148730606,-69.2696674613017,-5.75));
#6513=CARTESIAN_POINT('Origin',(-21.2041148730606,-69.2696674613017,-5.75));
#6514=CARTESIAN_POINT('',(-3.29447850185414,-69.4218727159569,-5.75));
#6515=CARTESIAN_POINT('Origin',(-1.18282828756012E-14,-4.39161326676203E-15,
-5.75));
#6516=CARTESIAN_POINT('',(-3.06149161987133,-69.4279402543662,-5.75000000000001));
#6517=CARTESIAN_POINT('Origin',(-3.03613450422995,-63.9779992440545,-5.75));
#6518=CARTESIAN_POINT('',(-2.30755098424761,-71.0620534907837,-5.75000000000001));
#6519=CARTESIAN_POINT('Ctrl Pts',(-2.30755098424761,-71.0620534907837,-5.75));
#6520=CARTESIAN_POINT('Ctrl Pts',(-2.27959253669403,-71.0261623978501,-5.75));
#6521=CARTESIAN_POINT('Ctrl Pts',(-2.25406928107589,-70.9885472712065,-5.7499953219542));
#6522=CARTESIAN_POINT('Ctrl Pts',(-2.23105994325739,-70.9495002681522,-5.74999012328736));
#6523=CARTESIAN_POINT('Ctrl Pts',(-2.20758119588517,-70.9096566738868,-5.74998481856341));
#6524=CARTESIAN_POINT('Ctrl Pts',(-2.18671939703422,-70.8683211978528,-5.74997925937562));
#6525=CARTESIAN_POINT('Ctrl Pts',(-2.1686045833823,-70.8257747543434,-5.74997622060614));
#6526=CARTESIAN_POINT('Ctrl Pts',(-2.15048976973038,-70.783228310834,-5.74997318183665));
#6527=CARTESIAN_POINT('Ctrl Pts',(-2.13512145638182,-70.7394697951862,-5.74997295778313));
#6528=CARTESIAN_POINT('Ctrl Pts',(-2.12268347111251,-70.6947668687359,-5.74997231127676));
#6529=CARTESIAN_POINT('Ctrl Pts',(-2.11609305437662,-70.6710804831804,-5.74997196871754));
#6530=CARTESIAN_POINT('Ctrl Pts',(-2.11034646407409,-70.6472012599954,-5.749971452662));
#6531=CARTESIAN_POINT('Ctrl Pts',(-2.10546214887964,-70.6231715268541,-5.74997021353688));
#6532=CARTESIAN_POINT('Ctrl Pts',(-2.09644962605364,-70.5788319398667,-5.74996792710716));
#6533=CARTESIAN_POINT('Ctrl Pts',(-2.09036985956556,-70.5339799612115,-5.7499636535555));
#6534=CARTESIAN_POINT('Ctrl Pts',(-2.08722328102191,-70.488919129087,-5.74996419547058));
#6535=CARTESIAN_POINT('Ctrl Pts',(-2.084130310261,-70.444625991544,-5.74996472815314));
#6536=CARTESIAN_POINT('Ctrl Pts',(-2.0838715854222,-70.4001299604419,-5.74997010596259));
#6537=CARTESIAN_POINT('Ctrl Pts',(-2.08649593486778,-70.3557242496527,-5.74997815453127));
#6538=CARTESIAN_POINT('Ctrl Pts',(-2.08775857607074,-70.3343595338435,-5.74998202690217));
#6539=CARTESIAN_POINT('Ctrl Pts',(-2.08968930653828,-70.313015900194,-5.74998637059428));
#6540=CARTESIAN_POINT('Ctrl Pts',(-2.09229752540398,-70.291727555008,-5.74999001073846));
#6541=CARTESIAN_POINT('Ctrl Pts',(-2.09772925821887,-70.2473936209805,-5.74999759150204));
#6542=CARTESIAN_POINT('Ctrl Pts',(-2.10606077537635,-70.2035885785457,-5.75000381239122));
#6543=CARTESIAN_POINT('Ctrl Pts',(-2.11730127595089,-70.1606094459539,-5.74999556346669));
#6544=CARTESIAN_POINT('Ctrl Pts',(-2.11868930184855,-70.1553021957384,-5.74999454485362));
#6545=CARTESIAN_POINT('Ctrl Pts',(-2.12012174804506,-70.1500075516466,-5.74999329340498));
#6546=CARTESIAN_POINT('Ctrl Pts',(-2.12159868503369,-70.1447260859849,-5.74999177362694));
#6547=CARTESIAN_POINT('Ctrl Pts',(-2.13362217367503,-70.1017305872719,-5.74997940137672));
#6548=CARTESIAN_POINT('Ctrl Pts',(-2.14859057395653,-70.0596064767126,-5.74995019400859));
#6549=CARTESIAN_POINT('Ctrl Pts',(-2.16635796794339,-70.0186062855475,-5.74992484125478));
#6550=CARTESIAN_POINT('Ctrl Pts',(-2.18077696276752,-69.9853328890867,-5.74990426641831));
#6551=CARTESIAN_POINT('Ctrl Pts',(-2.19704042252006,-69.9527998174618,-5.74988604789674));
#6552=CARTESIAN_POINT('Ctrl Pts',(-2.2150892934006,-69.9211576773627,-5.74987526503417));
#6553=CARTESIAN_POINT('Ctrl Pts',(-2.23725034920688,-69.8823063144598,-5.7498620254459));
#6554=CARTESIAN_POINT('Ctrl Pts',(-2.26193580627691,-69.8450887181172,-5.74986153068541));
#6555=CARTESIAN_POINT('Ctrl Pts',(-2.28895901413716,-69.8097405322862,-5.74987355937181));
#6556=CARTESIAN_POINT('Ctrl Pts',(-2.31552074158773,-69.7749959940814,-5.74988538264207));
#6557=CARTESIAN_POINT('Ctrl Pts',(-2.34434180203553,-69.7420567191902,-5.74990935710996));
#6558=CARTESIAN_POINT('Ctrl Pts',(-2.37528335130849,-69.7111748719353,-5.74993392783956));
#6559=CARTESIAN_POINT('Ctrl Pts',(-2.40267034172877,-69.6838407249775,-5.74995567588877));
#6560=CARTESIAN_POINT('Ctrl Pts',(-2.43171940909786,-69.6581184198989,-5.7499777735995));
#6561=CARTESIAN_POINT('Ctrl Pts',(-2.46235338361276,-69.6342099191254,-5.74998403641521));
#6562=CARTESIAN_POINT('Ctrl Pts',(-2.46525301834714,-69.6319468788119,-5.7499846292171));
#6563=CARTESIAN_POINT('Ctrl Pts',(-2.46816513309777,-69.6297014625019,-5.74998507390079));
#6564=CARTESIAN_POINT('Ctrl Pts',(-2.47108962204807,-69.6274737943205,-5.74998535332374));
#6565=CARTESIAN_POINT('Ctrl Pts',(-2.50585440133399,-69.6009924521228,-5.74998867495616));
#6566=CARTESIAN_POINT('Ctrl Pts',(-2.54236474100788,-69.5770161160031,-5.74996969378348));
#6567=CARTESIAN_POINT('Ctrl Pts',(-2.58032151636734,-69.5555915626101,-5.74995090286784));
#6568=CARTESIAN_POINT('Ctrl Pts',(-2.61898822917074,-69.5337662878035,-5.74993176048993));
#6569=CARTESIAN_POINT('Ctrl Pts',(-2.65915698887453,-69.5145886080389,-5.74991276865357));
#6570=CARTESIAN_POINT('Ctrl Pts',(-2.70054112866855,-69.4981504632101,-5.74990496770621));
#6571=CARTESIAN_POINT('Ctrl Pts',(-2.71496377123339,-69.4924216625518,-5.74990224902519));
#6572=CARTESIAN_POINT('Ctrl Pts',(-2.72953421796956,-69.4870260075631,-5.74990078127295));
#6573=CARTESIAN_POINT('Ctrl Pts',(-2.74424080605647,-69.4819687604255,-5.74990069404695));
#6574=CARTESIAN_POINT('Ctrl Pts',(-2.78623036614067,-69.4675295457491,-5.74990044500338));
#6575=CARTESIAN_POINT('Ctrl Pts',(-2.82906172956831,-69.4559371688177,-5.74991177026456));
#6576=CARTESIAN_POINT('Ctrl Pts',(-2.87244061171106,-69.4472385362274,-5.74992979473261));
#6577=CARTESIAN_POINT('Ctrl Pts',(-2.91586925516581,-69.4385299251557,-5.74994783987711));
#6578=CARTESIAN_POINT('Ctrl Pts',(-2.95984775198819,-69.4327213084786,-5.74997251270406));
#6579=CARTESIAN_POINT('Ctrl Pts',(-3.00410010776626,-69.4299058428307,-5.74998692838032));
#6580=CARTESIAN_POINT('Ctrl Pts',(-3.02318791767663,-69.4286914199565,-5.74999314643771));
#6581=CARTESIAN_POINT('Ctrl Pts',(-3.04232682808845,-69.4280345014394,-5.74999731255769));
#6582=CARTESIAN_POINT('Ctrl Pts',(-3.06149503136672,-69.4279454941911,-5.74999744407239));
#6583=CARTESIAN_POINT('',(-16.8981268129684,-89.7924108191013,-5.75));
#6584=CARTESIAN_POINT('',(6.16411979771903,-60.1867170560314,-5.75));
#6585=CARTESIAN_POINT('',(-26.9339696511881,-93.4530905049764,-5.75));
#6586=CARTESIAN_POINT('Origin',(-24.7870501422486,-83.6470964492143,-5.75));
#6587=CARTESIAN_POINT('',(-22.8131879151383,-94.3394629303718,-5.75));
#6588=CARTESIAN_POINT('',(-18.5402010539675,-73.8073003130063,-5.75));
#6589=CARTESIAN_POINT('Origin',(-15.5978010539675,-73.8073003130063,-5.75));
#6590=CARTESIAN_POINT('',(-11.5123633336225,-72.1854607674537,-5.75));
#6591=CARTESIAN_POINT('Origin',(-8.56996333362245,-72.1854607674537,-5.75));
#6592=CARTESIAN_POINT('Origin',(-45.2959464074027,-86.0225689612716,0.0968505745471665));
#6593=CARTESIAN_POINT('',(-48.6886665250266,-88.6370104364644,-4.22261140304222));
#6594=CARTESIAN_POINT('',(-47.1899591492578,-88.4567456185036,1.39405646758747));
#6595=CARTESIAN_POINT('',(-47.5401659660603,-88.1443591463791,-1.26733450686793));
#6596=CARTESIAN_POINT('Origin',(-41.1443449629228,-80.0699828619896,-5.09416883051882));
#6597=CARTESIAN_POINT('',(-38.462975851871,-82.7002642267104,16.1903011687218));
#6598=CARTESIAN_POINT('',(-44.3435714106305,-86.2271839015583,4.88049124639379));
#6599=CARTESIAN_POINT('',(-39.8095778097321,-83.9280239483572,15.1990708245836));
#6600=CARTESIAN_POINT('Origin',(-22.4716659101678,-84.372079739974,17.3451505843609));
#6601=CARTESIAN_POINT('',(-21.755793973354,-86.2939477245843,16.1903011687218));
#6602=CARTESIAN_POINT('',(-22.8351187704125,-86.0617869843566,16.1903011687218));
#6603=CARTESIAN_POINT('',(-21.755793973354,-86.2939477245843,16.1903011687218));
#6604=CARTESIAN_POINT('Ctrl Pts',(-20.5771691761823,-83.0116971622881,18.5));
#6605=CARTESIAN_POINT('Ctrl Pts',(-19.4012913122025,-83.2646262861839,18.5));
#6606=CARTESIAN_POINT('Ctrl Pts',(-16.3875192515623,-83.1684694180697,18.5));
#6607=CARTESIAN_POINT('Ctrl Pts',(-13.5528207666519,-81.3221628282624,18.5));
#6608=CARTESIAN_POINT('Ctrl Pts',(-12.3588926502415,-79.8887531815979,18.5));
#6609=CARTESIAN_POINT('Ctrl Pts',(-20.8188017225543,-84.1350567743394,17.7287896190277));
#6610=CARTESIAN_POINT('Ctrl Pts',(-19.446196173907,-84.4050338019981,17.7186767128459));
#6611=CARTESIAN_POINT('Ctrl Pts',(-15.9955215903272,-84.1859501736227,17.6852033335697));
#6612=CARTESIAN_POINT('Ctrl Pts',(-12.9623814517182,-82.0230153162656,17.6661777195334));
#6613=CARTESIAN_POINT('Ctrl Pts',(-11.722945364501,-80.4184519643341,17.6666860255236));
#6614=CARTESIAN_POINT('Ctrl Pts',(-21.0604342689264,-85.2584163863906,16.9575792380554));
#6615=CARTESIAN_POINT('Ctrl Pts',(-19.4911010356115,-85.5454413178123,16.9373534256918));
#6616=CARTESIAN_POINT('Ctrl Pts',(-15.6035239290921,-85.2034309291756,16.8704066671395));
#6617=CARTESIAN_POINT('Ctrl Pts',(-12.3719421367845,-82.7238678042688,16.8323554390668));
#6618=CARTESIAN_POINT('Ctrl Pts',(-11.0869980787604,-80.9481507470703,16.8333720510473));
#6619=CARTESIAN_POINT('Ctrl Pts',(-21.3020668152984,-86.3817759984419,16.1863688570832));
#6620=CARTESIAN_POINT('Ctrl Pts',(-19.5360058973159,-86.6858488336266,16.1560301385376));
#6621=CARTESIAN_POINT('Ctrl Pts',(-15.211526267857,-86.2209116847285,16.0556100007092));
#6622=CARTESIAN_POINT('Ctrl Pts',(-11.7815028218508,-83.424720292272,15.9985331586003));
#6623=CARTESIAN_POINT('Ctrl Pts',(-10.4510507930198,-81.4778495298065,16.0000580765709));
#6624=CARTESIAN_POINT('',(-11.6785638728259,-80.6589185761148,17.4831660697148));
#6625=CARTESIAN_POINT('Ctrl Pts',(-11.6785638728259,-80.6589185761148,17.4831660697148));
#6626=CARTESIAN_POINT('Ctrl Pts',(-12.073773399194,-80.6016963894265,17.8298021748827));
#6627=CARTESIAN_POINT('Ctrl Pts',(-12.4791642046531,-80.5400068427092,18.1721383653622));
#6628=CARTESIAN_POINT('Ctrl Pts',(-12.8889612793635,-80.4743727974258,18.5));
#6629=CARTESIAN_POINT('',(-21.3020668152984,-86.3817759984419,16.1863688570832));
#6630=CARTESIAN_POINT('',(-20.5771691761823,-83.0116971622881,18.5));
#6631=CARTESIAN_POINT('',(-11.0033409282191,-82.223079145831,16.0010033139357));
#6632=CARTESIAN_POINT('Ctrl Pts',(-21.3020668152984,-86.3817759984419,16.1863688570832));
#6633=CARTESIAN_POINT('Ctrl Pts',(-19.5360058973159,-86.6858488336266,16.1560301385376));
#6634=CARTESIAN_POINT('Ctrl Pts',(-15.5344901505658,-86.2556344536372,16.063109649313));
#6635=CARTESIAN_POINT('Ctrl Pts',(-12.2988185901025,-83.8293720366227,16.0073002133242));
#6636=CARTESIAN_POINT('Ctrl Pts',(-11.0042074995393,-82.2223804090077,16.0011650215181));
#6637=CARTESIAN_POINT('Ctrl Pts',(-11.003340928219,-82.2230791458309,16.0010033139358));
#6638=CARTESIAN_POINT('Ctrl Pts',(-10.9840581257294,-82.1956050670389,16.0030153294688));
#6639=CARTESIAN_POINT('Ctrl Pts',(-10.9662605863084,-82.1673054466201,16.0065417953254));
#6640=CARTESIAN_POINT('Ctrl Pts',(-10.9148103990131,-82.0757041221136,16.0223557297844));
#6641=CARTESIAN_POINT('Ctrl Pts',(-10.8872317301004,-82.0108218626552,16.0398924293845));
#6642=CARTESIAN_POINT('Ctrl Pts',(-10.8418565566694,-81.8646743081592,16.0918132342486));
#6643=CARTESIAN_POINT('Ctrl Pts',(-10.8280401585819,-81.7843626431788,16.1286009029695));
#6644=CARTESIAN_POINT('Ctrl Pts',(-10.8174582639652,-81.6014019631488,16.2286565174241));
#6645=CARTESIAN_POINT('Ctrl Pts',(-10.8282010714822,-81.5012287587391,16.2963175982201));
#6646=CARTESIAN_POINT('Ctrl Pts',(-10.8832466335333,-81.2784258260276,16.4721970846131));
#6647=CARTESIAN_POINT('Ctrl Pts',(-10.9397362707483,-81.1618943941657,16.5867886023504));
#6648=CARTESIAN_POINT('Ctrl Pts',(-11.0894137106181,-80.95493197533,16.8312337691974));
#6649=CARTESIAN_POINT('Ctrl Pts',(-11.1869699914956,-80.8651648966296,16.9643047266576));
#6650=CARTESIAN_POINT('Ctrl Pts',(-11.410043800769,-80.727797723753,17.2273466159002));
#6651=CARTESIAN_POINT('Ctrl Pts',(-11.5390802680862,-80.679114336434,17.3608257660129));
#6652=CARTESIAN_POINT('Ctrl Pts',(-11.6785638728259,-80.6589185761149,17.4831660697148));
#6653=CARTESIAN_POINT('Ctrl Pts',(-21.0288882528646,-82.9145332358192,18.5));
#6654=CARTESIAN_POINT('Ctrl Pts',(-20.8783152273038,-82.9469212113088,18.5));
#6655=CARTESIAN_POINT('Ctrl Pts',(-20.7277422017431,-82.9793091867985,18.5));
#6656=CARTESIAN_POINT('Ctrl Pts',(-20.5771691761823,-83.0116971622881,18.5));
#6657=CARTESIAN_POINT('Ctrl Pts',(-21.2711901596944,-84.0410047320742,17.7301003895739));
#6658=CARTESIAN_POINT('Ctrl Pts',(-21.1206171341336,-84.0733927075639,17.7301003895739));
#6659=CARTESIAN_POINT('Ctrl Pts',(-20.9698215892783,-84.1047461817324,17.7296595139751));
#6660=CARTESIAN_POINT('Ctrl Pts',(-20.8188017225543,-84.1350567743394,17.7287896190277));
#6661=CARTESIAN_POINT('Ctrl Pts',(-21.5134920665242,-85.1674762283292,16.9602007791479));
#6662=CARTESIAN_POINT('Ctrl Pts',(-21.3629190409634,-85.1998642038189,16.9602007791479));
#6663=CARTESIAN_POINT('Ctrl Pts',(-21.2119009768135,-85.2301831766663,16.9593190279502));
#6664=CARTESIAN_POINT('Ctrl Pts',(-21.0604342689264,-85.2584163863906,16.9575792380554));
#6665=CARTESIAN_POINT('Ctrl Pts',(-21.755793973354,-86.2939477245843,16.1903011687218));
#6666=CARTESIAN_POINT('Ctrl Pts',(-21.6052209477932,-86.3263357000739,16.1903011687218));
#6667=CARTESIAN_POINT('Ctrl Pts',(-21.4539803643487,-86.3556201716001,16.1889785419253));
#6668=CARTESIAN_POINT('Ctrl Pts',(-21.3020668152984,-86.3817759984419,16.1863688570832));
#6669=CARTESIAN_POINT('Ctrl Pts',(-21.755793973354,-86.2939477245843,16.1903011687218));
#6670=CARTESIAN_POINT('Ctrl Pts',(-21.6052209477932,-86.3263357000739,16.1903011687218));
#6671=CARTESIAN_POINT('Ctrl Pts',(-21.4539803643487,-86.3556201716001,16.1889785419253));
#6672=CARTESIAN_POINT('Ctrl Pts',(-21.3020668152984,-86.3817759984419,16.1863688570832));
#6673=CARTESIAN_POINT('Origin',(0.,0.,0.));
#6674=CARTESIAN_POINT('',(-11.6785638728259,-80.6589185761149,4.9));
#6675=CARTESIAN_POINT('',(-11.6785638728259,-80.6589185761148,0.));
#6676=CARTESIAN_POINT('',(-23.1280104712732,-78.1495049993324,4.9));
#6677=CARTESIAN_POINT('Origin',(0.,0.,4.9));
#6678=CARTESIAN_POINT('',(-23.1280104712732,-78.1495049993324,0.));
#6679=CARTESIAN_POINT('Origin',(-22.3041513069878,-80.459725166516,3.55076000362503));
#6680=CARTESIAN_POINT('',(-26.6907042831388,-92.6290392638448,-1.26733450686793));
#6681=CARTESIAN_POINT('',(-24.2469628038373,-89.4919354467872,7.37759432727593));
#6682=CARTESIAN_POINT('',(-16.8589694570092,-89.7421433534606,-5.09416883051884));
#6683=CARTESIAN_POINT('Origin',(-24.7478927862893,-83.5968289835736,-5.09416883051883));
#6684=CARTESIAN_POINT('',(-11.0329668021411,-82.2631299956326,15.5157765198636));
#6685=CARTESIAN_POINT('',(-14.4152279777076,-86.6050395364029,3.55076000362503));
#6686=CARTESIAN_POINT('Ctrl Pts',(-11.0329668021412,-82.2631299956326,15.5157765198636));
#6687=CARTESIAN_POINT('Ctrl Pts',(-11.0228969747048,-82.2502030578385,15.675394969366));
#6688=CARTESIAN_POINT('Ctrl Pts',(-11.0130045049313,-82.2368477807661,15.8372420074971));
#6689=CARTESIAN_POINT('Ctrl Pts',(-11.003340928219,-82.223079145831,16.0010033139357));
#6690=CARTESIAN_POINT('Origin',(-11.8218591350692,-81.6485985586439,0.));
#6691=CARTESIAN_POINT('',(-11.0329668021411,-82.2631299956326,7.89938449446725));
#6692=CARTESIAN_POINT('',(-11.0329668021411,-82.2631299956326,0.));
#6693=CARTESIAN_POINT('Ctrl Pts',(-11.6785638728259,-80.6589185761149,4.90000000000002));
#6694=CARTESIAN_POINT('Ctrl Pts',(-11.6164742907398,-80.6679084951843,4.90000000000002));
#6695=CARTESIAN_POINT('Ctrl Pts',(-11.557689357174,-80.6823846568302,4.91195212758701));
#6696=CARTESIAN_POINT('Ctrl Pts',(-11.447864056077,-80.7193585262076,4.95416503499686));
#6697=CARTESIAN_POINT('Ctrl Pts',(-11.3968383361882,-80.741868216389,4.98445342163949));
#6698=CARTESIAN_POINT('Ctrl Pts',(-11.2567991949145,-80.816782766604,5.09384822121947));
#6699=CARTESIAN_POINT('Ctrl Pts',(-11.1810073949139,-80.8766989019838,5.19177735012994));
#6700=CARTESIAN_POINT('Ctrl Pts',(-10.9879539300366,-81.0652023998578,5.51270202516787));
#6701=CARTESIAN_POINT('Ctrl Pts',(-10.9095524111655,-81.2115287078929,5.78199059084342));
#6702=CARTESIAN_POINT('Ctrl Pts',(-10.8206733757955,-81.5038209063288,6.33790044733728));
#6703=CARTESIAN_POINT('Ctrl Pts',(-10.8132643994051,-81.6496304103812,6.62509017297011));
#6704=CARTESIAN_POINT('Ctrl Pts',(-10.85147160959,-81.9381283583996,7.20712404456516));
#6705=CARTESIAN_POINT('Ctrl Pts',(-10.9152021543055,-82.1119520050928,7.56840331209431));
#6706=CARTESIAN_POINT('Ctrl Pts',(-11.0329668021412,-82.2631299956326,7.89938449446724));
#6707=CARTESIAN_POINT('Origin',(-19.5336219334788,-93.8170054151317,-0.437692688060098));
#6708=CARTESIAN_POINT('',(-21.1194520756982,-93.827405168158,-1.26733450686793));
#6709=CARTESIAN_POINT('Origin',(1.08619048844742,-66.7054063502108,0.));
#6710=CARTESIAN_POINT('',(-1.4699641536713,-69.9868182968919,-0.650980486407217));
#6711=CARTESIAN_POINT('Ctrl Pts',(-1.46996415367131,-69.9868182968919,-0.650980486407217));
#6712=CARTESIAN_POINT('Ctrl Pts',(-1.76967904482171,-70.371571241105,-2.34135318889111));
#6713=CARTESIAN_POINT('Ctrl Pts',(-2.0436321670683,-70.7232530342791,-4.04377061105155));
#6714=CARTESIAN_POINT('Ctrl Pts',(-2.30755098424761,-71.0620534907837,-5.75000000000001));
#6715=CARTESIAN_POINT('',(-1.4699641536713,-69.9868182968919,-0.100000000000002));
#6716=CARTESIAN_POINT('',(-1.4699641536713,-69.9868182968919,-2.33696672679497E-15));
#6717=CARTESIAN_POINT('',(-8.16174779933969,-78.5772605329301,-0.100000000000002));
#6718=CARTESIAN_POINT('',(-5.4974838795107,-75.1570654822926,-0.100000000000002));
#6719=CARTESIAN_POINT('',(-9.96240336626578,-80.8888157854213,4.89999999999996));
#6720=CARTESIAN_POINT('Ctrl Pts',(-8.16174779933971,-78.5772605329301,-0.0999999999999766));
#6721=CARTESIAN_POINT('Ctrl Pts',(-9.0480517855525,-79.7150353924117,2.3465068650714));
#6722=CARTESIAN_POINT('Ctrl Pts',(-9.96240336626578,-80.8888157854213,4.89999999999996));
#6723=CARTESIAN_POINT('Ctrl Pts',(-11.0329668021411,-82.2631299956326,7.89938449446725));
#6724=CARTESIAN_POINT('Ctrl Pts',(-10.4928050881893,-81.5697082941067,6.3812433031827));
#6725=CARTESIAN_POINT('Ctrl Pts',(-9.96240336626578,-80.8888157854213,4.89999999999996));
#6726=CARTESIAN_POINT('',(-16.6191340942825,-89.4342595456814,-1.07726057492356));
#6727=CARTESIAN_POINT('Origin',(2.66283857632375E-18,-9.15711935939635E-17,
2.4));
#6728=CARTESIAN_POINT('',(-22.4185622973078,-75.7522809195983,-0.100000000000001));
#6729=CARTESIAN_POINT('Origin',(5.32567715264751E-18,-1.83142387187927E-16,
-0.100000000000004));
#6730=CARTESIAN_POINT('',(-22.4185622973078,-75.7522809195983,-0.100000000000001));
#6731=CARTESIAN_POINT('Origin',(-24.7478927862893,-83.5968289835736,-5.09416883051882));
#6732=CARTESIAN_POINT('',(-26.8427746885783,-93.3360208117528,-4.22261140304222));
#6733=CARTESIAN_POINT('Origin',(-24.7478927862893,-83.5968289835736,-5.09416883051882));
#6734=CARTESIAN_POINT('Origin',(-24.7478927862893,-83.5968289835736,-5.09416883051884));
#6735=CARTESIAN_POINT('Origin',(-19.1766405788488,-84.7951948878868,-5.09416883051882));
#6736=CARTESIAN_POINT('',(-21.2715224811378,-94.5343867160659,-4.22261140304222));
#6737=CARTESIAN_POINT('Origin',(-24.5080574235627,-83.2889451757945,-1.07726057492356));
#6738=CARTESIAN_POINT('',(-26.6029393258517,-93.0281370039737,-0.205703147446963));
#6739=CARTESIAN_POINT('Origin',(-22.785032957817,-94.2085693797771,-4.21966055613079));
#6740=CARTESIAN_POINT('Origin',(-2.25885648659932,-69.3722868599032,-0.650980486407217));
#6741=CARTESIAN_POINT('',(-2.39870672581736,-68.4017301268221,-0.8470966215454));
#6742=CARTESIAN_POINT('Origin',(-2.25885648659932,-69.3722868599032,-0.650980486407217));
#6743=CARTESIAN_POINT('',(-2.40147630635001,-68.3825093156973,-0.650980486407217));
#6744=CARTESIAN_POINT('Origin',(-2.25885648659932,-69.3722868599032,-0.650980486407217));
#6745=CARTESIAN_POINT('Origin',(-2.25885648659932,-69.3722868599032,-0.650980486407217));
#6746=CARTESIAN_POINT('Origin',(-3.03613450422995,-63.9779992440545,-0.65098048640722));
#6747=CARTESIAN_POINT('',(-3.24799645933039,-68.4423943439336,-0.847096621545405));
#6748=CARTESIAN_POINT('',(-3.24707593348209,-68.4229968495391,-0.65098048640722));
#6749=CARTESIAN_POINT('Origin',(-3.29447850185415,-69.4218727159569,-0.65098048640722));
#6750=CARTESIAN_POINT('Origin',(-3.03613450422995,-63.9779992440545,-0.65098048640722));
#6751=CARTESIAN_POINT('Origin',(-3.03613450422995,-63.9779992440545,-0.847096621545405));
#6752=CARTESIAN_POINT('Origin',(-1.18336085527539E-14,-4.20847087957411E-15,
-0.650980486407133));
#6753=CARTESIAN_POINT('',(-25.3379915801013,-63.6623672762571,-0.847096621545316));
#6754=CARTESIAN_POINT('',(-25.3308104527554,-63.6443245057752,-0.650980486407133));
#6755=CARTESIAN_POINT('Origin',(-25.7006033060807,-64.5734387321379,-0.650980486407133));
#6756=CARTESIAN_POINT('Origin',(-1.18336085527539E-14,-4.20847087957411E-15,
-0.650980486407133));
#6757=CARTESIAN_POINT('Origin',(-9.99200722162641E-15,0.,-0.847096621545316));
#6758=CARTESIAN_POINT('Origin',(-23.6852322554853,-59.5097661985303,-0.650980486407222));
#6759=CARTESIAN_POINT('',(-27.4879233611147,-61.8582230218529,-0.847096621545406));
#6760=CARTESIAN_POINT('',(-27.4714009257668,-61.8480191359855,-0.650980486407222));
#6761=CARTESIAN_POINT('Origin',(-28.3222253460689,-62.3734692342989,-0.650980486407222));
#6762=CARTESIAN_POINT('Origin',(-23.6852322554853,-59.5097661985303,-0.650980486407222));
#6763=CARTESIAN_POINT('Origin',(-23.6852322554853,-59.5097661985303,-0.847096621545406));
#6764=CARTESIAN_POINT('Ctrl Pts',(-3.08730275318972,-69.4669839812917,-5.94611613513819));
#6765=CARTESIAN_POINT('Ctrl Pts',(-2.86290205992015,-69.1278151373167,-4.23988674618973));
#6766=CARTESIAN_POINT('Ctrl Pts',(-2.63582080305116,-68.7774627443474,-2.53746932402928));
#6767=CARTESIAN_POINT('Ctrl Pts',(-2.39870672581736,-68.4017301268221,-0.847096621545402));
#6768=CARTESIAN_POINT('Ctrl Pts',(-2.87935704575864,-69.4750359344482,-5.97668223608298));
#6769=CARTESIAN_POINT('Ctrl Pts',(-2.65138892784077,-69.1280817898188,-4.27349438196981));
#6770=CARTESIAN_POINT('Ctrl Pts',(-2.42019886082962,-68.7683538058289,-2.57481983700495));
#6771=CARTESIAN_POINT('Ctrl Pts',(-2.17987072849889,-68.3790795799186,-0.891053360562817));
#6772=CARTESIAN_POINT('Ctrl Pts',(-2.46512945151945,-69.6258320843846,-6.01081167533319));
#6773=CARTESIAN_POINT('Ctrl Pts',(-2.22451602536182,-69.2684270551554,-4.31270513502721));
#6774=CARTESIAN_POINT('Ctrl Pts',(-1.97888557923031,-68.8954793477063,-2.6203104381909));
#6775=CARTESIAN_POINT('Ctrl Pts',(-1.72079662552309,-68.4862843068264,-0.948049081299712));
#6776=CARTESIAN_POINT('Ctrl Pts',(-2.11875282328607,-70.1228486492904,-5.96569808770124));
#6777=CARTESIAN_POINT('Ctrl Pts',(-1.86027524193957,-69.7674726180088,-4.26856331744192));
#6778=CARTESIAN_POINT('Ctrl Pts',(-1.59313938843916,-69.3964215321565,-2.57738915263431));
#6779=CARTESIAN_POINT('Ctrl Pts',(-1.30515269935698,-68.9873748974144,-0.907690285953705));
#6780=CARTESIAN_POINT('Ctrl Pts',(-2.08600101589228,-70.6534415721495,-5.86540600076189));
#6781=CARTESIAN_POINT('Ctrl Pts',(-1.81979435002884,-70.3072486073447,-4.16455160105762));
#6782=CARTESIAN_POINT('Ctrl Pts',(-1.54325750839016,-69.9467867786363,-2.46881505497295));
#6783=CARTESIAN_POINT('Ctrl Pts',(-1.24095151956104,-69.55114710188,-0.79075100645108));
#6784=CARTESIAN_POINT('Ctrl Pts',(-2.21354044932492,-70.9413693634128,-5.78850536572097));
#6785=CARTESIAN_POINT('Ctrl Pts',(-1.94811074577003,-70.600639568953,-4.08408112869973));
#6786=CARTESIAN_POINT('Ctrl Pts',(-1.67246044440737,-70.2467594459016,-2.38386307470028));
#6787=CARTESIAN_POINT('Ctrl Pts',(-1.37061265574364,-69.8592778160271,-0.697626234288871));
#6788=CARTESIAN_POINT('Ctrl Pts',(-2.30755098424761,-71.0620534907837,-5.75000000000001));
#6789=CARTESIAN_POINT('Ctrl Pts',(-2.0436321670683,-70.7232530342791,-4.04377061105155));
#6790=CARTESIAN_POINT('Ctrl Pts',(-1.76967904482171,-70.371571241105,-2.34135318889111));
#6791=CARTESIAN_POINT('Ctrl Pts',(-1.46996415367131,-69.9868182968919,-0.650980486407217));
#6792=CARTESIAN_POINT('Ctrl Pts',(-3.06149515338725,-69.4279456789175,-5.7499983707964));
#6793=CARTESIAN_POINT('Ctrl Pts',(-2.84548498537488,-69.1009286610098,-4.10943988150392));
#6794=CARTESIAN_POINT('Ctrl Pts',(-2.6267351990275,-68.7630656329593,-2.47269857230362));
#6795=CARTESIAN_POINT('Ctrl Pts',(-2.39870672581736,-68.4017301268221,-0.847096621545402));
#6796=CARTESIAN_POINT('Origin',(-28.3222253460689,-62.3734692342989,-0.650980486407222));
#6797=CARTESIAN_POINT('Origin',(-28.3222253460689,-62.3734692342989,-0.650980486407222));
#6798=CARTESIAN_POINT('Origin',(-28.3222253460689,-62.3734692342989,-0.650980486407222));
#6799=CARTESIAN_POINT('Ctrl Pts',(-27.4879233611147,-61.8582230218529,-0.84709662154541));
#6800=CARTESIAN_POINT('Ctrl Pts',(-27.6035202267818,-62.3125954196486,-2.53260990810834));
#6801=CARTESIAN_POINT('Ctrl Pts',(-27.7111356690273,-62.7255804603149,-4.23700990638768));
#6802=CARTESIAN_POINT('Ctrl Pts',(-27.8158620626388,-63.1249382596608,-5.94611613513821));
#6803=CARTESIAN_POINT('Ctrl Pts',(-27.6143384538882,-61.6728654386772,-0.897901060163694));
#6804=CARTESIAN_POINT('Ctrl Pts',(-27.7390944078904,-62.1400108760722,-2.57362141881476));
#6805=CARTESIAN_POINT('Ctrl Pts',(-27.8508593554518,-62.5634049040452,-4.27319865902044));
#6806=CARTESIAN_POINT('Ctrl Pts',(-27.9588448231328,-62.9713481582538,-5.97831942463028));
#6807=CARTESIAN_POINT('Ctrl Pts',(-28.0049363577741,-61.387917512028,-0.966916039624841));
#6808=CARTESIAN_POINT('Ctrl Pts',(-28.1318232460634,-61.8849233074888,-2.62528787261688));
#6809=CARTESIAN_POINT('Ctrl Pts',(-28.242175838685,-62.3295618456236,-4.31677727514275));
#6810=CARTESIAN_POINT('Ctrl Pts',(-28.3479114545856,-62.7549068596751,-6.01519677618073));
#6811=CARTESIAN_POINT('Ctrl Pts',(-28.6741915546066,-61.4095896752714,-0.929308055877461));
#6812=CARTESIAN_POINT('Ctrl Pts',(-28.7755198292208,-61.9290416474538,-2.58360800732531));
#6813=CARTESIAN_POINT('Ctrl Pts',(-28.8667124211833,-62.3869080159948,-4.27349966628711));
#6814=CARTESIAN_POINT('Ctrl Pts',(-28.9562380067888,-62.8224239549532,-5.97061127493888));
#6815=CARTESIAN_POINT('Ctrl Pts',(-29.1465513298548,-61.7490496219144,-0.803679587559172));
#6816=CARTESIAN_POINT('Ctrl Pts',(-29.2260442818179,-62.2667112615194,-2.47054478729162));
#6817=CARTESIAN_POINT('Ctrl Pts',(-29.3023957587949,-62.7206580043928,-4.16632145083258));
#6818=CARTESIAN_POINT('Ctrl Pts',(-29.3795998311108,-63.1523063231121,-5.86832795175545));
#6819=CARTESIAN_POINT('Ctrl Pts',(-29.2862646645687,-62.0607416429011,-0.701938826123488));
#6820=CARTESIAN_POINT('Ctrl Pts',(-29.3616832650041,-62.5700894042437,-2.38120134093935));
#6821=CARTESIAN_POINT('Ctrl Pts',(-29.4354180116417,-63.0165153334079,-4.08274948959134));
#6822=CARTESIAN_POINT('Ctrl Pts',(-29.5106051931759,-63.4417802900726,-5.78947703513253));
#6823=CARTESIAN_POINT('Ctrl Pts',(-29.3109489354113,-62.2237172263726,-0.650980486407219));
#6824=CARTESIAN_POINT('Ctrl Pts',(-29.3874508464106,-62.7288139197807,-2.33649377297016));
#6825=CARTESIAN_POINT('Ctrl Pts',(-29.4619650216359,-63.1715516655398,-4.0408937712495));
#6826=CARTESIAN_POINT('Ctrl Pts',(-29.537931061651,-63.593593731892,-5.75000000000002));
#6827=CARTESIAN_POINT('Ctrl Pts',(-27.4879233611147,-61.8582230218529,-0.84709662154541));
#6828=CARTESIAN_POINT('Ctrl Pts',(-27.5990981721232,-62.2952138101488,-2.46813210554859));
#6829=CARTESIAN_POINT('Ctrl Pts',(-27.7028905243043,-62.6939231486531,-4.10663695112615));
#6830=CARTESIAN_POINT('Ctrl Pts',(-27.8038304508372,-63.079045654497,-5.74999660157028));
#6831=CARTESIAN_POINT('Origin',(-2.25885648659932,-69.3722868599032,-2.33696672679497E-15));
#6832=CARTESIAN_POINT('',(-2.40147630635001,-68.3825093156973,-0.100000000000002));
#6833=CARTESIAN_POINT('',(-2.40147630635001,-68.3825093156973,-2.33696672679497E-15));
#6834=CARTESIAN_POINT('Origin',(-2.25885648659932,-69.3722868599032,-0.100000000000002));
#6835=CARTESIAN_POINT('Origin',(-3.03613450422995,-63.9779992440545,-2.33696672679497E-15));
#6836=CARTESIAN_POINT('',(-3.24707593348209,-68.4229968495391,-0.100000000000002));
#6837=CARTESIAN_POINT('',(-3.24707593348209,-68.4229968495391,-2.1510571102114E-15));
#6838=CARTESIAN_POINT('Origin',(-3.03613450422995,-63.9779992440545,-0.100000000000002));
#6839=CARTESIAN_POINT('Origin',(-1.18336085527539E-14,-4.20847087957411E-15,
-2.15105711021141E-15));
#6840=CARTESIAN_POINT('',(-25.330810474881,-63.6443244969691,3.80960271554665));
#6841=CARTESIAN_POINT('',(-25.3308104527554,-63.6443245057752,-2.15105711021141E-15));
#6842=CARTESIAN_POINT('',(-22.862578066504,-64.5720723234345,-0.0999999999999995));
#6843=CARTESIAN_POINT('Ctrl Pts',(-25.330810474881,-63.6443244969691,3.80960271554665));
#6844=CARTESIAN_POINT('Ctrl Pts',(-24.7336477773056,-63.8819987159118,3.01357998995457));
#6845=CARTESIAN_POINT('Ctrl Pts',(-24.1705507838483,-64.0962592349362,2.12248261826179));
#6846=CARTESIAN_POINT('Ctrl Pts',(-23.3919872333449,-64.3828121013598,0.823408859954251));
#6847=CARTESIAN_POINT('Ctrl Pts',(-23.1266758986354,-64.4785650673245,0.365838740165887));
#6848=CARTESIAN_POINT('Ctrl Pts',(-22.862578066504,-64.5720723234345,-0.100000000000009));
#6849=CARTESIAN_POINT('Origin',(-1.18336085527539E-14,-4.20847087957411E-15,
-0.100000000000002));
#6850=CARTESIAN_POINT('Origin',(-23.6852322554853,-59.5097661985303,-3.60135929943472E-15));
#6851=CARTESIAN_POINT('',(-27.4714009257668,-61.8480191359855,-3.60135929943472E-15));
#6852=CARTESIAN_POINT('',(-26.7207250617421,-62.7637304611647,4.9));
#6853=CARTESIAN_POINT('',(-26.7207250617421,-62.7637304611647,-0.100000000000002));
#6854=CARTESIAN_POINT('Ctrl Pts',(-26.7207250617421,-62.7637304611647,4.89999999999998));
#6855=CARTESIAN_POINT('Ctrl Pts',(-26.5821427569795,-62.8930083373885,4.89999999999997));
#6856=CARTESIAN_POINT('Ctrl Pts',(-26.44513312765,-63.0045336855086,4.8548100080754));
#6857=CARTESIAN_POINT('Ctrl Pts',(-26.1751198693495,-63.2017727339707,4.70555590689189));
#6858=CARTESIAN_POINT('Ctrl Pts',(-26.0421341467188,-63.2873363932267,4.60126125177887));
#6859=CARTESIAN_POINT('Ctrl Pts',(-25.707362478823,-63.4808451545029,4.28619576819746));
#6860=CARTESIAN_POINT('Ctrl Pts',(-25.5105669659814,-63.5727803693507,4.04921957699334));
#6861=CARTESIAN_POINT('Ctrl Pts',(-25.3308104748768,-63.6443244969708,3.80960271554114));
#6862=CARTESIAN_POINT('Origin',(-28.3222253460689,-62.3734692342989,-3.60135929943472E-15));
#6863=CARTESIAN_POINT('Origin',(-8.56996333362245,-72.1854607674537,-5.1038));
#6864=CARTESIAN_POINT('',(-10.2199633336225,-72.1854607674537,-4.4576));
#6865=CARTESIAN_POINT('',(-10.8661633336225,-72.1854607674537,-5.1038));
#6866=CARTESIAN_POINT('Origin',(-8.56996333362245,-72.1854607674537,-4.4576));
#6867=CARTESIAN_POINT('Origin',(-8.56996333362245,-72.1854607674537,-5.75));
#6868=CARTESIAN_POINT('',(-10.2199633336225,-72.1854607674537,-0.100000000000002));
#6869=CARTESIAN_POINT('',(-10.2199633336225,-72.1854607674537,-5.75));
#6870=CARTESIAN_POINT('Origin',(-8.56996333362245,-72.1854607674537,-0.100000000000002));
#6871=CARTESIAN_POINT('Origin',(-15.5978010539675,-73.8073003130063,-5.1038));
#6872=CARTESIAN_POINT('',(-17.2478010539675,-73.8073003130063,-4.4576));
#6873=CARTESIAN_POINT('',(-17.8940010539675,-73.8073003130063,-5.1038));
#6874=CARTESIAN_POINT('Origin',(-15.5978010539675,-73.8073003130063,-4.4576));
#6875=CARTESIAN_POINT('Origin',(-15.5978010539675,-73.8073003130063,-5.75));
#6876=CARTESIAN_POINT('',(-17.2478010539675,-73.8073003130063,-0.100000000000002));
#6877=CARTESIAN_POINT('',(-17.2478010539675,-73.8073003130063,-5.75));
#6878=CARTESIAN_POINT('Origin',(-15.5978010539675,-73.8073003130063,-0.100000000000002));
#6879=CARTESIAN_POINT('Origin',(-21.2041148730606,-69.2696674613017,-5.1038));
#6880=CARTESIAN_POINT('',(-22.8541148730606,-69.2696674613017,-4.4576));
#6881=CARTESIAN_POINT('',(-23.5003148730606,-69.2696674613017,-5.1038));
#6882=CARTESIAN_POINT('Origin',(-21.2041148730606,-69.2696674613017,-4.4576));
#6883=CARTESIAN_POINT('Origin',(-21.2041148730606,-69.2696674613017,-5.75));
#6884=CARTESIAN_POINT('',(-22.8541148730606,-69.2696674613017,-0.100000000000002));
#6885=CARTESIAN_POINT('',(-22.8541148730606,-69.2696674613017,-5.75));
#6886=CARTESIAN_POINT('Origin',(-21.2041148730606,-69.2696674613017,-0.100000000000002));
#6887=CARTESIAN_POINT('Origin',(-21.7091141233424,-73.3550568398641,2.4));
#6888=CARTESIAN_POINT('',(-24.085698051643,-72.579267672794,-0.100000000000002));
#6889=CARTESIAN_POINT('Origin',(-21.7091141233424,-73.3550568398641,-0.100000000000002));
#6890=CARTESIAN_POINT('',(-26.4622819799436,-71.803478505724,4.9));
#6891=CARTESIAN_POINT('',(-24.085698051643,-72.579267672794,-0.100000000000002));
#6892=CARTESIAN_POINT('Origin',(-21.7091141233424,-73.3550568398641,4.9));
#6893=CARTESIAN_POINT('Origin',(-78.7471284032706,-54.736116829949,2.4));
#6894=CARTESIAN_POINT('',(-22.8390305463006,-68.1724330699691,-0.100000000000002));
#6895=CARTESIAN_POINT('Origin',(-78.7471284032706,-54.736116829949,-0.100000000000002));
#6896=CARTESIAN_POINT('',(-25.2698174096154,-67.5882454073672,4.9));
#6897=CARTESIAN_POINT('',(-22.8390305463006,-68.1724330699691,-0.100000000000002));
#6898=CARTESIAN_POINT('Origin',(-78.7471284032706,-54.736116829949,4.9));
#6899=CARTESIAN_POINT('Origin',(-30.1313911362449,-66.4198700821633,2.4));
#6900=CARTESIAN_POINT('Origin',(-30.1313911362449,-66.4198700821633,4.9));
#6901=CARTESIAN_POINT('Origin',(-30.1313911362449,-66.4198700821633,-0.100000000000002));
#6902=CARTESIAN_POINT('Origin',(-21.6944460141542,-76.1201646438138,-0.100000000000002));
#6903=CARTESIAN_POINT('Origin',(-1.18309457141776E-14,-4.30004207316807E-15,
-3.25));
#6904=CARTESIAN_POINT('',(-3.24707593348209,-68.4229968495391,-0.749999999999999));
#6905=CARTESIAN_POINT('',(-25.7006033060807,-64.5734387321379,-5.75));
#6906=CARTESIAN_POINT('Origin',(-23.6852322554853,-59.5097661985303,-3.25));
#6907=CARTESIAN_POINT('Origin',(-3.03613450422995,-63.9779992440545,-3.25));
#6908=CARTESIAN_POINT('Origin',(-21.7091141233424,-73.3550568398641,0.));
#6909=CARTESIAN_POINT('',(-26.4622819799436,-71.803478505724,0.));
#6910=CARTESIAN_POINT('Origin',(-30.1313911362449,-66.4198700821633,-0.100000000000002));
#6911=CARTESIAN_POINT('',(-25.2698174096154,-67.5882454073672,-0.100000000000002));
#6912=CARTESIAN_POINT('Origin',(-78.7471284032706,-54.736116829949,-0.100000000000002));
#6913=CARTESIAN_POINT('Origin',(-10.3301212848148,-79.7336101919449,0.));
#6914=CARTESIAN_POINT('',(-9.54122895188682,-80.3481416289336,12.0373377453476));
#6915=CARTESIAN_POINT('',(-10.4586053803971,-80.7253217614964,11.55));
#6916=CARTESIAN_POINT('Ctrl Pts',(-9.54122895188675,-80.3481416289335,12.0373377453475));
#6917=CARTESIAN_POINT('Ctrl Pts',(-9.59121405733461,-80.4123089995104,11.9677238164842));
#6918=CARTESIAN_POINT('Ctrl Pts',(-9.64976313782183,-80.471121167782,11.9023853009587));
#6919=CARTESIAN_POINT('Ctrl Pts',(-9.80436339899893,-80.5917965955114,11.7640607335814));
#6920=CARTESIAN_POINT('Ctrl Pts',(-9.9190546899563,-80.6550842152317,11.6873699833017));
#6921=CARTESIAN_POINT('Ctrl Pts',(-10.1126146086644,-80.7119830373846,11.6069893885781));
#6922=CARTESIAN_POINT('Ctrl Pts',(-10.1806944619541,-80.72482576425,11.5857609728555));
#6923=CARTESIAN_POINT('Ctrl Pts',(-10.3192249437544,-80.7359583874809,11.5572683178212));
#6924=CARTESIAN_POINT('Ctrl Pts',(-10.3896744093722,-80.7342523152398,11.55));
#6925=CARTESIAN_POINT('Ctrl Pts',(-10.4586053803971,-80.7253217614964,11.55));
#6926=CARTESIAN_POINT('',(-10.4586053803971,-80.7253217614964,5.));
#6927=CARTESIAN_POINT('',(-10.4586053803971,-80.7253217614964,0.));
#6928=CARTESIAN_POINT('',(-9.5412289518868,-80.3481416289336,4.0253245093053));
#6929=CARTESIAN_POINT('Ctrl Pts',(-10.4586053803971,-80.7253217614964,5.));
#6930=CARTESIAN_POINT('Ctrl Pts',(-10.400707214114,-80.7328229279234,5.));
#6931=CARTESIAN_POINT('Ctrl Pts',(-10.3385067251989,-80.7353134897841,4.98909292590302));
#6932=CARTESIAN_POINT('Ctrl Pts',(-10.2206777673481,-80.7293520785991,4.94749975828929));
#6933=CARTESIAN_POINT('Ctrl Pts',(-10.1649345568308,-80.7210697514405,4.9171151991325));
#6934=CARTESIAN_POINT('Ctrl Pts',(-9.94903364195772,-80.6740755368059,4.77014875397562));
#6935=CARTESIAN_POINT('Ctrl Pts',(-9.809177230575,-80.5955541000592,4.58049263432862));
#6936=CARTESIAN_POINT('Ctrl Pts',(-9.64771193052527,-80.4695200688188,4.2915588692008));
#6937=CARTESIAN_POINT('Ctrl Pts',(-9.58998810329164,-80.4107352057436,4.1611376107048));
#6938=CARTESIAN_POINT('Ctrl Pts',(-9.54122895188682,-80.3481416289336,4.0253245093053));
#6939=CARTESIAN_POINT('',(-9.54122895188681,-80.3481416289336,0.));
#6940=CARTESIAN_POINT('Origin',(0.,0.,0.));
#6941=CARTESIAN_POINT('',(-23.0996325443146,-78.053616036143,11.55));
#6942=CARTESIAN_POINT('Origin',(0.,0.,11.55));
#6943=CARTESIAN_POINT('',(-23.0996325443146,-78.053616036143,5.));
#6944=CARTESIAN_POINT('',(-23.0996325443146,-78.053616036143,0.));
#6945=CARTESIAN_POINT('Origin',(0.,0.,5.));
#6946=CARTESIAN_POINT('Origin',(0.,0.,12.3));
#6947=CARTESIAN_POINT('',(-8.81241322380879,-79.4125391432162,13.05));
#6948=CARTESIAN_POINT('Ctrl Pts',(-9.54122895188681,-80.3481416289336,12.0373377453476));
#6949=CARTESIAN_POINT('Ctrl Pts',(-9.17452635507241,-79.8773945691749,12.5480420493576));
#6950=CARTESIAN_POINT('Ctrl Pts',(-8.81241322380879,-79.4125391432162,13.05));
#6951=CARTESIAN_POINT('',(-22.6739636399354,-76.6152815883025,13.05));
#6952=CARTESIAN_POINT('Origin',(0.,0.,13.05));
#6953=CARTESIAN_POINT('',(-23.0996325443146,-78.053616036143,11.55));
#6954=CARTESIAN_POINT('Ctrl Pts',(-23.4401751739865,-66.7632089583813,13.1193855657743));
#6955=CARTESIAN_POINT('Ctrl Pts',(-23.4717202483794,-66.9094917198422,13.0868863278103));
#6956=CARTESIAN_POINT('Ctrl Pts',(-23.5046899814295,-67.0589196994267,13.0654662925545));
#6957=CARTESIAN_POINT('Ctrl Pts',(-23.5388000552048,-67.2100573525441,13.0558445661035));
#6958=CARTESIAN_POINT('Ctrl Pts',(-23.9127499674876,-66.5833210912885,12.6128335169477));
#6959=CARTESIAN_POINT('Ctrl Pts',(-23.9491949666302,-66.7531567439993,12.5801605563661));
#6960=CARTESIAN_POINT('Ctrl Pts',(-23.9872119708551,-66.9258551125037,12.5603108617028));
#6961=CARTESIAN_POINT('Ctrl Pts',(-24.0265025319925,-67.0998643459789,12.5538963774023));
#6962=CARTESIAN_POINT('Ctrl Pts',(-24.3853247609886,-66.4034332241957,12.106281468121));
#6963=CARTESIAN_POINT('Ctrl Pts',(-24.4266696848811,-66.5968217681564,12.0734347849219));
#6964=CARTESIAN_POINT('Ctrl Pts',(-24.4697339602808,-66.7927905255808,12.0551554308511));
#6965=CARTESIAN_POINT('Ctrl Pts',(-24.5142050087803,-66.9896713394138,12.0519481887012));
#6966=CARTESIAN_POINT('Ctrl Pts',(-24.8578995544896,-66.2235453571029,11.5997294192944));
#6967=CARTESIAN_POINT('Ctrl Pts',(-24.9041444031319,-66.4404867923135,11.5667090134776));
#6968=CARTESIAN_POINT('Ctrl Pts',(-24.9522559497064,-66.6597259386578,11.5499999999995));
#6969=CARTESIAN_POINT('Ctrl Pts',(-25.0019074855681,-66.8794783328487,11.55));
#6970=CARTESIAN_POINT('',(-23.4401751739865,-66.7632089583813,13.1193855657743));
#6971=CARTESIAN_POINT('',(-24.857899554488,-66.2235453570952,11.5997294192416));
#6972=CARTESIAN_POINT('',(-23.4401751739865,-66.7632089583813,13.1193855657743));
#6973=CARTESIAN_POINT('',(-25.0019074855681,-66.8794783328486,11.55));
#6974=CARTESIAN_POINT('Ctrl Pts',(-24.8578995544896,-66.2235453571029,11.5997294192944));
#6975=CARTESIAN_POINT('Ctrl Pts',(-24.9041444031319,-66.4404867923135,11.5667090134776));
#6976=CARTESIAN_POINT('Ctrl Pts',(-24.9522559497064,-66.6597259386578,11.5499999999995));
#6977=CARTESIAN_POINT('Ctrl Pts',(-25.0019074855681,-66.8794783328487,11.55));
#6978=CARTESIAN_POINT('',(-23.5388000552048,-67.210057352544,13.0558445661035));
#6979=CARTESIAN_POINT('',(-25.0019074855681,-66.8794783328486,11.55));
#6980=CARTESIAN_POINT('Ctrl Pts',(-23.5388000552048,-67.2100573525441,13.0558445661035));
#6981=CARTESIAN_POINT('Ctrl Pts',(-23.5046899814295,-67.0589196994267,13.0654662925545));
#6982=CARTESIAN_POINT('Ctrl Pts',(-23.4717202483794,-66.9094917198422,13.0868863278103));
#6983=CARTESIAN_POINT('Ctrl Pts',(-23.4401751739865,-66.7632089583813,13.1193855657743));
#6984=CARTESIAN_POINT('Ctrl Pts',(-23.3941767304795,-66.5473815574572,13.1760151298019));
#6985=CARTESIAN_POINT('Ctrl Pts',(-23.4091398604762,-66.6184374178871,13.1544621799484));
#6986=CARTESIAN_POINT('Ctrl Pts',(-23.4244818361853,-66.6904348459631,13.1355535897676));
#6987=CARTESIAN_POINT('Ctrl Pts',(-23.4401751739865,-66.7632089583813,13.1193855657743));
#6988=CARTESIAN_POINT('Ctrl Pts',(-23.8651246775662,-66.330971229803,12.6710711042657));
#6989=CARTESIAN_POINT('Ctrl Pts',(-23.8787484223695,-66.4146354501207,12.6485055231472));
#6990=CARTESIAN_POINT('Ctrl Pts',(-23.8946189694204,-66.4988296668757,12.6290879660889));
#6991=CARTESIAN_POINT('Ctrl Pts',(-23.9127499674876,-66.5833210912885,12.6128335169477));
#6992=CARTESIAN_POINT('Ctrl Pts',(-24.3360726246528,-66.1145609021488,12.1661270787295));
#6993=CARTESIAN_POINT('Ctrl Pts',(-24.3483569842628,-66.2108334823543,12.1425488663461));
#6994=CARTESIAN_POINT('Ctrl Pts',(-24.3647561026556,-66.3072244877883,12.1226223424102));
#6995=CARTESIAN_POINT('Ctrl Pts',(-24.3853247609886,-66.4034332241957,12.106281468121));
#6996=CARTESIAN_POINT('Ctrl Pts',(-24.8070205717395,-65.8981505744945,11.6611830531933));
#6997=CARTESIAN_POINT('Ctrl Pts',(-24.8179655461561,-66.0070315145879,11.6365922095449));
#6998=CARTESIAN_POINT('Ctrl Pts',(-24.8348932358907,-66.1156193087009,11.6161567187314));
#6999=CARTESIAN_POINT('Ctrl Pts',(-24.8578995544896,-66.2235453571029,11.5997294192944));
#7000=CARTESIAN_POINT('',(-23.3941767304795,-66.5473815574572,13.1760151298019));
#7001=CARTESIAN_POINT('',(-24.8070205717395,-65.8981505744945,11.6611830531933));
#7002=CARTESIAN_POINT('',(-23.3941767304795,-66.5473815574572,13.1760151298019));
#7003=CARTESIAN_POINT('Ctrl Pts',(-24.8070205717395,-65.8981505744945,11.6611830531933));
#7004=CARTESIAN_POINT('Ctrl Pts',(-24.8179655461561,-66.0070315145879,11.6365922095449));
#7005=CARTESIAN_POINT('Ctrl Pts',(-24.8348932358907,-66.1156193087009,11.6161567187314));
#7006=CARTESIAN_POINT('Ctrl Pts',(-24.8578995544896,-66.2235453571029,11.5997294192944));
#7007=CARTESIAN_POINT('Ctrl Pts',(-23.4401751739865,-66.7632089583813,13.1193855657743));
#7008=CARTESIAN_POINT('Ctrl Pts',(-23.4244818361853,-66.6904348459631,13.1355535897676));
#7009=CARTESIAN_POINT('Ctrl Pts',(-23.4091398604762,-66.6184374178871,13.1544621799484));
#7010=CARTESIAN_POINT('Ctrl Pts',(-23.3941767304795,-66.5473815574572,13.1760151298019));
#7011=CARTESIAN_POINT('Ctrl Pts',(-23.1893313500769,-65.5104151572845,13.7336201754628));
#7012=CARTESIAN_POINT('Ctrl Pts',(-23.2233023677247,-65.695335300468,13.580822551724));
#7013=CARTESIAN_POINT('Ctrl Pts',(-23.2624233978767,-65.9002553784869,13.4485494152345));
#7014=CARTESIAN_POINT('Ctrl Pts',(-23.3341353001525,-66.2586031486987,13.2760490638348));
#7015=CARTESIAN_POINT('Ctrl Pts',(-23.3633484871079,-66.4009865613036,13.2204202498275));
#7016=CARTESIAN_POINT('Ctrl Pts',(-23.3941767304795,-66.5473815574572,13.1760151298019));
#7017=CARTESIAN_POINT('Ctrl Pts',(-23.829589111279,-65.091490344511,13.3235411911397));
#7018=CARTESIAN_POINT('Ctrl Pts',(-23.8060922709979,-65.3058831241203,13.128707855558));
#7019=CARTESIAN_POINT('Ctrl Pts',(-23.7945466152036,-65.5565844073445,12.9711497889482));
#7020=CARTESIAN_POINT('Ctrl Pts',(-23.8186982831096,-65.9883351352802,12.7774468886835));
#7021=CARTESIAN_POINT('Ctrl Pts',(-23.836955906195,-66.1586714441766,12.7175274952528));
#7022=CARTESIAN_POINT('Ctrl Pts',(-23.8651246775662,-66.330971229803,12.6710711042657));
#7023=CARTESIAN_POINT('Ctrl Pts',(-24.469846872481,-64.6725655317375,12.9134622068166));
#7024=CARTESIAN_POINT('Ctrl Pts',(-24.3903198407618,-64.9163656408531,12.6780432046654));
#7025=CARTESIAN_POINT('Ctrl Pts',(-24.3270946484588,-65.212731575506,12.4940307562746));
#7026=CARTESIAN_POINT('Ctrl Pts',(-24.3031440205675,-65.7181376133365,12.2787825229826));
#7027=CARTESIAN_POINT('Ctrl Pts',(-24.3108634364442,-65.9161404254188,12.2147398408196));
#7028=CARTESIAN_POINT('Ctrl Pts',(-24.3360726246528,-66.1145609021488,12.1661270787295));
#7029=CARTESIAN_POINT('Ctrl Pts',(-25.1101046336831,-64.2536407189641,12.5033832224935));
#7030=CARTESIAN_POINT('Ctrl Pts',(-24.9731097440349,-64.5269134645054,12.2259285084994));
#7031=CARTESIAN_POINT('Ctrl Pts',(-24.8592178657857,-64.8690606043636,12.0166311299883));
#7032=CARTESIAN_POINT('Ctrl Pts',(-24.7877070035246,-65.4478695999181,11.7801803478313));
#7033=CARTESIAN_POINT('Ctrl Pts',(-24.7844708555312,-65.6738253082918,11.7118470862448));
#7034=CARTESIAN_POINT('Ctrl Pts',(-24.8070205717395,-65.8981505744945,11.6611830531933));
#7035=CARTESIAN_POINT('',(-23.1893313500769,-65.5104151572845,13.7336201754628));
#7036=CARTESIAN_POINT('',(-25.1101046336831,-64.2536407189641,12.5033832224935));
#7037=CARTESIAN_POINT('',(-23.1893313500769,-65.5104151572845,13.7336201754628));
#7038=CARTESIAN_POINT('Ctrl Pts',(-25.1101046336831,-64.2536407189641,12.5033832224935));
#7039=CARTESIAN_POINT('Ctrl Pts',(-24.9731097440349,-64.5269134645054,12.2259285084994));
#7040=CARTESIAN_POINT('Ctrl Pts',(-24.8592178657857,-64.8690606043636,12.0166311299883));
#7041=CARTESIAN_POINT('Ctrl Pts',(-24.7877070035246,-65.4478695999181,11.7801803478313));
#7042=CARTESIAN_POINT('Ctrl Pts',(-24.7844708555312,-65.6738253082918,11.7118470862448));
#7043=CARTESIAN_POINT('Ctrl Pts',(-24.8070205717395,-65.8981505744945,11.6611830531933));
#7044=CARTESIAN_POINT('Ctrl Pts',(-23.3941767304795,-66.5473815574572,13.1760151298019));
#7045=CARTESIAN_POINT('Ctrl Pts',(-23.3633484871079,-66.4009865613036,13.2204202498275));
#7046=CARTESIAN_POINT('Ctrl Pts',(-23.3341353001525,-66.2586031486987,13.2760490638348));
#7047=CARTESIAN_POINT('Ctrl Pts',(-23.2624233978767,-65.9002553784869,13.4485494152345));
#7048=CARTESIAN_POINT('Ctrl Pts',(-23.2233023677247,-65.695335300468,13.580822551724));
#7049=CARTESIAN_POINT('Ctrl Pts',(-23.1893313500769,-65.5104151572845,13.7336201754628));
#7050=CARTESIAN_POINT('Origin',(-78.7471284032706,-54.736116829949,12.3));
#7051=CARTESIAN_POINT('',(-23.5806093430236,-67.3937301460686,13.05));
#7052=CARTESIAN_POINT('',(-25.0426195654489,-67.0582810299215,11.55));
#7053=CARTESIAN_POINT('',(-23.5806093430236,-67.3937301460686,13.05));
#7054=CARTESIAN_POINT('',(-26.3672186228115,-71.8345100724068,11.55));
#7055=CARTESIAN_POINT('Origin',(-78.7471284032706,-54.736116829949,11.55));
#7056=CARTESIAN_POINT('',(-24.9412682658312,-72.2999835726488,13.05));
#7057=CARTESIAN_POINT('',(-26.3672186228115,-71.8345100724068,11.55));
#7058=CARTESIAN_POINT('Origin',(-78.7471284032706,-54.736116829949,13.05));
#7059=CARTESIAN_POINT('Origin',(-21.7091141233424,-73.3550568398641,12.3));
#7060=CARTESIAN_POINT('Origin',(-21.7091141233424,-73.3550568398641,13.05));
#7061=CARTESIAN_POINT('Origin',(-21.7091141233424,-73.3550568398641,11.55));
#7062=CARTESIAN_POINT('Ctrl Pts',(-23.5388000552055,-67.2100573525475,13.0558445661033));
#7063=CARTESIAN_POINT('Ctrl Pts',(-23.5526234719905,-67.2713072573322,13.0519452741875));
#7064=CARTESIAN_POINT('Ctrl Pts',(-23.5665673451792,-67.3325299717245,13.05));
#7065=CARTESIAN_POINT('Ctrl Pts',(-23.5806093430236,-67.3937301460686,13.05));
#7066=CARTESIAN_POINT('Ctrl Pts',(-24.026502531993,-67.0998643459812,12.5538963774022));
#7067=CARTESIAN_POINT('Ctrl Pts',(-24.0402086436639,-67.1605720913128,12.5512968494583));
#7068=CARTESIAN_POINT('Ctrl Pts',(-24.054028131905,-67.221254237258,12.55));
#7069=CARTESIAN_POINT('Ctrl Pts',(-24.067946083832,-67.2819137740196,12.55));
#7070=CARTESIAN_POINT('Ctrl Pts',(-24.5142050087806,-66.9896713394149,12.0519481887011));
#7071=CARTESIAN_POINT('Ctrl Pts',(-24.5277938153372,-67.0498369252933,12.0506484247292));
#7072=CARTESIAN_POINT('Ctrl Pts',(-24.5414889186307,-67.1099785027915,12.05));
#7073=CARTESIAN_POINT('Ctrl Pts',(-24.5552828246404,-67.1700974019706,12.05));
#7074=CARTESIAN_POINT('Ctrl Pts',(-25.0019074855681,-66.8794783328486,11.55));
#7075=CARTESIAN_POINT('Ctrl Pts',(-25.0153789870106,-66.9391017592739,11.55));
#7076=CARTESIAN_POINT('Ctrl Pts',(-25.0289497053565,-66.998702768325,11.55));
#7077=CARTESIAN_POINT('Ctrl Pts',(-25.0426195654489,-67.0582810299215,11.55));
#7078=CARTESIAN_POINT('Ctrl Pts',(-23.5806093430236,-67.3937301460686,13.05));
#7079=CARTESIAN_POINT('Ctrl Pts',(-23.5665673451792,-67.3325299717245,13.05));
#7080=CARTESIAN_POINT('Ctrl Pts',(-23.5526234719905,-67.2713072573322,13.0519452741875));
#7081=CARTESIAN_POINT('Ctrl Pts',(-23.5388000552055,-67.2100573525475,13.0558445661033));
#7082=CARTESIAN_POINT('Ctrl Pts',(-25.0019074855681,-66.8794783328486,11.55));
#7083=CARTESIAN_POINT('Ctrl Pts',(-25.0153789870106,-66.9391017592739,11.55));
#7084=CARTESIAN_POINT('Ctrl Pts',(-25.0289497053565,-66.998702768325,11.55));
#7085=CARTESIAN_POINT('Ctrl Pts',(-25.0426195654489,-67.0582810299215,11.55));
#7086=CARTESIAN_POINT('Ctrl Pts',(-23.0118588395096,-64.4498212423438,16.5057740320799));
#7087=CARTESIAN_POINT('Ctrl Pts',(-23.0037753950819,-64.3957268436049,16.1566558200691));
#7088=CARTESIAN_POINT('Ctrl Pts',(-23.0055176324885,-64.4084926411715,15.6227870633975));
#7089=CARTESIAN_POINT('Ctrl Pts',(-23.0362941501079,-64.6118988213558,14.9402248713479));
#7090=CARTESIAN_POINT('Ctrl Pts',(-23.0751213839284,-64.8565439924493,14.455715607688));
#7091=CARTESIAN_POINT('Ctrl Pts',(-23.1123144482493,-65.0775723546132,14.163711748527));
#7092=CARTESIAN_POINT('Ctrl Pts',(-23.1507661010302,-65.2976889788758,13.9224527570257));
#7093=CARTESIAN_POINT('Ctrl Pts',(-23.1691445792506,-65.4005291188293,13.824417885593));
#7094=CARTESIAN_POINT('Ctrl Pts',(-23.1893313500769,-65.5104151572845,13.7336201754628));
#7095=CARTESIAN_POINT('Ctrl Pts',(-23.941681052729,-64.0844479520472,16.5412900475412));
#7096=CARTESIAN_POINT('Ctrl Pts',(-23.9398626089837,-64.0452486048468,16.1618983083193));
#7097=CARTESIAN_POINT('Ctrl Pts',(-23.9421512074802,-64.052618821481,15.5976441103751));
#7098=CARTESIAN_POINT('Ctrl Pts',(-23.9421373164249,-64.2067087028863,14.8356299510487));
#7099=CARTESIAN_POINT('Ctrl Pts',(-23.9271859742541,-64.4083837123313,14.2571528820403));
#7100=CARTESIAN_POINT('Ctrl Pts',(-23.8956723688634,-64.618574889415,13.8807865326877));
#7101=CARTESIAN_POINT('Ctrl Pts',(-23.8599718236849,-64.8498709007918,13.5667957144051));
#7102=CARTESIAN_POINT('Ctrl Pts',(-23.843444812651,-64.963933220644,13.4390378321284));
#7103=CARTESIAN_POINT('Ctrl Pts',(-23.829589111279,-65.091490344511,13.3235411911397));
#7104=CARTESIAN_POINT('Ctrl Pts',(-24.8715032659483,-63.7190746617507,16.5768060630024));
#7105=CARTESIAN_POINT('Ctrl Pts',(-24.8790891042386,-63.6918946920579,16.1671750596095));
#7106=CARTESIAN_POINT('Ctrl Pts',(-24.878941464408,-63.6965982466817,15.5724382823007));
#7107=CARTESIAN_POINT('Ctrl Pts',(-24.8482768359092,-63.8010926957836,14.7308530787387));
#7108=CARTESIAN_POINT('Ctrl Pts',(-24.7793831880109,-63.9599677776995,14.0583946720938));
#7109=CARTESIAN_POINT('Ctrl Pts',(-24.6781796369493,-64.1599154544882,13.5973393224583));
#7110=CARTESIAN_POINT('Ctrl Pts',(-24.5698573097812,-64.4017167762111,13.2114613926785));
#7111=CARTESIAN_POINT('Ctrl Pts',(-24.5172115712533,-64.5278483618281,13.0536366036912));
#7112=CARTESIAN_POINT('Ctrl Pts',(-24.469846872481,-64.6725655317375,12.9134622068166));
#7113=CARTESIAN_POINT('Ctrl Pts',(-25.8013254791677,-63.3537013714541,16.6123220784636));
#7114=CARTESIAN_POINT('Ctrl Pts',(-25.8151763181404,-63.3414164532998,16.1724175478597));
#7115=CARTESIAN_POINT('Ctrl Pts',(-25.8155750393998,-63.3407244269912,15.5472953292784));
#7116=CARTESIAN_POINT('Ctrl Pts',(-25.7541200022263,-63.3959025773142,14.6262581584395));
#7117=CARTESIAN_POINT('Ctrl Pts',(-25.6314477783366,-63.5118074975816,13.8598319464461));
#7118=CARTESIAN_POINT('Ctrl Pts',(-25.4615375575634,-63.7009179892901,13.314414106619));
#7119=CARTESIAN_POINT('Ctrl Pts',(-25.2790630324359,-63.9538986981272,12.8558043500579));
#7120=CARTESIAN_POINT('Ctrl Pts',(-25.1915118046537,-64.0912524636428,12.6682565502266));
#7121=CARTESIAN_POINT('Ctrl Pts',(-25.1101046336831,-64.2536407189641,12.5033832224935));
#7122=CARTESIAN_POINT('',(-25.3683913285976,-63.5199805017449,15.6307948955014));
#7123=CARTESIAN_POINT('',(-25.3852525391165,-63.8070970117858,13.1245796469162));
#7124=CARTESIAN_POINT('Ctrl Pts',(-25.3683913285976,-63.5199805017449,15.6307948955014));
#7125=CARTESIAN_POINT('Ctrl Pts',(-25.3585147838333,-63.524223639563,15.6155178789806));
#7126=CARTESIAN_POINT('Ctrl Pts',(-25.3514538659466,-63.5274465898892,15.5988904686437));
#7127=CARTESIAN_POINT('Ctrl Pts',(-25.3435083190391,-63.5314353218099,15.5698372456476));
#7128=CARTESIAN_POINT('Ctrl Pts',(-25.3413573038136,-63.5326419629375,15.5583504990202));
#7129=CARTESIAN_POINT('Ctrl Pts',(-25.338464909663,-63.5345317729362,15.5354325060335));
#7130=CARTESIAN_POINT('Ctrl Pts',(-25.3376866740627,-63.5352312535352,15.5239265479126));
#7131=CARTESIAN_POINT('Ctrl Pts',(-25.3369304562795,-63.5365308614933,15.4955849607686));
#7132=CARTESIAN_POINT('Ctrl Pts',(-25.3375002551287,-63.5369454243077,15.478361205417));
#7133=CARTESIAN_POINT('Ctrl Pts',(-25.3414415997519,-63.5376076329439,15.4208730198838));
#7134=CARTESIAN_POINT('Ctrl Pts',(-25.3480783823274,-63.536877977533,15.3756081048039));
#7135=CARTESIAN_POINT('Ctrl Pts',(-25.3835002084997,-63.5318375082841,15.17709327088));
#7136=CARTESIAN_POINT('Ctrl Pts',(-25.4331493032944,-63.5224703206189,14.974288951224));
#7137=CARTESIAN_POINT('Ctrl Pts',(-25.5192295724189,-63.523257018985,14.4499266704413));
#7138=CARTESIAN_POINT('Ctrl Pts',(-25.5600142460648,-63.533466279986,14.0594022788491));
#7139=CARTESIAN_POINT('Ctrl Pts',(-25.5014912563843,-63.6434816490128,13.5538776773596));
#7140=CARTESIAN_POINT('Ctrl Pts',(-25.4798436294043,-63.6766210457411,13.4366494348864));
#7141=CARTESIAN_POINT('Ctrl Pts',(-25.4398270002775,-63.7328863152626,13.2872002806877));
#7142=CARTESIAN_POINT('Ctrl Pts',(-25.4290309381582,-63.7477801855191,13.2508167387272));
#7143=CARTESIAN_POINT('Ctrl Pts',(-25.4072858564409,-63.7774172135023,13.1843620076196));
#7144=CARTESIAN_POINT('Ctrl Pts',(-25.3965831088538,-63.7918711122715,13.1541717045815));
#7145=CARTESIAN_POINT('Ctrl Pts',(-25.3852525379798,-63.8070970133131,13.1245796439517));
#7146=CARTESIAN_POINT('Ctrl Pts',(-25.385413329551,-63.8069975988499,13.1245118512395));
#7147=CARTESIAN_POINT('Ctrl Pts',(-25.3764298405179,-63.819097215096,13.1009905957165));
#7148=CARTESIAN_POINT('Ctrl Pts',(-25.3672944727985,-63.8315755831112,13.077554752518));
#7149=CARTESIAN_POINT('Ctrl Pts',(-25.2790630324359,-63.9538986981272,12.8558043500579));
#7150=CARTESIAN_POINT('Ctrl Pts',(-25.1915118046537,-64.0912524636428,12.6682565502266));
#7151=CARTESIAN_POINT('Ctrl Pts',(-25.1101046336831,-64.2536407189641,12.5033832224935));
#7152=CARTESIAN_POINT('',(-23.0065778863348,-64.4147271257656,16.0500000011724));
#7153=CARTESIAN_POINT('Ctrl Pts',(-23.1893313500769,-65.5104151572845,13.7336201754628));
#7154=CARTESIAN_POINT('Ctrl Pts',(-23.1691445792506,-65.4005291188293,13.824417885593));
#7155=CARTESIAN_POINT('Ctrl Pts',(-23.1507661010302,-65.2976889788758,13.9224527570257));
#7156=CARTESIAN_POINT('Ctrl Pts',(-23.1123144482493,-65.0775723546132,14.163711748527));
#7157=CARTESIAN_POINT('Ctrl Pts',(-23.0751213839284,-64.8565439924493,14.455715607688));
#7158=CARTESIAN_POINT('Ctrl Pts',(-23.0362941501079,-64.6118988213558,14.9402248713479));
#7159=CARTESIAN_POINT('Ctrl Pts',(-23.012177707425,-64.4525099799537,15.4750797950139));
#7160=CARTESIAN_POINT('Ctrl Pts',(-23.0065574064471,-64.4147313561319,15.8504034164624));
#7161=CARTESIAN_POINT('Ctrl Pts',(-23.0065778863348,-64.4147271257656,16.0500000011724));
#7162=CARTESIAN_POINT('',(-25.2548815148245,-63.5669014477034,16.5514215721495));
#7163=CARTESIAN_POINT('Ctrl Pts',(-23.0066349625102,-64.4147090942097,16.05));
#7164=CARTESIAN_POINT('Ctrl Pts',(-23.0066349625102,-64.4147090942097,16.0525242358051));
#7165=CARTESIAN_POINT('Ctrl Pts',(-23.0067763837358,-64.4146585841071,16.0550402634629));
#7166=CARTESIAN_POINT('Ctrl Pts',(-23.0074841318828,-64.4144057965083,16.0613776651012));
#7167=CARTESIAN_POINT('Ctrl Pts',(-23.0082299231295,-64.4141394182296,16.0651419796745));
#7168=CARTESIAN_POINT('Ctrl Pts',(-23.0119785972764,-64.4128003533545,16.0785968960526));
#7169=CARTESIAN_POINT('Ctrl Pts',(-23.0166128625932,-64.4111447466326,16.0876540933276));
#7170=CARTESIAN_POINT('Ctrl Pts',(-23.0296533931304,-64.4064835802584,16.1069137783169));
#7171=CARTESIAN_POINT('Ctrl Pts',(-23.0390829971284,-64.4031114244591,16.1169051233197));
#7172=CARTESIAN_POINT('Ctrl Pts',(-23.0689398310464,-64.3924255843876,16.1438115217326));
#7173=CARTESIAN_POINT('Ctrl Pts',(-23.0938630672824,-64.3834924372501,16.15982722679));
#7174=CARTESIAN_POINT('Ctrl Pts',(-23.1775332676754,-64.3534464826608,16.2068955866994));
#7175=CARTESIAN_POINT('Ctrl Pts',(-23.2556997950087,-64.325260832806,16.2374338762243));
#7176=CARTESIAN_POINT('Ctrl Pts',(-23.5905830289387,-64.2037343595681,16.3502509930299));
#7177=CARTESIAN_POINT('Ctrl Pts',(-23.9675252005403,-64.064290811082,16.4301188867097));
#7178=CARTESIAN_POINT('Ctrl Pts',(-24.6629006780516,-63.8001911460095,16.5457171793515));
#7179=CARTESIAN_POINT('Ctrl Pts',(-25.0111802993634,-63.6637229881799,16.5827995703647));
#7180=CARTESIAN_POINT('Ctrl Pts',(-25.2548815148245,-63.5669014477033,16.5514215721496));
#7181=CARTESIAN_POINT('Ctrl Pts',(-25.2549229225637,-63.5668630625125,16.5514304693728));
#7182=CARTESIAN_POINT('Ctrl Pts',(-25.2696614529953,-63.5610057616288,16.5495344152682));
#7183=CARTESIAN_POINT('Ctrl Pts',(-25.2838231047607,-63.5552843374035,16.5450802367028));
#7184=CARTESIAN_POINT('Ctrl Pts',(-25.2973177218187,-63.5497557827584,16.5381486694756));
#7185=CARTESIAN_POINT('Ctrl Pts',(-25.3162617083413,-63.5419946981544,16.5284180105345));
#7186=CARTESIAN_POINT('Ctrl Pts',(-25.3327916854305,-63.5350675254915,16.5143769393471));
#7187=CARTESIAN_POINT('Ctrl Pts',(-25.347147341221,-63.5289702466542,16.4978804800139));
#7188=CARTESIAN_POINT('Ctrl Pts',(-25.3634266145504,-63.5220559495851,16.4791735414822));
#7189=CARTESIAN_POINT('Ctrl Pts',(-25.3770408868134,-63.5161535587129,16.4571726127163));
#7190=CARTESIAN_POINT('Ctrl Pts',(-25.3884148624723,-63.5111695518468,16.4341177692481));
#7191=CARTESIAN_POINT('Ctrl Pts',(-25.3930537081041,-63.5091368379415,16.4247149128396));
#7192=CARTESIAN_POINT('Ctrl Pts',(-25.3973200637579,-63.5072563236778,16.415136700305));
#7193=CARTESIAN_POINT('Ctrl Pts',(-25.401243679744,-63.5055193545679,16.4055344679459));
#7194=CARTESIAN_POINT('Ctrl Pts',(-25.412636802512,-63.5004756646696,16.3776521745457));
#7195=CARTESIAN_POINT('Ctrl Pts',(-25.4218547398359,-63.4963278234011,16.3478289113755));
#7196=CARTESIAN_POINT('Ctrl Pts',(-25.4292757275334,-63.4929611993014,16.3176856531216));
#7197=CARTESIAN_POINT('Ctrl Pts',(-25.4335563348772,-63.4910192481175,16.3002982839591));
#7198=CARTESIAN_POINT('Ctrl Pts',(-25.437239468792,-63.489336522076,16.2828039734599));
#7199=CARTESIAN_POINT('Ctrl Pts',(-25.440401816505,-63.4878852917997,16.2655100761749));
#7200=CARTESIAN_POINT('Ctrl Pts',(-25.44709990132,-63.4848114794428,16.2288803310267));
#7201=CARTESIAN_POINT('Ctrl Pts',(-25.4518193549648,-63.4826125774177,16.1911698234633));
#7202=CARTESIAN_POINT('Ctrl Pts',(-25.4548276567585,-63.4811968873462,16.1536971789247));
#7203=CARTESIAN_POINT('Ctrl Pts',(-25.4555590674986,-63.480852689525,16.144586425897));
#7204=CARTESIAN_POINT('Ctrl Pts',(-25.4561894756882,-63.4805546240976,16.1354896352643));
#7205=CARTESIAN_POINT('Ctrl Pts',(-25.4567230179798,-63.480301050037,16.1264255945059));
#7206=CARTESIAN_POINT('Ctrl Pts',(-25.4591011560299,-63.4791708038851,16.0860247855059));
#7207=CARTESIAN_POINT('Ctrl Pts',(-25.4596291867636,-63.478890557981,16.0449365349916));
#7208=CARTESIAN_POINT('Ctrl Pts',(-25.4583125670845,-63.479463873983,16.0043994761669));
#7209=CARTESIAN_POINT('Ctrl Pts',(-25.4581274844051,-63.4795444673871,15.9987010139739));
#7210=CARTESIAN_POINT('Ctrl Pts',(-25.4579060077243,-63.4796418670957,15.9930134412616));
#7211=CARTESIAN_POINT('Ctrl Pts',(-25.4576482099685,-63.4797560223722,15.9873402004859));
#7212=CARTESIAN_POINT('Ctrl Pts',(-25.4559489253209,-63.4805084816326,15.9499447975559));
#7213=CARTESIAN_POINT('Ctrl Pts',(-25.4526193785229,-63.482013949422,15.9120137740267));
#7214=CARTESIAN_POINT('Ctrl Pts',(-25.447398717941,-63.4843756371476,15.8747671268908));
#7215=CARTESIAN_POINT('Ctrl Pts',(-25.4461622460998,-63.4849349840588,15.8659455554358));
#7216=CARTESIAN_POINT('Ctrl Pts',(-25.4448198434316,-63.4855421998802,15.8571624418444));
#7217=CARTESIAN_POINT('Ctrl Pts',(-25.4433683235516,-63.4861983535474,15.8484341413853));
#7218=CARTESIAN_POINT('Ctrl Pts',(-25.4384282109104,-63.4884315114052,15.8187281841842));
#7219=CARTESIAN_POINT('Ctrl Pts',(-25.4320222777407,-63.4913246912813,15.7884532610366));
#7220=CARTESIAN_POINT('Ctrl Pts',(-25.4237934542673,-63.4950078382493,15.7590260293862));
#7221=CARTESIAN_POINT('Ctrl Pts',(-25.4189580822247,-63.4971721070461,15.7417341754934));
#7222=CARTESIAN_POINT('Ctrl Pts',(-25.4134938794772,-63.4996084487398,15.7247353941037));
#7223=CARTESIAN_POINT('Ctrl Pts',(-25.407333097176,-63.502337009479,15.7083203808943));
#7224=CARTESIAN_POINT('Ctrl Pts',(-25.3988260519213,-63.5061047111367,15.6856538990414));
#7225=CARTESIAN_POINT('Ctrl Pts',(-25.3885371913305,-63.5106324921335,15.6629028033297));
#7226=CARTESIAN_POINT('Ctrl Pts',(-25.3761010206832,-63.5160233505378,15.6419084392022));
#7227=CARTESIAN_POINT('Ctrl Pts',(-25.3739553585377,-63.5169534568492,15.638286197786));
#7228=CARTESIAN_POINT('Ctrl Pts',(-25.3717458349054,-63.5179091481703,15.6347162818769));
#7229=CARTESIAN_POINT('Ctrl Pts',(-25.3694706409524,-63.5188908190046,15.631208178811));
#7230=CARTESIAN_POINT('Origin',(-1.18336085527539E-14,-4.20847087957411E-15,
-2.15105711021141E-15));
#7231=CARTESIAN_POINT('',(-3.12527383182623,-68.328564037787,16.05));
#7232=CARTESIAN_POINT('Origin',(-1.18336085527539E-14,-4.20847087957411E-15,
16.05));
#7233=CARTESIAN_POINT('',(-3.12527383182623,-68.328564037787,20.5));
#7234=CARTESIAN_POINT('',(-3.12527383182623,-68.328564037787,-2.02646764303819E-15));
#7235=CARTESIAN_POINT('',(-25.2548815148245,-63.5669014477034,20.5));
#7236=CARTESIAN_POINT('Origin',(-1.18336085527539E-14,-4.20847087957411E-15,
20.5));
#7237=CARTESIAN_POINT('',(-25.2548815148245,-63.5669014477034,-2.15105711021141E-15));
#7238=CARTESIAN_POINT('Origin',(-1.18336085527539E-14,-4.20847087957411E-15,
16.05));
#7239=CARTESIAN_POINT('',(-21.5529123594295,-68.0693173817408,13.05));
#7240=CARTESIAN_POINT('Origin',(-1.18336085527539E-14,-4.20847087957411E-15,
13.05));
#7241=CARTESIAN_POINT('',(-20.2431670887008,-68.4702430710477,13.05));
#7242=CARTESIAN_POINT('Ctrl Pts',(-21.5529123594297,-68.0693173817404,13.05));
#7243=CARTESIAN_POINT('Ctrl Pts',(-21.4952850627555,-68.0525720533829,13.05));
#7244=CARTESIAN_POINT('Ctrl Pts',(-21.4363925459681,-68.0399594464161,13.050552458502));
#7245=CARTESIAN_POINT('Ctrl Pts',(-21.2403533158146,-68.0126339867705,13.0530688791022));
#7246=CARTESIAN_POINT('Ctrl Pts',(-21.1018202874409,-68.0162659406829,13.0557144166078));
#7247=CARTESIAN_POINT('Ctrl Pts',(-20.8364418876285,-68.0676346380786,13.057660542451));
#7248=CARTESIAN_POINT('Ctrl Pts',(-20.7112055934529,-68.1133377512897,13.05705431396));
#7249=CARTESIAN_POINT('Ctrl Pts',(-20.4708088278695,-68.2473507309038,13.0535362968699));
#7250=CARTESIAN_POINT('Ctrl Pts',(-20.3590523067674,-68.3376255418916,13.0505180928946));
#7251=CARTESIAN_POINT('Ctrl Pts',(-20.2575709798712,-68.4531628815006,13.0500192659343));
#7252=CARTESIAN_POINT('Ctrl Pts',(-20.2503091170439,-68.4616579985926,13.05));
#7253=CARTESIAN_POINT('Ctrl Pts',(-20.2431670887005,-68.4702430710474,13.05));
#7254=CARTESIAN_POINT('',(-3.26234724550296,-71.3254308815528,13.05));
#7255=CARTESIAN_POINT('Origin',(-1.18336085527539E-14,-4.20847087957411E-15,
13.05));
#7256=CARTESIAN_POINT('Origin',(-3.26234724550296,-71.3254308815528,16.05));
#7257=CARTESIAN_POINT('Origin',(-13.2600918098551,-65.4610197259073,13.05));
#7258=CARTESIAN_POINT('',(-2.5098942881682,-71.3218076245421,13.05));
#7259=CARTESIAN_POINT('',(6.16411979771903,-60.1867170560314,13.05));
#7260=CARTESIAN_POINT('Origin',(-2.92194826820913,-63.8832115529419,13.05));
#7261=CARTESIAN_POINT('',(-22.4541148730606,-69.2696674613017,13.05));
#7262=CARTESIAN_POINT('Origin',(-21.2041148730606,-69.2696674613017,13.05));
#7263=CARTESIAN_POINT('Origin',(-21.2041148730606,-69.2696674613017,13.05));
#7264=CARTESIAN_POINT('',(-9.81996333362245,-72.1854607674537,13.05));
#7265=CARTESIAN_POINT('Origin',(-8.56996333362245,-72.1854607674537,13.05));
#7266=CARTESIAN_POINT('',(-16.8478010539675,-73.8073003130063,13.05));
#7267=CARTESIAN_POINT('Origin',(-15.5978010539675,-73.8073003130063,13.05));
#7268=CARTESIAN_POINT('Origin',(-9.89077186075816,-80.7968602855237,0.));
#7269=CARTESIAN_POINT('',(-8.08927522966398,-78.4842253338768,0.));
#7270=CARTESIAN_POINT('Ctrl Pts',(-8.08927522966396,-78.4842253338768,-5.55111512312578E-16));
#7271=CARTESIAN_POINT('Ctrl Pts',(-8.80610922183453,-79.4044465078766,1.97773164597857));
#7272=CARTESIAN_POINT('Ctrl Pts',(-9.54122895188681,-80.3481416289336,4.0253245093053));
#7273=CARTESIAN_POINT('',(6.16411979771903,-60.1867170560314,0.));
#7274=CARTESIAN_POINT('',(6.16411979771903,-60.1867170560314,0.));
#7275=CARTESIAN_POINT('',(6.16411979771903,-60.1867170560314,22.));
#7276=CARTESIAN_POINT('',(6.16411979771903,-60.1867170560314,0.));
#7277=CARTESIAN_POINT('',(2.35180904669567,-65.0806940622504,22.));
#7278=CARTESIAN_POINT('',(6.16411979771903,-60.1867170560314,22.));
#7279=CARTESIAN_POINT('',(1.08619048844742,-66.7054063502108,20.5));
#7280=CARTESIAN_POINT('Ctrl Pts',(1.08619048844742,-66.7054063502108,20.5));
#7281=CARTESIAN_POINT('Ctrl Pts',(1.60463664483827,-66.0398615575523,20.9944891353234));
#7282=CARTESIAN_POINT('Ctrl Pts',(2.35180904669568,-65.0806940622504,22.));
#7283=CARTESIAN_POINT('',(1.08619048844742,-66.7054063502108,16.05));
#7284=CARTESIAN_POINT('',(1.08619048844742,-66.7054063502108,0.));
#7285=CARTESIAN_POINT('',(0.250079398241803,-67.7787470921775,14.2856938784902));
#7286=CARTESIAN_POINT('Ctrl Pts',(0.25007939824296,-67.778747092176,14.2856938784908));
#7287=CARTESIAN_POINT('Ctrl Pts',(0.314756264601146,-67.6957194699638,14.3180737450966));
#7288=CARTESIAN_POINT('Ctrl Pts',(0.376686795790548,-67.6162174001122,14.3583530863484));
#7289=CARTESIAN_POINT('Ctrl Pts',(0.505187598959638,-67.4512570867849,14.4602095081285));
#7290=CARTESIAN_POINT('Ctrl Pts',(0.586868382876415,-67.3464010284923,14.5427842755215));
#7291=CARTESIAN_POINT('Ctrl Pts',(0.745306362274222,-67.1430094692191,14.7440975265329));
#7292=CARTESIAN_POINT('Ctrl Pts',(0.843709291503319,-67.016686694282,14.9175290079568));
#7293=CARTESIAN_POINT('Ctrl Pts',(0.964661713692668,-66.8614164627348,15.2216370323698));
#7294=CARTESIAN_POINT('Ctrl Pts',(1.01549766069444,-66.7961568414804,15.4022356279365));
#7295=CARTESIAN_POINT('Ctrl Pts',(1.07011208645116,-66.7260466743621,15.7104109597452));
#7296=CARTESIAN_POINT('Ctrl Pts',(1.08619048844743,-66.7054063502108,15.8948018160418));
#7297=CARTESIAN_POINT('Ctrl Pts',(1.08619048844743,-66.7054063502108,16.05));
#7298=CARTESIAN_POINT('Ctrl Pts',(-2.50989428816819,-71.321807624542,13.05));
#7299=CARTESIAN_POINT('Ctrl Pts',(-2.29682358138332,-71.0482824038018,13.05));
#7300=CARTESIAN_POINT('Ctrl Pts',(-2.0644592922358,-70.7499894359872,13.0865378632371));
#7301=CARTESIAN_POINT('Ctrl Pts',(-1.60615431036489,-70.1616496626595,13.2242354297922));
#7302=CARTESIAN_POINT('Ctrl Pts',(-1.38010846652171,-69.871467871518,13.3244667835616));
#7303=CARTESIAN_POINT('Ctrl Pts',(-0.840141001733656,-69.1782955334368,
13.6068088749565));
#7304=CARTESIAN_POINT('Ctrl Pts',(-0.483408387649732,-68.7203472378456,
13.8498908777619));
#7305=CARTESIAN_POINT('Ctrl Pts',(-0.00176494629068538,-68.1020471880465,
14.1485066977346));
#7306=CARTESIAN_POINT('Ctrl Pts',(0.12415104586986,-67.940405073698,14.2226490298253));
#7307=CARTESIAN_POINT('Ctrl Pts',(0.2500793982418,-67.7787470921775,14.2856938784902));
#7308=CARTESIAN_POINT('Origin',(-30.7798183843137,-62.8697286476462,21.25));
#7309=CARTESIAN_POINT('',(-28.8706543718954,-58.2485715659526,22.));
#7310=CARTESIAN_POINT('',(-29.0093881487661,-59.850527299432,20.5));
#7311=CARTESIAN_POINT('Ctrl Pts',(-28.8706543718954,-58.2485715659526,22.));
#7312=CARTESIAN_POINT('Ctrl Pts',(-28.8785352852423,-58.3604796756458,21.8935618180491));
#7313=CARTESIAN_POINT('Ctrl Pts',(-28.8867837371195,-58.4722318722373,21.787502412648));
#7314=CARTESIAN_POINT('Ctrl Pts',(-28.9281546270627,-59.0082428926573,21.2801776706319));
#7315=CARTESIAN_POINT('Ctrl Pts',(-28.9661098835113,-59.4296453368382,20.8849567252146));
#7316=CARTESIAN_POINT('Ctrl Pts',(-29.0093881487661,-59.850527299432,20.5));
#7317=CARTESIAN_POINT('',(-27.6241034515119,-61.3559706541442,20.5));
#7318=CARTESIAN_POINT('Origin',(-30.7798183843137,-62.8697286476462,20.5));
#7319=CARTESIAN_POINT('',(-26.2716541945968,-60.7072172283576,22.));
#7320=CARTESIAN_POINT('',(-27.6241034515119,-61.3559706541442,20.5));
#7321=CARTESIAN_POINT('Origin',(-30.7798183843137,-62.8697286476462,22.));
#7322=CARTESIAN_POINT('Origin',(-23.6118373227307,-59.4313354910094,21.25));
#7323=CARTESIAN_POINT('Origin',(-23.6118373227307,-59.4313354910094,20.5));
#7324=CARTESIAN_POINT('',(-24.7010463938848,-62.1728904510417,22.));
#7325=CARTESIAN_POINT('',(-25.2548815148245,-63.5669014477034,20.5));
#7326=CARTESIAN_POINT('Origin',(-23.6118373227307,-59.4313354910094,22.));
#7327=CARTESIAN_POINT('Origin',(-1.18344074043268E-14,-4.18099952149592E-15,
21.25));
#7328=CARTESIAN_POINT('',(-3.05673712498787,-66.8301306159041,22.));
#7329=CARTESIAN_POINT('',(-3.12527383182623,-68.328564037787,20.5));
#7330=CARTESIAN_POINT('Origin',(-1.18352062558997E-14,-4.15352816341773E-15,
22.));
#7331=CARTESIAN_POINT('Origin',(-2.92194826820913,-63.8832115529419,21.25));
#7332=CARTESIAN_POINT('',(-0.112128350889753,-67.3339233681438,20.5));
#7333=CARTESIAN_POINT('Origin',(-2.92194826820913,-63.8832115529419,20.5));
#7334=CARTESIAN_POINT('',(-1.05925866011434,-66.1707620821013,22.));
#7335=CARTESIAN_POINT('',(-0.112128350889753,-67.3339233681438,20.5));
#7336=CARTESIAN_POINT('Origin',(-2.92194826820913,-63.8832115529419,22.));
#7337=CARTESIAN_POINT('Origin',(2.0347003500193,-69.9704222831736,21.25));
#7338=CARTESIAN_POINT('Origin',(2.0347003500193,-69.9704222831736,22.));
#7339=CARTESIAN_POINT('Origin',(2.0347003500193,-69.9704222831736,20.5));
#7340=CARTESIAN_POINT('Origin',(-11.16444553494,-59.2765892051356,22.));
#7341=CARTESIAN_POINT('',(4.01365693570142,-56.1567498885398,22.));
#7342=CARTESIAN_POINT('Origin',(4.19188896546916,-58.6503884636169,22.));
#7343=CARTESIAN_POINT('',(-25.1150937333853,-50.3877174196708,22.));
#7344=CARTESIAN_POINT('Origin',(-1.54971750602027E-13,3.77110514080374E-12,
22.));
#7345=CARTESIAN_POINT('',(-28.7302693372575,-52.6069458054674,22.));
#7346=CARTESIAN_POINT('Origin',(-26.2303358292546,-52.6251791662673,22.));
#7347=CARTESIAN_POINT('',(-28.7484582419904,-55.1007840459566,22.));
#7348=CARTESIAN_POINT('',(-28.7484582419904,-55.1007840459566,22.));
#7349=CARTESIAN_POINT('Origin',(-78.7471284032706,-54.736116829949,22.));
#7350=CARTESIAN_POINT('',(-23.8614174712156,-58.3200334357106,22.));
#7351=CARTESIAN_POINT('Origin',(-22.6114174712156,-58.3200334357106,22.));
#7352=CARTESIAN_POINT('',(-4.77202772026112,-62.4507631717797,22.));
#7353=CARTESIAN_POINT('Origin',(-3.52202772026112,-62.4507631717797,22.));
#7354=CARTESIAN_POINT('Origin',(-21.2041148730606,-69.2696674613017,-5.75));
#7355=CARTESIAN_POINT('',(-22.4541148730606,-69.2696674613017,0.));
#7356=CARTESIAN_POINT('Origin',(-21.2041148730606,-69.2696674613017,0.));
#7357=CARTESIAN_POINT('',(-22.4541148730606,-69.2696674613017,-5.75));
#7358=CARTESIAN_POINT('Origin',(-15.5978010539675,-73.8073003130063,-5.75));
#7359=CARTESIAN_POINT('',(-16.8478010539675,-73.8073003130063,0.));
#7360=CARTESIAN_POINT('Origin',(-15.5978010539675,-73.8073003130063,0.));
#7361=CARTESIAN_POINT('',(-16.8478010539675,-73.8073003130063,-5.75));
#7362=CARTESIAN_POINT('Origin',(-8.56996333362245,-72.1854607674537,-5.75));
#7363=CARTESIAN_POINT('',(-9.81996333362245,-72.1854607674537,0.));
#7364=CARTESIAN_POINT('Origin',(-8.56996333362245,-72.1854607674537,0.));
#7365=CARTESIAN_POINT('',(-9.81996333362245,-72.1854607674537,-5.75));
#7366=CARTESIAN_POINT('Origin',(-27.7919773501361,-65.5980955277044,-0.100000000000002));
#7367=CARTESIAN_POINT('',(-26.1086994867346,-63.1148364525005,13.1245796469123));
#7368=CARTESIAN_POINT('Origin',(-27.7919773501361,-65.5980955277044,13.1245796469123));
#7369=CARTESIAN_POINT('',(-26.1086994867346,-63.1148364525005,8.39780225090128));
#7370=CARTESIAN_POINT('',(-26.1086994867346,-63.1148364525005,-0.100000000000002));
#7371=CARTESIAN_POINT('',(-24.8578995544124,-66.2235453567408,4.80000000000004));
#7372=CARTESIAN_POINT('Ctrl Pts',(-26.1086994867415,-63.1148364524958,8.39780225091643));
#7373=CARTESIAN_POINT('Ctrl Pts',(-25.8167594935897,-63.3127280590615,7.75896585828158));
#7374=CARTESIAN_POINT('Ctrl Pts',(-25.5455609768468,-63.5715230408062,7.140967334948));
#7375=CARTESIAN_POINT('Ctrl Pts',(-25.1137065953257,-64.1971339201521,6.07827930121495));
#7376=CARTESIAN_POINT('Ctrl Pts',(-24.8992415882392,-64.6430870623092,5.50126325302536));
#7377=CARTESIAN_POINT('Ctrl Pts',(-24.8014636763426,-65.3159877088147,5.05368366873159));
#7378=CARTESIAN_POINT('Ctrl Pts',(-24.7883532252286,-65.4902685092642,4.96057388318329));
#7379=CARTESIAN_POINT('Ctrl Pts',(-24.7974683157434,-65.8555841755091,4.83328986827166));
#7380=CARTESIAN_POINT('Ctrl Pts',(-24.8202471951428,-66.046912561973,4.80000000000004));
#7381=CARTESIAN_POINT('Ctrl Pts',(-24.8578995544125,-66.2235453567408,4.80000000000004));
#7382=CARTESIAN_POINT('',(-24.8578995544125,-66.2235453567408,-0.100000000000002));
#7383=CARTESIAN_POINT('Ctrl Pts',(-25.0033491124075,-63.8071397264407,14.9217330217272));
#7384=CARTESIAN_POINT('Ctrl Pts',(-25.1425943142444,-63.8073430930716,14.6172836011647));
#7385=CARTESIAN_POINT('Ctrl Pts',(-25.356117647326,-63.763475173716,14.1022756359259));
#7386=CARTESIAN_POINT('Ctrl Pts',(-25.401540025297,-63.7852100600515,13.4078541066334));
#7387=CARTESIAN_POINT('Ctrl Pts',(-25.3852525361508,-63.807097015771,13.1245796439517));
#7388=CARTESIAN_POINT('Ctrl Pts',(-25.1055822221219,-63.6768901247787,15.1519428929325));
#7389=CARTESIAN_POINT('Ctrl Pts',(-25.2788213995513,-63.6335269211082,14.8460981564615));
#7390=CARTESIAN_POINT('Ctrl Pts',(-25.5371104801245,-63.5386790806611,14.249631005218));
#7391=CARTESIAN_POINT('Ctrl Pts',(-25.5987615221601,-63.5253144902157,13.4540690119012));
#7392=CARTESIAN_POINT('Ctrl Pts',(-25.585447598558,-63.5380770131733,13.1245796449012));
#7393=CARTESIAN_POINT('Ctrl Pts',(-25.2286918901523,-63.5799734515038,15.3917035799195));
#7394=CARTESIAN_POINT('Ctrl Pts',(-25.444649542971,-63.4978676921932,15.0865743528408));
#7395=CARTESIAN_POINT('Ctrl Pts',(-25.7547852233804,-63.3456104978912,14.4045100153331));
#7396=CARTESIAN_POINT('Ctrl Pts',(-25.8386607976542,-63.2978968130487,13.5030038920037));
#7397=CARTESIAN_POINT('Ctrl Pts',(-25.8311246019866,-63.3029906662907,13.1245796459066));
#7398=CARTESIAN_POINT('Ctrl Pts',(-25.3677872875368,-63.5202399555863,15.6314900102012));
#7399=CARTESIAN_POINT('Ctrl Pts',(-25.6324271057839,-63.4065923310054,15.3270892705407));
#7400=CARTESIAN_POINT('Ctrl Pts',(-25.9986969368653,-63.1935112215436,14.5594165027274));
#7401=CARTESIAN_POINT('Ctrl Pts',(-26.1086994861009,-63.1148364529299,13.5519504907831));
#7402=CARTESIAN_POINT('Ctrl Pts',(-26.1086994867346,-63.1148364525004,13.1245796469122));
#7403=CARTESIAN_POINT('Ctrl Pts',(-25.3683913163823,-63.5199805044787,15.6307948849796));
#7404=CARTESIAN_POINT('Ctrl Pts',(-25.6327455822797,-63.4064070513676,15.326421621955));
#7405=CARTESIAN_POINT('Ctrl Pts',(-25.998744768482,-63.1934770119603,14.5589784335332));
#7406=CARTESIAN_POINT('Ctrl Pts',(-26.1086994861009,-63.1148364529299,13.5519504907831));
#7407=CARTESIAN_POINT('Ctrl Pts',(-26.1086994867346,-63.1148364525004,13.1245796469122));
#7408=CARTESIAN_POINT('Origin',(-78.7471284032706,-54.736116829949,-0.100000000000002));
#7409=CARTESIAN_POINT('',(-26.3672186228116,-71.8345100724068,4.80000000000001));
#7410=CARTESIAN_POINT('Origin',(-78.7471284032706,-54.736116829949,4.80000000000004));
#7411=CARTESIAN_POINT('',(-26.3672186228115,-71.8345100724068,0.));
#7412=CARTESIAN_POINT('Origin',(-1.18336085527539E-14,-4.20847087957411E-15,
-2.15105711021141E-15));
#7413=CARTESIAN_POINT('',(-25.2548815148245,-63.5669014477034,6.56747288644044));
#7414=CARTESIAN_POINT('',(-24.413621168096,-63.8947188854586,4.79999999988662));
#7415=CARTESIAN_POINT('Ctrl Pts',(-25.2548815148245,-63.5669014477034,6.56747288644044));
#7416=CARTESIAN_POINT('Ctrl Pts',(-24.9749076566023,-63.6781339673892,5.97876757467602));
#7417=CARTESIAN_POINT('Ctrl Pts',(-24.6944482465953,-63.7874172801237,5.38951189846915));
#7418=CARTESIAN_POINT('Ctrl Pts',(-24.4136211680732,-63.8947188854577,4.79999999989733));
#7419=CARTESIAN_POINT('',(-25.2548815148245,-63.5669014477034,0.));
#7420=CARTESIAN_POINT('',(-25.2548815148245,-63.5669014477034,-2.15105711021141E-15));
#7421=CARTESIAN_POINT('',(-22.1212507860357,-64.7241088285592,0.));
#7422=CARTESIAN_POINT('Origin',(-1.18336085527539E-14,-4.20847087957411E-15,
0.));
#7423=CARTESIAN_POINT('Ctrl Pts',(-24.4136211680732,-63.8947188854577,4.79999999989733));
#7424=CARTESIAN_POINT('Ctrl Pts',(-24.0535274534337,-64.0323075889931,4.04409166478209));
#7425=CARTESIAN_POINT('Ctrl Pts',(-23.6918537989537,-64.1670053234459,3.28571612806106));
#7426=CARTESIAN_POINT('Ctrl Pts',(-22.9270735922568,-64.4444927750917,1.68406315586713));
#7427=CARTESIAN_POINT('Ctrl Pts',(-22.5238279052772,-64.5865169856332,0.840714744750232));
#7428=CARTESIAN_POINT('Ctrl Pts',(-22.1212507860357,-64.7241088285592,8.32667268468867E-16));
#7429=CARTESIAN_POINT('Origin',(0.,0.,2.5));
#7430=CARTESIAN_POINT('',(-24.0430106882571,-77.6635283581963,4.80000000000001));
#7431=CARTESIAN_POINT('Ctrl Pts',(-24.0430106882571,-77.6635283581963,4.80000000000001));
#7432=CARTESIAN_POINT('Ctrl Pts',(-24.010452917059,-77.6811648842908,4.81443857327381));
#7433=CARTESIAN_POINT('Ctrl Pts',(-23.9774617899947,-77.69855836757,4.82820520642543));
#7434=CARTESIAN_POINT('Ctrl Pts',(-23.6773054201544,-77.8523994537001,4.94549138719607));
#7435=CARTESIAN_POINT('Ctrl Pts',(-23.3837143779776,-77.9695432371699,5.00000000000002));
#7436=CARTESIAN_POINT('Ctrl Pts',(-23.0996325443146,-78.053616036143,5.00000000000002));
#7437=CARTESIAN_POINT('',(-23.0709390341304,-75.4515856167612,0.));
#7438=CARTESIAN_POINT('Ctrl Pts',(-24.0430106882572,-77.6635283581963,4.80000000000001));
#7439=CARTESIAN_POINT('Ctrl Pts',(-23.742316975089,-76.9490061073783,3.25702579954355));
#7440=CARTESIAN_POINT('Ctrl Pts',(-23.3986358423343,-76.1542000613364,1.53545366297074));
#7441=CARTESIAN_POINT('Ctrl Pts',(-23.0709390341303,-75.4515856167612,7.7715611723761E-15));
#7442=CARTESIAN_POINT('Origin',(0.,0.,0.));
#7443=CARTESIAN_POINT('Origin',(-21.7091141233424,-73.3550568398641,0.));
#7444=CARTESIAN_POINT('Origin',(-21.7091141233424,-73.3550568398641,4.8));
#7445=CARTESIAN_POINT('Origin',(-78.7471284032706,-54.736116829949,2.5));
#7446=CARTESIAN_POINT('Ctrl Pts',(-26.1086994867346,-63.1148364525004,8.39780225090127));
#7447=CARTESIAN_POINT('Ctrl Pts',(-26.0851710389477,-63.1307852174583,8.3463162295919));
#7448=CARTESIAN_POINT('Ctrl Pts',(-26.0615616677344,-63.1464598467081,8.2947483929479));
#7449=CARTESIAN_POINT('Ctrl Pts',(-25.7832124231165,-63.3274759567182,7.68788257980491));
#7450=CARTESIAN_POINT('Ctrl Pts',(-25.5198132292917,-63.4616451129441,7.1245488525755));
#7451=CARTESIAN_POINT('Ctrl Pts',(-25.2548815148245,-63.5669014477034,6.56747288644044));
#7452=CARTESIAN_POINT('',(-24.085698051643,-72.5792676727941,0.));
#7453=CARTESIAN_POINT('Origin',(-78.7471284032706,-54.736116829949,0.));
#7454=CARTESIAN_POINT('',(-24.085698051643,-72.5792676727941,0.));
#7455=CARTESIAN_POINT('Origin',(-21.7091141233424,-73.3550568398641,2.5));
#7456=CARTESIAN_POINT('Origin',(-21.7091141233424,-73.3550568398641,0.));
#7457=CARTESIAN_POINT('Origin',(-13.2600918098551,-65.4610197259073,0.));
#7458=CARTESIAN_POINT('',(-27.6241034515119,-61.3559706541442,0.));
#7459=CARTESIAN_POINT('Origin',(-23.6118373227307,-59.4313354910094,0.));
#7460=CARTESIAN_POINT('',(-29.0093881487661,-59.850527299432,0.));
#7461=CARTESIAN_POINT('Origin',(-30.7798183843137,-62.8697286476462,0.));
#7462=CARTESIAN_POINT('',(-28.7484582419904,-55.1007840459566,0.));
#7463=CARTESIAN_POINT('Origin',(-78.7471284032706,-54.736116829949,0.));
#7464=CARTESIAN_POINT('',(-28.7302693372575,-52.6069458054674,0.));
#7465=CARTESIAN_POINT('',(-28.7484582419904,-55.1007840459566,0.));
#7466=CARTESIAN_POINT('',(-25.1150937333853,-50.3877174196708,0.));
#7467=CARTESIAN_POINT('Origin',(-26.2303358292546,-52.6251791662673,0.));
#7468=CARTESIAN_POINT('',(4.01365693570142,-56.1567498885398,0.));
#7469=CARTESIAN_POINT('Origin',(-1.54971750602027E-13,3.77110514080374E-12,
0.));
#7470=CARTESIAN_POINT('Origin',(4.19188896546916,-58.6503884636169,0.));
#7471=CARTESIAN_POINT('',(-23.8614174712156,-58.3200334357106,-3.53560710762393E-15));
#7472=CARTESIAN_POINT('Origin',(-22.6114174712156,-58.3200334357106,-3.53560710762393E-15));
#7473=CARTESIAN_POINT('',(-4.77202772026112,-62.4507631717797,-2.36671910544162E-15));
#7474=CARTESIAN_POINT('Origin',(-3.52202772026112,-62.4507631717797,-2.36671910544162E-15));
#7475=CARTESIAN_POINT('Origin',(-23.6118373227307,-59.4313354910094,-2.15105711021141E-15));
#7476=CARTESIAN_POINT('',(-27.6241034515119,-61.3559706541442,-2.15105711021141E-15));
#7477=CARTESIAN_POINT('Origin',(-30.7798183843137,-62.8697286476462,-4.03577740863878E-15));
#7478=CARTESIAN_POINT('',(-29.0093881487661,-59.850527299432,-4.03577740863878E-15));
#7479=CARTESIAN_POINT('Origin',(-2.92194826820913,-63.8832115529419,16.05));
#7480=CARTESIAN_POINT('',(-0.112128350889753,-67.3339233681438,16.05));
#7481=CARTESIAN_POINT('Origin',(-2.92194826820913,-63.8832115529419,16.05));
#7482=CARTESIAN_POINT('Origin',(1.78213226755942,-69.6602459402289,16.05));
#7483=CARTESIAN_POINT('Ctrl Pts',(-0.112128350889756,-67.3339233681438,
16.05));
#7484=CARTESIAN_POINT('Ctrl Pts',(0.42322001324202,-66.8980038892656,16.05));
#7485=CARTESIAN_POINT('Ctrl Pts',(1.08619048844742,-66.7054063502108,16.05));
#7486=CARTESIAN_POINT('Ctrl Pts',(-0.112128350889756,-67.3339233681438,
15.0745914109152));
#7487=CARTESIAN_POINT('Ctrl Pts',(0.42322001324202,-66.8980038892656,15.0745914109152));
#7488=CARTESIAN_POINT('Ctrl Pts',(1.08619048844742,-66.7054063502108,15.0745914109152));
#7489=CARTESIAN_POINT('Ctrl Pts',(0.250079398241801,-67.7787470921775,14.2856938784902));
#7490=CARTESIAN_POINT('Ctrl Pts',(0.695105080414218,-67.4163748940768,14.2856938784902));
#7491=CARTESIAN_POINT('Ctrl Pts',(1.24622077956639,-67.2562719462671,14.2856938784902));
#7492=CARTESIAN_POINT('Origin',(2.0347003500193,-69.9704222831736,16.05));
#7493=CARTESIAN_POINT('Origin',(-2.92194826820913,-63.8832115529419,-2.02646764303819E-15));
#7494=CARTESIAN_POINT('',(-0.112128350889753,-67.3339233681438,-2.02646764303819E-15));
#7495=CARTESIAN_POINT('Origin',(2.0347003500193,-69.9704222831736,-2.02646764303819E-15));
#7496=CARTESIAN_POINT('Origin',(-78.7471284032706,-54.736116829949,0.));
#7497=CARTESIAN_POINT('',(-28.7484582419904,-55.1007840459566,0.));
#7498=CARTESIAN_POINT('Origin',(-3.52202772026112,-62.4507631717797,-2.36671910544162E-15));
#7499=CARTESIAN_POINT('',(-4.77202772026112,-62.4507631717797,-2.36671910544162E-15));
#7500=CARTESIAN_POINT('Origin',(-22.6114174712156,-58.3200334357106,-3.53560710762393E-15));
#7501=CARTESIAN_POINT('',(-23.8614174712156,-58.3200334357106,-3.53560710762393E-15));
#7502=CARTESIAN_POINT('Origin',(-28.7302693372575,-52.6069458054674,0.));
#7503=CARTESIAN_POINT('',(-28.7302693372575,-52.6069458054674,0.));
#7504=CARTESIAN_POINT('Origin',(-26.2303358292546,-52.6251791662673,0.));
#7505=CARTESIAN_POINT('',(-25.1150937333853,-50.3877174196708,13.05));
#7506=CARTESIAN_POINT('',(-25.1150937333853,-50.3877174196708,0.));
#7507=CARTESIAN_POINT('',(-25.1150937333853,-50.3877174196708,0.));
#7508=CARTESIAN_POINT('Origin',(-1.54971750602027E-13,3.77110514080374E-12,
0.));
#7509=CARTESIAN_POINT('',(4.01365693570142,-56.1567498885398,0.));
#7510=CARTESIAN_POINT('Origin',(4.19188896546916,-58.6503884636169,0.));
#7511=CARTESIAN_POINT('',(-15.5978010539675,-73.8073003130063,-2.4908));
#7512=CARTESIAN_POINT('',(-21.2041148730606,-69.2696674613017,-2.4908));
#7513=CARTESIAN_POINT('',(-8.56996333362245,-72.1854607674537,-2.4908));
#7514=CARTESIAN_POINT('',(0.,0.,0.));
#7515=CARTESIAN_POINT('',(0.,0.,0.));
#7516=UNCERTAINTY_MEASURE_WITH_UNIT(LENGTH_MEASURE(0.01),#7526,
'DISTANCE_ACCURACY_VALUE',
'Maximum model space distance between geometric entities at asserted c
onnectivities');
#7517=UNCERTAINTY_MEASURE_WITH_UNIT(LENGTH_MEASURE(0.01),#7526,
'DISTANCE_ACCURACY_VALUE',
'Maximum model space distance between geometric entities at asserted c
onnectivities');
#7518=UNCERTAINTY_MEASURE_WITH_UNIT(LENGTH_MEASURE(0.01),#7526,
'DISTANCE_ACCURACY_VALUE',
'Maximum model space distance between geometric entities at asserted c
onnectivities');
#7519=UNCERTAINTY_MEASURE_WITH_UNIT(LENGTH_MEASURE(0.01),#7526,
'DISTANCE_ACCURACY_VALUE',
'Maximum model space distance between geometric entities at asserted c
onnectivities');
#7520=UNCERTAINTY_MEASURE_WITH_UNIT(LENGTH_MEASURE(0.01),#7526,
'DISTANCE_ACCURACY_VALUE',
'Maximum model space distance between geometric entities at asserted c
onnectivities');
#7521=(
GEOMETRIC_REPRESENTATION_CONTEXT(3)
GLOBAL_UNCERTAINTY_ASSIGNED_CONTEXT((#7516))
GLOBAL_UNIT_ASSIGNED_CONTEXT((#7526,#7528,#7529))
REPRESENTATION_CONTEXT('','3D')
);
#7522=(
GEOMETRIC_REPRESENTATION_CONTEXT(3)
GLOBAL_UNCERTAINTY_ASSIGNED_CONTEXT((#7517))
GLOBAL_UNIT_ASSIGNED_CONTEXT((#7526,#7528,#7529))
REPRESENTATION_CONTEXT('','3D')
);
#7523=(
GEOMETRIC_REPRESENTATION_CONTEXT(3)
GLOBAL_UNCERTAINTY_ASSIGNED_CONTEXT((#7518))
GLOBAL_UNIT_ASSIGNED_CONTEXT((#7526,#7528,#7529))
REPRESENTATION_CONTEXT('','3D')
);
#7524=(
GEOMETRIC_REPRESENTATION_CONTEXT(3)
GLOBAL_UNCERTAINTY_ASSIGNED_CONTEXT((#7519))
GLOBAL_UNIT_ASSIGNED_CONTEXT((#7526,#7528,#7529))
REPRESENTATION_CONTEXT('','3D')
);
#7525=(
GEOMETRIC_REPRESENTATION_CONTEXT(3)
GLOBAL_UNCERTAINTY_ASSIGNED_CONTEXT((#7520))
GLOBAL_UNIT_ASSIGNED_CONTEXT((#7526,#7528,#7529))
REPRESENTATION_CONTEXT('','3D')
);
#7526=(
LENGTH_UNIT()
NAMED_UNIT(*)
SI_UNIT(.MILLI.,.METRE.)
);
#7527=(
LENGTH_UNIT()
NAMED_UNIT(*)
SI_UNIT($,.METRE.)
);
#7528=(
NAMED_UNIT(*)
PLANE_ANGLE_UNIT()
SI_UNIT($,.RADIAN.)
);
#7529=(
NAMED_UNIT(*)
SI_UNIT($,.STERADIAN.)
SOLID_ANGLE_UNIT()
);
#7530=SHAPE_DEFINITION_REPRESENTATION(#7534,#7546);
#7531=SHAPE_DEFINITION_REPRESENTATION(#7535,#7547);
#7532=SHAPE_DEFINITION_REPRESENTATION(#7536,#7548);
#7533=SHAPE_DEFINITION_REPRESENTATION(#7537,#7549);
#7534=PRODUCT_DEFINITION_SHAPE('',$,#7551);
#7535=PRODUCT_DEFINITION_SHAPE('',$,#7552);
#7536=PRODUCT_DEFINITION_SHAPE('',$,#7553);
#7537=PRODUCT_DEFINITION_SHAPE('',$,#7554);
#7538=PRODUCT_DEFINITION_SHAPE($,$,#35);
#7539=PRODUCT_DEFINITION_SHAPE($,$,#36);
#7540=PRODUCT_DEFINITION_SHAPE($,$,#37);
#7541=PRODUCT_DEFINITION_SHAPE($,$,#38);
#7542=PRODUCT_DEFINITION_SHAPE($,$,#39);
#7543=PRODUCT_DEFINITION_SHAPE($,$,#40);
#7544=PRODUCT_DEFINITION_SHAPE($,$,#41);
#7545=PRODUCT_DEFINITION_SHAPE($,$,#42);
#7546=SHAPE_REPRESENTATION('',(#3623,#4045,#4046),#7521);
#7547=SHAPE_REPRESENTATION('',(#3624,#3853,#3854,#3855),#7522);
#7548=SHAPE_REPRESENTATION('',(#3811,#4042,#4043,#4044),#7523);
#7549=SHAPE_REPRESENTATION('',(#3812),#7524);
#7550=PRODUCT_DEFINITION_CONTEXT('part definition',#7564,'design');
#7551=PRODUCT_DEFINITION('Undercutter Config','Undercutter Config',#7555,
#7550);
#7552=PRODUCT_DEFINITION('Undercutter Config Tooth',
'Undercutter Config Tooth',#7556,#7550);
#7553=PRODUCT_DEFINITION('Undercutter Config Tooth_1',
'Undercutter Config Tooth',#7557,#7550);
#7554=PRODUCT_DEFINITION(
'CRFCHTSTCTI ANSI B18.6.4 - 4-40 UNC x 0.75 Steel Grade 2 Plain',
'Type I Cross Recessed Flat Countersunk Head Tapping Screw ANSI B18.6.
4 4-40 UNC x 0.75 Type C Steel Grade 2 Plain v1',#7558,#7550);
#7555=PRODUCT_DEFINITION_FORMATION('',$,#7566);
#7556=PRODUCT_DEFINITION_FORMATION('',$,#7567);
#7557=PRODUCT_DEFINITION_FORMATION('',$,#7568);
#7558=PRODUCT_DEFINITION_FORMATION('',$,#7569);
#7559=PRODUCT_RELATED_PRODUCT_CATEGORY('Undercutter Config',
'Undercutter Config',(#7566));
#7560=PRODUCT_RELATED_PRODUCT_CATEGORY('Undercutter Config Tooth',
'Undercutter Config Tooth',(#7567));
#7561=PRODUCT_RELATED_PRODUCT_CATEGORY('Undercutter Config Tooth',
'Undercutter Config Tooth',(#7568));
#7562=PRODUCT_RELATED_PRODUCT_CATEGORY(
'Type I Cross Recessed Flat Countersunk Head Tapping Screw ANSI B18.6.
4 4-40 UNC x 0.75 Type C Steel Grade 2 Plain v1',
'Type I Cross Recessed Flat Countersunk Head Tapping Screw ANSI B18.6.
4 4-40 UNC x 0.75 Type C Steel Grade 2 Plain v1',(#7569));
#7563=APPLICATION_PROTOCOL_DEFINITION('international standard',
'automotive_design',2009,#7564);
#7564=APPLICATION_CONTEXT(
'Core Data for Automotive Mechanical Design Process');
#7565=PRODUCT_CONTEXT('part definition',#7564,'mechanical');
#7566=PRODUCT('Undercutter Config','Undercutter Config',$,(#7565));
#7567=PRODUCT('Undercutter Config Tooth','Undercutter Config Tooth',$,(#7565));
#7568=PRODUCT('Undercutter Config Tooth_1','Undercutter Config Tooth',$,
(#7565));
#7569=PRODUCT(
'CRFCHTSTCTI ANSI B18.6.4 - 4-40 UNC x 0.75 Steel Grade 2 Plain',
'Type I Cross Recessed Flat Countersunk Head Tapping Screw ANSI B18.6.
4 4-40 UNC x 0.75 Type C Steel Grade 2 Plain v1',
'Type I Cross Recessed Flat Countersunk Head Tapping Screw ANSI B18.6.
4 4-40 UNC x 0.75 Type C',(#7565));
#7570=PRESENTATION_STYLE_ASSIGNMENT((#7572));
#7571=PRESENTATION_STYLE_ASSIGNMENT((#7573));
#7572=SURFACE_STYLE_USAGE(.BOTH.,#7574);
#7573=SURFACE_STYLE_USAGE(.BOTH.,#7575);
#7574=SURFACE_SIDE_STYLE('',(#7576));
#7575=SURFACE_SIDE_STYLE('',(#7577));
#7576=SURFACE_STYLE_FILL_AREA(#7578);
#7577=SURFACE_STYLE_FILL_AREA(#7579);
#7578=FILL_AREA_STYLE('Steel - Satin',(#7580));
#7579=FILL_AREA_STYLE('Acetal Resin (White)',(#7581));
#7580=FILL_AREA_STYLE_COLOUR('Steel - Satin',#7582);
#7581=FILL_AREA_STYLE_COLOUR('Acetal Resin (White)',#7583);
#7582=COLOUR_RGB('Steel - Satin',0.627450980392157,0.627450980392157,0.627450980392157);
#7583=COLOUR_RGB('Acetal Resin (White)',0.,0.,0.);
ENDSEC;
END-ISO-10303-21;
